tree
version=v4
num_class=1
num_tree_per_iteration=1
label_index=0
max_feature_idx=9
objective=regression
feature_names=ret_1d ret_5d ret_20d ma_bull bb_position rsi vol_ratio volatility price_position break_20d
feature_infos=[-0.37414965986394566:0.20044052863436135] [-0.46841379310344833:1.48854041013269] [-0.55646337904873078:4.034965034965035] [0:1] [-2.1087020718510683:2.0222951791252655] [0:99.999999999116937] [0:12.252780577508609] [0.0026071955431309418:0.1205008957654201] [0:0.99999999997883859] [0:1]
tree_sizes=3075 3117 3103 3085 3090 3145 3072 3124 3095 3113 3066 3117 3077 3126 3119 3094 3165 3135 3126 3094 3088 3116 3131 3091 3107 3061 3148 3122 3074 3120 3069 3101 3086 3122 3084 3118 3118 3093 3058 3077 3062 3079 3093 3054 3091 3105 3076 3031 3070 3104 3056 3001 3046 3033 3125 3129 3106 3129 3046 3053 3113 3020 3070 3085 2965 3030 3018 2957 3135 3009 2983 3019 2999 3027 3021 2955 3008 3076 2959 3070 2993 3080 3044 3005 3050

Tree=0
num_leaves=31
num_cat=0
split_feature=2 7 8 4 7 7 7 6 1 1 2 7 1 2 1 2 7 6 2 4 4 8 8 4 4 2 5 1 8 7
split_gain=7.57085 5.00739 3.10114 2.86652 3.26372 2.33278 2.51838 1.87705 1.6783 1.76824 1.65389 2.29813 1.54939 1.31629 1.24181 1.06653 1.03073 1.01616 1.00956 0.891265 0.799735 0.778925 0.736543 0.731321 0.716108 0.689221 0.641238 0.594836 0.593454 0.584899
threshold=-0.24297034581089319 0.06183993986743095 0.44790800848718409 -0.99754926448107895 0.022619843555274421 0.067165321492948973 0.02781706773316794 0.80203975169333352 -0.1230203496727592 0.042699981650970227 -0.021747530334193351 0.034735247855709257 0.063097687634724689 -0.089854007742743422 0.037009063444108821 -0.10794981035446453 0.050363045501952329 0.85082664374295003 -0.1878434778479163 -0.31921325554187235 -0.50741964509612714 0.012934399681940826 0.18327459393850135 -0.12142453002395433 -0.18434657741479274 -0.31758666397498259 46.041385350887815 0.12520000204802098 0.37743190573362212 0.036379824496165468
decision_type=2 2 2 2 2 2 2 2 2 2 2 2 2 2 2 2 2 2 2 2 2 2 2 2 2 2 2 2 2 2
left_child=5 3 -3 15 14 6 -1 -6 22 20 11 23 18 27 21 17 -11 -2 -13 -20 -10 -5 25 -9 -4 -8 -7 -14 -21 -22
right_child=1 2 24 4 7 26 8 10 9 16 -12 12 13 -15 -16 -17 -18 -19 19 28 29 -23 -24 -25 -26 -27 -28 -29 -30 -31
leaf_value=-0.0060091286181911466 -0.0036208556148396693 -0.0055576958703861283 -0.0064870284597243911 -0.005190022858270236 -0.0059577007231580315 -0.0053420007070061936 0.0007625382550306356 -0.0057661439261887321 -0.0035411417802831101 0.0026741660362017416 -0.005759625724792254 -0.0035530876095758285 -0.0027267742980234839 -0.0045472819796053537 -0.0056355328102728986 -0.0055655601342995496 -0.0035716539180347712 -0.0050430576847239027 -0.0057382161476896851 -0.0039615553925726969 -0.0075068501543144915 -0.0062773269361460484 -0.0056398795217745545 -0.0050948371619235957 -0.0082141451770625026 -0.0019723058863953939 -0.0079833836650952637 0.00021251461619697497 -0.0056816841987326018 -0.0045960338383734334
leaf_weight=910 1765 1919 709 1694 62764 1480 328 14979 1740 159 54255 1062 636 1072 9596 6141 113 4355 3481 1657 239 59559 100 5564 3910 774 272 236 719 621
leaf_count=910 1765 1919 709 1694 62764 1480 328 14979 1740 159 54255 1062 636 1072 9596 6141 113 4355 3481 1657 239 59559 100 5564 3910 774 272 236 719 621
internal_value=-0.00583554 -0.0058827 -0.00724714 -0.00584384 -0.00588581 -0.0041827 -0.00363102 -0.00575102 -0.00309983 -0.00375636 -0.00559596 -0.00529399 -0.00462104 -0.00337385 -0.0061644 -0.00510003 7.93952e-05 -0.0046329 -0.00497146 -0.00522864 -0.00415764 -0.00624726 -0.00153115 -0.00558432 -0.00794904 -0.00115831 -0.00575208 -0.00193128 -0.00448208 -0.00540497
internal_weight=242809 236073 6538 229535 217274 6736 4984 146425 4074 2872 83661 29406 8863 1944 70849 12261 272 6120 6919 5857 2600 61253 1202 20543 4619 1102 1752 872 2376 860
internal_count=242809 236073 6538 229535 217274 6736 4984 146425 4074 2872 83661 29406 8863 1944 70849 12261 272 6120 6919 5857 2600 61253 1202 20543 4619 1102 1752 872 2376 860
is_linear=0
shrinkage=1


Tree=1
num_leaves=31
num_cat=0
split_feature=1 8 7 3 1 3 1 7 7 8 5 6 1 5 8 8 1 6 8 5 7 5 8 5 0 0 5 8 5 7
split_gain=3.41023 3.31049 2.98279 4.79756 2.73349 2.18767 1.77374 2.06035 1.10956 2.97918 1.00107 0.999575 0.98235 1.09686 0.828451 0.729559 0.726919 0.724412 0.700374 0.817737 0.688806 0.64583 0.645169 0.658244 0.639377 0.589276 0.585634 0.581739 0.887263 0.580213
threshold=-0.10135276049117346 0.21049430262509863 0.06183993986743095 1.0000000180025095e-35 0.043703142632313903 1.0000000180025095e-35 -0.05305533730500233 0.02620031077150094 0.037775218429025453 0.32721995294388412 51.690000834734811 1.0851680020384362 -0.14258247182326469 16.135042279089458 0.15143114158659085 0.022261440914934236 0.116573754611784 1.297988045869902 0.10378170606887431 40.954130666091586 0.043078236644109029 60.810657819527556 0.69671348762805418 50.134892189109912 0.018788021122450486 0.049117447341091254 12.367227835772242 0.25287132593951461 35.906642723264213 0.038894086758186702
decision_type=2 2 2 2 2 2 2 2 2 2 2 2 2 2 2 2 2 2 2 2 2 2 2 2 2 2 2 2 2 2
left_child=1 12 4 26 6 8 21 15 14 10 16 18 13 -1 -6 -8 -10 27 19 29 -3 25 -7 -24 -14 -2 -4 28 -17 -9
right_child=2 20 3 -5 5 22 7 11 9 -11 -12 -13 24 -15 -16 17 -18 -19 -20 -21 -22 -23 23 -25 -26 -27 -28 -29 -30 -31
leaf_value=0.0036440880138281771 0.00015185362419149864 0.00044098550693158663 0.0026012981502427216 -0.0025850054161265547 -0.00081681377260136093 -0.00091524952797807145 0.00039536914426434679 -0.00050630227638745809 0.002696426183594502 0.00042145882462372487 0.0012074473053789671 0.00042167738849392715 0.00077304936588111495 0.0015337761861469116 0.00046953020546798042 -0.00031834352277047248 0.0053460528804546064 -4.477620847319921e-06 6.1076658186889108e-06 -0.0015726550989525194 -0.00074859535205157811 0.0012500131054683913 0.002129193261218265 -5.4321949018256779e-05 0.0029379923301111497 0.0021808290386264397 -5.1832165576369728e-05 -0.000306871714080217 -0.00086068384170783765 0.00088365590777509349
leaf_weight=805 31241 2103 221 2970 1332 2223 3165 3950 1320 5634 997 13215 4655 2619 20757 14351 322 11073 40489 1513 2888 1462 353 15531 368 362 3534 36536 15893 927
leaf_count=805 31241 2103 221 2970 1332 2223 3165 3950 1320 5634 997 13215 4655 2619 20757 14351 322 11073 40489 1513 2888 1462 353 15531 368 362 3534 36536 15893 927
internal_value=-5.62546e-07 0.000773599 -4.59178e-05 -0.00108338 -1.45813e-05 0.000317531 -0.000107 -0.000184236 0.000576941 0.00107084 0.00245719 3.76009e-05 0.00137684 0.00202992 0.000391962 -0.00034878 0.00321602 -0.000379033 -7.06687e-05 -0.000557147 -0.000247355 0.000222623 -0.00011745 -5.79633e-06 0.00093166 0.000175095 0.000104317 -0.000441139 -0.000603339 -0.000242105
internal_weight=242809 13438 229371 6725 222646 48469 174177 141112 30362 8273 2639 60094 8447 3424 22089 81018 1642 77853 46879 6390 4991 33065 18107 15884 5023 31603 3755 66780 30244 4877
internal_count=242809 13438 229371 6725 222646 48469 174177 141112 30362 8273 2639 60094 8447 3424 22089 81018 1642 77853 46879 6390 4991 33065 18107 15884 5023 31603 3755 66780 30244 4877
is_linear=0
shrinkage=0.05


Tree=2
num_leaves=31
num_cat=0
split_feature=2 7 3 4 7 7 7 6 6 2 7 1 2 1 2 1 4 0 6 8 4 8 2 1 8 4 1 1 2 1
split_gain=6.49464 4.10981 3.81558 2.47908 2.73967 2.10318 2.24039 1.62846 1.50006 1.36536 2.04673 1.2645 1.20622 1.11601 1.02909 0.948857 0.923061 0.838776 0.758933 0.757187 0.756366 0.636517 0.635604 0.645954 0.79834 0.625358 0.786676 0.622061 0.58702 0.861511
threshold=-0.24297034581089319 0.06183993986743095 1.0000000180025095e-35 -0.92469934081335103 0.022619843555274421 0.067165321492948973 0.02781706773316794 0.77470206428155464 1.0278377151772313 -0.021747530334193351 0.03424448614302613 -0.019644240470747306 -0.1878434778479163 0.037009063444108821 -0.10794981035446453 0.063097687634724689 -0.50741964509612714 -0.028497184246183745 1.1515824801633496 0.23675910151107435 -0.1019579558453395 0.21049430262509863 -0.0075639953939697904 0.051334914780781345 0.55136253224667331 -0.15797373744080148 -0.036733164030229797 0.10618230694037147 -0.080703390473010159 0.16336534221686019
decision_type=2 2 2 2 2 2 2 2 2 2 2 2 2 2 2 2 2 2 2 2 2 2 2 2 2 2 2 2 2 2
left_child=5 3 -3 14 13 6 -1 21 15 10 20 12 -12 -5 18 16 -8 -13 -2 -10 -9 27 23 24 -23 -11 -27 -6 29 -19
right_child=1 2 -4 4 7 -7 8 9 19 25 11 17 -14 -15 -16 -17 -18 28 -20 -21 -22 22 -24 -25 -26 26 -28 -29 -30 -31
leaf_value=-0.00018886255833802128 0.0013132818071536995 1.5754645487476172e-05 -0.0024060297582624859 -0.0003987474680960286 -0.00040380540412563251 4.018368217543347e-05 0.0023014947806556311 8.4762208011715545e-06 0.0041462043895832273 -0.00045579831837824119 0.0023646953038115033 6.859796960041811e-05 3.0658401169329388e-05 0.00018286073822846389 0.00018373801621940973 0.0066549760595227443 0.00024317303682991348 0.0021206738536882898 0.00035042609780061562 -0.00086095074799231964 0.00069996427918616309 -7.1721012905369292e-05 -0.00018742541693977065 0.0011935803803861716 0.00089074382734333495 0.0007636200886100323 5.4841264115852038e-05 0.004654008264416737 0.0011549900440612239 0.00691660985701055
leaf_weight=910 5396 3039 3499 58715 17843 1752 1764 14827 1343 5318 661 795 3405 9596 8924 99 788 2702 3297 80 5393 11040 23963 1548 2677 4270 47068 61 1939 97
leaf_count=910 5396 3039 3499 58715 17843 1752 1764 14827 1343 5318 661 795 3405 9596 8924 99 788 2702 3297 80 5393 11040 23963 1548 2677 4270 47068 61 1939 97
internal_value=-5.3443e-07 -4.42155e-05 -0.00128033 -9.00629e-06 -5.63839e-05 0.00153033 0.00205416 6.76079e-05 0.00255517 0.000204464 0.000478322 0.00107954 0.000410097 -0.000317046 0.000560907 0.00185224 0.00166593 0.00157149 0.000948099 0.00386471 0.000192907 -0.000139538 -2.67893e-05 0.000225377 0.000116113 6.03288e-05 0.000113793 -0.000386573 0.00182366 0.00228688
internal_weight=242809 236073 6538 229535 211918 6736 4984 143607 4074 86475 29819 9599 4066 68311 17617 2651 2552 5533 8693 1423 20220 57132 39228 15265 13717 56656 51338 17904 4738 2799
internal_count=242809 236073 6538 229535 211918 6736 4984 143607 4074 86475 29819 9599 4066 68311 17617 2651 2552 5533 8693 1423 20220 57132 39228 15265 13717 56656 51338 17904 4738 2799
is_linear=0
shrinkage=0.05


Tree=3
num_leaves=31
num_cat=0
split_feature=2 7 3 7 7 1 7 6 2 1 1 7 1 2 5 1 6 7 2 1 1 2 5 2 1 5 1 2 1 6
split_gain=5.86141 3.70911 3.44356 2.04015 1.90902 2.17091 1.92606 1.53051 1.72657 1.60411 1.30289 1.24505 1.23923 1.09966 0.971623 0.780565 0.744318 0.703217 1.15342 0.697642 0.671942 0.591328 0.533779 0.527922 0.49353 0.449079 0.444544 0.745053 0.557809 0.541391
threshold=-0.24297034581089319 0.06183993986743095 1.0000000180025095e-35 0.020424799070954094 0.065172528104738239 -0.14258247182326469 0.035619151432045935 0.80203975169333352 -0.021747530334193351 0.084682452919086951 0.042699981650970227 0.050363045501952329 -0.046853969780792031 -0.12367001060918729 63.069232504027433 -0.1041091658520276 1.1325495914083503 0.03424448614302613 -0.16871247531108843 0.14772034239138801 0.03522642770279772 -0.27567323123752668 46.041385350887815 -0.19544988768150065 -0.035427410246327166 47.606889956571074 0.032595510707737259 -0.18069722607556402 -0.039999999999999973 0.67910133107914195
decision_type=2 2 2 2 2 2 2 2 2 2 2 2 2 2 2 2 2 2 2 2 2 2 2 2 2 2 2 2 2 2
left_child=4 3 -3 12 5 21 -7 15 9 14 16 -12 -2 19 17 23 -8 -9 -19 -11 -14 -1 -6 -5 -20 -10 28 29 -17 -28
right_child=1 2 -4 7 22 6 10 8 25 13 11 -13 20 -15 -16 26 -18 18 24 -21 -22 -23 -24 -25 -26 -27 27 -29 -30 -31
leaf_value=0.0049103896648436491 0.00029869593307329964 1.4966963257505146e-05 -0.0022857282394005795 0.002339715156918251 0.0004472464969613558 0.00026768660537479884 0.0015805722345577382 0.00021811011594585479 -0.00034874393123152418 0.0029819476416885387 0.0091905604578778714 0.0018876512135893092 -0.00043131016850955496 0.0011677434587538881 0.0022327068231398342 1.5641856260990062e-05 0.0043648211947761523 0.0017336656643892239 -3.281832009978071e-05 0.0081348956383478187 0.00010880298552388265 0.0024247538853547244 -0.001915160732781434 0.00040724222051427474 0.00083107765440177186 8.5675598617917343e-05 0.00087886428085251717 8.132529441936447e-05 -0.00030687293071534109 0.0048128978385856107
leaf_weight=658 8361 3039 3499 397 1572 1857 1467 27158 6698 416 133 104 43117 2051 694 21096 287 2168 3264 78 6646 376 282 3219 3350 53200 233 10466 36783 140
leaf_count=658 8361 3039 3499 397 1572 1857 1467 27158 6698 416 133 104 43117 2051 694 21096 287 2168 3264 78 6646 376 282 3219 3350 53200 233 10466 36783 140
internal_value=-5.07704e-07 -4.20047e-05 -0.00121632 -8.55597e-06 0.00145381 0.00197253 0.00142598 7.82471e-05 0.000205907 0.000463987 0.00250631 0.00598591 -0.000264543 0.00167782 0.000379661 -9.66104e-05 0.00203615 0.000343879 0.000732815 0.00379557 -0.000359176 0.00400652 8.79159e-05 0.000619408 0.000404746 3.70973e-05 -0.000134288 0.000159584 -0.000189321 0.00235545
internal_weight=242809 236073 6538 229535 6736 4882 3848 171411 99077 39179 1991 237 58124 2545 36634 72334 1754 35940 8782 494 49763 1034 1854 3616 6614 59898 68718 10839 57879 373
internal_count=242809 236073 6538 229535 6736 4882 3848 171411 99077 39179 1991 237 58124 2545 36634 72334 1754 35940 8782 494 49763 1034 1854 3616 6614 59898 68718 10839 57879 373
is_linear=0
shrinkage=0.05


Tree=4
num_leaves=31
num_cat=0
split_feature=2 7 3 7 7 1 7 6 2 7 1 1 1 2 2 8 7 6 1 8 5 2 5 1 8 8 2 8 1 2
split_gain=5.28992 3.34747 3.10781 1.84123 1.72289 1.95924 1.73827 1.38129 1.55823 1.4521 1.17997 1.11841 1.11771 0.972573 0.877498 0.786125 0.78002 0.734303 0.70446 0.753636 1.27909 0.927166 0.630033 0.608586 0.577078 0.546985 0.533673 0.531954 0.620056 0.587625
threshold=-0.24297034581089319 0.06183993986743095 1.0000000180025095e-35 0.020424799070954094 0.065172528104738239 -0.14258247182326469 0.035619151432045935 0.80203975169333352 -0.021747530334193351 0.03424448614302613 0.030932043348606445 -0.046853969780792031 0.063097687634724689 -0.12201767170550491 -0.19544988768150065 0.33086854313577824 0.050363045501952329 1.1325495914083503 -0.1041091658520276 0.20424940085370777 38.591117909031013 -0.0075639953939697904 57.21616566001088 0.037009063444108821 0.37743190573362212 0.2199999999289117 -0.27567323123752668 0.20424940085370777 -0.042733336064007026 0.051609677620907075
decision_type=2 2 2 2 2 2 2 2 2 2 2 2 2 2 2 2 2 2 2 2 2 2 2 2 2 2 2 2 2 2
left_child=4 3 -3 11 5 26 -7 18 9 -9 17 -2 14 15 -11 -14 -12 -8 -5 20 -20 -21 24 -13 -16 -15 -1 28 29 -10
right_child=1 2 -4 7 -6 6 10 8 27 12 16 23 13 25 22 -17 -18 -19 19 21 -22 -23 -24 -25 -26 -27 -28 -29 -30 -31
leaf_value=0.0046648701148178503 0.00028376115618303541 1.4218572463503757e-05 -0.0021714417761105119 0.0005884376736159249 8.3520129820345243e-05 0.00025430229196702372 0.001414311134963475 0.00025701038536484101 0.00010151189208252743 0.0019809262064321843 0.0075210606213659053 -0.00040708548944236268 0.0047061830585011467 -0.00066149236139608544 0.00064041456801065247 -6.4987413015077332e-05 0.0022994742018073019 0.0042202822819148115 -5.7560970760703686e-05 0.00025857502640250479 -0.00083100684744124654 -0.000196756670462023 0.0022525098714597435 0.00012295706530856591 -0.00040719854471413713 0.0017935348507399189 0.0023035161982834134 7.1348845297523216e-05 -0.00099164382968866278 0.0042254549310153794
leaf_weight=658 8361 3039 3499 3616 1854 1857 1419 28713 789 1141 169 43579 447 280 5043 107 124 279 13377 18753 8903 27685 474 6184 1778 1196 376 56576 2436 97
leaf_count=658 8361 3039 3499 3616 1854 1857 1419 28713 789 1141 169 43579 447 280 5043 107 124 279 13377 18753 8903 27685 474 6184 1778 1196 376 56576 2436 97
internal_value=-4.82343e-07 -3.99045e-05 -0.0011555 -8.12819e-06 0.00138112 0.00187391 0.00135468 7.43347e-05 0.000195611 0.000440788 0.00238099 -0.000251316 0.000944974 0.00199831 0.000691505 0.00378468 0.00531124 0.00187536 -9.17799e-05 -0.000127574 -0.000366627 -1.28806e-05 0.000489829 -0.000341218 0.000367338 0.00132781 0.0038062 3.52424e-05 -0.000579676 0.000553005
internal_weight=242809 236073 6538 229535 6736 4882 3848 171411 99077 39179 1991 58124 10466 2030 8436 554 293 1698 72334 68718 22280 46438 7295 49763 6821 1476 1034 59898 3322 886
internal_count=242809 236073 6538 229535 6736 4882 3848 171411 99077 39179 1991 58124 10466 2030 8436 554 293 1698 72334 68718 22280 46438 7295 49763 6821 1476 1034 59898 3322 886
is_linear=0
shrinkage=0.05


Tree=5
num_leaves=31
num_cat=0
split_feature=4 7 3 7 6 8 7 5 7 4 6 8 6 8 4 8 8 6 5 5 3 4 8 8 7 5 7 5 8 8
split_gain=3.7728 2.32976 3.29548 3.07889 1.24608 1.23456 2.21216 1.40303 0.838934 0.893484 0.835887 0.913008 0.787219 0.682701 0.721872 0.661756 0.649254 0.769554 0.615247 0.581093 0.629303 0.720194 0.856944 0.599629 0.536496 0.499172 0.495408 0.7457 0.758725 0.664464
threshold=-0.98309018712662288 0.055371101528752284 1.0000000180025095e-35 0.02620031077150094 0.82962802758809562 0.28048780409416502 0.035267825808477489 44.099646370814412 0.063444468020482606 0.031127055448667323 1.063137780954128 0.0076804915499610995 1.0851680020384362 0.26654021070690148 -0.71789495662475844 0.56019809281947586 0.036840551921562055 0.94972591399212758 78.712886899614716 35.268813439348413 1.0000000180025095e-35 0.70592796836304139 0.6220232948768315 0.59999999883319177 0.019142089778875066 12.367227835772242 0.032551386634699302 39.76413879595777 0.13230769200236681 0.21049430262509863
decision_type=2 2 2 2 2 2 2 2 2 2 2 2 2 2 2 2 2 2 2 2 2 2 2 2 2 2 2 2 2 2
left_child=16 3 25 10 18 6 -6 12 15 -10 11 -2 -8 14 -13 -4 -1 -18 26 -7 -21 23 -23 -22 -12 -3 29 -28 -29 -5
right_child=1 2 8 4 5 19 7 -9 9 -11 24 13 -14 -15 -16 -17 17 -19 -20 20 21 22 -24 -25 -26 -27 27 28 -30 -31
leaf_value=0.0011516985574883047 0.0011521932368709169 0.0019054569044414705 -0.0027710794498472437 -0.00057431426954875141 0.00025745664332709731 -0.00075406691753177675 0.0013319739330363539 0.00057015415653729811 -4.3664908368293555e-05 -0.0024848895990402975 -0.00023880354237360956 -9.0841479570737051e-05 0.0028002614261918839 -0.00017385662024684283 -0.00062533487026880544 -0.00067054592179223134 0.00099927681475976433 -1.1916958825116678e-07 0.00145974415526342 0.0004044893064674248 -0.00044194739178454268 -0.0037024191241327147 -0.00024598733617178971 0.00046759573860818775 0.00017401937586334119 -7.3801660109279162e-05 0.00044669715502106637 -0.0011691363911116854 9.0884172555587501e-06 4.0424686813957516e-06
leaf_weight=6589 1054 333 436 8017 11620 1612 1847 2801 438 2598 13594 8437 1805 34291 25141 2678 3679 4043 703 21142 2273 183 8925 8936 18691 7344 10254 1473 18875 13050
leaf_count=6589 1054 333 436 8017 11620 1612 1847 2801 438 2598 13594 8437 1805 34291 25141 2678 3679 4043 703 21142 2273 183 8925 8936 18691 7344 10254 1473 18875 13050
internal_value=-4.36399e-07 -4.97499e-05 -0.000678836 -9.24033e-06 0.000169534 0.00032285 0.000669688 0.001412 -0.00154127 -0.0021327 -0.000209756 -0.000308101 0.00205767 -0.00033078 -0.000491035 -0.000964648 0.000787115 0.000476024 -9.46087e-06 0.000177313 0.000213527 1.48107e-05 -0.000315435 0.000283155 1.95162e-07 1.20513e-05 -2.94506e-05 9.90079e-05 -7.62038e-05 -0.00021605
internal_weight=242862 228551 13827 214724 113516 61144 18073 6453 6150 3036 101208 68923 3652 67869 33578 3114 14311 7722 52372 43071 41459 20317 9108 11209 32285 7677 51669 30602 20348 21067
internal_count=242862 228551 13827 214724 113516 61144 18073 6453 6150 3036 101208 68923 3652 67869 33578 3114 14311 7722 52372 43071 41459 20317 9108 11209 32285 7677 51669 30602 20348 21067
is_linear=0
shrinkage=0.05


Tree=6
num_leaves=31
num_cat=0
split_feature=2 7 4 1 7 7 6 2 2 7 7 2 1 2 6 1 5 0 4 2 6 4 5 1 7 4 1 7 5 1
split_gain=4.44379 2.46781 2.00775 2.3962 1.93338 2.27652 2.01666 1.82319 1.48072 1.45733 1.36337 1.11672 1.07294 1.16252 1.03595 0.767701 0.882409 0.718591 0.705603 0.692391 0.962457 0.644542 0.606087 0.649963 0.59506 0.578759 0.571153 0.589886 0.525809 0.503079
threshold=-0.21486610646284357 0.055371101528752284 -0.98309018712662288 0.042699981650970227 0.027454297403398536 0.053767806459497858 0.86183511724700357 0.0076258165681341037 0.31683060460597762 0.037775218429025453 0.022619843555274421 -0.083333333333333301 0.043703142632313903 -0.31758666397498259 0.85802659339587795 0.030932043348606445 26.785714274553552 -0.033472803347280249 -0.41604385911429514 -0.0885145225282543 0.86938599614000911 -0.28170778907464272 42.158394695275234 -0.23295588107783735 0.071677339871725684 -0.70385141392593364 -0.11059156003002961 0.036939383792950524 37.40225588471484 0.15498497444371198
decision_type=2 2 2 2 2 2 2 2 2 2 2 2 2 2 2 2 2 2 2 2 2 2 2 2 2 2 2 2 2 2
left_child=4 2 19 10 25 6 15 9 22 -5 -4 29 13 -8 -12 16 -6 -13 24 20 -2 -14 -3 -24 -7 -1 -15 -28 -19 -11
right_child=1 8 3 7 5 18 12 -9 -10 11 14 17 21 26 -16 -17 -18 28 -20 -21 -22 -23 23 -25 -26 -27 27 -29 -30 -31
leaf_value=0.00031516386009995673 0.0016637012202116554 0.00025152795068830437 -0.00032073877314131967 0.00046722714604944312 0.0015372472511593863 0.0016432688056840724 0.0054127642689783418 6.0209926398063918e-05 -0.0016882069392882737 0.0024500295986321623 -0.00015731440492992922 -0.0025798518348837465 0.00889992229870251 0.0031110127711939974 0.00017230761605036287 0.0035227238076470297 -0.00025838688596793616 -0.0021147163429439233 -0.00084048821216937443 0.00013303980482034914 0.00049231563570815225 0.0027205394709538394 0.0039155645577825214 -0.00073714021515353784 -0.00021261173834191457 -0.0013829910371965699 0.00062875964129898722 0.00290321838453831 0.0013881467072075944 0.005812644019444306
leaf_weight=1246 2683 2440 62304 11325 1606 936 326 32639 3112 1260 58013 140 114 979 40462 279 1192 115 1080 4784 5062 67 76 6079 802 840 755 458 1566 122
leaf_count=1246 2683 2440 62304 11325 1606 936 326 32639 3112 1260 58013 140 114 979 40462 279 1192 115 1080 4784 5062 67 76 6079 802 840 755 458 1566 122
internal_value=-4.14573e-07 -4.62856e-05 -8.72307e-06 -4.57594e-05 0.000996816 0.00132825 0.00189667 0.000267606 -0.000753691 0.000733549 -0.00013769 0.00167519 0.00289422 0.00262694 -2.18773e-05 0.00102166 0.000772274 0.00086187 0.000163186 0.000605976 0.000898104 0.00661253 -0.00041533 -0.00067969 0.000786873 -0.000368657 0.00221262 0.00148754 0.00114851 0.00274687
internal_weight=242862 232182 220475 207946 10680 8594 5776 47167 11707 14528 160779 3203 2699 2518 98475 3077 2798 1821 2818 12529 7745 181 8595 6155 1738 2086 2192 1213 1681 1382
internal_count=242862 232182 220475 207946 10680 8594 5776 47167 11707 14528 160779 3203 2699 2518 98475 3077 2798 1821 2818 12529 7745 181 8595 6155 1738 2086 2192 1213 1681 1382
is_linear=0
shrinkage=0.05


Tree=7
num_leaves=31
num_cat=0
split_feature=2 7 3 7 7 6 1 1 2 7 7 2 8 6 1 2 8 5 2 7 5 1 2 5 8 5 8 8 5 8
split_gain=4.01052 2.2272 2.42082 1.74487 2.05456 1.82003 1.65402 1.80906 1.64543 1.31524 1.11043 1.00784 0.990938 0.978158 0.96833 1.04918 0.77087 1.11121 0.890075 0.749793 0.713213 0.942104 0.689695 0.706389 1.0899 0.684456 0.643951 0.640408 0.633761 0.783456
threshold=-0.21486610646284357 0.055371101528752284 1.0000000180025095e-35 0.027454297403398536 0.053767806459497858 0.86183511724700357 0.042699981650970227 -0.05305533730500233 0.0076258165681341037 0.037775218429025453 0.032706854863009942 -0.083333333333333301 0.15143114158659085 1.0580050955961682 0.043703142632313903 -0.31758666397498259 0.30515848669382478 33.275731712176366 0.012715135578648009 0.063444468020482606 39.76413879595777 0.030932043348606445 -0.075794621026894868 74.32719743430259 0.51630532634143944 28.78855822366835 0.13765355425641226 0.11881070190357217 60.148127719949144 0.036840551921562055
decision_type=2 2 2 2 2 2 2 2 2 2 2 2 2 2 2 2 2 2 2 2 2 2 2 2 2 2 2 2 2 2
left_child=3 6 -3 -1 5 20 7 28 9 12 13 -11 -8 16 15 -7 17 -9 -18 -4 21 -5 26 -24 -25 -23 -12 -19 29 -2
right_child=1 2 19 4 -6 14 8 10 -10 11 22 -13 -14 -15 -16 -17 18 27 -20 -21 -22 25 23 24 -26 -27 -28 -29 -30 -31
leaf_value=-0.00035022406197064135 0.00060990832153736763 4.155060145547785e-05 -0.00085341066633316549 0.00096166030978834475 0.00015502653714908037 0.0051421260118839456 -0.00091979093112608701 -0.00014340533976119039 5.7199429124517454e-05 0.0026095302976880917 -7.4152264128118483e-05 0.00081877693288001207 0.00060428015848361806 8.0218263383065663e-06 0.0062819001615080907 0.0021019916054484402 8.2984083940776629e-05 -0.0010257967873657 -0.00040725771110589233 -0.0019568481991894993 -0.001303675845730111 0.0016325073898769916 -9.3914334291079907e-05 0.0042128749070166199 0.00039184815701087596 0.0073557807512364334 0.00092553778688236074 -0.00050019969046089755 0.0012041284585387114 5.6843341961964575e-05
leaf_weight=2086 8270 5548 3117 2558 2818 326 1192 15115 32639 1382 2586 1821 10133 28997 181 2192 18123 8930 18929 3042 310 106 20498 236 892 103 4272 16511 1581 28368
leaf_count=2086 8270 5548 3117 2558 2818 326 1192 15115 32639 1382 2586 1821 10133 28997 181 2192 18123 8930 18929 3042 310 106 20498 236 892 103 4272 16511 1581 28368
internal_value=-3.93846e-07 -4.39713e-05 -0.000716007 0.000946976 0.00126184 0.00180184 -8.28692e-06 -7.97317e-05 0.000254226 0.000696871 -0.000165656 0.00159143 0.000443866 -0.000239756 0.00274951 0.00249559 -0.000332334 -0.000482955 -0.000167469 -0.00139841 0.000970581 0.00122538 0.000111671 -2.68792e-05 0.00119128 0.00445307 0.000548577 -0.000684689 0.000223978 0.000181682
internal_weight=242862 232182 11707 10680 8594 5776 220475 173308 47167 14528 135089 3203 11325 106605 2699 2518 77608 40556 37052 6159 3077 2767 28484 21626 1128 209 6858 25441 38219 36638
internal_count=242862 232182 11707 10680 8594 5776 220475 173308 47167 14528 135089 3203 11325 106605 2699 2518 77608 40556 37052 6159 3077 2767 28484 21626 1128 209 6858 25441 38219 36638
is_linear=0
shrinkage=0.05


Tree=8
num_leaves=31
num_cat=0
split_feature=2 4 7 1 7 7 5 8 2 7 7 8 0 1 1 7 8 8 7 5 4 5 2 1 0 8 2 2 7 4
split_gain=3.6195 2.06469 1.9681 1.96696 1.57475 1.86825 1.5618 1.48967 1.485 1.18701 1.16626 1.05778 1.27826 1.20027 1.45026 1.13282 0.925684 0.894322 0.850064 0.798635 0.806083 0.700166 0.773649 0.91302 0.677217 0.686646 1.31901 0.5695 0.569469 0.649756
threshold=-0.21486610646284357 -0.98309018712662288 0.055371101528752284 0.042699981650970227 0.027454297403398536 0.071677339871725684 41.747572804894432 0.41017286360581923 0.0076258165681341037 0.037775218429025453 0.022619843555274421 0.19195880119720132 0.04583700913075462 0.030932043348606445 -0.11059156003002961 0.054567611694882785 0.41017286360581923 0.15143114158659085 0.069408018574912619 28.514056208867597 -0.34112687081168064 59.924206486850139 0.0076258165681341037 -0.031689129380867702 0.034618254251274523 0.54272354064738881 -0.0075639953939697904 -0.091177629302816407 0.034407235936799653 -0.55678143804775693
decision_type=2 2 2 2 2 2 2 2 2 2 2 2 2 2 2 2 2 2 2 2 2 2 2 2 2 2 2 2 2 2
left_child=4 -2 3 10 -1 6 11 -4 9 17 -3 12 13 14 -6 19 -11 -5 -9 -15 -21 24 -23 -24 25 -12 -27 -20 29 -16
right_child=1 2 7 8 5 -7 -8 18 -10 16 21 -13 -14 15 28 -17 -18 -19 27 20 -22 22 23 -25 -26 26 -28 -29 -30 -31
leaf_value=-0.00033271285279630968 0.00057783667799031306 -0.00029499138448627033 0.00033030187537164645 -0.00087380136418696629 0.0027741822599130486 -0.00049778501613614845 -0.0010220038586242002 -0.00072614915081084942 5.4339440104522388e-05 0.0021185473284166946 -0.00021166970337318266 0.00020894386611442062 0.005410014039492708 0.0031671131581941913 0.00093862104434098254 -0.00028939381823875012 0.00032094180797053264 0.00057406615001868587 0.0020079648197298089 0.011323653158741884 0.004506018380180183 0.0010731097356596179 0.00087506565586650321 -5.0374261213355053e-05 0.00041722414870432116 0.00087964685186939489 -0.00011752324819279152 -0.0019829450123098643 0.0015346063663650052 -0.001447126982417593
leaf_weight=2086 12709 62304 2636 1192 1745 1365 558 6495 32639 2122 55985 974 261 154 909 100 1081 10133 93 92 82 2488 3307 13732 6189 4551 12223 2303 1938 416
leaf_count=2086 12709 62304 2636 1192 1745 1365 558 6495 32639 2122 55985 974 261 154 909 100 1081 10133 93 92 82 2488 3307 13732 6189 4551 12223 2303 1938 416
internal_value=-3.74156e-07 -4.17728e-05 -7.76524e-05 -4.24003e-05 0.000899627 0.00119875 0.00151909 -0.000713598 0.000241515 0.000662028 -0.000125691 0.00173165 0.00199198 0.00182787 0.00161067 0.00436931 0.00151186 0.000421673 -0.00102309 0.00578965 0.00811074 -1.85767e-05 0.000249501 0.000129239 -8.4883e-05 -0.000127593 0.000153022 -0.00182804 0.000988437 0.000189586
internal_weight=242862 232182 219473 207946 10680 8594 7229 11527 47167 14528 160779 6671 5697 5436 5008 428 3203 11325 8891 328 174 98475 19527 17039 78948 72759 16774 2396 3263 1325
internal_count=242862 232182 219473 207946 10680 8594 7229 11527 47167 14528 160779 6671 5697 5436 5008 428 3203 11325 8891 328 174 98475 19527 17039 78948 72759 16774 2396 3263 1325
is_linear=0
shrinkage=0.05


Tree=9
num_leaves=31
num_cat=0
split_feature=2 4 7 3 7 7 6 7 6 2 4 7 2 7 5 6 2 5 7 5 4 5 4 8 8 8 5 4 0 4
split_gain=3.2666 1.86338 1.77679 2.01393 1.42121 1.71383 1.54664 1.323 0.975073 0.852669 1.25325 1.19192 0.830746 0.781297 0.741033 0.642626 0.655049 0.628267 0.645321 0.60478 0.601338 0.580495 0.571899 0.566091 0.55025 0.550115 0.543633 0.537617 0.525705 0.52233
threshold=-0.21486610646284357 -0.98309018712662288 0.06183993986743095 1.0000000180025095e-35 0.027454297403398536 0.053767806459497858 0.86183511724700357 0.022619843555274421 0.77470206428155464 -0.024053757749246892 -0.31921325554187235 0.037986561528391354 -0.31758666397498259 0.054567611694882785 67.249062291720776 0.93676428461248429 -0.084600872897557286 72.048161382052328 0.012702837865011482 39.572192494852594 -0.41604385911429514 42.936699589862336 -1.2193460406102437 0.40157604835428046 0.1567903178689006 0.1087074385314413 47.399185250596382 0.021339883057584087 0.032920700276939392 -0.70385141392593364
decision_type=2 2 2 2 2 2 2 2 2 2 2 2 2 2 2 2 2 2 2 2 2 2 2 2 2 2 2 2 2 2
left_child=4 15 7 -4 29 6 19 17 -9 10 -10 14 -8 23 25 16 -2 18 -3 -6 -7 28 -17 -13 -23 -12 -11 -5 -20 -1
right_child=1 2 3 27 5 20 12 8 9 26 11 13 -14 -15 -16 22 -18 -19 21 -21 -22 24 -24 -25 -26 -27 -28 -29 -30 -31
leaf_value=0.00033355251061532306 0.0013861553702523254 -0.00069494425982358568 0.00011533035645198529 -0.00017106835590734268 0.0011053653396080672 0.00070369797897118491 0.0048240236272916927 -0.00012294304955383364 7.0227814348231064e-05 -0.00040345214700510817 -0.0010397884332924727 0.0023307059886005371 0.0021736985530530647 -0.00082496942786383436 0.002907873155368708 0.00084347181243155816 0.00028007652602410034 0.00033683478926709639 -7.8861579522849958e-05 -0.0011846772231116764 -0.00079862463061174452 -0.00091109215760071163 -9.6408985013859028e-05 0.00075763412189560654 -0.00027847879669462349 0.00048873052151328269 8.6266258467604406e-05 -0.0019491196803834696 0.0013420261576159291 -0.0012796946282701139
leaf_weight=1246 3390 7767 2717 495 2755 1738 338 56893 16131 6379 630 1923 2361 300 301 2493 2212 4610 27091 322 1080 3960 4614 814 26044 8967 50772 3012 667 840
leaf_count=1246 3390 7767 2717 495 2755 1738 338 56893 16131 6379 630 1923 2361 300 301 2493 2212 4610 27091 322 1080 3960 4614 814 26044 8967 50772 3012 667 840
internal_value=-3.55443e-07 -3.96841e-05 -7.37698e-05 -0.000906503 0.000854645 0.00113881 0.001632 -4.94652e-05 3.77217e-05 0.000143741 0.000364228 0.000730871 0.0025056 0.00159736 0.000465008 0.000548945 0.00094941 -0.000227359 -0.000267051 0.000865718 0.000127932 -0.000209514 0.000233283 0.00186287 -0.000361973 0.00038839 3.16056e-05 -0.00169815 -4.47189e-05 -0.000316077
internal_weight=242862 232182 219473 6224 10680 8594 5776 213249 143110 86217 29066 12935 2699 3037 9898 12709 5602 70139 65529 3077 2818 57762 7107 2737 30004 9597 57151 3507 27758 2086
internal_count=242862 232182 219473 6224 10680 8594 5776 213249 143110 86217 29066 12935 2699 3037 9898 12709 5602 70139 65529 3077 2818 57762 7107 2737 30004 9597 57151 3507 27758 2086
is_linear=0
shrinkage=0.05


Tree=10
num_leaves=31
num_cat=0
split_feature=8 7 7 1 3 6 7 1 5 7 1 8 7 8 5 7 7 5 1 5 5 1 0 7 8 5 1 0 8 1
split_gain=1.77247 1.88654 2.15789 1.61049 1.5673 1.01353 0.869065 0.860608 0.75405 0.648602 0.632803 0.556698 0.55616 1.34251 0.543475 0.510682 0.473361 0.440046 0.428832 0.48575 0.45224 0.737911 0.462185 0.399105 0.48733 0.392263 0.382595 0.372243 0.361528 0.358358
threshold=0.034652598939073652 0.055371101528752284 0.023986549872034708 -0.16626502839511662 1.0000000180025095e-35 0.65229623232803247 0.045310053256766104 0.042699981650970227 33.275731712176366 0.060550729675890057 -0.05305533730500233 0.75727325284621105 0.040092220308838959 0.26654021070690148 26.482382676276959 0.012702837865011482 0.058314058806417192 77.940777922772142 0.14093369626336863 52.086301926067357 45.265795872479679 0.038853972448911207 0.086565941684959583 0.033921582670916682 0.36147273064638791 29.596593363839933 0.22065135535272154 -0.013081996740565148 0.48170578727305208 -0.14258247182326469
decision_type=2 2 2 2 2 2 2 2 2 2 2 2 2 2 2 2 2 2 2 2 2 2 2 2 2 2 2 2 2 2
left_child=3 2 7 6 16 -4 14 10 15 -6 -2 25 17 18 -1 -5 -3 29 20 -20 21 22 -14 -19 -25 -9 -18 -17 -28 -7
right_child=1 4 5 8 9 12 -8 11 -10 -11 -12 -13 13 -15 -16 27 26 23 19 -21 -22 -23 -24 24 -26 -27 28 -29 -30 -31
leaf_value=0.00443187123594039 0.00017365879776633025 -0.00090122904296284034 -0.00011532806395430414 -0.00071362370935437616 -0.00052132129157927054 0.0012013062391391315 0.00084101091727753594 -0.0030733425923897767 -0.00022466392810087545 -0.0015896880231956049 -0.00031687451147536117 -0.00039777846185710069 0.0010011931672498366 0.00022972405312647376 0.00088456908979037032 0.00081785244098610699 1.338925355375293e-05 0.0011076291849137232 0.0070814667556148309 0.0011940780526952278 0.00040838021064532938 0.0032301962328229791 0.005680846963601922 0.0046179756343078153 -0.00035124340393091172 0.00049143227668756845 0.0054793795539160913 0.0002140535279752678 0.00092266187722603961 0.00010262629057339438
leaf_weight=461 7334 1503 33120 754 2231 750 542 78 4211 3911 63498 2601 2303 18067 141 8134 5423 2128 65 76 1515 496 54 52 964 7260 59 3720 166 71264
leaf_count=461 7334 1503 33120 754 2231 750 542 78 4211 3911 63498 2601 2303 18067 141 8134 5423 2128 65 76 1515 496 54 52 964 7260 59 3720 166 71264
internal_value=1.5171e-07 -3.80199e-05 -1.72724e-06 0.000478105 -0.0006158 0.000123713 0.0022934 -0.000204948 0.000354632 -0.00120162 -0.000266084 0.000230753 0.000204719 0.000422345 0.00360102 0.000548114 -0.00011264 0.000139348 0.00119415 0.00390812 0.00110654 0.00147728 0.00110841 0.000718375 -9.69133e-05 0.00045354 9.72123e-05 0.000628369 0.00211753 0.000114069
internal_weight=242881 224918 211625 17963 13293 130854 1144 80771 16819 6142 70832 9939 97734 22576 602 12608 7151 75158 4509 141 4368 2853 2357 3144 1016 7338 5648 11854 225 72014
internal_count=242881 224918 211625 17963 13293 130854 1144 80771 16819 6142 70832 9939 97734 22576 602 12608 7151 75158 4509 141 4368 2853 2357 3144 1016 7338 5648 11854 225 72014
is_linear=0
shrinkage=0.05


Tree=11
num_leaves=31
num_cat=0
split_feature=8 7 1 1 7 3 5 7 8 7 6 5 8 3 7 1 1 5 5 6 0 8 0 5 0 5 7 8 7 5
split_gain=1.59966 1.7026 1.99171 1.45346 1.41608 1.41449 1.29625 1.27319 1.05315 0.784331 0.720012 0.680531 0.670973 0.661447 0.585363 0.571105 0.55532 0.579494 0.521089 0.519114 0.503195 0.511985 0.852664 0.62201 0.570051 0.490487 0.460891 0.45525 0.427208 0.424815
threshold=0.034652598939073652 0.055371101528752284 0.042699981650970227 -0.16626502839511662 0.023986549872034708 1.0000000180025095e-35 50.718685826519071 0.034910992683140303 0.28723587227052844 0.045310053256766104 0.79529171433284374 33.275731712176366 0.20424940085370777 1.0000000180025095e-35 0.060550729675890057 -0.05305533730500233 0.091793782181321962 39.76413879595777 39.387308528889257 0.56548261158861723 0.023480865686018485 0.44790800848718409 -0.053922938916130141 62.845913670629926 -0.0059031877213694952 26.482382676276959 0.012702837865011482 0.17727434366566219 0.058314058806417192 77.940777922772142
decision_type=2 2 2 2 2 2 2 2 2 2 2 2 2 2 2 2 2 2 2 2 2 2 2 2 2 2 2 2 2 2
left_child=3 2 4 9 15 28 7 19 16 25 20 26 -8 29 -7 -2 17 27 -10 -4 21 22 -6 -24 -23 -1 -5 -9 -3 -14
right_child=1 5 6 11 10 14 12 8 18 -11 -12 -13 13 -15 -16 -17 -18 -19 -20 -21 -22 24 23 -25 -26 -27 -28 -29 -30 -31
leaf_value=0.004210277646676636 0.00016497585625011154 -0.00085616760523514229 -0.0011195035000294243 -0.00067794251419987534 0.0026503034024160012 -0.00049525524708704993 -0.0010035796495017897 0.0039687877736341954 -0.00080073275469835108 0.00079896033293995255 0.00018514057231742287 -0.00021343073854625762 0.00029780238479797956 -4.7665489627083173e-05 -0.0015102036644089256 -0.00030103079381704431 0.0037640129227481528 0.00060997861025016925 0.0011442012766334994 0.00048642496105968572 0.00050670383656250477 0.00035406261300874249 -0.00035625047890794185 0.00075832410622175979 -0.00022026134936865187 0.00084034060520212438 0.00059695092060121577 0.0013156878903434002 9.2351705296343393e-05 0.0010327764833886969
leaf_weight=461 7334 1503 547 754 247 2231 1234 372 432 542 45816 4211 16779 16659 3911 63498 527 544 1698 6286 3259 8892 25267 1317 8404 141 11854 286 5648 2227
leaf_count=461 7334 1503 547 754 247 2231 1234 372 432 542 45816 4211 16779 16659 3911 63498 527 544 1698 6286 3259 8892 25267 1317 8404 141 11854 286 5648 2227
internal_value=1.44127e-07 -3.61189e-05 -1.64087e-06 0.0004542 -8.42628e-05 -0.00058501 0.000283136 0.000767899 0.00149393 0.00217873 4.38076e-05 0.000336901 0.000142669 0.000182329 -0.00114154 -0.00025278 0.00241072 0.00181739 0.000749736 0.000357866 -9.28428e-05 -0.000137122 -0.000273864 -0.000301033 7.50028e-05 0.00342097 0.000520708 0.00281562 -0.000107008 0.000383922
internal_weight=242881 224918 211625 17963 164034 13293 47591 10692 3859 1144 93202 16819 36899 35665 6142 70832 1729 1202 2130 6833 47386 44127 26831 26584 17296 602 12608 658 7151 19006
internal_count=242881 224918 211625 17963 164034 13293 47591 10692 3859 1144 93202 16819 36899 35665 6142 70832 1729 1202 2130 6833 47386 44127 26831 26584 17296 602 12608 658 7151 19006
is_linear=0
shrinkage=0.05


Tree=12
num_leaves=31
num_cat=0
split_feature=2 7 7 7 3 1 4 6 2 7 2 7 4 6 6 5 4 4 1 2 5 1 5 2 4 7 7 5 1 5
split_gain=2.61074 1.54852 1.5014 1.66815 1.38748 1.38149 1.40315 1.24861 1.04526 0.992232 0.692102 0.658453 0.666472 0.654784 0.647915 0.622647 0.591515 0.577495 0.560522 0.579005 0.556494 0.541644 1.00987 0.621917 0.529155 0.498531 0.494187 0.45815 0.472735 0.481824
threshold=-0.21486610646284357 0.056265833347934897 0.027695502705370585 0.071677339871725684 1.0000000180025095e-35 0.042699981650970227 -0.92469934081335103 0.85802659339587795 -0.16871247531108843 0.022619843555274421 0.010103735815434335 0.02829213123462904 -0.3337386541571134 1.1389113023420758 1.0474041886554344 32.816069943551625 -1.2193460406102437 -0.70385141392593364 0.097128732903911566 -0.1109989043910362 44.099646370814412 0.046897921771342672 27.081972918328223 -0.29272342223275805 0.67541526248286965 0.043770080278846678 0.058314058806417192 41.55624367269818 0.033456967808608969 27.081972918328223
decision_type=2 2 2 2 2 2 2 2 2 2 2 2 2 2 2 2 2 2 2 2 2 2 2 2 2 2 2 2 2 2
left_child=2 5 17 7 26 6 13 27 11 -8 15 -7 -13 16 -11 -10 -2 -1 -17 -20 21 23 -23 25 -16 -9 -3 28 29 -4
right_child=1 4 3 -5 -6 8 9 20 10 14 -12 12 -14 -15 24 18 -18 -19 19 -21 -22 22 -24 -25 -26 -27 -28 -29 -30 -31
leaf_value=0.00026572345548305122 0.0015723682753267236 -0.0010693929705621237 0.0012310084354508167 -0.00054140948437810628 -0.0011548459914143719 -0.0015397508808940614 -0.000277121237010312 0.0043672212394225288 -0.0010349430145235358 -9.155575885846218e-05 7.7130272743613395e-05 0.0054041439169214374 0.0017203875026962447 -8.1208254598289349e-05 0.00029061048255542591 0.00039622491723620358 0.0004506369795339807 -0.0014114065633888803 0.0030291571060882673 0.00091095281498616604 -0.00099982523618952278 -0.0001505133501874904 0.0068099675466496328 0.0015302155175133155 -0.00049969109803105584 0.00207150729499723 0.00021444074941342421 -0.00097127972188920794 0.0029248343509797412 -7.1552263470378756e-05
leaf_weight=1256 1335 915 1858 1353 5707 103 60307 416 635 73693 32652 173 423 5513 20972 10576 9821 868 368 2616 143 78 157 2118 2356 548 4146 358 268 1149
leaf_count=1256 1335 915 1858 1353 5707 103 60307 416 635 73693 32652 173 423 5513 20972 10576 9821 868 368 2616 143 78 157 2118 2356 548 4146 358 268 1149
internal_value=1.36923e-07 -3.483e-05 0.000768652 0.00106749 -0.000620369 -6.37018e-06 -7.16383e-05 0.00137439 0.000232482 -0.000117855 0.000203845 0.00215171 0.00278967 0.000364576 -1.88579e-05 0.00049532 0.000584871 -0.000419657 0.000566981 0.00117218 0.00205416 0.00218582 0.00449968 0.00200939 0.000210794 0.00306219 -1.76691e-05 0.000726985 0.000912628 0.000733289
internal_weight=242881 232311 10570 8446 10768 221543 173997 7093 47546 157328 46847 699 596 16669 97021 14195 11156 2124 13560 2984 3460 3317 235 3082 23328 964 5061 3633 3275 3007
internal_count=242881 232311 10570 8446 10768 221543 173997 7093 47546 157328 46847 699 596 16669 97021 14195 11156 2124 13560 2984 3460 3317 235 3082 23328 964 5061 3633 3275 3007
is_linear=0
shrinkage=0.05


Tree=13
num_leaves=31
num_cat=0
split_feature=4 7 7 4 6 3 7 8 4 7 8 5 4 5 4 8 8 7 8 6 5 8 8 7 0 8 5 8 8 7
split_gain=1.68316 1.19216 1.38485 0.949829 0.846231 0.826746 0.659733 0.628744 0.54665 0.470768 1.10293 0.784473 0.585256 0.489837 0.465685 0.672562 0.463861 0.516008 0.635264 0.459008 0.449406 0.501906 0.501079 0.43852 0.421544 0.416262 0.405381 0.393489 0.366436 0.385609
threshold=-0.92469934081335103 0.071677339871725684 0.022619843555274421 0.031127055448667323 0.85427557139740651 1.0000000180025095e-35 0.059364140623307998 0.0076804915499610995 -1.2644052369423295 0.039143420926343805 0.26315789396499223 43.521594664142803 0.051212508198159735 74.32719743430259 0.70592796836304139 0.59999999883319177 0.91228226477544194 0.028990244808633672 0.62662341921015485 1.1389113023420758 70.882703914246505 0.89895729069226438 0.25993347949799622 0.045726466917479072 -0.027538593936184238 1.0000000180025095e-35 68.161333407261381 0.64060589274501167 0.6220232948768315 0.059364140623307998
decision_type=2 2 2 2 2 2 2 2 2 2 2 2 2 2 2 2 2 2 2 2 2 2 2 2 2 2 2 2 2 2
left_child=8 2 7 -3 25 9 14 -2 -1 13 11 -11 23 -6 15 26 17 -16 -19 24 -9 22 -22 -12 -10 -4 -7 -25 29 -14
right_child=1 3 4 -5 5 6 -8 20 19 10 12 -13 28 -15 16 -17 -18 18 -20 -21 21 -23 -24 27 -26 -27 -28 -29 -30 -31
leaf_value=0.0010877444186173976 0.0011827627373320448 -0.00024724971714637484 0.0037658404555002845 -0.0019163277196639684 0.00016503375727869535 -0.00058763571292073545 -0.00098338052333261645 -0.00026341861666695347 0.00095562618417924152 0.001824455289288015 0.00030922131136304422 0.00040746957163756512 0.00064816947744922716 0.00093913003365422181 0.0002163187745638793 0.0003968780888410255 0.00016334441931965615 -0.0039139458042485881 -0.00066843146254762817 -6.2034230633359859e-05 -0.0018979824941798642 -0.00088103764429534851 0.00056158870868713265 -0.0013853504414099611 0.00030136165444761285 -6.4464959775875378e-05 0.0028610250727400524 0.0014170610669551166 -1.6131135561658428e-05 0.0025357439669296956
leaf_weight=2873 801 2010 71 1480 37626 2690 1782 62690 3671 2365 1053 1664 3395 2161 1817 10454 4483 156 4501 4943 218 864 4132 1122 7475 73656 88 141 2205 294
leaf_count=2873 801 2010 71 1480 37626 2690 1782 62690 3671 2365 1053 1664 3395 2161 1817 10454 4483 156 4501 4943 218 864 4132 1122 7475 73656 88 141 2205 294
internal_value=1.30076e-07 -3.81729e-05 -2.36562e-05 -0.000955054 6.0678e-05 0.000175483 -5.49171e-05 -0.000209895 0.000452444 0.000290497 0.000561679 0.00123923 0.000229175 0.000207078 1.34827e-05 0.000213119 -0.000227604 -0.000498322 -0.00077715 0.000338999 -0.000226323 0.000219698 0.000438327 -0.000444278 0.000516847 -6.07763e-05 -0.000478391 -0.00107249 0.000493803 0.000798602
internal_weight=242881 223919 220429 3490 151724 77997 25971 68705 18962 52026 12239 4029 8210 39787 24189 13232 10957 6474 4657 16089 67904 5214 4350 2316 11146 73727 2778 1263 5894 3689
internal_count=242881 223919 220429 3490 151724 77997 25971 68705 18962 52026 12239 4029 8210 39787 24189 13232 10957 6474 4657 16089 67904 5214 4350 2316 11146 73727 2778 1263 5894 3689
is_linear=0
shrinkage=0.05


Tree=14
num_leaves=31
num_cat=0
split_feature=2 7 1 2 4 7 3 7 8 2 7 4 7 2 4 5 4 1 8 8 7 5 0 5 4 2 4 2 7 8
split_gain=2.29894 1.39636 1.31525 1.69386 1.36468 1.08841 1.00748 0.929099 0.919172 0.993788 0.915305 1.05915 0.90008 0.85818 1.1366 0.736048 0.711326 0.941634 0.835877 0.701679 0.67918 0.649149 0.53916 0.536106 0.685258 0.522547 0.542422 0.515704 0.558687 0.512585
threshold=-0.24297034581089319 0.055371101528752284 0.042699981650970227 -0.16871247531108843 -0.92469934081335103 0.071677339871725684 1.0000000180025095e-35 0.02982700092852561 0.13492063474663024 0.010103735815434335 0.030991381916841861 -0.32632632694940661 0.031276065303101987 -0.075794621026894868 -0.24159074110077769 40.17955251691734 -0.43644484792323041 0.002971952212495244 0.23343513347569955 0.0076804915499610995 0.050363045501952329 32.816069943551625 0.040555981740246334 58.049422664849224 0.77260253380042831 -0.14841707794821871 -0.61254363559702507 -0.109441790156293 0.012702837865011482 0.8555303579906286
decision_type=2 2 2 2 2 2 2 2 2 2 2 2 2 2 2 2 2 2 2 2 2 2 2 2 2 2 2 2 2 2
left_child=5 2 4 10 27 7 -3 -1 -5 21 -4 -12 19 14 15 -14 18 -18 22 -6 -17 -10 -9 -15 29 26 -21 28 -2 -25
right_child=1 6 3 8 12 -7 -8 16 9 -11 11 -13 13 23 -16 20 17 -19 -20 25 -22 -23 -24 24 -26 -27 -28 -29 -30 -31
leaf_value=3.0425965642609566e-05 -0.0022478007203927718 -8.2048027586016721e-05 -0.00049597118799843323 -0.0013757130539519453 0.0010148916818189908 -0.00044623693954383116 -0.00099858685185514272 0.0020051890824399009 -0.0011281921559919172 7.6535778537856401e-05 0.0060896675496988524 0.0018943895439208266 0.00045685773817614951 -0.00020810578759386934 0.0014550853202243384 -0.00059872732097577554 -0.0014420158422527914 0.0017877023098238954 -0.00054457162642587774 -0.00020422989822732807 0.0024881443630894104 0.00066079590507005692 0.0048889610302826764 0.00018029889005985206 -0.0014206545069426564 -0.00016343206125340293 -0.00095475747497585659 9.6574086704558911e-05 0.00069940255853905367 0.0012780963414042213
leaf_weight=1274 164 5857 208 913 1207 1205 6143 2811 528 32257 226 450 8520 21931 2174 3116 410 502 313 5260 189 12793 172 10279 614 100546 4439 8951 8243 1186
leaf_count=1274 164 5857 208 913 1207 1205 6143 2811 528 32257 226 450 8520 21931 2174 3116 410 502 313 5260 189 12793 172 10279 614 100546 4439 8951 8243 1186
internal_value=1.23572e-07 -2.57596e-05 2.36672e-06 0.000236332 -6.03195e-05 0.000914354 -0.00055124 0.00121343 0.000195106 0.000226572 0.0024045 0.00329695 -0.000106149 7.48458e-05 0.000404344 0.000211167 0.00157159 0.000335746 0.00191354 -0.000184114 -0.000422201 0.000589886 0.00217147 -6.07802e-05 0.000206709 -0.000197241 -0.000547728 0.000360697 0.00064191 0.000293861
internal_weight=242881 236194 224194 47375 176819 6687 12000 5482 46491 45578 884 676 159461 48009 13999 11825 4208 912 3296 111452 3305 13321 2983 34010 12079 110245 9699 17358 8407 11465
internal_count=242881 236194 224194 47375 176819 6687 12000 5482 46491 45578 884 676 159461 48009 13999 11825 4208 912 3296 111452 3305 13321 2983 34010 12079 110245 9699 17358 8407 11465
is_linear=0
shrinkage=0.05


Tree=15
num_leaves=31
num_cat=0
split_feature=2 7 4 7 4 1 2 7 6 1 3 7 4 6 4 1 7 1 7 0 4 4 7 0 0 2 6 7 4 2
split_gain=2.25025 1.32034 1.54627 1.3138 0.928306 1.10953 1.64368 0.89701 0.896724 0.86687 0.864733 0.748395 0.702757 0.602277 0.60201 0.729055 0.564951 0.559858 0.639224 0.531091 0.515215 0.500099 0.466298 0.465099 0.458308 0.451149 0.663041 0.469047 0.448855 0.420297
threshold=-0.26253183687992598 0.069408018574912619 0.031127055448667323 0.069408018574912619 -0.98309018712662288 0.037903609821312363 -0.16871247531108843 0.02982700092852561 1.0474041886554344 0.058922579204921173 1.0000000180025095e-35 0.063444468020482606 -0.3337386541571134 1.3356458553094694 -0.44313179026709132 0.037903609821312363 0.016048084022817603 -0.051483172462291164 0.032551386634699302 0.050969330228507033 -0.41604385911429514 0.60869710593209758 0.035078014716766331 -0.028497184246183745 0.025830258302583013 -0.109441790156293 0.73187505240058714 0.012702837865011482 -0.28170778907464272 -0.29272342223275805
decision_type=2 2 2 2 2 2 2 2 2 2 2 2 2 2 2 2 2 2 2 2 2 2 2 2 2 2 2 2 2 2
left_child=3 4 -3 7 25 8 9 -1 17 20 -8 13 -11 -12 15 24 -10 -6 19 -19 -7 23 -14 -15 29 26 -2 -28 -21 -9
right_child=1 2 -4 -5 5 6 10 14 16 12 11 -13 22 21 -16 -17 -18 18 -20 28 -22 -23 -24 -25 -26 -27 27 -29 -30 -31
leaf_value=-5.6182395826078469e-05 0.0017359308770118053 0.00015450907312564399 -0.0019768182982838676 -0.00024214221021682969 3.3381377111394078e-05 0.0034250492265877814 0.00027608610457096071 0.0025838358655634942 -0.00033218680121361259 0.0056416648015774808 0.00014854799853168113 -0.0018895107108844096 -0.00036725774581140993 -0.00061687822687233305 0.00049001755816452375 0.007741716569747592 0.00017866521401675261 -0.00030275916922613191 9.1635423829587013e-07 0.0060616511040522411 -0.00032963863776648322 -0.00052083583201459978 0.0031379538233248664 0.0020766645884743688 0.0043900161008296407 0.00010473597730844788 -0.0029101184299946126 0.00051249479995882613 0.00024217243787731874 0.0010975796446918186
leaf_weight=666 1224 1573 1854 1366 27259 117 33411 1129 6385 204 11627 591 134 281 540 61 35516 72591 23940 60 417 7697 325 373 215 6751 102 5378 74 822
leaf_count=666 1224 1573 1854 1366 27259 117 33411 1129 6385 204 11627 591 134 281 540 61 35516 72591 23940 60 417 7697 325 373 215 6751 102 5378 74 822
internal_value=-2.58178e-06 -2.42069e-05 -0.000998535 0.00106937 -9.96541e-06 -3.45141e-05 0.000159703 0.00159122 -9.91384e-05 0.00199231 0.000119066 -0.000135989 0.00319988 -8.41152e-05 0.00198774 0.0023509 0.00010082 -0.000166748 -0.000223184 -0.000296954 0.000493018 -0.000408049 0.00211465 0.000919347 0.00219908 0.000393253 0.000683792 0.000448789 0.00284791 0.00195764
internal_weight=242683 237884 3427 4799 234457 221002 55177 3433 165825 1197 53980 20569 663 19978 2767 2227 41901 123924 96665 72725 534 8351 459 654 2166 13455 6704 5480 134 1951
internal_count=242683 237884 3427 4799 234457 221002 55177 3433 165825 1197 53980 20569 663 19978 2767 2227 41901 123924 96665 72725 534 8351 459 654 2166 13455 6704 5480 134 1951
is_linear=0
shrinkage=0.05


Tree=16
num_leaves=31
num_cat=0
split_feature=2 7 7 4 4 6 7 4 3 4 5 8 8 5 7 2 2 4 8 7 7 2 4 2 7 7 6 5 2 2
split_gain=2.03086 1.19884 1.19243 1.10251 0.867628 0.966676 0.731528 0.68668 0.679098 0.762791 0.658849 0.606036 0.903301 1.12937 0.650093 0.795637 0.630325 0.731013 0.597871 0.54005 0.531403 0.512672 0.569069 0.577861 0.49558 0.492473 0.782044 0.488627 0.485504 0.472493
threshold=-0.26253183687992598 0.071677339871725684 0.071677339871725684 0.031127055448667323 -0.92469934081335103 1.0908700809370016 0.02982700092852561 -0.44313179026709132 1.0000000180025095e-35 0.81921488451151692 77.940777922772142 0.014727875924347381 0.14583333316301006 38.591117909031013 0.03424448614302613 -0.15072114684754059 -0.008814992223873162 -0.092354268993717112 0.78318803833283013 0.025026198205138191 0.018051331147262567 -0.044916343363059656 -0.61254363559702507 -0.12035372357914308 0.034089389136602428 0.042760678644820652 0.9039685256034472 30.380469607440094 -0.06842105263157898 0.13253546046265843
decision_type=2 2 2 2 2 2 2 2 2 2 2 2 2 2 2 2 2 2 2 2 2 2 2 2 2 2 2 2 2 2
left_child=1 6 4 -4 -2 10 -1 25 20 -10 11 -6 13 14 21 27 17 -14 -12 29 -7 22 -13 -24 -21 26 -8 -16 -19 -18
right_child=2 -3 3 -5 5 8 7 -9 9 -11 18 12 16 -15 15 -17 19 28 -20 24 -22 -23 23 -25 -26 -27 -28 -29 -30 -31
leaf_value=-5.3373280858537801e-05 0.00032306815931161677 -0.00043242432672710852 2.5353621624719546e-05 -0.0019982883883769556 0.00063153870723070527 -0.00014676911624705185 0.0016149129714031008 0.00030890352545799056 0.00015029436973118429 -0.00045939826889553677 0.0014033373338865097 9.0347105676589354e-05 -4.5652053441850679e-05 -0.00075625347917801402 0.00060259146162674635 -0.00033035037837038009 -0.00044935356125832708 0.00092158920190273043 -1.4899734530141966e-05 0.00012745685402400377 0.00030087883461439466 -0.0010554967602105457 -0.00089496571025168923 -8.7767670155883936e-07 -0.00021930768556996396 0.0014531809015157233 0.004179652718324013 0.0023354524730925183 0.00020909183568791281 0.00052476914107458888
leaf_weight=666 17954 1101 1248 1461 2604 7999 600 631 11606 9194 1352 8923 36165 11922 1155 1571 19020 3295 1650 17915 38727 1854 4132 3212 24251 1212 589 628 8714 1332
leaf_count=666 17954 1101 1248 1461 2604 7999 600 631 11606 9194 1352 8923 36165 11922 1155 1571 19020 3295 1650 17915 38727 1854 4132 3212 24251 1212 589 628 8714 1332
internal_value=-2.45269e-06 0.0010159 -2.29966e-05 -0.00106602 -1.09819e-05 -3.85921e-05 0.0014471 0.00177669 0.000118454 -0.000119202 -0.000109434 -0.00012444 -0.000138102 -0.000366018 -0.000149377 0.000490065 -6.93374e-05 6.65848e-05 0.000623827 -0.000174074 0.000224246 -0.00026773 -0.000177946 -0.000503924 -7.19784e-05 0.00216244 0.00288542 0.00121293 0.000404585 -0.000385599
internal_weight=242683 4799 237884 2709 235175 217221 3698 3032 67526 20800 149695 146693 144089 33397 21475 3354 110692 48174 3002 62518 46726 18121 16267 7344 42166 2401 1189 1783 12009 20352
internal_count=242683 4799 237884 2709 235175 217221 3698 3032 67526 20800 149695 146693 144089 33397 21475 3354 110692 48174 3002 62518 46726 18121 16267 7344 42166 2401 1189 1783 12009 20352
is_linear=0
shrinkage=0.05


Tree=17
num_leaves=31
num_cat=0
split_feature=2 7 7 1 7 4 1 4 1 2 1 3 8 8 7 2 6 8 2 7 4 8 0 7 4 6 8 2 8 1
split_gain=1.86741 1.00405 1.37155 1.21618 0.984293 1.38049 0.968461 0.763521 0.734723 1.10755 0.857351 0.802748 0.967454 0.727301 0.637087 0.634806 0.608442 0.888725 0.615532 0.679541 0.552888 0.53756 0.613784 0.523951 0.498372 0.478878 0.471756 0.462156 0.456313 0.449608
threshold=-0.21486610646284357 0.02781706773316794 0.053767806459497858 0.030202599002990608 0.069408018574912619 0.031127055448667323 -0.11059156003002961 -0.32632632694940661 0.044752691200502966 -0.16871247531108843 -0.05305533730500233 1.0000000180025095e-35 0.17727434366566219 0.31233850962069526 0.063444468020482606 -0.31758666397498259 1.0474041886554344 0.30515848669382478 -0.02056611185332546 0.033921582670916682 -0.40235510033865413 0.71158638358404958 0.049117447341091254 0.029098969168218702 -0.69035961394841727 1.4251136731392029 0.13765355425641226 0.0064122917843787439 0.026143790826788294 0.060317227370353284
decision_type=2 2 2 2 2 2 2 2 2 2 2 2 2 2 2 2 2 2 2 2 2 2 2 2 2 2 2 2 2 2
left_child=1 24 3 6 8 -6 15 -5 10 13 21 12 -11 20 25 -3 17 18 19 28 -10 22 23 -2 -1 -13 -21 -19 -12 -22
right_child=4 2 -4 7 5 -7 -8 -9 9 11 16 14 -14 -15 -16 -17 -18 27 -20 26 29 -23 -24 -25 -26 -27 -28 -29 -30 -31
leaf_value=0.00028801930246032765 0.00027755454461896094 0.0042745364811707992 -1.1485929911650628e-05 0.0055014461246793399 0.00032613239816222018 -0.0018043459866525569 0.0006452575712457059 0.0016212059681500587 0.0061465525011276355 -0.00072145581167911961 0.00024700068457142005 0.00012276122542933827 0.00037239201394602579 -0.0017932725852150195 -0.0017814900529789493 0.0016697484915491922 4.4458572956478574e-05 0.00013020743952383467 -0.00068746667691869869 -0.00022131998399831272 0.00016158097730298597 0.0011935630292491664 0.0020308995379220685 -8.7665941706273652e-05 -0.0012602444259115857 -0.00040658407900694138 0.0007609772041994407 -0.00016942799399416857 -0.00039489500326502403 0.0032729654476456463
leaf_weight=1366 18524 284 2769 270 1307 1818 3467 239 102 2187 3056 11186 26699 101 567 1326 38365 21443 10349 2317 186 1165 409 20900 839 6913 2587 32184 29449 309
leaf_count=1366 18524 284 2769 270 1307 1818 3467 239 102 2187 3056 11186 26699 101 567 1326 38365 21443 10349 2317 186 1165 409 20900 839 6913 2587 32184 29449 309
internal_value=-2.33005e-06 0.000647946 0.00089841 0.00134945 -3.19131e-05 -0.000913295 0.00111585 0.00367949 -1.98854e-05 0.000153457 -6.61585e-05 0.000124433 0.000289575 0.0021307 -0.000131127 0.00212923 -0.00012514 -0.000189318 -0.000346186 -0.000251773 0.00279455 0.000134893 0.00010393 8.39388e-05 -0.000301093 -7.94248e-05 0.00029687 -4.96174e-05 -0.000334546 0.00210384
internal_weight=242683 10560 8355 5586 232123 3125 5077 509 228998 48250 180748 47552 28886 698 18666 1610 139750 101385 47758 37409 597 40998 39833 39424 2205 18099 4904 53627 32505 495
internal_count=242683 10560 8355 5586 232123 3125 5077 509 228998 48250 180748 47552 28886 698 18666 1610 139750 101385 47758 37409 597 40998 39833 39424 2205 18099 4904 53627 32505 495
is_linear=0
shrinkage=0.05


Tree=18
num_leaves=31
num_cat=0
split_feature=2 4 1 3 2 8 4 5 4 1 5 5 2 2 5 5 1 8 2 5 8 1 8 5 2 1 8 1 2 0
split_gain=1.70069 0.830381 0.717072 1.32877 0.814909 0.901511 0.852957 0.825576 0.702353 0.575063 0.557681 0.528113 0.495948 0.474494 0.473717 0.515933 0.489299 0.460968 0.439156 0.582764 0.433442 0.429982 0.42605 0.896859 0.767393 0.511149 0.42263 0.413314 0.412858 0.666162
threshold=-0.26253183687992598 -0.92469934081335103 0.044752691200502966 1.0000000180025095e-35 -0.16871247531108843 0.17727434366566219 -0.3337386541571134 26.482382676276959 -0.48209440892561084 0.25155432253376314 76.583210593960217 29.067012967534016 -0.069625964878032895 0.0050948745868949494 29.329949917080537 58.256019306050895 0.05623670841862783 0.014727875924347381 -0.10645816493261083 22.908728712451943 0.69671348762805418 0.22065135535272154 0.11881070190357217 38.591117909031013 -0.052950457409086042 -0.088322713403190853 0.78318803833283013 -0.10714053531957578 -0.0075639953939697904 0.047503535415943439
decision_type=2 2 2 2 2 2 2 2 2 2 2 2 2 2 2 2 2 2 2 2 2 2 2 2 2 2 2 2 2 2
left_child=8 18 10 4 6 -6 7 -4 -1 12 17 -7 -5 21 -8 16 -16 -3 -2 -20 -14 -13 23 24 27 -25 -12 -19 29 -24
right_child=1 2 3 9 5 11 14 -9 -10 -11 26 13 20 -15 15 -17 -18 22 19 -21 -22 -23 28 25 -26 -27 -28 -29 -30 -31
leaf_value=0.0013120261986782386 0.00054456869736565756 0.00048903992651352305 -0.00038448240770958366 0.0030190992562453296 -0.000696622520487085 -0.002212290437678554 -0.0026676994036917796 0.0048839540346244615 -2.7277386796373512e-05 -0.0012392342911919571 0.0010825831282026139 0.00061247631992301758 -0.00080849740554203749 0.00020844212657724682 -0.00098643311301860564 -0.003104136949673725 0.0023846164940994562 0.0011974235974964264 -0.00094578186937802457 0.0002179701405711256 -6.2222920002791765e-05 0.004226031612761947 -1.6474373636969185e-05 0.00061950803912487419 -0.00093820235807040824 -0.00075729972268108404 -8.994043474489725e-05 -4.2926465982549634e-05 -0.00016299949999745933 0.00088343662844952812
leaf_weight=3429 9288 3161 100 124 2209 199 94 290 1370 1254 1744 10092 2218 16626 141 65 455 696 1256 7496 15848 83 58793 724 2445 9786 1374 19184 70008 2131
leaf_count=3429 9288 3161 100 124 2209 199 94 290 1370 1254 1744 10092 2218 16626 141 65 455 696 1256 7496 15848 83 58793 724 2445 9786 1374 19184 70008 2131
internal_value=-2.21355e-06 -2.10134e-05 -4.77735e-05 0.000119094 0.00032581 0.000274516 0.0016343 0.00353307 0.000929687 -0.00020361 -9.66406e-05 0.00035397 -0.000132215 0.000373025 0.000653484 0.00112579 0.0015871 -0.000109016 0.000305097 5.096e-05 -0.000153845 0.000641953 -0.000120559 -0.000281602 -0.000102307 -0.000662456 0.000565891 4.98265e-07 -8.01732e-05 1.50027e-05
internal_weight=242683 237884 219844 49798 30354 29209 1145 390 4799 19444 170046 27000 18190 26801 755 661 596 166928 18040 8752 18066 10175 163767 32835 22325 10510 3118 19880 130932 60924
internal_count=242683 237884 219844 49798 30354 29209 1145 390 4799 19444 170046 27000 18190 26801 755 661 596 166928 18040 8752 18066 10175 163767 32835 22325 10510 3118 19880 130932 60924
is_linear=0
shrinkage=0.05


Tree=19
num_leaves=31
num_cat=0
split_feature=2 4 6 2 4 1 2 8 1 4 5 5 8 1 5 8 2 2 4 6 2 0 6 0 0 5 1 5 0 5
split_gain=1.53487 0.755883 0.687973 0.954339 0.633873 0.626186 0.615575 0.55841 0.554998 0.53353 0.520892 0.46961 0.468286 0.766865 0.728136 0.502288 0.427859 0.41574 0.481491 0.411619 0.500314 0.408081 0.401282 0.398295 0.386328 0.5301 0.369758 0.546786 0.530872 0.400382
threshold=-0.26253183687992598 -0.98309018712662288 1.0908700809370016 0.41205319839636184 -0.48209440892561084 0.032595510707737259 -0.18069722607556402 0.014727875924347381 0.060317227370353284 -0.3337386541571134 30.380469607440094 33.955441566929146 0.20424940085370777 -0.094271694796687164 38.591117909031013 0.10378170606887431 -0.044916343363059656 0.042110875097976293 -0.25777894348634689 0.83672423571461918 -0.1109989043910362 0.02464111707256034 0.8402068277804442 0.047503535415943439 -0.056243609406952937 16.853932568804414 0.074567503533128257 46.827426021780219 0.063175168792198103 72.477533291365077
decision_type=2 2 2 2 2 2 2 2 2 2 2 2 2 2 2 2 2 2 2 2 2 2 2 2 2 2 2 2 2 2
left_child=4 19 5 -4 23 7 8 -3 -7 10 -10 -11 13 21 16 -16 -15 18 -8 20 -2 -9 -17 24 25 -1 -19 -28 -29 -30
right_child=1 2 3 -5 -6 6 17 12 9 11 -12 -13 -14 14 15 22 -18 26 -20 -21 -22 -23 -24 -25 -26 -27 27 28 29 -31
leaf_value=0.0043039374342350679 0.0013539444452531084 0.00050703922959629709 0.00012099044534840756 -0.00097199821354308769 -2.5913499665988717e-05 0.00029478415403040955 -0.00046539726797168612 0.00036930566641884014 0.0016273321731624984 -0.0020652880050792276 0.0080878382447199578 0.0029427403996276284 -9.1745861034815899e-05 -9.9003858562461306e-05 -0.00095620123691403857 -0.0005995770267692086 -0.00072751686498867974 0.00010146658653502094 0.00038648014932006898 0.00015034158847255347 0.00028040484649047358 0.0028132901713513055 7.0608044371886332e-05 0.0041926451393419894 0.0009232838951327495 0.00098986881425265562 -0.0030862725970612877 -0.00023854289465015285 -0.0044120575212550613 -0.00014753005386370681
leaf_weight=215 1890 3177 67550 2058 1370 439 1930 2381 52 66 78 161 79582 22042 6264 7113 3087 7536 11801 9113 2549 184 3256 111 2828 275 188 5158 137 92
leaf_count=215 1890 3177 67550 2058 1370 439 1930 2381 52 66 78 161 79582 22042 6264 7113 3087 7536 11801 9113 2549 184 3256 111 2828 275 188 5158 137 92
internal_value=-2.10287e-06 -1.99628e-05 -4.18691e-05 8.86756e-05 0.000883203 -0.000100599 0.000115095 -0.000147507 0.00148537 0.00294943 0.00550364 0.00148666 -0.00016429 -0.000294531 -0.000346071 -0.00060269 -0.000176214 7.44594e-05 0.000266742 0.000342663 0.000737487 0.000544625 -0.00038913 0.00124642 0.00114786 0.002444 -0.000126916 -0.000435632 -0.000343128 -0.0026988
internal_weight=242683 237884 224332 69608 4799 154724 27638 127086 796 357 130 227 123909 44327 41762 16633 25129 26842 13731 13552 4439 2565 10369 3429 3318 490 13111 5575 5387 229
internal_count=242683 237884 224332 69608 4799 154724 27638 127086 796 357 130 227 123909 44327 41762 16633 25129 26842 13731 13552 4439 2565 10369 3429 3318 490 13111 5575 5387 229
is_linear=0
shrinkage=0.05


Tree=20
num_leaves=31
num_cat=0
split_feature=2 7 3 7 7 0 8 6 4 8 2 7 8 4 5 2 7 6 7 8 7 4 8 2 7 4 8 7 2 5
split_gain=1.57417 0.913724 1.20779 0.750191 0.652672 0.802022 0.675288 0.605696 1.00772 0.674853 0.674603 0.972474 0.871841 0.764728 0.760788 0.717867 0.61756 0.601423 0.54027 0.534824 0.571047 0.566924 0.53077 0.492099 0.621634 0.600397 0.477833 0.517225 0.470132 0.668547
threshold=-0.24297034581089319 0.056265833347934897 1.0000000180025095e-35 0.013462713428209582 0.071677339871725684 0.04583700913075462 1.0000000180025095e-35 0.65229623232803247 -0.73156060575750148 0.20120202198672202 -0.0051330504809923285 0.039860927345305171 0.40587658641749774 -0.4694196102787167 66.366207046422261 -0.17756418373279928 0.026545826312626117 1.0685469856106318 0.054567611694882785 0.3734678928461615 0.028405041897073085 -0.43644484792323041 0.27332787758289451 0.30141715874473157 0.036566853981545168 0.716762341856365 0.91984481964019005 0.027220070892359637 -0.085917404552655494 32.335973438328026
decision_type=2 2 2 2 2 2 2 2 2 2 2 2 2 2 2 2 2 2 2 2 2 2 2 2 2 2 2 2 2 2
left_child=4 3 -3 -2 5 6 -1 8 28 -10 11 14 13 15 -9 -13 -16 22 -15 20 -8 -22 -18 -12 26 -26 -25 -28 -5 -30
right_child=1 2 -4 7 -6 -7 19 10 9 -11 23 12 -14 18 16 -17 17 -19 -20 -21 21 -23 -24 24 25 -27 27 -29 29 -31
leaf_value=0.0049667011523111303 -0.00036909809206197696 8.2856798230050818e-05 -0.00095816968309542358 0.00068124372889545733 -0.00029959036682468952 0.0040855305150063652 -0.00019810356270709266 0.00010626330946357282 -0.00050894361228081273 -8.1462082523955307e-05 -5.5655267087763969e-05 0.0017326732412060151 -0.00013399543463251022 0.0017441337943161406 0.0002079785902739581 -0.00010377533627391043 0.0035837535562071332 0.0046014382144468919 -0.0021506102226735296 -0.0025737804141017086 0.00143456179086285 -1.4606825117493479e-05 -0.00063670280376552707 0.00071365095466880953 0.0010295839205786308 -0.00032950981091838145 0.0074110364830293866 0.0021624715985068118 -0.00081911818398425435 0.00054429355148286095
leaf_weight=99 12326 5408 5747 5092 1186 202 999 73590 13607 28717 74653 751 2146 2769 496 1826 132 228 92 115 3261 851 171 717 1253 2312 54 359 1621 2019
leaf_count=99 12326 5408 5747 5092 1186 202 999 73590 13607 28717 74653 751 2146 2769 496 1826 132 228 92 115 3261 851 171 717 1253 2312 54 359 1621 2019
internal_value=9.69842e-06 -1.17698e-05 -0.000453475 1.01357e-05 0.000764703 0.000993082 0.000875773 3.21222e-05 -0.000117998 -0.000218896 7.95662e-05 0.000179952 0.000719388 0.00105616 0.000125124 0.00043141 0.0014766 0.0026616 0.00161889 0.000798275 0.000874148 0.00113465 0.00120191 -2.44288e-05 0.000472088 0.000148174 0.00149399 0.00284872 0.000371053 -6.28741e-05
internal_weight=242799 236086 11155 224931 6713 5527 5325 212605 51056 42324 161549 82201 7584 5438 74617 2577 1027 531 2861 5226 5111 4112 303 79348 4695 3565 1130 413 8732 3640
internal_count=242799 236086 11155 224931 6713 5527 5325 212605 51056 42324 161549 82201 7584 5438 74617 2577 1027 531 2861 5226 5111 4112 303 79348 4695 3565 1130 413 8732 3640
is_linear=0
shrinkage=0.05


Tree=21
num_leaves=31
num_cat=0
split_feature=2 7 3 1 2 7 1 5 2 7 1 1 7 6 7 7 4 2 2 7 7 7 5 5 2 1 1 7 6 7
split_gain=1.42069 0.824636 1.09003 0.716834 0.851542 1.07053 0.670759 0.756758 0.631726 0.597426 0.677307 0.589958 0.700803 0.576788 0.683935 0.569913 0.546764 0.486885 0.465197 0.464955 0.461128 0.56455 0.500206 0.46826 0.521519 0.477252 0.458027 0.457056 0.429338 0.421241
threshold=-0.24297034581089319 0.056265833347934897 1.0000000180025095e-35 0.051334914780781345 -0.1109989043910362 0.031542925316256666 -0.037983731048018603 69.474637675653057 0.0038904684396443572 0.07436904823745992 -0.14258247182326469 0.042699981650970227 0.050957540431235605 0.65229623232803247 0.01538438913486005 0.045310053256766104 -0.48867037453833745 0.15652103262308972 -0.056373841712088694 0.02982700092852561 0.030085411673486401 0.044505438662289863 40.566037724240552 68.472186732516164 0.1387506151892042 0.18531107621103562 0.12520000204802098 0.047082390509445592 0.51686315267132221 0.028990244808633672
decision_type=2 2 2 2 2 2 2 2 2 2 2 2 2 2 2 2 2 2 2 2 2 2 2 2 2 2 2 2 2 2
left_child=9 3 -3 6 5 -5 17 8 13 10 15 16 -13 -8 -15 -1 19 -2 -9 -12 29 -22 -23 27 25 -25 28 -24 -7 -6
right_child=1 2 -4 4 20 26 7 18 -10 -11 11 12 -14 14 -16 -17 -18 -19 -20 -21 21 22 23 24 -26 -27 -28 -29 -30 -31
leaf_value=0.0028785810021456008 7.9664277754974499e-05 7.8713958171071569e-05 -0.00091026122027476272 -0.00050388175809262879 0.00026163784413370863 -0.0016450441563548993 -0.00026306552441963938 0.0026236975774608395 -0.00028513592347568232 -0.00048792255703367782 -6.3369327751210892e-05 0.0048779595132019014 0.00045584226992070913 -0.00034026466016039104 0.00013565881284756493 0.00072292350259718207 -0.00046244359113069316 0.00087499390495980969 0.00026267956136460897 0.001245162099648588 -0.00015746308416651338 -0.0022807977442599148 0.0017400187204779664 0.0030987500661142676 -0.00028746724012768658 -0.0014425046804647608 0.0039667916506394771 0.00047941965446163243 0.0017778094111976618 0.0010953960466416792
leaf_weight=706 57439 5408 5747 680 14189 99 21060 213 43380 880 1014 172 187 9242 41205 542 1158 1991 10171 2054 16067 168 1049 224 2242 78 224 2286 1228 1696
leaf_count=706 57439 5408 5747 680 14189 99 21060 213 43380 880 1014 172 187 9242 41205 542 1158 1991 10171 2054 16067 168 1049 224 2242 78 224 2286 1228 1696
internal_value=9.2135e-06 -1.11813e-05 -0.000430801 9.62889e-06 0.000200885 0.00115025 -3.20288e-05 -9.76579e-05 -0.000134604 0.000726468 0.000909678 0.000628582 0.00257452 -4.32834e-05 4.84686e-05 0.00194239 0.000463274 0.000106309 0.00031111 0.000812681 0.000145145 -2.47795e-06 0.000409321 0.000486194 -2.47236e-05 0.00192584 0.00187547 0.000875932 0.00152245 0.000350656
internal_weight=242799 236086 11155 224931 40230 2231 184701 125271 114887 6713 5833 4585 359 71507 50447 1248 4226 59430 10384 3068 37999 22114 6047 5879 2544 302 1551 3335 1327 15885
internal_count=242799 236086 11155 224931 40230 2231 184701 125271 114887 6713 5833 4585 359 71507 50447 1248 4226 59430 10384 3068 37999 22114 6047 5879 2544 302 1551 3335 1327 15885
is_linear=0
shrinkage=0.05


Tree=22
num_leaves=31
num_cat=0
split_feature=2 7 3 1 2 4 7 4 8 2 6 7 8 1 1 2 4 7 6 2 8 8 8 8 1 2 4 2 8 7
split_gain=1.28217 0.744234 0.983754 0.646943 0.782357 0.635078 0.612619 0.648625 0.574807 0.763401 0.560394 0.539177 0.744002 0.734725 0.661539 0.510236 0.494873 0.493526 0.483359 0.432148 0.402959 0.390063 0.388177 0.475317 0.687303 0.464713 0.455358 0.441806 0.674017 0.440799
threshold=-0.24297034581089319 0.056265833347934897 1.0000000180025095e-35 0.051334914780781345 -0.15788176099517967 -0.92469934081335103 0.030991381916841861 0.080225847903536984 0.1567903178689006 0.0050948745868949494 1.2545410454384947 0.07436904823745992 0.23343513347569955 0.08937869053273674 -0.14258247182326469 0.27550745749386335 -0.79990797959298721 0.045310053256766104 1.2079852650449947 -0.11879860485762199 0.35371326732594871 0.19195880119720132 0.0076804915499610995 0.13230769200236681 -0.0901243203485773 -0.052950457409086042 -0.61254363559702507 -0.0075639953939697904 0.66371681283773232 0.024713348203583615
decision_type=2 2 2 2 2 2 2 2 2 2 2 2 2 2 2 2 2 2 2 2 2 2 2 2 2 2 2 2 2 2
left_child=11 3 -3 5 6 18 -5 20 -6 -10 15 12 13 14 16 22 17 -1 19 -2 -8 -13 -7 24 -24 26 -26 28 -25 -30
right_child=1 2 -4 4 8 10 7 -9 9 -11 -12 21 -14 -15 -16 -17 -18 -19 -20 -21 -22 -23 23 27 25 -27 -28 -29 29 -31
leaf_value=0.0025557880643576098 0.00080099504750947475 7.4778266438740436e-05 -0.00086474814245612484 -0.00090066721859522337 -0.0010043640232405802 0.00074863327875173801 0.0030788498633472598 -0.00314270042764096 0.00057777443278021453 6.0516959554056128e-05 0.00015722087956560708 -0.00072733104218088564 -0.0010411085217634775 0.0060840859114763028 0.0006607940432420764 0.00070356018167235185 0.0052408486122709364 0.00039314148110746713 -0.00015380044549226065 0.00019245302600206507 -0.0012799349452413073 0.0037370544569477297 0.00065262569252785439 1.6482003225729641e-06 -1.9053926799672755e-05 -0.00071510812623299476 -0.00044956334375923851 -0.00016254056581977707 0.00011293969072936621 0.0015082653611307758
leaf_weight=650 4733 5408 5747 189 1037 1304 618 51 9482 28795 25149 828 471 71 4090 1954 107 444 5075 7605 58 52 1849 47441 11961 6514 12626 56203 1029 1258
leaf_count=650 4733 5408 5747 189 1037 1304 618 51 9482 28795 25149 828 471 71 4090 1954 107 444 5075 7605 58 52 1849 47441 11961 6514 12626 56203 1029 1258
internal_value=8.75283e-06 -1.06222e-05 -0.000409261 9.14744e-06 0.00019084 -3.04274e-05 0.00163536 0.00229466 0.000157184 0.000188652 -6.03399e-05 0.000690145 0.000864194 0.00103156 0.000963756 -9.88335e-05 0.00199549 0.00167808 0.000256945 0.000425897 0.00270487 -0.000463526 -0.000110018 -0.00011808 -0.000283933 -0.000339613 -0.000240131 -6.6491e-05 4.20649e-05 0.00088046
internal_weight=242799 236086 11155 224931 40230 184701 916 727 39314 38277 167288 6713 5833 5362 5291 142139 1201 1094 17413 12338 676 880 140185 138881 32950 31101 24587 105931 49728 2287
internal_count=242799 236086 11155 224931 40230 184701 916 727 39314 38277 167288 6713 5833 5362 5291 142139 1201 1094 17413 12338 676 880 140185 138881 32950 31101 24587 105931 49728 2287
is_linear=0
shrinkage=0.05


Tree=23
num_leaves=31
num_cat=0
split_feature=2 7 8 7 8 4 6 0 4 7 4 7 2 7 7 7 8 5 2 4 5 8 8 2 5 8 7 6 2 8
split_gain=1.15716 0.671671 0.870524 0.624975 0.523329 0.513022 0.62951 0.497754 0.496539 0.501581 0.490552 0.485184 1.05688 0.611266 0.462383 0.447441 0.453344 0.441847 0.441815 0.802897 0.593254 0.44707 0.491671 0.438223 1.04822 0.54576 0.43793 0.435589 0.432515 0.742388
threshold=-0.24297034581089319 0.056265833347934897 0.41017286360581923 0.013462713428209582 1.0000000180025095e-35 -0.92469934081335103 0.66254823895407677 0.04583700913075462 -0.84861224607997476 0.077720058215111104 -0.41604385911429514 0.039860927345305171 -0.1878434778479163 0.052984574168954739 0.050363045501952329 0.028405041897073085 0.37743190573362212 69.474637675653057 -0.056373841712088694 -0.16693237903168848 47.999999932800044 0.31613137643678385 0.20734645508648492 0.096580163064092131 68.805092434896821 0.63124496673494646 0.082893060637156193 1.2079852650449947 -0.01707905308548496 0.25287132593951461
decision_type=2 2 2 2 2 2 2 2 2 2 2 2 2 2 2 2 2 2 2 2 2 2 2 2 2 2 2 2 2 2
left_child=4 3 -3 -2 -1 27 -7 10 -4 -10 15 17 13 -13 -9 -6 26 -8 19 -14 -20 22 -21 24 -22 -26 -17 -5 -19 -30
right_child=1 2 8 5 7 6 11 14 9 -11 -12 12 18 -15 -16 16 -18 28 20 21 23 -23 -24 -25 25 -27 -28 -29 29 -31
leaf_value=0.0040919249492175156 -0.00033745034209737803 0.00034988191985541414 0.0034243281515365515 0.00047254281353207309 -0.00023858297894109807 -0.0001450005296617857 -1.5125463562446558e-05 0.0047700518888800789 -0.00054263679302445176 -0.0017351848666258083 -0.00039466132325100331 0.0024669412831122414 0.00016883059866484347 -0.0025913725875747894 0.00064690938809152396 0.0011221219916227832 -0.0024453728704884273 0.0018382507957544179 -0.0005963124087173822 0.00095663406237677837 0.000385761017681317 0.00069006014405929459 0.0036513871467454672 3.9127132831521532e-05 0.0043542366235520442 0.00067108958653040209 -0.0019442340020517199 -0.00010510275585294989 -0.002324158566768477 0.00027481717280603582
leaf_weight=109 12326 2938 74 11139 978 50712 108190 135 7137 1006 1214 736 2430 65 137 3924 96 428 2585 284 4518 583 419 10486 268 161 120 4616 280 14705
leaf_count=109 12326 2938 74 11139 978 50712 108190 135 7137 1006 1214 736 2430 65 137 3924 96 428 2585 284 4518 583 419 10486 268 161 120 4616 280 14705
internal_value=8.31519e-06 -1.00911e-05 -0.000388798 8.69007e-06 0.000655637 2.87579e-05 6.78476e-06 0.000598921 -0.000652914 -0.000689966 0.000508953 5.94564e-05 0.000272823 0.00205647 0.00269332 0.000723292 0.000950518 2.05559e-05 0.000207088 0.000703493 0.00010471 0.00171378 0.00256275 0.00022213 0.000610036 0.00297198 0.00103113 0.000303301 0.000271018 0.000226254
internal_weight=242799 236086 11155 224931 6713 212605 196850 6604 8217 8143 6332 146138 22535 801 272 5118 4140 123603 21734 3716 18018 1286 703 15433 4947 429 4044 15755 15413 14985
internal_count=242799 236086 11155 224931 6713 212605 196850 6604 8217 8143 6332 146138 22535 801 272 5118 4140 123603 21734 3716 18018 1286 703 15433 4947 429 4044 15755 15413 14985
is_linear=0
shrinkage=0.05


Tree=24
num_leaves=31
num_cat=0
split_feature=4 7 7 8 7 8 1 8 1 8 5 5 8 0 0 4 7 8 5 4 1 4 8 5 8 7 7 1 8 4
split_gain=0.676627 0.560062 0.863402 0.771345 0.468075 0.454686 0.476584 0.419699 0.419093 0.790055 0.75494 0.551464 0.487939 0.53563 0.610956 0.415523 0.418155 0.383761 0.446454 0.381365 0.818591 0.633684 0.622711 0.587701 0.669257 0.571835 0.501052 0.443955 0.431847 0.37553
threshold=-0.99754926448107895 0.02620031077150094 0.054567611694882785 0.41017286360581923 0.077720058215111104 0.0076804915499610995 0.065960997415187364 0.77816010984854078 -0.10135276049117346 0.096395585408262111 38.996138985599494 19.266677450169983 0.15975516069555301 0.024016422686117703 -0.07245362678933974 -0.1115074619269316 0.041798628320940154 0.88027924997074358 72.048161382052328 0.81921488451151692 0.097128732903911566 -0.041664068591197791 0.43478259451795942 74.32719743430259 0.54689914736208778 0.036939383792950524 0.030852160138290282 0.14772034239138801 0.93499033327567538 -0.55678143804775693
decision_type=2 2 2 2 2 2 2 2 2 2 2 2 2 2 2 2 2 2 2 2 2 2 2 2 2 2 2 2 2 2
left_child=-1 5 8 -4 -5 -2 17 -8 12 10 29 -11 13 14 -3 -14 -17 18 -7 20 23 22 27 -13 25 -25 -21 -22 -26 -10
right_child=1 2 3 4 -6 6 7 -9 9 11 -12 19 15 -15 -16 16 -18 -19 -20 26 21 -23 -24 24 28 -27 -28 -29 -30 -31
leaf_value=0.00035444574786003865 0.00078352009485501285 0.0047575582240191898 0.00018693168265711683 -0.000449090770295533 -0.0015864602161125394 -0.00014745086319540172 0.00059059383998244649 -0.00029890755195069181 0.00015137488767952588 -0.00099384313219391738 -0.00098381031719056732 0.0001113918602556747 -0.00014358490845179425 0.0029989954664025355 0.00060009063752080444 0.0038887523637237235 0.00040886931516972139 -0.00076923481825708301 0.00040164456054789715 0.0003896091497324779 0.0024555825136988968 0.00059159797734396641 -0.0022411354664654938 0.00099107180660244374 0.00063109057791354509 0.0038011488408722996 -0.00028908572421741468 0.0071936735854251314 -0.0016501517278592129 -0.00059873606087234926
leaf_weight=13313 1436 92 5206 8523 1012 87708 4248 1928 5827 1082 3064 73090 2566 303 2238 133 246 2366 3865 3746 422 5057 64 452 1961 302 9923 56 232 2338
leaf_count=13313 1436 92 5206 8523 1012 87708 4248 1928 5827 1082 3064 73090 2566 303 2238 133 246 2366 3865 3746 422 5057 64 452 1961 302 9923 56 232 2338
internal_value=7.89943e-06 -1.22045e-05 5.73872e-05 -0.000302553 -0.000569806 -9.98768e-05 -0.000112548 0.000312913 0.000104261 8.23578e-05 -0.000314559 0.000128598 0.000526845 0.00102142 0.000764248 8.46679e-05 0.00163004 -0.00014052 -0.000124275 0.000141341 0.000182268 0.00076574 0.00239053 0.000139304 0.000831573 0.00211659 -0.000103089 0.00301067 0.000389755 -6.3415e-05
internal_weight=242799 229486 127935 14741 9535 101551 100115 6176 113194 107616 11229 96387 5578 2633 2330 2945 379 93939 91573 95305 81636 5599 542 76037 2947 754 13669 478 2193 8165
internal_count=242799 229486 127935 14741 9535 101551 100115 6176 113194 107616 11229 96387 5578 2633 2330 2945 379 93939 91573 95305 81636 5599 542 76037 2947 754 13669 478 2193 8165
is_linear=0
shrinkage=0.05


Tree=25
num_leaves=31
num_cat=0
split_feature=2 7 8 1 8 7 7 8 8 7 7 5 8 7 7 2 5 5 1 7 1 6 2 1 8 5 8 1 7 7
split_gain=0.940097 1.77403 1.23384 0.854553 0.83863 0.770326 0.763865 0.932319 0.579971 0.836775 0.722691 0.587007 0.574807 0.828586 0.942771 1.21427 0.842971 0.653575 0.559565 0.515394 0.497319 0.536686 0.468764 0.452162 0.44235 0.441853 0.633999 0.462933 0.608316 0.608421
threshold=-0.083333333333333301 0.03424448614302613 0.034652598939073652 0.12520000204802098 0.11627906973074326 0.012119278765177847 0.069408018574912619 0.39749852181769368 0.243028936107229 0.077720058215111104 0.077720058215111104 45.078298930929485 0.10378170606887431 0.057281228134583133 0.052984574168954739 -0.15308891444346998 39.19467427487313 23.312988577827181 -0.16626502839511662 0.067165321492948973 0.052491536901858822 1.0527261895884845 -0.31758666397498259 -0.069472744167578079 0.1087074385314413 79.54205205182798 0.81511711902247252 0.22065135535272154 0.037986561528391354 0.043419998067444524
decision_type=2 2 2 2 2 2 2 2 2 2 2 2 2 2 2 2 2 2 2 2 2 2 2 2 2 2 2 2 2 2
left_child=1 2 18 8 -2 -4 25 -8 9 11 -10 12 22 14 15 17 -16 -14 -1 -5 21 24 -3 -13 -19 -6 27 28 -27 -30
right_child=4 3 5 19 6 -7 7 -9 10 -11 -12 23 13 -15 16 -17 -18 20 -20 -21 -22 -23 -24 -25 -26 26 -28 -29 29 -31
leaf_value=0.0026751551193489619 -0.00043489837408461866 0.0015565820611578339 -0.0019685351993176717 0.0034134290344147141 -3.6680688657850446e-05 -0.00012108928564661523 0.0020958569002502802 -0.0011966404276435615 -7.3713202164590035e-06 -0.0010097110584054703 0.0045602386192926626 -0.0018834911569145614 0.00021642110715709771 -0.00058637504438425157 0.003058705136284819 0.00032410164606837846 0.01023530741367722 0.0056548928869112093 0.00038117351858064788 -0.0002749558286121746 0.0042462425580605916 0.0035679153081722981 0.00042207187366922333 0.00027228529196311838 0.0012275369427285144 0.0007762372565408459 -2.6372332683813936e-05 -0.0017387618659995498 0.0050818892119423257 0.0013327151316507692
leaf_weight=272 14158 1086 573 401 150505 36949 237 2317 5441 702 88 289 364 498 192 1575 52 60 11727 124 345 451 5634 1536 945 2010 3775 147 178 276
leaf_count=272 14158 1086 573 401 150505 36949 237 2317 5441 702 88 289 364 498 192 1575 52 60 11727 124 345 451 5634 1536 945 2010 3775 147 178 276
internal_value=-3.95733e-06 0.000151724 -8.16693e-06 0.000551964 -6.61067e-05 -0.000149302 -3.33597e-05 -0.000891111 0.000497705 0.000671834 6.53271e-05 0.00076245 0.000897923 0.00133649 0.00157684 0.00138038 0.00458814 0.00214881 0.000433175 0.00254227 0.00253937 0.00213492 0.000605417 -6.90952e-05 0.00149186 -1.93965e-05 0.000387956 0.000986995 0.00114961 0.00280266
internal_weight=242907 69304 49521 19783 173603 37522 159445 2554 19258 13729 5529 13027 11202 4482 3984 3740 244 2165 11999 525 1801 1456 6720 1825 1005 156891 6386 2611 2464 454
internal_count=242907 69304 49521 19783 173603 37522 159445 2554 19258 13729 5529 13027 11202 4482 3984 3740 244 2165 11999 525 1801 1456 6720 1825 1005 156891 6386 2611 2464 454
is_linear=0
shrinkage=0.05


Tree=26
num_leaves=31
num_cat=0
split_feature=4 7 7 6 4 4 7 8 5 0 8 7 0 7 3 7 6 7 0 4 5 7 6 7 8 5 6 5 8 7
split_gain=0.761937 0.563356 0.571088 0.515974 0.688865 0.563518 0.489438 0.700433 0.638624 0.434235 0.419797 0.398731 0.394202 0.37671 0.371355 0.394028 0.456412 0.442882 0.368113 0.367479 0.361314 0.346839 0.342036 0.323468 0.337645 0.354408 1.108 0.320217 0.357872 0.587514
threshold=-1.2193460406102437 0.015045687933307161 0.077720058215111104 0.79191406310218382 -0.73856189963061047 0.87024409725421437 0.031276065303101987 0.22345416446005992 39.76413879595777 0.021899889212503857 0.11627906973074326 0.053767806459497858 0.038463727009305677 0.029583336024576311 1.0000000180025095e-35 0.059364140623307998 1.8302241812473909 0.030991381916841861 -0.033472803347280249 -0.59998542319257686 64.783153873264041 0.067165321492948973 1.1266290614953003 0.024609480346429163 0.48609284871855013 76.583210593960217 0.82962802758809562 61.467640603259035 0.24631782714918107 0.035267825808477489
decision_type=2 2 2 2 2 2 2 2 2 2 2 2 2 2 2 2 2 2 2 2 2 2 2 2 2 2 2 2 2 2
left_child=22 -2 3 4 13 23 7 12 -8 -4 -10 -12 19 -3 15 17 -17 20 -15 -6 -7 -16 -1 24 -5 -26 -27 28 29 -25
right_child=1 2 9 5 6 14 8 -9 10 -11 11 -13 -14 18 21 16 -18 -19 -20 -21 -22 -23 -24 27 25 26 -28 -29 -30 -31
leaf_value=0.0013100792164229813 -0.0002729572161552899 0.00043700727472167065 -0.00038576302157692272 9.9202151120400824e-05 -0.0001153509253708513 -0.00033329418636315585 0.00035028352093511417 -8.1631445236448219e-05 -0.0010146194560149045 -0.0020768962332908601 9.6700246462618539e-06 -0.00056806747995108984 0.0035839181870885072 0.0007098764827958452 -0.0003478684081192472 -0.0012834460445957487 0.0041577444331595253 -0.00040595611506804045 -0.00032405921031184701 -0.00064653148622975285 0.00060088966977473596 -0.0021899801711932521 0.00032736313190171004 9.1196034219261972e-05 -0.0002978268887655212 0.0078127385150061329 0.00029525204027983814 0.00037728004528505329 1.4037904761990994e-05 0.00062126992935784364
leaf_weight=1435 19423 9060 1357 28816 4381 1485 9631 25218 1277 527 18730 3553 59 1098 8992 57 119 3716 3986 12680 3416 263 2312 15037 10459 53 652 16806 30296 8013
leaf_count=1435 19423 9060 1357 28816 4381 1485 9631 25218 1277 527 18730 3553 59 1098 8992 57 119 3716 3986 12680 3416 263 2312 15037 10459 53 652 16806 30296 8013
internal_value=-3.75946e-06 -1.48437e-05 7.97144e-06 1.54674e-05 -7.65312e-05 7.98284e-05 -0.000136501 -0.000249197 7.25158e-06 -0.000858814 -0.000132975 -8.24496e-05 -0.000496023 0.00024371 -0.000179146 5.35403e-05 0.00239554 5.7055e-06 -0.000100758 -0.000510133 0.000317833 -0.000400216 0.000703717 0.000122268 8.75981e-06 -0.000224686 0.000860396 0.000186957 0.000126998 0.000275469
internal_weight=242907 239160 219737 217853 89673 128180 75529 42338 33191 1884 23560 22283 17120 14144 18048 8793 176 8617 5084 17061 4901 9255 3747 110132 39980 11164 705 70152 53346 23050
internal_count=242907 239160 219737 217853 89673 128180 75529 42338 33191 1884 23560 22283 17120 14144 18048 8793 176 8617 5084 17061 4901 9255 3747 110132 39980 11164 705 70152 53346 23050
is_linear=0
shrinkage=0.05


Tree=27
num_leaves=31
num_cat=0
split_feature=2 1 0 8 0 1 4 6 4 5 5 4 5 6 1 8 2 8 2 5 8 2 1 0 8 1 8 8 5 8
split_gain=0.811007 1.02297 0.915482 0.751712 0.637082 0.687845 0.596879 0.607302 0.585619 0.938137 0.529559 0.645544 0.481097 0.454492 0.417235 0.491053 0.407889 0.404596 0.403805 0.463037 0.572793 0.474849 0.488208 0.68854 0.610347 0.46437 0.695478 0.593331 0.52937 0.42294
threshold=-0.083333333333333301 0.084682452919086951 -0.056243609406952937 0.11627906973074326 0.044363420790256132 -0.022929997020141698 -0.98309018712662288 1.1027827661558707 -0.13999822682615518 40.17955251691734 34.623436912463553 -0.40937577231579697 61.028416770760522 0.34150370129059721 0.14772034239138801 0.46058208223387936 -0.052950457409086042 0.0076804915499610995 0.62892149821455134 79.54205205182798 0.81511711902247252 0.0050948745868949494 0.06766143239761381 -0.037135992325109217 0.18622511282029627 -0.032930795395810113 0.23990257488140768 0.80431819534443483 59.492059427220696 0.16549584297763489
decision_type=2 2 2 2 2 2 2 2 2 2 2 2 2 2 2 2 2 2 2 2 2 2 2 2 2 2 2 2 2 2
left_child=1 2 -1 16 6 -6 7 -4 9 13 11 -3 14 -8 -12 -16 -2 -15 19 21 -21 22 -5 -24 -25 27 -27 28 29 -23
right_child=3 10 4 18 5 -7 8 -9 -10 -11 12 -13 -14 17 15 -17 -18 -19 -20 20 -22 25 23 24 -26 26 -28 -29 -30 -31
leaf_value=0.00099441500421811459 -0.00013407536815255675 0.0040642289989461589 0.00078789144880458083 2.6588501888425588e-05 0.0021034920970867837 0.00023087842596524467 0.001134682456014488 -9.1516923973830914e-05 0.00059647729653525793 -0.00051981820592617825 0.0015870709602102684 -0.0015728459078312022 -0.0013118296461035578 0.00071295704983345893 0.0049221831012743857 -0.00051278504106448968 -0.00067105465532630432 -2.0502606949889018e-05 -0.0010602469121583568 0.00096324986280723929 -1.5059990624173521e-05 0.0013186490276638097 -0.0029436871080732725 -0.0013190649315269368 0.00079487401311013341 -0.00076143459528758243 -0.00012481388673114946 0.0018812419377758891 0.00055871623627886974 -0.00014896789702865986
leaf_weight=2806 6871 63 4970 52639 782 1315 927 3245 3634 9123 1035 262 117 1976 207 52 7287 38790 946 2610 3506 512 138 369 4574 4558 72976 468 4237 11912
leaf_count=2806 6871 63 4970 52639 782 1315 927 3245 3634 9123 1035 262 117 1976 207 52 7287 38790 946 2610 3506 512 138 369 4574 4558 72976 468 4237 11912
internal_value=-3.57149e-06 0.000141026 0.000110235 -6.12963e-05 7.19255e-05 0.000929202 4.32379e-05 0.000440517 -1.67006e-05 -6.05507e-05 0.00133947 -0.000480121 0.00175858 3.99433e-05 0.0020362 0.00383099 -0.000410454 1.50495e-05 -3.02927e-05 -2.41454e-05 0.000402433 -4.12665e-05 7.17668e-05 0.000539813 0.000637066 -0.000110188 -0.000162239 0.000125421 7.61013e-05 -8.84866e-05
internal_weight=242907 69304 67568 173603 64762 2097 62665 8215 54450 50816 1736 325 1411 41693 1294 259 14158 40766 159445 158499 6116 152383 57720 5081 4943 94663 77534 17129 16661 12424
internal_count=242907 69304 67568 173603 64762 2097 62665 8215 54450 50816 1736 325 1411 41693 1294 259 14158 40766 159445 158499 6116 152383 57720 5081 4943 94663 77534 17129 16661 12424
is_linear=0
shrinkage=0.05


Tree=28
num_leaves=31
num_cat=0
split_feature=2 7 7 0 0 7 2 2 8 7 2 2 2 7 2 7 6 5 7 2 7 8 5 5 5 7 0 6 8 5
split_gain=0.77003 0.497006 0.554138 0.478261 0.420934 0.398627 1.18722 0.426534 0.389433 0.42125 0.453041 0.436018 0.437808 0.582054 0.383111 0.618491 0.418472 0.361671 0.334048 0.333113 0.960816 0.886016 0.448271 0.42005 0.411636 0.40066 0.431667 0.33279 0.484628 0.881889
threshold=-0.26253183687992598 0.054567611694882785 0.013462713428209582 -0.056243609406952937 0.047503535415943439 0.039860927345305171 -0.1878434778479163 0.45329261312562069 0.385382757341169 0.077720058215111104 -0.056373841712088694 0.083961756402705326 0.62892149821455134 0.067165321492948973 -0.18414939941776551 0.067165321492948973 1.7449281088421693 62.368822565167214 0.067165321492948973 -0.083333333333333301 0.052984574168954739 0.26315789396499223 39.19467427487313 43.137254895711038 24.082142186072691 0.042760678644820652 0.020513843407005464 0.79191406310218382 0.29437828184729203 35.906642723264213
decision_type=2 2 2 2 2 2 2 2 2 2 2 2 2 2 2 2 2 2 2 2 2 2 2 2 2 2 2 2 2 2
left_child=3 2 17 -1 -5 7 -7 27 14 11 -11 -10 -13 -14 -3 -16 -17 -2 -6 20 23 22 -22 -8 -21 -25 -27 28 29 -4
right_child=1 8 5 4 18 6 19 -9 9 10 -12 12 13 -15 15 16 -18 -19 -20 24 21 -23 -24 25 -26 26 -28 -29 -30 -31
leaf_value=0.0020792816599385418 -0.00043955804480778828 -0.00068015639201682591 1.9041029957464734e-05 0.00034122882187777076 0.0040876545057830444 0.0014083873722836112 4.2131429747153411e-06 0.0020815301921264439 -0.00093614490727526715 0.0030861479810105185 -0.0016576448441174127 -2.3069795511994774e-05 0.00024909760730043519 -0.0031196733480140936 1.2527466300417704e-05 0.0022712381850398533 -0.0019080280586938139 0.00030587168001933174 -0.000158056456961536 -0.0019215221147267465 0.0039674909396187827 0.00029465417412327644 0.010402399956714362 0.0021211902882502368 5.2848211166915848e-05 -0.00019682902140669294 0.0021184515195653585 4.5490690018644178e-05 3.937165580170248e-05 -0.00046414112327778636
leaf_weight=504 10459 1001 19309 4119 137 1870 3127 244 2392 53 999 5898 241 274 1819 565 67 1927 70 267 59 94 50 533 23460 744 276 108027 35839 18483
leaf_count=504 10459 1001 19309 4119 137 1870 3127 244 2392 53 999 5898 241 274 1819 565 67 1927 70 267 59 94 50 533 23460 744 276 108027 35839 18483
internal_value=-3.39291e-06 -1.60729e-05 1.50624e-06 0.00062162 0.000451795 2.04654e-05 0.000187808 -7.57496e-06 -0.000312957 -0.000473014 -0.00141865 -0.000360032 -0.000145146 -0.00154322 0.00014408 0.000480701 0.00182818 -0.000323585 0.00265191 0.000108028 0.000484112 0.00385172 0.00691928 0.000338039 3.06306e-05 0.0010102 0.000429659 -1.0381e-05 -9.23526e-05 -0.00021727
internal_weight=242907 238077 224768 4830 4326 212382 30480 181902 13309 9857 1052 8805 6413 515 3452 2451 632 12386 207 28610 4883 203 109 4680 23727 1553 1020 181658 73631 37792
internal_count=242907 238077 224768 4830 4326 212382 30480 181902 13309 9857 1052 8805 6413 515 3452 2451 632 12386 207 28610 4883 203 109 4680 23727 1553 1020 181658 73631 37792
is_linear=0
shrinkage=0.05


Tree=29
num_leaves=31
num_cat=0
split_feature=2 4 7 1 2 1 4 8 2 4 0 2 1 8 7 7 4 2 7 2 7 2 1 0 7 7 2 7 7 8
split_gain=0.694952 0.580921 0.466673 0.552938 0.99422 0.924689 0.714022 0.690166 0.637763 0.514367 0.48696 0.48586 0.723513 0.62841 0.740081 0.482939 0.484072 0.433716 0.570271 0.486498 0.453512 0.436368 0.681683 0.43163 0.424759 0.407747 0.440378 0.421887 0.474897 0.533722
threshold=-0.26253183687992598 -1.2644052369423295 0.06183993986743095 0.051334914780781345 -0.12201767170550491 0.14772034239138801 -0.38258165518394199 0.17727434366566219 0.07985561246667329 -0.40235510033865413 -0.037135992325109217 0.15652103262308972 -0.03109997302976791 0.4734376825937392 0.039143420926343805 0.028059612777671709 0.76079030424036076 0.0050948745868949494 0.012119278765177847 -0.087172076751654878 0.025238603699996132 0.13253546046265843 -0.036733164030229797 -0.056243609406952937 0.02829213123462904 0.059364140623307998 -0.02056611185332546 0.052984574168954739 0.037775218429025453 0.8555303579906286
decision_type=2 2 2 2 2 2 2 2 2 2 2 2 2 2 2 2 2 2 2 2 2 2 2 2 2 2 2 2 2 2
left_child=23 -2 3 11 5 6 -5 -6 10 -4 -9 17 13 14 -13 -14 -17 18 19 -3 21 -19 -23 -1 -8 27 -27 28 -12 -30
right_child=1 2 9 4 7 -7 24 8 -10 -11 25 12 15 -15 -16 16 -18 20 -20 -21 -22 22 -24 -25 -26 26 -28 -29 29 -31
leaf_value=0.0019753175775298992 0.00073107284174554938 -0.0016825788781641726 0.00043703806606130091 0.0034716916091888888 -0.0010260315680845661 0.0058854768148568631 -0.0012037827839103761 -0.0012690668087550754 -4.4987649972317316e-05 -0.00065009939754384627 0.00029003267287237258 0.0057621530352792308 0.00077710573309746364 0.00068488706997942104 0.00098175411879613725 -1.3307359120463508e-05 -0.001441721255518603 -0.00038333745530115808 7.6750966641361599e-06 -0.0003253544012118646 -5.4226656845404157e-05 0.006367404709628318 0.00037990217773767657 0.00042920548870302628 0.00097270331405626635 0.0069071823924314229 0.00052917767395028624 -0.0011480906019809016 0.00081846027898032107 0.0038134469986499213
leaf_weight=504 2579 781 1361 252 1319 102 269 445 21446 5425 12893 140 1777 2548 192 6468 653 24259 114228 4271 30406 50 965 4326 1345 50 59 436 3202 156
leaf_count=504 2579 781 1361 252 1319 102 269 445 21446 5425 12893 140 1777 2548 192 6468 653 24259 114228 4271 30406 50 965 4326 1345 50 59 436 3202 156
internal_value=-3.22327e-06 -1.52693e-05 -2.34426e-05 -1.13187e-05 0.000152661 0.00124982 0.000996428 9.86886e-05 0.000137035 -0.000432063 0.000363452 -4.81771e-05 0.000262667 0.00095149 0.00299758 3.97169e-05 -0.000144294 -6.91026e-05 -1.53167e-05 -0.000535171 -0.000184325 -0.000340841 0.000674853 0.000590539 0.000609956 0.000406705 0.00345487 0.000386794 0.000427974 0.000957596
internal_weight=242907 238077 235498 228712 41974 1968 1866 40006 38687 6786 17241 186738 11778 2880 332 8898 7121 174960 119280 5052 55680 25274 1015 4830 1614 16796 109 16687 16251 3358
internal_count=242907 238077 235498 228712 41974 1968 1866 40006 38687 6786 17241 186738 11778 2880 332 8898 7121 174960 119280 5052 55680 25274 1015 4830 1614 16796 109 16687 16251 3358
is_linear=0
shrinkage=0.05


Tree=30
num_leaves=31
num_cat=0
split_feature=4 7 6 6 5 7 4 7 8 1 0 1 5 1 6 5 0 1 5 0 7 1 5 5 8 7 6 6 8 1
split_gain=0.608797 0.505824 0.348956 0.344496 0.337237 0.401264 0.478496 0.341176 0.978671 0.935279 0.533674 0.497087 0.476127 0.464982 0.706955 0.463132 0.482936 0.43484 0.421804 0.377945 0.335729 0.486452 0.329524 0.324914 0.400699 0.303413 0.302399 0.866547 0.326527 0.307518
threshold=-1.2193460406102437 0.020640154492913707 1.0000000180025095e-35 1.1266290614953003 12.367227835772242 0.054567611694882785 -0.46275288820393162 0.039860927345305171 0.33804154102934442 0.030932043348606445 0.057547744571510247 -0.14258247182326469 66.942148708694774 -0.030490768912079632 1.0327237802219642 57.838333057838163 0.086565941684959583 -0.15216684581366044 68.805092434896821 -0.038864466860175799 0.037362101624293785 0.03177605873681489 23.312988577827181 37.999999955666716 0.22994776353992363 0.047082390509445592 1.0685469856106318 1.4127474156894511 0.98585658322235481 0.12520000204802098
decision_type=2 2 2 2 2 2 2 2 2 2 2 2 2 2 2 2 2 2 2 2 2 2 2 2 2 2 2 2 2 2
left_child=3 -2 -3 -1 -4 7 -7 11 9 15 19 22 -13 14 -14 16 -9 -10 -16 -11 26 -22 -6 -24 -25 -17 29 28 -28 -15
right_child=1 2 4 -5 5 6 -8 8 17 10 -12 12 13 20 18 25 -18 -19 -20 -21 21 -23 23 24 -26 -27 27 -29 -30 -31
leaf_value=0.0012343619507244031 -0.00012776650064285304 0.0038859828775580892 0.00064768112758955545 0.00025737723629287555 0.0021101283998872706 0.00035113079042357344 -0.00036212966777765179 0.00018561775931168114 -0.0021628292152321683 -0.00087593823077880984 -0.00046808488800265921 -2.6596022792332848e-05 0.00068777322242263232 -6.2395844696725396e-05 0.0080633442081307297 0.0024148762840370888 0.0036516326403715558 3.728730619575725e-05 0.0024873016526662682 0.0019745697789182565 0.0011338602021935637 -0.0009662541228240677 -0.0004151565701043715 0.0044338693830778229 -0.00043321955695606865 -0.00029888836153694532 0.0010202862356960922 7.7534483158503813e-05 0.0047114324239254397 0.0015534744243521634
leaf_weight=1479 58594 59 2255 2314 458 2944 11681 6837 227 124 299 113519 499 6249 56 415 102 21099 86 1869 356 1223 424 91 79 137 3369 5623 61 309
leaf_count=1479 58594 59 2255 2314 458 2944 11681 6837 227 124 299 113519 499 6249 56 415 102 21099 86 1869 356 1223 424 91 79 137 3369 5623 61 309
internal_value=9.84477e-06 -1.27664e-07 4.1318e-05 0.000638332 4.00605e-05 3.23687e-05 -0.000218551 5.48119e-05 0.000203813 0.000617874 0.0015017 1.98028e-05 1.11325e-05 0.000251327 0.00157356 0.000347452 0.000236567 1.38686e-05 0.0046863 0.00179722 0.000202022 -0.000492764 0.00110235 0.000325305 0.0021721 0.00174135 0.000272297 0.000459596 0.00108593 1.37408e-05
internal_weight=242837 239044 180450 3793 180391 178136 14625 163511 31109 9783 2292 132402 131350 17831 641 7491 6939 21326 142 1993 17190 1579 1052 594 170 552 15611 9053 3430 6558
internal_count=242837 239044 180450 3793 180391 178136 14625 163511 31109 9783 2292 132402 131350 17831 641 7491 6939 21326 142 1993 17190 1579 1052 594 170 552 15611 9053 3430 6558
is_linear=0
shrinkage=0.05


Tree=31
num_leaves=31
num_cat=0
split_feature=8 1 7 6 7 7 8 6 6 7 8 5 1 5 1 0 7 1 0 8 6 5 5 8 0 8 9 1 5 5
split_gain=0.467101 0.533323 0.465115 0.417963 0.372629 0.333696 0.316125 0.317081 0.297285 0.36136 0.906059 0.383133 0.649158 0.538626 0.393012 0.445596 0.365798 0.363358 0.38819 0.439753 0.558958 0.350371 0.316468 0.613761 0.465715 0.42257 0.314069 0.377297 0.341897 0.294209
threshold=0.012934399681940826 -0.16626502839511662 0.020640154492913707 1.0000000180025095e-35 0.054567611694882785 0.044895827812843035 0.3654390930530701 0.34150370129059721 0.66254823895407677 0.039860927345305171 0.31991486922636175 66.942148708694774 -0.030490768912079632 67.545387989870662 -0.14258247182326469 -0.0031019431595187825 0.030852160138290282 -0.07062501153247934 0.063175168792198103 0.10126582257651016 0.69243038632376352 21.651263306720093 38.591117909031013 0.18029821494844034 -0.037135992325109217 0.35763646004355981 1.0000000180025095e-35 0.097128732903911566 37.198479672102231 17.543859641222927
decision_type=2 2 2 2 2 2 2 2 2 2 2 2 2 2 2 2 2 2 2 2 2 2 2 2 2 2 2 2 2 2
left_child=1 5 29 -4 8 -1 7 -6 22 11 17 14 13 -13 15 -10 -14 18 19 -11 -21 -19 24 -24 25 -5 27 -16 -29 -2
right_child=2 -3 3 4 6 -7 -8 -9 9 10 -12 12 16 -15 26 -17 -18 21 -20 20 -22 -23 23 -25 -26 -27 -28 28 -30 -31
leaf_value=0.0028977228975294415 -0.00063163894763845221 0.00027342074042665539 0.0044351341346218426 0.0025659041707343376 0.0025114915924752818 0.00053071139845997097 -0.00036355855692665962 6.1749209001355103e-05 0.00041651846896209968 0.00090230866913570777 8.5973091456003156e-05 0.0066825096879415879 0.00042560380081186087 0.0014880926666161198 -1.1221427728261702e-05 0.0028519640225024424 -6.7692244056383462e-05 -0.00097961880384891671 0.003963154820862588 0.0045009088730439545 -0.00092819080266491139 0.0011596963450140501 -0.00069422439748434775 -5.3524419803692329e-05 6.6250829312060902e-05 -0.00057569720509065942 -0.00066736444755156703 0.0034257288396324888 0.00041941951198724484 -0.0001013551905900006
leaf_weight=329 2747 6892 54 351 136 272 10045 4594 851 872 16660 57 9226 401 74864 241 6341 201 67 50 915 4003 4534 21289 16381 154 1730 97 3780 54703
leaf_count=329 2747 6892 54 351 136 272 10045 4594 851 872 16660 57 9226 401 74864 241 6341 201 67 50 915 4003 4534 21289 16381 154 1730 97 3780 54703
internal_value=9.35253e-06 0.000397987 -3.02102e-06 3.6924e-05 3.55886e-05 0.00182646 -0.000204853 0.000132186 5.73745e-05 9.75908e-05 0.000276957 5.57433e-05 0.000279252 0.00213456 1.18296e-05 0.000954011 0.000224667 0.000797881 0.00022484 8.84943e-05 -0.00064689 0.00105741 -5.59569e-05 -0.000166018 0.000112355 0.00160787 -9.55872e-07 1.36856e-05 0.000494635 -0.000126711
internal_weight=242837 7493 235344 177894 177840 601 14775 4730 163065 120356 22768 97588 16025 458 81563 1092 15567 6108 1904 1837 965 4204 42709 25823 16886 505 80471 78741 3877 57450
internal_count=242837 7493 235344 177894 177840 601 14775 4730 163065 120356 22768 97588 16025 458 81563 1092 15567 6108 1904 1837 965 4204 42709 25823 16886 505 80471 78741 3877 57450
is_linear=0
shrinkage=0.05


Tree=32
num_leaves=31
num_cat=0
split_feature=4 7 3 7 4 8 6 1 4 0 4 6 4 1 8 7 7 7 1 1 8 8 4 8 6 4 7 8 4 1
split_gain=0.532433 0.41332 0.324352 0.643051 0.964915 0.65392 0.50449 0.487847 0.456566 0.416275 0.392992 0.368985 0.394231 0.332404 0.641027 0.4276 0.329905 0.541359 0.614099 0.541538 0.523293 0.366526 0.456536 0.610017 0.31234 0.309493 0.321593 0.302433 0.297251 0.379707
threshold=-1.2193460406102437 0.020640154492913707 1.0000000180025095e-35 0.067165321492948973 0.031127055448667323 0.61325886236275573 1.4381641382891444 0.097128732903911566 0.67541526248286965 -0.014423076923076926 0.79524360434193042 0.64215735662880957 0.14702477713001968 -0.14258247182326469 0.21049430262509863 0.067165321492948973 0.042760678644820652 0.038213623898016344 0.0052007699900590296 0.116573754611784 0.8555303579906286 0.69671348762805418 0.79524360434193042 0.81511711902247252 1.1266290614953003 -0.3337386541571134 0.049174838480625878 0.6220232948768315 -0.79990797959298721 -0.18641059860274559
decision_type=2 2 2 2 2 2 2 2 2 2 2 2 2 2 2 2 2 2 2 2 2 2 2 2 2 2 2 2 2 2
left_child=24 -2 7 5 9 10 11 13 -8 -5 -4 12 -7 14 28 -16 17 19 20 -13 -19 27 -23 -24 -1 26 -9 -18 -3 -30
right_child=1 2 3 4 -6 6 8 25 -10 -11 -12 16 -14 -15 15 -17 21 18 -20 -21 -22 22 23 -25 -26 -27 -28 -29 29 -31
leaf_value=0.0011641664168854854 -0.00011582001534466579 0.00071914437430572846 -0.00037888488389980715 0.00076842573822537546 -0.0013442038154911527 0.00044980817862141887 0.00043351138969474531 0.0059518374867883386 -0.00049105865232406765 0.0053902020044319454 -0.0027530112990921791 0.0001679850199088923 -0.00045711172988161945 3.5926917196967859e-05 -0.0011994807686363839 0.0015906562463537423 0.002178470662429704 0.00015049078038002102 -0.0010498872710272221 0.0014373996570091201 0.0042826153258612885 0.00099339630180621035 -0.0033041561438361755 0.00027996130586190217 0.00023389523002031421 0.00038035272597421497 0.00061086577992509352 -0.00050650030987383417 8.9456114213483904e-05 0.0034055011341612355
leaf_weight=1479 58594 2077 8403 242 1857 1670 1693 51 6319 61 178 13044 4242 118872 681 172 116 872 1831 898 84 3968 130 1368 2314 10085 63 1094 133 246
leaf_count=1479 58594 2077 8403 242 1857 1670 1693 51 6319 61 178 13044 4242 118872 681 172 116 872 1831 898 84 3968 130 1368 2314 10085 63 1094 133 246
internal_value=8.88491e-06 -4.41139e-07 3.70236e-05 -7.42198e-05 -0.000917326 -3.45528e-05 5.59213e-05 7.74184e-05 -0.00029569 0.00169888 -0.000428133 0.000152013 -0.000200928 4.96867e-05 0.000543989 -0.000636874 0.000241164 0.000122578 -0.00051359 0.000249748 0.000513564 0.000538322 0.000712631 -3.10769e-05 0.000596635 0.000409637 0.00300025 -0.000249098 0.000954118 0.00224182
internal_weight=242837 239044 180450 48070 2160 45910 37329 132380 8012 303 8581 29317 5912 122181 3309 853 23405 16729 2787 13942 956 6676 5466 1498 3793 10199 114 1210 2456 379
internal_count=242837 239044 180450 48070 2160 45910 37329 132380 8012 303 8581 29317 5912 122181 3309 853 23405 16729 2787 13942 956 6676 5466 1498 3793 10199 114 1210 2456 379
is_linear=0
shrinkage=0.05


Tree=33
num_leaves=31
num_cat=0
split_feature=2 7 8 7 4 8 5 8 4 7 6 2 4 2 8 2 7 7 6 5 3 6 8 7 6 8 2 8 5 5
split_gain=0.775678 1.32899 0.775823 0.656474 0.631672 0.529061 0.96774 0.637608 0.538797 0.756014 0.737704 0.715785 0.685018 0.578904 0.531876 0.52262 0.539395 0.499213 0.497982 0.490086 0.627252 0.448114 0.44491 0.679888 0.713477 0.553479 0.420479 0.414698 0.405283 0.401741
threshold=-0.046053466258897661 0.03424448614302613 0.23990257488140768 0.067165321492948973 -0.87466123870372436 0.40157604835428046 52.673207165368218 0.53835993835337959 -0.67019523332329034 0.055371101528752284 1.0327237802219642 -0.11414229179944545 -0.42958001558333797 -0.12694237355537294 0.098737509889732497 0.0038904684396443572 0.067165321492948973 0.035793533976116412 0.69243038632376352 66.366207046422261 1.0000000180025095e-35 1.5255877148680901 0.63124496673494646 0.042760678644820652 0.5447207190268416 0.71158638358404958 0.043677577158601995 0.32357966911229014 60.595716545624697 56.815266044769096
decision_type=2 2 2 2 2 2 2 2 2 2 2 2 2 2 2 2 2 2 2 2 2 2 2 2 2 2 2 2 2 2
left_child=1 4 3 -2 18 8 7 -7 13 10 -10 14 -11 -3 -12 28 19 -8 -1 22 -21 -22 -17 -24 26 -26 -25 -16 -4 -19
right_child=2 5 15 -5 -6 6 17 -9 9 12 11 -13 -14 -15 27 16 -18 29 -20 20 21 -23 23 24 25 -27 -28 -29 -30 -31
leaf_value=0.00079528090267386013 -0.00035482013970167947 0.0004758708646800148 0.00010972372298950826 0.0050181047364930512 -6.9380535980899667e-05 -0.00092613437161603992 0.0056538525199436628 0.00049160856160508301 0.00066889435373679296 0.00097006438798212665 0.00043122620466064021 0.00070597867880445666 -0.00063735143293179824 -0.00050195461715060459 0.0030551002888674927 -0.00025817753230993908 -0.00075839349958872586 0.0025139954363898927 0.00013613812340638949 0.00036442557931227581 7.0876971291837694e-05 -0.00048701475558734575 -0.00012005597546137713 0.0029047074410755158 -8.593952904072371e-05 0.00098051314541185023 -0.0013295361188775836 -0.0001853032614841747 0.00072122373112331738 -1.7635090857451957e-05
leaf_weight=3651 21709 5195 23025 57 57256 2239 69 1228 7842 1088 299 1210 1696 2136 1151 32814 2769 296 13318 13702 12856 4999 22236 64 1755 3966 699 108 3071 333
leaf_count=3651 21709 5195 23025 57 57256 2239 69 1228 7842 1088 299 1210 1696 2136 1151 32814 2769 296 13318 13702 12856 4999 22236 64 1755 3966 699 108 3071 333
internal_value=8.44066e-06 0.000116049 -6.57691e-05 -0.00034075 1.00264e-05 0.000432221 -8.20009e-05 -0.000423974 0.000535561 0.00072417 0.000916593 0.00161834 -9.16594e-06 0.000190966 0.00232692 -1.66922e-05 -7.06966e-05 0.0016166 0.000277957 -5.0241e-05 0.000109959 -8.53202e-05 -0.000132398 1.13121e-05 0.000461821 0.000653363 -0.00097437 0.00277713 0.000181686 0.00117372
internal_weight=242837 99115 143722 21766 74225 24890 4165 3467 20725 13394 10610 2768 2784 7331 1558 121956 95860 698 16969 93091 31557 17855 61534 28720 6484 5721 763 1259 26096 629
internal_count=242837 99115 143722 21766 74225 24890 4165 3467 20725 13394 10610 2768 2784 7331 1558 121956 95860 698 16969 93091 31557 17855 61534 28720 6484 5721 763 1259 26096 629
is_linear=0
shrinkage=0.05


Tree=34
num_leaves=31
num_cat=0
split_feature=2 7 1 8 7 2 4 5 7 8 8 6 4 2 7 5 6 1 1 2 7 5 5 7 4 5 4 8 5 2
split_gain=0.700049 1.19941 0.838493 0.70018 0.627802 0.71424 0.87079 0.90413 0.592468 0.589431 0.683867 0.606862 0.570084 0.471664 0.486804 0.453102 0.449429 0.428376 0.42131 0.842205 0.504173 0.411783 0.835169 0.402049 0.407347 0.39607 0.395621 0.394826 0.56177 0.469822
threshold=-0.046053466258897661 0.03424448614302613 0.044752691200502966 0.23990257488140768 0.053767806459497858 -0.19970563899514379 -0.32632632694940661 28.232630786540742 0.067165321492948973 0.2700127732544938 0.55136253224667331 1.0327237802219642 -0.87466123870372436 0.0038904684396443572 0.067165321492948973 82.911650519084887 0.69243038632376352 0.06766143239761381 -0.056406786931524892 0.030249341052987159 0.043419998067444524 45.265795872479679 57.838333057838163 0.07436904823745992 -0.8071844564636822 29.848602333203889 0.031127055448667323 0.032304660585007278 37.40225588471484 -0.0885145225282543
decision_type=2 2 2 2 2 2 2 2 2 2 2 2 2 2 2 2 2 2 2 2 2 2 2 2 2 2 2 2 2 2
left_child=1 12 9 8 5 6 7 -4 18 11 -11 -3 16 17 15 -15 -1 -5 19 -2 -21 -6 -23 24 -13 -7 -16 29 -29 -18
right_child=3 2 4 13 21 25 -8 -9 -10 10 -12 23 -14 14 26 -17 27 -19 -20 20 -22 22 -24 -25 -26 -27 -28 28 -30 -31
leaf_value=0.00075551685410663993 -0.00016862664074948229 0.00024960832830015904 0.0014112519588557755 0.0001016411127836552 -0.0009608742063874821 -0.0014032102503023615 0.0012495105982961144 0.0087664870409974571 0.0047671994599799645 -0.00037122496645023648 0.0010399476393909927 0.00052528762567594382 -6.5911509403201478e-05 -6.9323995910383025e-05 0.00029536679373726085 0.00051574613678929764 0.00063060159925122953 0.00075093178518097518 -0.00043003848560149477 0.0028162861688869919 -0.00088564096165671003 0.0033089714137796602 -0.0015496297531400719 -0.00054065598084764813 0.0015545511507644963 0.0012755461200056519 -0.0010720919875189846 -0.00032534326092463592 0.00084692814080779646 -0.00049537457055130675
leaf_weight=3651 2747 10549 67 23244 537 146 211 111 57 5035 1035 1696 57256 89655 712 3436 5022 2852 18427 417 118 206 155 408 2219 2515 2057 5925 1235 1136
leaf_count=3651 2747 10549 67 23244 537 146 211 111 57 5035 1035 1696 57256 89655 712 3436 5022 2852 18427 417 118 206 155 408 2219 2515 2057 5925 1235 1136
internal_value=8.01863e-06 0.000110246 0.00041061 -6.24807e-05 0.001079 0.00142112 0.00342232 0.00599794 -0.000323712 0.000284605 -0.000130605 0.000454073 9.52504e-06 -1.58576e-05 -6.71618e-05 -4.7729e-05 0.000264059 0.000172601 -0.000337079 0.000184847 0.00199979 -8.29999e-05 0.00122287 0.000953007 0.00110867 0.00112857 -0.000720474 0.000129331 -0.000123143 0.000422887
internal_weight=242837 99115 24890 143722 3948 3050 389 178 21766 20942 6070 14872 74225 121956 95860 93091 16969 26096 21709 3282 535 898 361 4323 3915 2661 2769 13318 7160 6158
internal_count=242837 99115 24890 143722 3948 3050 389 178 21766 20942 6070 14872 74225 121956 95860 93091 16969 26096 21709 3282 535 898 361 4323 3915 2661 2769 13318 7160 6158
is_linear=0
shrinkage=0.05


Tree=35
num_leaves=31
num_cat=0
split_feature=1 0 8 4 6 8 7 7 7 4 7 8 7 4 1 1 4 0 8 8 4 6 7 6 0 7 7 1 6 4
split_gain=0.411879 0.529625 0.474158 0.516912 0.474883 0.463561 0.545585 0.436522 0.423753 0.464265 0.718159 0.53769 1.41107 0.436849 0.431443 0.411884 0.439431 0.400994 0.427284 0.399952 0.353799 0.377374 0.355266 0.330507 0.339666 0.324279 0.365245 0.316074 0.315175 0.398567
threshold=-0.05305533730500233 0.047503535415943439 0.71626958055883005 -0.1115074619269316 0.95841564564371517 0.12960102145940836 0.054567611694882785 0.041487025553769812 0.025445882238182341 0.87024409725421437 0.033153783833235993 0.98585658322235481 0.02829213123462904 -0.98309018712662288 0.099931695058103412 0.022013497568452615 -0.44313179026709132 -0.066766134006758779 0.21049430262509863 0.77816010984854078 -0.59998542319257686 1.3669457105679379 0.039860927345305171 0.57710914824812065 -0.030513265254563601 0.037159913267671922 0.077720058215111104 0.042699981650970227 1.4954218698480597 -1.3289102565698006
decision_type=2 2 2 2 2 2 2 2 2 2 2 2 2 2 2 2 2 2 2 2 2 2 2 2 2 2 2 2 2 2
left_child=1 2 17 7 -5 20 8 -4 15 13 11 14 -13 -10 -11 16 -7 18 28 -17 22 25 -2 -15 -25 -22 -27 -23 29 -1
right_child=5 -3 3 4 -6 6 -8 -9 9 10 -12 12 -14 23 -16 19 -18 -19 -20 -21 21 27 -24 24 -26 26 -28 -29 -30 -31
leaf_value=0.00018596728523641176 -5.5656039792475024e-05 0.0014648613272974177 0.0019942412424977908 -0.00010523557099777633 0.0024027426078833737 8.2311154199134152e-05 -0.00036366460755266408 0.0071722493240875861 0.0032121086709050099 -0.00030318954283894257 -0.00049852339967474877 0.010074966943822802 -0.00040118117244370902 -8.4529736861568781e-05 0.00064429123573906798 0.00022844356654996468 -0.00024975825246111358 6.1724601428693435e-05 -4.6555272081431689e-05 -0.00028647892963903768 -0.00048784447065188148 0.00066584501053514782 0.0011711444626403787 -0.0001049719305339107 0.00024824313817104903 0.00027667140682593306 -0.0019989054359259746 -0.0013952577224699782 0.00065140864621874997 0.0030152166060732465
leaf_weight=178 14050 746 149 644 267 14709 9017 56 117 2276 7094 50 90 12056 2545 17714 30874 43176 1050 4791 14960 1422 616 7824 52329 2452 190 214 822 414
leaf_count=178 14050 746 149 644 267 14709 9017 56 117 2276 7094 50 90 12056 2545 17714 30874 43176 1050 4791 14960 1422 616 7824 52329 2452 190 214 822 414
internal_value=1.10652e-05 0.000143117 0.000122028 0.00114028 0.000629814 -2.10383e-05 1.42499e-05 0.00340872 3.65997e-05 0.000111477 -0.000175796 0.000285689 0.0033403 0.000159358 0.000196984 -5.61948e-05 -0.000142604 9.71297e-05 0.000717523 0.000118824 -0.000189118 -0.000330143 -4.12808e-06 0.000154412 0.000202301 -0.000397656 0.000113023 0.000396239 0.00128491 0.00216453
internal_weight=242892 47502 46756 1116 911 195390 161486 205 152469 84381 12055 4961 140 72326 4821 68088 45583 45640 2464 22505 33904 19238 14666 72209 60153 17602 2642 1636 1414 592
internal_count=242892 47502 46756 1116 911 195390 161486 205 152469 84381 12055 4961 140 72326 4821 68088 45583 45640 2464 22505 33904 19238 14666 72209 60153 17602 2642 1636 1414 592
is_linear=0
shrinkage=0.05


Tree=36
num_leaves=31
num_cat=0
split_feature=2 7 4 0 4 5 7 2 2 5 4 7 2 2 4 0 8 2 5 8 7 2 0 5 0 4 7 7 5 4
split_gain=0.449024 0.449715 0.41022 0.383933 0.318531 0.31252 0.478444 0.675556 0.543155 0.505623 0.383715 0.672868 0.371569 0.343112 0.586237 0.716011 0.535832 0.37771 0.360759 0.695483 0.43743 0.451626 0.366426 0.347364 0.338672 0.337369 0.382761 0.352282 0.318021 0.315141
threshold=-0.26253183687992598 0.069408018574912619 -1.2644052369423295 0.047503535415943439 -0.50741964509612714 74.32719743430259 0.041487025553769812 0.38095591951228175 0.16866476706417602 86.458974902525654 0.73789437775408862 0.035078014716766331 -0.049445906180416714 0.0038904684396443572 -0.1019579558453395 0.032920700276939392 0.1567903178689006 -0.047161811526612189 42.936699589862336 0.52492032300808267 0.012119278765177847 -0.077042715973894157 -0.0044886602298882519 56.204379542898756 1.0000000180025095e-35 0.81921488451151692 0.053767806459497858 0.047082390509445592 57.21616566001088 -0.40937577231579697
decision_type=2 2 2 2 2 2 2 2 2 2 2 2 2 2 2 2 2 2 2 2 2 2 2 2 2 2 2 2 2 2
left_child=1 3 -2 4 -1 13 7 12 9 -8 -9 -12 -7 14 15 18 28 -18 20 -20 21 -4 -21 24 -19 26 -10 -27 -16 -17
right_child=2 -3 5 -5 -6 6 8 10 25 -11 11 -13 -14 -15 16 29 17 23 19 22 -22 -23 -24 -25 -26 27 -28 -29 -30 -31
leaf_value=0.00096847737749593342 0.00062007599595753583 -0.00027928405756571178 -0.0014126365020806291 0.0034386600870372299 -0.00017334597654512893 0.0030400278186759546 0.00069272306854214832 0.0040838989759138305 0.00089099870333949726 0.0057037806653949833 0.0034330936635378752 -0.000434239142121845 0.00026297079438940941 -9.6061995789876108e-05 -0.00069214568320816519 0.00095457708149592705 0.00057726334947119542 0.00034657950284597543 -0.00036897674560561845 0.00078924151582870743 2.2338640568487202e-05 -0.00017708472521139578 -0.00020640677155730439 0.00045267841967606883 -0.00026622241936726036 -0.0018596501462441477 -0.00096539009605935188 -0.00045281089395716339 0.00059512946346194147 0.00017913390414401508
leaf_weight=2493 2645 1362 1057 132 809 122 498 163 733 56 200 257 9485 89686 2221 2483 8680 3714 17497 2230 74255 2463 1578 6352 5738 629 447 1521 612 2774
leaf_count=2493 2645 1362 1057 132 809 122 498 163 733 56 200 257 9485 89686 2221 2483 8680 3714 17497 2230 74255 2463 1578 6352 5738 629 447 1521 612 2774
internal_value=1.0512e-05 0.000489511 8.63414e-07 0.000794432 0.000688727 -6.09267e-06 0.000222052 0.000401472 -0.000250382 0.00119926 0.00200112 0.00125825 0.000298237 -2.06375e-05 3.07436e-05 -2.32431e-05 0.000236945 0.000312272 -5.34139e-05 -0.000235705 -3.47876e-06 -0.000548101 0.000376654 0.000166732 -2.54325e-05 -0.000491553 0.000187773 -0.000864393 -0.000414062 0.000545393
internal_weight=242892 4796 238096 3434 3302 235451 14111 10227 3884 554 620 457 9607 221340 131654 104337 27317 24484 99080 21305 77775 3520 3808 15804 9452 3330 1180 2150 2833 5257
internal_count=242892 4796 238096 3434 3302 235451 14111 10227 3884 554 620 457 9607 221340 131654 104337 27317 24484 99080 21305 77775 3520 3808 15804 9452 3330 1180 2150 2833 5257
is_linear=0
shrinkage=0.05


Tree=37
num_leaves=31
num_cat=0
split_feature=2 7 4 0 6 2 4 1 7 2 4 7 7 6 2 4 0 7 1 2 0 4 0 2 7 7 3 0 7 2
split_gain=0.405244 0.405868 0.370224 0.346499 0.33572 0.36104 0.287474 0.435938 0.273954 0.478936 0.767939 0.938422 0.371605 0.368248 0.464103 0.40681 0.288476 0.28305 0.266699 1.0202 0.504203 0.451756 0.449796 0.44081 0.597659 0.709058 0.697517 0.953508 0.506761 0.448309
threshold=-0.26253183687992598 0.069408018574912619 -1.2644052369423295 0.047503535415943439 1.0851680020384362 -0.1878434778479163 -0.50741964509612714 -0.026406609219166096 0.054567611694882785 0.38095591951228175 0.81921488451151692 0.035078014716766331 0.047082390509445592 0.40915420539390146 -0.022853102299828728 -0.84861224607997476 0.008968968983348093 0.067165321492948973 0.032595510707737259 -0.18414939941776551 0.040555981740246334 -0.34112687081168064 -0.032210286190578023 0.085950193306620917 0.033921582670916682 0.043419998067444524 1.0000000180025095e-35 -0.0075684748625235989 0.037572533465415968 0.22941176470588234
decision_type=2 2 2 2 2 2 2 2 2 2 2 2 2 2 2 2 2 2 2 2 2 2 2 2 2 2 2 2 2 2
left_child=1 3 4 6 5 -2 -1 -8 9 18 12 -12 -11 14 17 -15 -16 -10 20 21 -4 -20 -21 28 29 -26 -27 -28 -24 -25
right_child=2 -3 8 -5 -6 -7 7 -9 13 10 11 -13 -14 15 16 -17 -18 -19 19 22 -22 -23 23 24 25 26 27 -29 -30 -31
leaf_value=0.00092005350862326004 0.0054293146334975124 -0.0002653198526496272 -4.8531949665550862e-05 0.0032667271313667617 0.00021647932945906791 0.0011596015177043771 -0.001865704474469705 0.00062728443743359041 0.0016137140223574349 0.0025741993509852245 0.003288788150931741 -0.00067519463530359603 0.00065656526704887619 0.0012442364819132724 -0.00078475542181784437 -0.00033661759014895612 0.0028507718851150418 0.0054792389245823664 0.0031666478706683029 -0.00059038695034402953 0.00043085428783567586 0.00084095142595873383 0.00012490222338459549 2.8050443018007933e-05 -0.00071361929275038706 -0.00074677050545079776 0.0026324249465949833 0.00016559176331034861 0.0006535332131278618 0.00088269403278557444
leaf_weight=2493 53 1362 158961 132 1840 752 257 552 156 581 174 1052 447 421 294 12200 67 68 356 2477 5681 505 25647 9582 5835 1304 500 1809 5507 1827
leaf_count=2493 53 1362 158961 132 1840 752 257 552 156 581 174 1052 447 421 294 12200 67 68 356 2477 5681 505 25647 9582 5835 1304 500 1809 5507 1827
internal_value=9.98636e-06 0.000465036 8.20242e-07 0.000754711 0.000589072 0.00144071 0.000654291 -0.000164679 -5.78804e-06 7.359e-06 0.000732493 -0.000112607 0.00174036 -0.000227041 0.000999335 -0.000283885 -0.000110018 0.00278718 -7.06332e-08 9.48791e-05 -3.19906e-05 0.00180256 6.78949e-05 9.92453e-05 -7.8656e-05 -0.000372776 0.000177686 0.00069977 0.000218347 0.00016491
internal_weight=242892 4796 238096 3434 2645 805 3302 809 235451 222245 2254 1226 1028 13206 585 12621 361 224 219991 55349 164642 861 54488 52011 20857 9448 3613 2309 31154 11409
internal_count=242892 4796 238096 3434 2645 805 3302 809 235451 222245 2254 1226 1028 13206 585 12621 361 224 219991 55349 164642 861 54488 52011 20857 9448 3613 2309 31154 11409
is_linear=0
shrinkage=0.05


Tree=38
num_leaves=31
num_cat=0
split_feature=2 7 4 6 0 7 2 4 7 5 7 5 7 6 6 7 2 4 5 6 7 7 5 4 7 2 7 1 7 4
split_gain=0.378655 0.543022 0.343267 0.429952 0.308449 0.278048 0.42843 0.693065 0.846926 0.38172 0.335374 0.387003 0.296733 0.401286 0.29191 0.451511 0.532551 0.30838 0.353567 0.284494 0.295318 0.459886 0.280563 0.38146 0.334382 0.379567 0.7461 0.497955 0.686082 0.48257
threshold=-0.31758666397498259 0.077720058215111104 -1.2193460406102437 1.0851680020384362 0.047503535415943439 0.054567611694882785 0.38095591951228175 0.81921488451151692 0.035078014716766331 76.583210593960217 0.047082390509445592 84.482758572136376 0.043770080278846678 0.78830107314015507 0.43453375902553387 0.077720058215111104 0.25432666432666434 -0.83222757554751547 38.797453023988105 3.5032497005835279 0.052984574168954739 0.043419998067444524 74.84993908895558 1.2321077211255593 0.012702837865011482 0.0038904684396443572 0.039860927345305171 -0.031689129380867702 0.042425810249430262 -0.1019579558453395
decision_type=2 2 2 2 2 2 2 2 2 2 2 2 2 2 2 2 2 2 2 2 2 2 2 2 2 2 2 2 2 2
left_child=1 4 3 -2 -1 6 22 10 -9 -10 11 12 -8 -14 15 16 -7 18 -16 20 21 -11 24 -24 -4 26 -26 28 -27 -30
right_child=2 -3 5 -5 -6 14 7 8 9 19 -12 -13 13 -15 17 -17 -18 -19 -20 -21 -22 -23 23 -25 25 27 -28 -29 29 -31
leaf_value=0.00098255381495977669 0.001228149847684667 -0.0010185371147182598 -0.00031401135087623052 9.0542150082502078e-05 0.0047950135800585323 0.00082835314177750943 0.0023048930649813637 0.0031243487821233555 0.00090244320895149506 -0.00025654435846204129 0.00062373702112747832 -0.00031815139854398489 0.001838810218252101 0.0075713580272147533 0.00025379776379139363 0.0047979791617000318 -0.0033939676370383018 -0.00032744209994203647 0.0034501093516020641 0.0015918253790005112 0.0020244600886110005 -0.00300049562322823 0.00037590166212006742 -0.00052394046009976458 1.7792289769431775e-05 0.00034973360412701341 0.00043047102173282255 -0.00014237398640056819 -0.0012272263280249769 3.7227980303659105e-05
leaf_weight=1499 1269 368 8642 2404 55 673 352 174 290 261 447 104 53 72 435 62 84 12593 108 80 53 368 8960 1356 110708 11930 12155 64222 1283 1832
leaf_count=1499 1269 368 8642 2404 55 673 352 174 290 261 447 104 53 72 435 62 84 12593 108 80 53 368 8960 1356 110708 11930 12155 64222 1283 1832
internal_value=9.48704e-06 0.000708508 3.91159e-06 0.000483579 0.00111749 -3.51294e-06 1.0016e-05 0.000695868 -0.000106976 -0.000641435 0.00165335 0.00244549 0.00304804 0.00514076 -0.000220036 0.000695804 0.000359826 -0.000277136 0.000889528 -0.001229 -0.00155989 -0.00186191 3.0237e-06 0.000257621 -9.43727e-06 3.58469e-06 5.86191e-05 -8.17181e-05 0.000177201 -0.000483573
internal_weight=242892 1922 240970 3673 1554 237297 223342 2254 1226 1052 1028 581 477 125 13955 819 757 13136 543 762 682 629 221088 10316 210772 202130 122863 79267 15045 3115
internal_count=242892 1922 240970 3673 1554 237297 223342 2254 1226 1052 1028 581 477 125 13955 819 757 13136 543 762 682 629 221088 10316 210772 202130 122863 79267 15045 3115
is_linear=0
shrinkage=0.05


Tree=39
num_leaves=31
num_cat=0
split_feature=8 2 2 7 8 0 7 8 5 1 7 2 1 1 7 2 7 2 8 5 2 2 8 7 8 6 5 7 0 6
split_gain=0.382127 0.319377 0.313462 0.468568 0.342899 0.331202 0.2517 0.349353 0.331676 0.459172 0.313616 0.30681 0.582679 0.544104 0.674081 0.55347 0.445034 0.396246 0.474718 0.438099 0.393365 0.378144 1.08192 0.442471 0.368867 0.433478 0.379053 0.477378 0.399098 0.361737
threshold=1.0000000180025095e-35 -0.10645816493261083 -0.31758666397498259 0.069408018574912619 0.16831831957402285 0.036469914577279446 0.06183993986743095 0.022261440914934236 74.32719743430259 0.22065135535272154 0.013462713428209582 0.0038904684396443572 0.097128732903911566 -0.052249307446344755 0.042425810249430262 0.3552946901447494 0.05163570585105641 -0.12367001060918729 0.19195880119720132 33.955441566929146 0.070381231671554315 0.075838014981273419 0.25641025292957448 0.032859774489923214 0.72112225733851221 0.40915420539390146 66.094518250197154 0.023775365028290623 -0.056243609406952937 0.64215735662880957
decision_type=2 2 2 2 2 2 2 2 2 2 2 2 2 2 2 2 2 2 2 2 2 2 2 2 2 2 2 2 2 2
left_child=1 -1 3 4 5 -2 8 -8 10 -10 -4 12 24 14 21 16 -16 19 -19 -14 -18 -13 23 -23 26 -26 28 -28 29 -12
right_child=2 -3 6 -5 -6 -7 7 -9 9 -11 11 13 17 -15 15 -17 20 18 -20 -21 -22 22 -24 -25 25 -27 27 -29 -30 -31
leaf_value=0.0017624489574917105 0.001438474877206183 -0.00046146017947820472 -0.00025897114059202396 -0.00021308382367539469 -0.0013105611535002453 0.0054063626822815946 0.0018976196703272118 -0.00033813058626102303 0.00034293110465450038 -0.0006880930985285927 0.0041104682696251468 0.00032098605711720207 -0.00096287818503333264 -0.00011076947251948643 -0.0009376563269819279 0.0031708583984124874 -0.0010072983847755704 -0.0018887101238121828 0.00067668264977860328 0.0027264108584452878 0.00084272133349570701 0.0082683804428337945 0.00086611447501771025 0.0024680244026615496 0.0049105673688851917 0.00059292542113979654 -0.00038719019080503441 0.001595119102478021 4.9876324075551884e-06 0.00047877469064010696
leaf_weight=553 864 228 11529 861 107 56 179 7318 12174 1185 70 3714 100 73555 1732 112 415 195 2397 412 934 70 1944 62 60 1867 477 836 115537 3349
leaf_count=553 864 228 11529 861 107 56 179 7318 12174 1185 70 3714 100 73555 1732 112 415 195 2397 412 934 70 1944 62 60 1867 477 836 115537 3349
internal_value=9.01269e-06 0.00111322 5.45076e-06 0.000647195 0.00136842 0.00168 4.07063e-07 -0.000284749 9.59305e-06 0.000251475 -5.13706e-06 8.94339e-06 5.82487e-05 -6.59065e-05 0.000301443 -0.000281808 -0.000407318 0.000734763 0.000483684 0.00200585 0.00027359 0.000623087 0.00116355 0.00554397 4.1064e-05 0.000727362 3.00679e-05 0.000874966 2.07422e-05 0.000553129
internal_weight=242892 781 242111 1888 1027 920 240223 7497 232726 13359 219367 207838 125300 82538 8983 3193 3081 3104 2592 512 1349 5790 2076 132 122196 1927 120269 1313 118956 3419
internal_count=242892 781 242111 1888 1027 920 240223 7497 232726 13359 219367 207838 125300 82538 8983 3193 3081 3104 2592 512 1349 5790 2076 132 122196 1927 120269 1313 118956 3419
is_linear=0
shrinkage=0.05


Tree=40
num_leaves=31
num_cat=0
split_feature=2 4 7 7 1 8 4 7 1 4 8 4 4 0 4 2 1 7 2 0 2 7 8 7 8 1 2 7 7 8
split_gain=0.387954 0.28527 0.262923 0.52757 0.437407 0.664376 0.347447 0.258684 0.25791 0.310917 0.448664 0.25206 0.345587 0.339598 0.236892 0.212128 0.71753 0.415055 0.470098 0.414471 0.369358 0.480869 0.353657 0.492305 0.323761 0.809077 0.629974 0.3084 0.303506 0.296808
threshold=-0.26253183687992598 -1.2193460406102437 0.027220070892359637 0.042760678644820652 -0.14258247182326469 0.067389067721189536 -0.79990797959298721 0.030327041871411622 0.040701126465741651 -0.52607407946079954 0.12138728306157888 -0.62523682111654399 -0.69687605939235864 -0.021463267171970387 -0.60633654105201429 -0.0051330504809923285 0.084682452919086951 0.012119278765177847 -0.079512142350037604 0.057547744571510247 -0.12367001060918729 0.067165321492948973 0.60886295318154071 0.022401083289482902 0.23990257488140768 -0.028117715991749111 0.085950193306620917 0.055371101528752284 0.077720058215111104 0.22345416446005992
decision_type=2 2 2 2 2 2 2 2 2 2 2 2 2 2 2 2 2 2 2 2 2 2 2 2 2 2 2 2 2 2
left_child=2 -2 14 4 -4 11 -7 -8 9 10 -9 12 -6 -13 -1 16 17 18 -3 20 21 -18 -19 -24 25 26 -17 -27 -26 -22
right_child=1 15 3 -5 5 6 7 8 -10 -11 -12 13 -14 -15 -16 24 19 22 -20 -21 29 -23 23 -25 28 27 -28 -29 -30 -31
leaf_value=-0.00014634418791122764 0.00043954490235302709 -0.0014397225093192153 0.002619714747940918 0.00013607929504399615 -0.00019940844512163723 -0.0015388101987939861 -0.00056486982196061444 0.0061744034289161094 0.0063758108964136161 0.00068036855332768314 0.001473104175837601 -0.0039743042133255479 0.0033458156639244413 -0.00027135262651810133 -0.0031031878035634674 0.00012667671528487264 0.0023043304983927852 3.4899662659455217e-06 -0.00019612106405228361 -0.00048036181554557194 -0.00052605896155606994 -0.0014756072434162586 -0.00024040703024238395 0.00071968618113588253 -3.2147910959322992e-05 -0.00071150649892098633 0.0029851834467375443 0.0027506741845102697 -0.00091017457080400186 0.00083547137574417347
leaf_weight=319 3484 973 439 2760 291 56 55 101 52 130 102 85 90 228 86 2799 681 109036 3470 673 480 96 2008 3985 100025 6161 207 65 994 2410
leaf_count=319 3484 973 439 2760 291 56 55 101 52 130 102 85 90 228 86 2799 681 109036 3470 673 480 96 2008 3985 100025 6161 207 65 994 2410
internal_value=-5.7557e-07 -9.5627e-06 0.000444745 0.000557226 0.00127077 0.000773136 0.00217061 0.00264271 0.00310094 0.00258955 0.00381217 -0.000225632 0.000638046 -0.00127695 -0.000774217 -1.62476e-05 2.86696e-05 5.72815e-06 -0.000468465 0.000660204 0.000869531 0.00183731 2.40439e-05 0.000398 -6.66897e-05 -0.000350119 0.00032352 -0.000675361 -4.07875e-05 0.000609335
internal_weight=242341 237547 4794 4389 1629 1190 496 440 385 333 203 694 381 313 405 234063 123812 119472 4443 4340 3667 777 115029 5993 110251 9232 3006 6226 101019 2890
internal_count=242341 237547 4794 4389 1629 1190 496 440 385 333 203 694 381 313 405 234063 123812 119472 4443 4340 3667 777 115029 5993 110251 9232 3006 6226 101019 2890
is_linear=0
shrinkage=0.05


Tree=41
num_leaves=31
num_cat=0
split_feature=2 7 7 6 7 5 7 2 1 5 7 7 6 7 2 2 7 1 8 8 1 2 7 8 7 1 7 1 5 8
split_gain=0.350129 0.247587 0.295087 0.348772 0.432955 0.279216 0.278858 0.24267 0.624022 0.591434 0.439052 0.478596 0.515261 0.381937 0.412554 0.347825 0.507286 0.481017 0.461488 0.29101 0.732124 0.568191 0.278331 0.27175 0.535441 0.455615 0.355113 0.326158 0.305401 0.37202
threshold=-0.26253183687992598 0.077720058215111104 0.027220070892359637 0.94098948360518553 0.043078236644109029 16.135042279089458 0.039611995438960122 -0.0051330504809923285 0.084682452919086951 66.094518250197154 0.025026198205138191 0.054567611694882785 1.3164154545252871 0.012119278765177847 -0.079512142350037604 -0.12201767170550491 0.071677339871725684 0.14772034239138801 0.22345416446005992 0.23990257488140768 -0.028117715991749111 0.085950193306620917 0.055371101528752284 0.58212821835116813 0.022298527102068314 0.025618697174629838 0.039611995438960122 0.023453454536709776 43.718057544303697 0.10638297854825472
decision_type=2 2 2 2 2 2 2 2 2 2 2 2 2 2 2 2 2 2 2 2 2 2 2 2 2 2 2 2 2 2
left_child=1 2 5 -4 6 -1 -5 8 9 13 -11 12 -12 14 -2 16 17 -10 -17 20 21 -9 -22 28 -25 27 -27 -26 -15 -30
right_child=7 -3 3 4 -6 -7 -8 19 15 10 11 -13 -14 23 -16 18 -18 -19 -20 -21 22 -23 -24 24 25 26 -28 -29 29 -31
leaf_value=0.00030363689411643576 -0.0013309914250567091 -0.0006021243396708521 0.00023879449651627413 0.0016879395432219209 0.00054378000492475169 -0.0023941386638071916 0.0043033837653757611 0.0001214046685537837 0.0013960691631779512 -0.00011884415178146384 0.0015537264893731952 -0.0019075468794082639 0.0053047198848127251 5.3199964675349283e-05 -0.00019045628663380115 -0.00093628454402085073 -0.0017725121530903769 0.0047598530017282994 0.00064898524605756618 -3.8816581718692628e-05 -0.00067593117244651177 0.0028359242539193735 0.002613140541719846 -0.00029199918140338654 0.00081671780992057246 0.00021609145732649437 -0.0018506545309401362 0.0041690997319607497 -0.00055495820575802036 -5.9805872428438114e-05
leaf_weight=249 1015 525 2061 619 1062 156 122 2805 679 554 765 86 104 80004 3623 546 105 126 2884 101033 6161 207 65 2453 3713 991 263 74 4478 24813
leaf_count=249 1015 525 2061 619 1062 156 122 2805 679 554 765 86 104 80004 3623 546 105 126 2884 101033 6161 207 65 2453 3713 991 263 74 4478 24813
internal_value=-5.46791e-07 0.000422508 0.000548517 0.0006831 0.00119098 -0.000735506 0.00211855 -9.08457e-06 3.79547e-05 1.71529e-05 0.00100093 0.00165052 0.00200264 4.92725e-06 -0.000440056 0.000627194 0.00149622 0.00192257 0.000396636 -6.33778e-05 -0.000331996 0.00030796 -0.000641593 2.25987e-05 0.000313869 0.000608691 -0.000217365 0.000882225 2.62724e-06 -0.000135505
internal_weight=242341 4794 4269 3864 1803 405 741 237547 127276 122936 1509 955 869 121427 4638 4340 910 805 3430 110271 9238 3012 6226 116789 7494 5041 1254 3787 109295 29291
internal_count=242341 4794 4269 3864 1803 405 741 237547 127276 122936 1509 955 869 121427 4638 4340 910 805 3430 110271 9238 3012 6226 116789 7494 5041 1254 3787 109295 29291
is_linear=0
shrinkage=0.05


Tree=42
num_leaves=31
num_cat=0
split_feature=2 4 5 4 5 6 4 6 4 2 1 0 5 2 4 0 2 1 5 6 6 0 5 2 5 5 1 2 4 2
split_gain=0.319906 0.293525 0.301508 0.266117 0.243297 0.273854 0.249733 0.219699 0.436963 0.459618 0.392561 0.328432 0.318876 0.356986 0.35858 0.357106 0.236537 0.398911 0.43771 0.376991 0.362649 0.318867 0.281116 0.256923 0.25223 0.238357 0.33555 0.606219 0.353093 0.308268
threshold=-0.29272342223275805 -1.2193460406102437 40.954130666091586 -0.58163818498807263 14.54754947914566 0.86183511724700357 -0.75374120394485111 0.86183511724700357 -0.99754926448107895 -0.11256836277629266 -0.098766082761725923 -0.062429421260253352 20.776325141377288 -0.022853102299828728 -0.53808780207950291 0.018788021122450486 0.15652103262308972 0.074567503533128257 81.537049081966387 0.83324582680973525 0.74809396982884624 -0.012303362317170162 80.462268309841576 0.26436973692298232 68.161333407261381 35.268813439348413 0.053646375767392625 -0.12201767170550491 -0.21774190885686881 -0.11567549804158415
decision_type=2 2 2 2 2 2 2 2 2 2 2 2 2 2 2 2 2 2 2 2 2 2 2 2 2 2 2 2 2 2
left_child=3 2 -2 4 5 -1 -6 8 9 10 -3 -10 -9 14 15 -14 25 18 19 22 24 23 -18 -21 -19 -13 29 28 -28 -27
right_child=1 7 -4 -5 6 -7 -8 12 11 -11 -12 16 13 -15 -16 -17 17 20 -20 21 -22 -23 -24 -25 -26 26 27 -29 -30 -31
leaf_value=-4.0926509486808463e-05 0.00037034369009064026 0.00027786773402438137 0.0033670500764179283 -1.9679685116869035e-05 -0.00015902896713910534 0.0023434671152250766 0.0014658901302616433 -0.00033965424141867693 0.0013580023216988443 -1.2188046474201135e-05 0.0018445410058415936 4.763527269288396e-06 -7.905978245283213e-05 -1.7454981827642607e-05 0.00028806782565442908 0.00061125640363223887 0.00043401791678411832 -0.002150009563476061 -0.0017462177422812118 0.0019137338807468042 0.0002889536629832113 -0.0019622357397381519 0.0040555340362954202 -0.0020977900847230619 -0.00041918335073720333 -0.00051451714026337669 0.0036533419533165677 3.4841707182449394e-05 0.0009407738472611021 -0.00015557498129308134
leaf_weight=163 3498 755 86 1273 618 461 383 5473 395 2136 850 31856 16648 72042 24908 2111 6975 418 253 128 657 306 54 58 424 6682 171 5089 402 57068
leaf_count=163 3498 755 86 1273 618 461 383 5473 395 2136 850 31856 16648 72042 24908 2111 6975 418 253 128 657 306 54 58 424 6682 171 5089 402 57068
internal_value=-5.19451e-07 -6.83944e-06 0.000442251 0.00052166 0.000945737 0.00172062 0.000462693 -1.36636e-05 -6.32702e-05 0.000468221 0.00110757 -8.11932e-05 3.32801e-05 5.09198e-05 0.000163725 -1.37667e-06 -8.63359e-05 0.000155368 0.000299373 0.000368185 -0.000591458 -0.000969833 0.00046184 0.000662829 -0.00127843 -0.000108468 -0.000160435 0.000208446 0.00175028 -0.000193198
internal_weight=242341 239443 3584 2898 1625 624 1001 235859 114677 3741 1605 110936 121182 115709 43667 18759 110541 9273 7774 7521 1499 492 7029 186 842 101268 69412 5662 573 63750
internal_count=242341 239443 3584 2898 1625 624 1001 235859 114677 3741 1605 110936 121182 115709 43667 18759 110541 9273 7774 7521 1499 492 7029 186 842 101268 69412 5662 573 63750
is_linear=0
shrinkage=0.05


Tree=43
num_leaves=31
num_cat=0
split_feature=2 5 0 5 1 5 4 4 0 1 1 5 3 6 6 2 1 1 0 5 2 6 2 6 6 4 2 1 2 0
split_gain=0.30372 0.435317 0.322799 0.414138 0.367954 0.382451 0.385719 0.331706 0.293033 0.324627 0.215285 0.210913 0.510475 0.611037 0.334492 0.28537 0.466821 0.347916 0.663007 0.465935 0.428334 0.394214 0.387879 0.276003 1.11097 0.335267 0.27357 0.487636 0.332266 0.273002
threshold=-0.21486610646284357 44.491600469591496 -0.056243609406952937 22.084586445165069 0.061738276968286272 29.596593363839933 -0.35512419986753035 -0.40937577231579697 0.038463727009305677 -0.034807736870342991 -0.051483172462291164 72.048161382052328 1.0000000180025095e-35 1.4251136731392029 0.77470206428155464 0.0050948745868949494 0.22065135535272154 0.072848798901086656 0.057547744571510247 33.955441566929146 -0.12367001060918729 1.2545410454384947 -0.078302632668267189 0.51217770888739755 0.47455734860632942 0.08992457723151856 0.15652103262308972 -0.017509296437342999 0.1975174419444459 0.074253789917704718
decision_type=2 2 2 2 2 2 2 2 2 2 2 2 2 2 2 2 2 2 2 2 2 2 2 2 2 2 2 2 2 2
left_child=1 2 3 -1 8 7 -7 -6 -4 -10 -3 15 -13 14 -14 16 17 29 19 -19 -21 22 -20 24 -22 -25 -17 28 -28 -2
right_child=11 10 4 -5 5 6 -8 -9 9 -11 -12 12 13 -15 -16 26 -18 18 21 20 23 -23 -24 25 -26 -27 27 -29 -30 -31
leaf_value=0.0021804119275870451 -6.6501271247418846e-06 -0.0032892506167344336 0.00011182671568225258 3.9175771753704823e-05 0.0025147934554196482 0.0060104931300309934 0.0016076966779413244 -0.0019848337428840369 0.0023905991599527639 -0.00025330834941034299 -0.00064212470243379212 0.0004408260836143655 -0.00040768235128465558 -0.00057334479849819925 0.00041544359092969113 -0.00014437378600587494 0.0035238622962481857 -0.0012874961599600428 0.0050666210730560129 0.0018450110978245093 -0.0010218556779317367 -0.0014027162754815833 -0.00075292203005458886 -0.00034101032262936364 0.0083596104483629734 0.00069149572152017757 0.0010978620886153724 -8.0028245935995039e-05 0.00020786418928221671 0.00099072212038189052
leaf_weight=512 121596 90 8143 404 72 76 144 95 301 189 524 8315 1641 3967 4979 66710 95 315 50 698 78 696 67 1034 53 3281 1612 12913 3001 690
leaf_count=512 121596 90 8143 404 72 76 144 95 301 189 524 8315 1641 3967 4979 66710 95 315 50 698 78 696 67 1034 53 3281 1612 12913 3001 690
internal_value=-4.93479e-07 0.000261877 0.000341718 0.00123602 0.000250899 0.0017592 0.00312866 -4.48747e-05 0.000183285 0.00137081 -0.00103014 -1.24353e-05 0.00014763 -8.26459e-05 0.000211403 -2.66472e-05 2.01949e-05 1.76058e-05 0.000380803 0.000579191 0.0006935 -0.000951298 0.00173406 0.000512719 0.0027737 0.000444077 -9.81887e-05 7.76075e-05 0.000518871 -1.02244e-06
internal_weight=242341 10550 9936 916 9020 387 220 167 8633 490 614 231791 18902 10587 6620 212889 128653 128558 6272 5459 5144 813 117 4446 131 4315 84236 17526 4613 122286
internal_count=242341 10550 9936 916 9020 387 220 167 8633 490 614 231791 18902 10587 6620 212889 128653 128558 6272 5459 5144 813 117 4446 131 4315 84236 17526 4613 122286
is_linear=0
shrinkage=0.05


Tree=44
num_leaves=31
num_cat=0
split_feature=8 6 4 4 3 5 8 1 0 8 0 8 1 6 0 0 6 0 8 0 0 8 4 5 5 8 4 1 0 0
split_gain=0.265939 0.267695 0.457936 0.309343 0.298102 0.299601 0.475856 0.439541 0.395678 0.353776 0.297336 0.274164 0.294005 0.620274 0.48258 0.587624 0.338397 0.316135 0.375685 0.265238 0.508025 0.25761 0.422372 0.379666 0.382335 0.602001 0.373433 0.402176 0.371398 0.350565
threshold=1.0000000180025095e-35 0.85802659339587795 -0.99754926448107895 0.843986203114096 1.0000000180025095e-35 69.137581604774525 0.2700127732544938 0.22065135535272154 0.074253789917704718 0.66826580876225716 -0.062429421260253352 0.93499033327567538 0.086924962467297542 1.3356458553094694 0.019642200340470376 0.013167803435749305 1.297988045869902 0.050969330228507033 0.98585658322235481 0.11349887488409184 0.079601868727982708 0.57341306513618295 0.14702477713001968 79.54205205182798 38.996138985599494 0.11881070190357217 -0.25777894348634689 0.080419355568980402 0.049117447341091254 0.022938721113973552
decision_type=2 2 2 2 2 2 2 2 2 2 2 2 2 2 2 2 2 2 2 2 2 2 2 2 2 2 2 2 2 2
left_child=-1 2 -2 -3 5 7 -7 -5 9 -9 -4 -6 -13 14 15 -14 -16 -15 19 20 -19 23 -23 24 26 -26 27 29 -24 -12
right_child=1 3 10 4 11 6 -8 8 -10 -11 21 12 13 17 16 -17 -18 18 -20 -21 -22 22 28 -25 25 -27 -28 -29 -30 -31
leaf_value=0.00091079364437449443 0.00045597696180445604 8.1106168939080734e-05 0.0013020042109278937 -0.00031371715311100405 -0.00051324874714250889 -0.0023445561043744598 0.00041764271235981043 0.0056903752353861482 -0.00052189858379841599 0.00043068068863738937 -0.00010390170596174018 -0.00066738294228263755 0.0016314459935130477 -0.001184690371767984 0.00036323794711088536 0.0071510193413511546 0.0044694177904007534 0.00033197510641619522 -0.0010534283701715932 -0.00063166254989039045 0.003514663729554147 0.00028602622481943904 -7.9667922938098364e-05 0.0015457057541070269 -0.00068029378957896363 -0.00015793944646500674 0.0006115906255852884 0.0025335374093714527 -0.0018353945695198254 0.00060471647447157915
leaf_weight=798 4167 105956 389 4846 6620 161 4943 83 97 52 35727 1067 146 574 572 72 55 348 366 205 196 11214 15964 338 6501 36396 2197 149 307 1835
leaf_count=798 4167 105956 389 4846 6620 161 4943 83 97 52 35727 1067 146 574 572 72 55 348 366 205 196 11214 15964 338 6501 36396 2197 149 307 1835
internal_value=-4.68805e-07 -3.4794e-06 -5.86109e-05 4.67763e-05 -0.000131504 5.99817e-05 0.000330512 -0.000211934 0.00191411 0.00366442 -7.79258e-05 -0.000322259 2.88532e-05 0.00032202 0.00142799 0.00345442 0.000723429 -0.000231295 0.000259512 0.000901082 0.00147868 -8.27781e-05 4.99259e-05 -0.000126647 -0.000133473 -0.000237102 -2.20828e-05 -5.89999e-05 -0.000112795 -6.92839e-05
internal_weight=242341 241543 115184 126359 20403 10182 5104 5078 232 135 111017 10221 3601 2534 845 218 627 1689 1115 749 544 110628 27485 83143 82805 42897 39908 37711 16271 37562
internal_count=242341 241543 115184 126359 20403 10182 5104 5078 232 135 111017 10221 3601 2534 845 218 627 1689 1115 749 544 110628 27485 83143 82805 42897 39908 37711 16271 37562
is_linear=0
shrinkage=0.05


Tree=45
num_leaves=31
num_cat=0
split_feature=7 2 5 7 2 8 6 2 8 7 4 8 8 7 2 4 7 5 8 4 4 7 8 5 0 4 5 8 4 6
split_gain=0.285228 0.623769 0.279231 0.267379 0.374058 0.284043 0.250823 0.228485 0.691175 0.503777 0.555803 0.647492 0.590808 0.635809 0.800854 0.880446 0.857141 0.810425 0.593662 0.944712 0.523847 0.474146 0.489058 0.45415 0.449341 0.518591 0.441526 0.428563 0.418817 0.436581
threshold=0.071677339871725684 -0.31758666397498259 82.911650519084887 0.012974496633836803 -0.109441790156293 1.0000000180025095e-35 0.42667544019086784 -0.047161811526612189 0.096395585408262111 0.03424448614302613 -0.66377192136303309 0.40587658641749774 0.10378170606887431 0.056265833347934897 -0.17464403419136634 -0.13031134612289128 0.052984574168954739 25.812153904030946 0.17413946928230056 -0.40937577231579697 -0.31921325554187235 0.02513141488725586 0.51630532634143944 62.368822565167214 -0.042964565788447644 -0.24973717044976765 37.598425190374293 0.26315789396499223 0.060887002360054641 0.74809396982884624
decision_type=2 2 2 2 2 2 2 2 2 2 2 2 2 2 2 2 2 2 2 2 2 2 2 2 2 2 2 2 2 2
left_child=1 -1 3 4 -3 -5 -2 9 -9 21 -11 12 -12 14 15 17 20 -14 19 -19 -16 -7 23 24 25 -23 -20 -18 29 -13
right_child=6 2 -4 5 -6 7 -8 8 -10 10 11 28 13 -15 16 -17 27 18 26 -21 -22 22 -24 -25 -26 -27 -28 -29 -30 -31
leaf_value=0.0011418842638786367 0.001628047154157121 -0.0014607944641849403 0.00042631468315793323 0.0010325810540577586 -0.00018679114135814197 0.000100798922458753 -0.00051320554877368803 -0.00070672764346081673 -2.6693441097179666e-05 -8.6724839685466929e-05 -1.7363133080240461e-05 0.00012200683325308 -0.00019371071435197749 -0.00055430868150316043 -4.1684572327375036e-05 -0.0012733522838720218 0.0058194485487084897 0.0055209526152370765 0.0004625116224161576 0.0019598338524624277 0.00094008060303337317 0.00031028096702136806 0.00062965473099095516 0.0016353663111926362 -0.00030472262089081977 0.0049487429887742638 0.0029987897605678882 0.001061103280257088 0.00091057815379111916 -0.0012779220481348883
leaf_weight=1189 142 613 3674 662 9585 40428 3709 3848 128968 7307 2759 1171 292 763 2229 203 118 359 370 387 3480 2145 1811 326 24163 62 320 79 636 1062
leaf_count=1189 142 613 3674 662 9585 40428 3709 3848 128968 7307 2759 1171 292 763 2229 203 118 359 370 387 3480 2145 1811 326 24163 62 320 79 636 1062
internal_value=-7.36739e-06 -4.89298e-07 -6.20069e-06 -1.29873e-05 -0.000263371 -1.58549e-06 -0.00043425 -4.65159e-06 -4.63957e-05 5.66315e-05 0.00026773 0.000449765 0.000619281 0.000823525 0.000957669 0.00184162 0.000668657 0.00220756 0.00269584 0.00367356 0.000556764 -9.31464e-06 -0.000165475 -0.000219415 -0.000242345 0.000440587 0.00163876 0.00391128 -0.000221386 -0.00054379
internal_weight=242860 239009 237820 234146 10198 223948 3851 223286 132816 90470 21535 14228 11359 8600 7837 1931 5906 1728 1436 746 5709 68935 28507 26696 26370 2207 690 197 2869 2233
internal_count=242860 239009 237820 234146 10198 223948 3851 223286 132816 90470 21535 14228 11359 8600 7837 1931 5906 1728 1436 746 5709 68935 28507 26696 26370 2207 690 197 2869 2233
is_linear=0
shrinkage=0.05


Tree=46
num_leaves=31
num_cat=0
split_feature=7 2 1 2 7 0 8 5 5 7 0 1 2 8 5 5 8 3 7 2 8 7 2 5 1 8 1 7 7 5
split_gain=0.257418 0.562952 0.306957 0.763924 0.522148 0.478216 0.46703 0.475771 0.407915 0.456715 0.330831 0.320238 0.299104 0.291034 0.396914 0.367187 0.391849 0.295375 0.427811 0.457228 0.35016 0.334135 0.334854 0.27266 0.478184 0.295934 0.503812 0.330762 0.288174 0.470201
threshold=0.071677339871725684 -0.31758666397498259 0.032595510707737259 -0.17464403419136634 0.054567611694882785 -0.059082077325734776 0.31613137643678385 24.454488559621989 40.954130666091586 0.031542925316256666 0.069969198366944388 -0.092178161733465477 -0.19970563899514379 0.11881070190357217 29.067012967534016 50.718685826519071 0.2266238910897288 1.0000000180025095e-35 0.059364140623307998 -0.015965119677665892 0.66826580876225716 0.02982700092852561 -0.022853102299828728 66.666666605054488 0.22065135535272154 0.36147273064638791 0.053646375767392625 0.056265833347934897 0.018554431541275045 76.583210593960217
decision_type=2 2 2 2 2 2 2 2 2 2 2 2 2 2 2 2 2 2 2 2 2 2 2 2 2 2 2 2 2 2
left_child=1 -1 10 4 6 -5 7 -4 9 -9 -3 -12 -10 -7 -15 -16 -17 18 23 -20 21 -19 -23 24 25 26 -18 -27 29 -25
right_child=-2 2 3 5 -6 13 -8 8 12 -11 11 -13 -14 14 15 16 17 20 19 -21 -22 22 -24 28 -26 27 -28 -29 -30 -31
leaf_value=0.0010847900510078086 -0.00041253748216059236 -4.5113248914825309e-05 -0.0007967174257285368 -0.001319467638675101 -0.00099036754823510101 -0.00077305338456409856 -0.0016292661511106419 0.0008102158560028311 -0.001324417643492168 0.0036680898761180109 0.0042573651333527992 0.00059529869819100953 0.002198922296183316 -0.0013281121865549692 0.00034436193698379725 -0.00062459539518727237 -0.0004273825411902027 4.667799532377916e-05 0.0058772772274598289 0.0011119549110360086 -2.2429761445169148e-06 0.00099953998079168986 -0.0016828735080598523 0.00026274383093727061 0.0022156837979418328 -0.00015646161222282635 0.00071219331876822207 -0.0027788045069920362 0.00027129633545165986 0.0023672164219621589
leaf_weight=1189 3851 175118 139 619 223 989 100 189 113 537 63 1139 129 488 12458 2127 1487 779 58 381 19053 134 883 639 243 8371 2789 122 7996 454
leaf_count=1189 3851 175118 139 619 223 989 100 189 113 537 63 1139 129 488 12458 2127 1487 779 58 381 19053 134 883 639 243 8371 2789 122 7996 454
internal_value=-6.99902e-06 -4.64833e-07 -5.89065e-06 9.02922e-05 0.00123243 6.31029e-05 0.0016431 0.00193871 0.00233151 0.0029241 -3.9439e-05 0.000787237 0.000553726 7.74982e-05 9.18869e-05 0.00010384 3.80075e-05 7.04894e-05 0.000195957 0.00174154 -6.51548e-05 -0.000732559 -0.00132944 0.000165257 1.84788e-05 -2.3335e-05 0.0003159 -0.000194131 0.000375387 0.00113688
internal_weight=242860 239009 237820 61500 1430 60070 1207 1107 968 726 176320 1202 242 59451 58462 57974 45516 43389 22540 439 20849 1796 1017 22101 13012 12769 4276 8493 9089 1093
internal_count=242860 239009 237820 61500 1430 60070 1207 1107 968 726 176320 1202 242 59451 58462 57974 45516 43389 22540 439 20849 1796 1017 22101 13012 12769 4276 8493 9089 1093
is_linear=0
shrinkage=0.05


Tree=47
num_leaves=31
num_cat=0
split_feature=8 1 2 7 7 5 8 5 6 8 2 5 7 8 7 8 8 7 6 2 6 7 2 7 5 5 7 7 2 6
split_gain=0.254891 0.240586 0.527928 0.74433 0.421759 0.37529 0.467145 0.398949 0.363925 0.304524 0.300433 0.411631 0.347828 0.293918 0.286262 0.747805 0.516451 0.413642 0.274818 0.269205 0.266673 0.264909 0.260847 0.24628 0.260653 0.355034 0.358634 0.245222 0.239155 0.233648
threshold=1.0000000180025095e-35 0.032595510707737259 -0.16871247531108843 0.054567611694882785 0.031276065303101987 24.783362213860936 0.20734645508648492 40.954130666091586 0.57710914824812065 0.11881070190357217 0.059819275468822271 33.275731712176366 0.082893060637156193 0.16831831957402285 0.037775218429025453 0.46058208223387936 0.84321774837815366 0.038213623898016344 1.6140588600607575 -0.26253183687992598 0.45560294881890734 0.040356797285424226 -0.093949830934968878 0.052296498678881913 54.422200744344742 57.42114647400718 0.058314058806417192 0.039860927345305171 -0.10074626865671647 1.2797702288049428
decision_type=2 2 2 2 2 2 2 2 2 2 2 2 2 2 2 2 2 2 2 2 2 2 2 2 2 2 2 2 2 2
left_child=28 29 3 4 -3 -6 7 8 -7 -4 11 13 -12 -11 20 17 22 -16 -19 -10 -13 -9 -17 -24 -25 -26 -27 -8 -1 -2
right_child=1 2 9 -5 5 6 27 21 19 10 12 14 -14 -15 15 16 -18 18 -20 -21 -22 -23 23 24 25 26 -28 -29 -30 -31
leaf_value=0.0013931240412848884 -6.19799353012982e-05 -7.3162894027105226e-06 -0.00083336595252530134 -0.0006133657090166318 -0.00070940482030298728 0.00044096203359302635 -0.00071766563045931034 -0.0012158843943228326 0.0075104228545387749 0.00075360650690842656 -2.7446796240616146e-05 -0.0013328954101819277 -0.00208360855194857 -0.0012146207828508133 0.0037072909223022348 0.001453266734457258 0.0024992536419879553 0.0011835883915911043 -5.2024606474103863e-05 0.0038777490067243834 0.00016129667819841334 0.0030769566079075247 -0.00014480728320130577 -0.0024289872803826252 0.0027726826248165798 -0.003386334149908383 0.00089681734717751466 0.0019921110498193556 -0.00061425819429757099 0.00010328782625005286
leaf_weight=592 154408 352 964 595 115 67 146 75 60 245 32227 303 207 840 142 191 176 2308 559 340 20617 69 1492 286 71 103 93 195 198 24824
leaf_count=592 154408 352 964 595 115 67 146 75 60 245 32227 303 207 840 142 191 176 2308 559 340 20617 69 1492 286 71 103 93 195 198 24824
internal_value=-6.64907e-06 -9.57532e-06 7.4609e-05 0.000871051 0.00149348 0.00198859 0.0023145 0.00314194 0.0038514 4.82373e-05 6.24349e-05 0.000184248 -4.05696e-05 -0.000770182 0.000223562 0.000547362 -0.000108552 0.00107314 0.000942672 0.00442265 0.000139655 0.000841102 -0.000313818 -0.000478861 -0.00138014 -0.000256659 -0.00135402 0.000831913 0.000890008 -3.909e-05
internal_weight=242860 242070 62838 2014 1419 1067 952 611 467 60824 59860 27426 32434 1085 26341 5421 2412 3009 2867 400 20920 144 2236 2045 553 267 196 341 790 179232
internal_count=242860 242070 62838 2014 1419 1067 952 611 467 60824 59860 27426 32434 1085 26341 5421 2412 3009 2867 400 20920 144 2236 2045 553 267 196 341 790 179232
is_linear=0
shrinkage=0.05


Tree=48
num_leaves=31
num_cat=0
split_feature=7 1 4 0 4 0 1 0 0 1 4 0 6 5 0 5 4 1 7 7 1 7 5 7 7 5 5 7 7 7
split_gain=0.222533 0.237115 0.39832 0.389127 0.360961 0.323467 0.413198 0.321462 0.435533 0.366038 0.686501 0.303062 0.348592 0.300916 0.297652 0.280565 0.358071 0.531869 0.472801 0.384616 0.287455 0.264468 0.264338 0.261696 0.330894 0.336258 0.320743 0.46781 0.649585 0.410976
threshold=0.071677339871725684 0.032595510707737259 -0.55043206994649585 -0.059082077325734776 0.87024409725421437 0.069969198366944388 -0.092178161733465477 -0.049969616320207848 -0.033472803347280249 0.053646375767392625 0.45775381224540496 -0.033472803347280249 0.5447207190268416 58.049422664849224 -0.041805078035614888 26.785714274553552 -0.36220966231674773 0.052491536901858822 0.049765784811567688 0.0297051725503534 0.052491536901858822 0.056265833347934897 71.270840135145235 0.040092220308838959 0.054567611694882785 80.462268309841576 50.718685826519071 0.044895827812843035 0.047082390509445592 0.041206404477288065
decision_type=2 2 2 2 2 2 2 2 2 2 2 2 2 2 2 2 2 2 2 2 2 2 2 2 2 2 2 2 2 2
left_child=1 5 -3 -4 7 11 -7 9 22 10 -5 12 14 -14 -1 20 17 -17 19 -19 -10 -11 -9 -18 25 26 -25 29 -29 -28
right_child=-2 2 3 4 -6 6 -8 8 15 21 -12 -13 13 -15 -16 16 23 18 -20 -21 -22 -23 -24 24 -26 -27 27 28 -30 -31
leaf_value=-0.00021318358810063691 -0.00038337574285685083 0.0027872314518711337 -0.0011639345597234004 0.00061981684022933178 -9.3343891256725842e-05 0.0045421793228487715 0.00055777335167583571 -0.00084967340046464388 1.7695790831040326e-06 -0.000158449498310022 0.0082938630492243853 -5.9128071444150198e-05 3.0494531843303894e-05 0.00060347082467985776 0.001967762203151549 0.00028302418219465654 0.00011261402066858433 -0.00027551262744465006 -0.0016045861220096843 0.0045395691580713835 -0.0022304871686533224 0.0037692124535821658 0.0010044439712444066 0.0010307005163225926 -0.00011012754088130998 0.0021369444599868676 0.00092534892833403626 0.0020142065619139296 0.00022126874588011239 -0.00067231628642070536
leaf_weight=235 3851 136 624 68 18477 69 1142 1523 366 224 51 155474 17400 2639 468 577 29535 51 51 222 238 53 220 2046 2238 334 540 717 1710 1581
leaf_count=235 3851 136 624 68 18477 69 1142 1523 366 224 51 155474 17400 2639 468 577 29535 51 51 222 238 53 220 2046 2238 334 540 717 1710 1581
internal_value=-6.31661e-06 -2.41298e-07 8.42915e-05 7.8309e-05 9.10537e-05 -2.95812e-05 0.000784796 0.000171515 0.00015813 0.00158942 0.00390869 -3.51778e-05 0.000144344 0.000105952 0.00123871 0.000191674 0.000207986 0.00119335 0.0028145 0.00364005 -0.000877828 0.000593053 -0.000615648 0.000185046 0.000418438 0.000589184 0.000510786 0.000276894 0.00075095 -0.000265556
internal_weight=242860 239009 61582 61446 60822 177427 1211 42345 41949 396 119 176216 20742 20039 703 40206 39602 901 324 273 604 277 1743 38701 9166 6928 6594 4548 2427 2121
internal_count=242860 239009 61582 61446 60822 177427 1211 42345 41949 396 119 176216 20742 20039 703 40206 39602 901 324 273 604 277 1743 38701 9166 6928 6594 4548 2427 2121
is_linear=0
shrinkage=0.05


Tree=49
num_leaves=31
num_cat=0
split_feature=2 8 1 7 2 6 7 1 7 8 4 2 6 6 7 6 7 8 1 4 4 8 1 7 4 2 2 7 4 7
split_gain=0.232572 0.759243 0.61684 0.345749 0.312651 0.280209 0.308717 0.275654 0.268715 0.507813 0.458102 0.608883 0.505278 0.410786 0.481528 0.351922 0.572071 0.390321 0.362272 0.344007 0.909157 0.336108 0.328039 0.538879 0.435685 0.596349 0.419186 0.48313 0.32605 0.591489
threshold=-0.047161811526612189 0.096395585408262111 0.097128732903911566 0.011783394711907808 -0.077042715973894157 0.65916256577940979 0.077720058215111104 -0.065089450110072208 0.03424448614302613 0.40157604835428046 -0.72478688534908287 -0.14841707794821871 0.69243038632376352 0.60352068092824906 0.042425810249430262 0.94507419354451239 0.029452604112634128 0.28390098962026478 0.071115011336308945 -0.20965815415768965 -0.02145996796148384 0.09160305314375651 0.0091897922622999912 0.057281228134583133 -0.48867037453833745 -0.20909090909090913 -0.16036786613390572 0.067165321492948973 -0.41604385911429514 0.056265833347934897
decision_type=2 2 2 2 2 2 2 2 2 2 2 2 2 2 2 2 2 2 2 2 2 2 2 2 2 2 2 2 2 2
left_child=2 7 3 4 -1 -3 -7 -2 10 22 12 15 -5 14 19 18 -17 -18 -12 -11 -21 -14 26 24 25 -24 -10 28 -28 -30
right_child=1 5 -4 8 -6 6 -8 -9 9 13 11 -13 21 -15 -16 16 17 -19 -20 20 -22 -23 23 -25 -26 -27 27 -29 29 -31
leaf_value=-0.0013007664213382205 0.00014658986233477008 -0.00016333476664067825 0.00094281790224839783 0.00051071809306550448 -7.087614285425439e-05 1.7705970717051212e-05 -0.00095723140557466783 -0.000868274498800248 0.00043647963137950394 0.0008938643088567534 -0.0006928033311637585 -8.8380519006171905e-07 0.00017832765406689173 -0.00068179856105436188 -0.00060448668270995758 -0.00043708067844182161 0.0014882192586719864 -0.0026769087192331457 0.0026715830668381613 0.0085736543470358636 -0.00051758268043737522 -0.00025794307339735753 0.0051359761529517758 -0.00046189550697028838 0.00073420580139989386 0.001120011370699753 -0.00035423251490139334 0.0024984286633054063 0.00069840972814542426 -0.0033283570131464602
leaf_weight=903 817 29271 1912 7540 1208 110401 818 3696 7818 429 6570 34169 12910 2593 515 1943 722 61 81 55 55 6709 138 862 3362 280 5226 175 1524 97
leaf_count=903 817 29271 1912 7540 1208 110401 818 3696 7818 429 6570 34169 12910 2593 515 1943 722 61 81 55 55 6709 138 862 3362 280 5226 175 1524 97
internal_value=-6.00078e-06 -4.61963e-05 5.35604e-05 3.58392e-05 -0.000596973 -2.56903e-05 1.05354e-05 -0.000684551 5.00757e-05 0.000198015 1.68193e-06 -9.8828e-05 0.000162837 -0.000343478 0.000488844 -0.000455728 2.27275e-05 0.00116373 -0.00065183 0.00153349 0.00402804 2.91386e-05 0.000299381 0.000666224 0.000923484 0.00244586 0.000184631 -9.57659e-05 -0.00016207 0.00045745
internal_weight=242860 145003 97857 95945 2111 140490 111219 4513 93834 23129 70705 43546 27159 3647 1054 9377 2726 783 6651 539 110 19619 19482 4642 3780 418 14840 7022 6847 1621
internal_count=242860 145003 97857 95945 2111 140490 111219 4513 93834 23129 70705 43546 27159 3647 1054 9377 2726 783 6651 539 110 19619 19482 4642 3780 418 14840 7022 6847 1621
is_linear=0
shrinkage=0.05


Tree=50
num_leaves=31
num_cat=0
split_feature=6 8 0 1 4 6 4 4 1 5 5 6 0 8 0 4 8 5 0 0 6 1 0 6 6 0 1 8 0 5
split_gain=0.260079 0.236973 0.213736 0.249049 0.200233 0.305814 0.372778 0.244336 0.288713 0.441168 0.720378 0.346447 0.307607 0.324713 0.30188 0.331337 0.270888 0.260693 0.246217 0.232335 0.29588 0.225695 0.223183 0.21354 0.215438 0.206864 0.217586 0.317238 0.243975 0.227486
threshold=1.0000000180025095e-35 1.0000000180025095e-35 -0.039764669447834848 -0.032930795395810113 1.1242229515059758 1.0970752203147636 -1.2193460406102437 -0.8071844564636822 -0.030490768912079632 66.942148708694774 67.847954685566364 1.1717483468589907 0.041728041476878926 0.66371681283773232 -0.059082077325734776 0.85750616055080864 0.18909945797238706 57.838333057838163 -0.059082077325734776 0.1429206779565684 0.84372807721516618 -0.045454545454545463 0.079601868727982708 1.8302241812473909 1.9708030591753414 -0.011262577240647385 -0.08283422957073576 0.09160305314375651 -0.039764669447834848 22.084586445165069
decision_type=2 2 2 2 2 2 2 2 2 2 2 2 2 2 2 2 2 2 2 2 2 2 2 2 2 2 2 2 2 2
left_child=-1 2 -2 -4 5 6 -3 18 9 12 -11 -12 13 -9 15 -10 -14 -18 -7 20 -6 -13 -22 -24 -25 26 27 -20 -29 -28
right_child=1 4 3 -5 19 7 -8 8 14 10 11 21 16 -15 -16 -17 17 -19 25 -21 22 -23 23 24 -26 -27 29 28 -30 -31
leaf_value=0.0030016190832813866 -0.00022100603611598953 0.00080926212711790566 0.0019708252388916932 -0.0010405456490400135 -0.0040003445266153332 0.00039637977078400485 -4.206482665026023e-05 0.00012187372245890767 -0.00092849069216754303 0.0069146072209920169 0.0042150073895754758 -0.0014865926196632375 0.0022106694059468774 0.0012799227274819741 0.00010177036555889527 0.0028023045049935936 -0.0001770029105427548 0.0032504672382139797 -0.00044409555112549657 0.00064009033630786335 -0.00017261389864363429 0.0019657640717923642 -0.0021948259590696875 0.0021381112805102021 -0.00076517788701862719 0.00016465359345304198 -0.00089825851185449084 -0.0029181843649915442 -0.00089043405334455865 7.0671164236955526e-05
leaf_weight=72 291 1296 422 82 55 1769 164516 6745 1075 65 64 112 386 665 49202 63 348 66 1959 652 5380 82 254 68 1059 2172 781 258 349 2700
leaf_count=72 291 1296 422 82 55 1769 164516 6745 1075 65 64 112 386 665 49202 63 348 66 1959 652 5380 82 254 68 1059 2172 781 258 349 2700
internal_value=-3.01883e-06 -3.90933e-06 0.000857925 0.00148088 -6.73892e-06 1.37209e-06 -3.54108e-05 8.99424e-05 0.000128736 0.000397673 0.00221023 0.00102502 0.000326363 0.000225801 8.31491e-05 -0.000721953 0.00125782 0.000369405 -0.000138721 -0.000261618 -0.000347873 -2.73491e-05 -0.00031816 -0.000885168 -0.000590002 -0.000253892 -0.000404228 -0.00075356 -0.00175231 -0.000146719
internal_weight=243008 242936 795 504 242141 234673 165812 68861 58873 8533 323 258 8210 7410 50340 1138 800 414 9988 7468 6816 194 6761 1381 1127 8219 6047 2566 607 3481
internal_count=243008 242936 795 504 242141 234673 165812 68861 58873 8533 323 258 8210 7410 50340 1138 800 414 9988 7468 6816 194 6761 1381 1127 8219 6047 2566 607 3481
is_linear=0
shrinkage=0.05


Tree=51
num_leaves=31
num_cat=0
split_feature=6 7 2 7 4 7 6 0 6 2 1 1 6 7 5 0 7 5 4 6 7 7 7 5 4 7 3 2 5 7
split_gain=0.234721 0.219613 0.319595 0.498216 0.455793 0.628307 0.663644 0.383921 0.337477 0.310191 0.31618 0.426282 0.390497 0.396485 0.304652 0.299568 0.414971 0.298878 0.271445 0.266639 0.259136 0.258434 0.27091 0.252602 0.247658 0.244068 0.306155 0.23568 0.392637 0.234224
threshold=1.0000000180025095e-35 0.054567611694882785 0.31683060460597762 0.036566853981545168 0.70592796836304139 0.052984574168954739 1.6140588600607575 0.04583700913075462 3.5032497005835279 -0.26253183687992598 -0.11849534606161331 -0.0050869918444602638 0.51217770888739755 0.043770080278846678 7.1404059217867877 0.031287819046925576 0.035793533976116412 31.137582649212472 -0.56318196791099062 0.7849853826042188 0.030327041871411622 0.042760678644820652 0.025980973375230466 67.847954685566364 -0.36220966231674773 0.032267258450285677 1.0000000180025095e-35 -0.29272342223275805 18.73335591156739 0.040356797285424226
decision_type=2 2 2 2 2 2 2 2 2 2 2 2 2 2 2 2 2 2 2 2 2 2 2 2 2 2 2 2 2 2
left_child=-1 2 9 25 7 8 -7 29 23 10 21 12 13 27 -3 16 -13 18 -14 -19 -20 22 -2 -6 -18 26 -4 -12 -29 -5
right_child=1 14 3 4 5 6 -8 -9 -10 -11 11 15 17 -15 -16 -17 24 19 20 -21 -22 -23 -24 -25 -26 -27 -28 28 -30 -31
leaf_value=0.0028515381567659564 -0.0012790406038137999 0.0024467457207069318 0.0029442743400554406 -0.00090887508097635254 0.0009582556986641338 0.0052789580536654647 -0.00075831151562263542 0.0040161897818516978 0.0019798775224069902 -6.2046016079320677e-06 0.00051227982304303025 -0.00021683964469845882 0.00014621775636144402 -0.0019464729819446804 -0.00020610526175098861 -0.0019108379163834102 0.0047055277679525845 -0.0043250063164649829 -0.0048297703648805274 -0.00039375058811488037 -0.00088309226271397951 -0.00014586542058345087 0.0020892526372289287 -0.00098255878370395234 0.0010216924476562374 0.0021220293182645312 -0.00020063134953595934 0.0009537498250178863 0.0066597382861800728 0.00096580685288374024
leaf_weight=72 66 109 101 201 188 98 85 91 119 220596 83 114 788 64 15175 51 143 95 54 79 181 237 625 1549 67 551 331 57 64 974
leaf_count=72 66 109 101 201 188 98 85 91 119 220596 83 114 788 64 15175 51 143 95 54 79 181 237 625 1549 67 551 331 57 64 974
internal_value=-2.86789e-06 -3.71386e-06 8.60401e-06 0.00043618 0.000142251 -0.000320424 0.00247476 0.000887429 -0.000596027 3.95675e-07 0.000526405 0.000146899 -0.000238142 0.00148706 -0.000187186 0.00165112 0.0022118 -0.000624402 -0.000298561 -0.00254013 -0.00178999 0.00127888 0.00176753 -0.000772499 0.00353021 0.00142442 0.000534636 0.00256425 0.00397179 0.000645117
internal_weight=243008 242936 227652 4288 3305 2039 183 1266 1856 223364 2768 1840 1465 268 15284 375 324 1197 1023 174 235 928 691 1737 210 983 432 204 121 1175
internal_count=243008 242936 227652 4288 3305 2039 183 1266 1856 223364 2768 1840 1465 268 15284 375 324 1197 1023 174 235 928 691 1737 210 983 432 204 121 1175
is_linear=0
shrinkage=0.05


Tree=52
num_leaves=31
num_cat=0
split_feature=6 8 7 5 5 3 7 8 7 8 6 6 4 6 5 8 7 4 4 8 4 8 7 5 7 5 7 7 6 5
split_gain=0.211836 0.212058 0.205488 0.26475 0.264399 0.460788 0.455169 0.421501 0.376063 0.34175 0.317294 0.299334 0.33835 0.282614 0.28789 0.27811 0.277356 0.271738 0.25533 0.232755 0.469479 0.334034 0.369007 0.407366 0.383795 0.532367 0.341163 0.266862 0.237516 0.254611
threshold=1.0000000180025095e-35 1.0000000180025095e-35 0.054567611694882785 7.1404059217867877 65.29714753583805 1.0000000180025095e-35 0.052296498678881913 0.82059178438978986 0.049765784811567688 0.84942993834105396 2.0143858468337923 1.4010090476410617 0.34524905875756118 1.1585163365394042 74.32719743430259 0.48170578727305208 0.012702837865011482 0.96368302068892719 -1.2644052369423295 0.22345416446005992 0.34524905875756118 0.49060960174326645 0.039377783768409065 84.482758572136376 0.040913043649422033 72.477533291365077 0.030206374214682689 0.028762792360978139 0.74140089421038546 77.940777922772142
decision_type=2 2 2 2 2 2 2 2 2 2 2 2 2 2 2 2 2 2 2 2 2 2 2 2 2 2 2 2 2 2
left_child=-1 -2 4 -4 16 19 8 -8 11 -10 13 15 -13 -9 -15 -7 -3 18 -18 20 27 22 -21 24 25 -24 28 -6 -23 -30
right_child=1 2 3 -5 5 6 7 10 9 -11 -12 12 -14 14 -16 -17 17 -19 -20 21 -22 26 23 -25 -26 -27 -28 -29 29 -31
leaf_value=0.0027089612582130943 0.00081174332429018593 -0.00030293740831966018 0.0022945301307236913 -0.00020135309811287498 -0.00031545223550625347 -0.002548016275264969 -0.00028384097346523571 0.0017941779961569888 -0.0024629046263861154 -0.00024501637451032393 -0.0005743593259383208 0.0037485513088759033 -0.00038346086859357154 0.0023975296530275129 0.0073626523957892251 0.00012706444880762098 0.00052759418413915384 -0.00046027596699110205 -3.4144168471567918e-06 0.00047156763384805731 -0.0011963154677691503 -0.00051388008471580271 0.001228140596067533 0.0059199000936932863 0.00076912125456875507 0.0068817819445220231 -0.00021816497364825381 0.002788922223196438 0.00030383782049136793 0.0011366482002813428
leaf_weight=72 795 8147 107 15147 136 98 224 137 310 395 65 50 5421 53 65 11320 2293 3217 177813 6582 645 610 110 50 719 67 3663 141 3282 1274
leaf_count=72 795 8147 107 15147 136 98 224 137 310 395 65 50 5421 53 65 11320 2293 3217 177813 6582 645 610 110 50 719 67 3663 141 3282 1274
internal_value=-2.7245e-06 -3.52817e-06 -6.20488e-06 -0.000183846 5.73821e-06 0.000131237 -4.479e-05 0.00137965 -8.88332e-05 -0.00122026 0.0025441 -4.1604e-05 -0.000345698 0.003339 0.00513255 0.000104104 -1.74758e-05 -4.7897e-06 3.34606e-06 0.000316015 -0.000456927 0.000359583 0.000604281 0.00152766 0.00128256 0.00336822 0.000150944 0.00126475 0.000412663 0.000536718
internal_weight=243008 242936 242141 15254 226887 35417 18138 544 17594 705 320 16889 5471 255 118 11418 191470 183323 180106 17279 922 16357 7528 946 896 177 8829 277 5166 4556
internal_count=243008 242936 242141 15254 226887 35417 18138 544 17594 705 320 16889 5471 255 118 11418 191470 183323 180106 17279 922 16357 7528 946 896 177 8829 277 5166 4556
is_linear=0
shrinkage=0.05


Tree=53
num_leaves=31
num_cat=0
split_feature=8 7 2 7 4 7 2 1 7 7 8 8 5 5 2 7 8 8 4 5 5 8 5 4 7 5 4 4 7 1
split_gain=0.191005 0.187139 0.29001 0.451345 0.416764 0.526977 0.335878 0.254874 0.24879 0.766868 0.363339 0.416362 0.288818 0.247883 0.240749 0.960075 0.478819 0.876646 0.888941 0.423927 0.408544 0.394103 0.32799 0.322159 0.631209 0.508992 0.486707 0.422089 0.315269 0.302389
threshold=1.0000000180025095e-35 0.054567611694882785 0.31683060460597762 0.036566853981545168 0.70592796836304139 0.052984574168954739 0.45329261312562069 -0.010599266400368733 0.046622770301358467 0.043770080278846678 0.65417432453907687 0.84942993834105396 66.094518250197154 7.1404059217867877 -0.20429203473884114 0.028873411542153893 0.18622511282029627 0.060555776523134021 -0.73856189963061047 21.227796664129681 28.232630786540742 0.067389067721189536 14.54754947914566 -0.55678143804775693 0.033762002615471555 24.783362213860936 -0.38258165518394199 -0.89370271639850973 0.04808455973176478 0.043703142632313903
decision_type=2 2 2 2 2 2 2 2 2 2 2 2 2 2 2 2 2 2 2 2 2 2 2 2 2 2 2 2 2 2
left_child=-1 2 14 -4 8 -6 -7 13 9 -5 -10 -12 -13 -3 15 19 17 18 -17 21 -20 -2 -16 27 -25 -26 28 -19 29 -27
right_child=1 7 3 4 5 6 -8 -9 10 -11 11 12 -14 -15 22 16 -18 23 20 -21 -22 -23 -24 24 25 26 -28 -29 -30 -31
leaf_value=0.00077115614779902438 0.00039475263737965953 0.0025345240094626505 0.0013541608263572891 0.00041586488773746291 -0.00056102818269539113 0.0004255684180501497 0.0047645532453505259 -0.00037236372330827169 0.0042190977670252322 0.004192156076738846 -0.0012324979673748791 -0.0015504886991981983 0.0027138796994307392 2.9798389734964211e-06 -0.00051284485792022362 0.00097875701943390134 -0.00028286956180243486 0.00027357435057517447 -0.00017098262863374309 -0.0011568893431387784 -0.002171663398506525 -0.0012388803660011486 -4.9024438198784321e-06 -0.00093976125722151417 -0.00049366244588718684 0.0033983621653241262 0.00094270554565316833 0.0026312969366886884 -1.844716319353141e-05 0.0073104052605377813
leaf_weight=795 1546 98 983 454 1856 106 77 7880 50 191 367 54 150 7276 3227 1547 1215 241 731 1281 392 485 209875 322 215 243 343 894 52 62
leaf_count=795 1546 98 983 454 1856 106 77 7880 50 191 367 54 150 7276 3227 1547 1215 241 731 1281 392 485 209875 322 215 243 343 894 52 62
internal_value=-2.58827e-06 -5.12788e-06 6.26599e-06 0.000413559 0.000133797 -0.000308626 0.00225126 -0.000174653 0.000846357 0.00153412 0.000132019 -0.000225869 0.00158508 3.66239e-05 -1.5773e-06 0.00024377 0.000608147 0.000822861 0.000201444 -0.000444609 -0.00086935 4.64333e-06 -1.25942e-05 0.00152235 0.000964184 0.00163421 0.00228777 0.00213067 0.00358008 0.0041936
internal_weight=243008 242213 226959 4288 3305 2039 183 15254 1266 645 621 571 204 7374 222671 9569 6257 5042 2670 3312 1123 2031 213102 2372 1237 915 700 1135 357 305
internal_count=243008 242213 226959 4288 3305 2039 183 15254 1266 645 621 571 204 7374 222671 9569 6257 5042 2670 3312 1123 2031 213102 2372 1237 915 700 1135 357 305
is_linear=0
shrinkage=0.05


Tree=54
num_leaves=31
num_cat=0
split_feature=4 5 3 5 4 2 8 8 5 4 0 1 2 8 8 2 1 3 4 2 0 1 5 4 1 4 1 8 2 8
split_gain=0.178679 0.240251 0.420073 0.244291 0.345023 0.238014 0.434526 0.353802 0.380076 0.360087 0.28678 0.353666 0.278811 0.264623 0.263358 0.403233 0.349717 0.309798 0.399626 0.269182 0.259956 0.253943 0.433205 0.43881 0.252783 0.244151 0.498527 0.273488 0.39721 0.503439
threshold=1.1242229515059758 65.29714753583805 1.0000000180025095e-35 65.826692266483064 0.26495444488019876 -0.083333333333333301 0.020408163126474959 0.032304660585007278 43.137254895711038 -0.12142453002395433 0.074253789917704718 0.014762392992431652 -0.15536018529084214 0.17727434366566219 0.59999999883319177 0.06672016906511026 0.22065135535272154 1.0000000180025095e-35 0.2995541437858833 -0.031191766871448475 -0.046805758291822479 0.078432768125043753 33.506046057083431 -0.40937577231579697 -0.036733164030229797 -0.55043206994649585 0.028607997656583731 0.11881070190357217 -0.17464403419136634 0.40157604835428046
decision_type=2 2 2 2 2 2 2 2 2 2 2 2 2 2 2 2 2 2 2 2 2 2 2 2 2 2 2 2 2 2
left_child=1 5 -3 -4 -5 7 -7 8 -1 10 21 -12 -13 -11 16 20 17 -8 -19 -20 -16 25 23 -23 -15 26 -9 -27 29 -29
right_child=-2 2 3 4 -6 6 14 9 -10 13 11 12 -14 24 15 -17 -18 18 19 -21 -22 22 -24 -25 -26 27 -28 28 -30 -31
leaf_value=0.00032393186659975898 -0.00024324253717059545 0.00032285702841570324 0.00075548854521605851 -0.001365834924853165 -3.8820480325971432e-05 -0.00088078262640266984 -6.3949551839262227e-05 1.862090381918673e-05 -0.001244913929177833 -0.00021776151825562731 0.0025487178993787163 -0.0032953319308380116 0.0015662349969594895 -0.0017205322531234719 -0.00081397405408924434 -9.7744021036260805e-05 0.0022392130978383783 -0.00022123857531162881 0.001749559573606045 -0.0012658482775414219 0.00026096968916422954 0.0027787585134307546 0.0017732136333626068 -0.0015778749506872765 0.00075107134597589297 -0.00041903022534710733 0.0027032124843707995 0.00076059494503973111 -0.00018393395700522857 -0.0016100630698067297
leaf_weight=14004 7468 15239 926 505 16296 1571 85184 28146 397 1138 228 58 60 107 580 18765 161 7258 78 1447 18566 75 488 252 3118 8033 174 2226 10211 249
leaf_count=14004 7468 15239 926 505 16296 1571 85184 28146 397 1138 228 58 60 107 580 18765 161 7258 78 1447 18566 75 488 252 3118 8033 174 2226 10211 249
internal_value=-2.45886e-06 5.1754e-06 0.000130354 -3.51319e-05 -7.87075e-05 -1.51955e-05 -5.41333e-05 6.0242e-05 0.000280683 2.0603e-06 -3.58071e-05 0.00139871 -0.000823349 0.000437756 -4.42978e-05 6.69698e-05 -8.9112e-05 -9.31012e-05 -0.000375836 -0.00111162 0.000228406 -4.5763e-05 0.000829584 -0.000578647 0.000669068 -6.03107e-05 3.51152e-05 -0.000190745 -4.61904e-05 0.000522092
internal_weight=243008 235540 32966 17727 16801 202574 133610 68964 14401 54563 50200 346 118 4363 132039 37911 94128 93967 8783 1525 19146 49854 815 327 3225 49039 28320 20719 12686 2475
internal_count=243008 235540 32966 17727 16801 202574 133610 68964 14401 54563 50200 346 118 4363 132039 37911 94128 93967 8783 1525 19146 49854 815 327 3225 49039 28320 20719 12686 2475
is_linear=0
shrinkage=0.05


Tree=55
num_leaves=31
num_cat=0
split_feature=8 2 5 5 8 5 1 2 2 2 5 1 0 8 1 2 7 4 7 4 7 2 7 2 7 1 0 5 5 7
split_gain=0.294996 0.748712 0.425266 0.284285 0.216553 0.469979 0.628176 0.456371 0.443424 0.341416 0.428936 0.423565 0.303878 0.303765 0.622804 0.490915 0.497053 0.299284 0.293131 0.329484 0.28181 0.293692 0.513893 0.325345 0.396042 0.309593 0.341912 0.286142 0.279979 0.316499
threshold=0.028128238813278937 -0.079512142350037604 45.265795872479679 19.266677450169983 0.12138728306157888 38.996138985599494 -0.039338447049300389 -0.098033306191389544 -0.047161811526612189 -0.01707905308548496 29.067012967534016 0.084682452919086951 0.031287819046925576 0.23990257488140768 -0.061035153032127247 0.048419569759873833 0.039377783768409065 -0.51394421803130874 0.032409995344527154 0.18482874891009834 0.077720058215111104 0.62892149821455134 0.067165321492948973 0.38095591951228175 0.035793533976116412 0.30827411268341337 0.11349887488409184 84.482758572136376 61.243144412375635 0.060550729675890057
decision_type=2 2 2 2 2 2 2 2 2 2 2 2 2 2 2 2 2 2 2 2 2 2 2 2 2 2 2 2 2 2
left_child=1 2 -1 -2 5 8 7 -7 -5 10 -6 28 -8 14 15 17 -17 -11 -16 -20 21 23 25 27 -25 -23 -27 -15 -12 -30
right_child=3 -3 -4 4 9 6 12 -9 -10 13 11 -13 -14 20 18 16 -18 -19 19 -21 -22 22 -24 24 -26 26 -28 -29 29 -31
leaf_value=0.00037236831740871095 -0.00031785236657144597 -0.00070651626658055193 -0.0022053152563504554 8.2161908296448865e-05 -0.00021035225134179386 -0.00059898935210396433 -0.00074517315586479179 0.00054885609779737026 -0.00064514407114583667 -0.00087506539492017551 8.7446084964724956e-05 0.00066299181334173135 0.00054440125669466988 -3.3157068922825436e-05 -0.00030764093657826576 0.0044212466394439268 -0.00030500120075069342 0.0010861403403853041 -0.00041135197238377106 -0.0017843044673327313 -0.00086065871126170127 -0.00081855166977870151 -0.0027258688170439822 0.0021535677478020008 0.00030042714478368252 0.0045072991060147033 -0.00092259092628955855 0.00059891541764651708 0.00075493718773368039 -0.0016653964512023285
leaf_weight=13011 7891 1961 162 19571 9833 1357 6942 2393 2347 345 53864 3715 489 100601 6517 161 85 446 963 800 988 280 273 317 3186 69 50 1823 2436 143
leaf_count=13011 7891 1961 162 19571 9833 1357 6942 2393 2347 345 53864 3715 489 100601 6517 161 85 446 963 800 988 280 273 317 3186 69 50 1823 2436 143
internal_value=-8.78751e-06 0.000204979 0.000340668 -2.29839e-05 -1.24072e-05 -0.000130287 -0.000394079 0.000133489 4.2813e-06 8.46922e-06 9.58079e-05 0.000145851 -0.000660312 -4.38209e-05 -0.000317705 0.000837432 0.00278819 0.000230747 -0.000462376 -0.00103436 -2.01026e-05 -1.2312e-05 -0.00105429 -5.70175e-06 0.000468125 8.94226e-05 0.00222583 -2.19071e-05 0.000111813 0.000620735
internal_weight=243019 15134 13173 227885 219994 33099 11181 3750 21918 186895 69991 60158 7431 116904 9317 1037 246 791 8280 1763 107587 106599 672 105927 3503 399 119 102424 56443 2579
internal_count=243019 15134 13173 227885 219994 33099 11181 3750 21918 186895 69991 60158 7431 116904 9317 1037 246 791 8280 1763 107587 106599 672 105927 3503 399 119 102424 56443 2579
is_linear=0
shrinkage=0.05


Tree=56
num_leaves=31
num_cat=0
split_feature=8 5 5 6 6 4 5 8 5 1 1 0 6 0 5 8 1 0 8 6 0 4 4 1 1 6 0 6 8 6
split_gain=0.266234 0.457639 0.256567 0.328362 0.226125 0.395508 0.461427 0.393167 0.36607 0.565198 0.512985 0.297241 0.28654 0.269221 0.370196 0.294372 0.245606 0.243445 0.231691 0.284145 0.230921 0.204735 0.202492 0.289226 0.230136 0.226568 0.277588 0.196956 0.205236 0.21105
threshold=0.028128238813278937 43.137254895711038 19.266677450169983 0.80552843349249026 1.0908700809370016 -1.152174754614556 40.566037724240552 0.14583333316301006 40.954130666091586 -0.026406609219166096 0.078432768125043753 0.04583700913075462 1.0000000180025095e-35 0.011562711308897302 50.134892189109912 0.84321774837815366 -0.16626502839511662 0.057547744571510247 0.68274706879266034 0.7849853826042188 0.0037535189250086369 -0.072904695361111091 -0.59998542319257686 -0.0029541058591134313 0.019265935619785516 0.37362226106190849 -0.0054249547920433563 0.59983304205777443 0.12429378501814077 0.67910133107914195
decision_type=2 2 2 2 2 2 2 2 2 2 2 2 2 2 2 2 2 2 2 2 2 2 2 2 2 2 2 2 2 2
left_child=1 -1 3 -2 5 6 16 8 10 20 11 22 -9 -14 15 17 -4 -15 19 -19 -10 -16 24 -24 25 26 -7 -25 29 -29
right_child=2 -3 4 -5 -6 7 -8 12 9 -11 -12 -13 13 14 21 -17 -18 18 -20 -21 -22 -23 23 27 -26 -27 -28 28 -30 -31
leaf_value=0.0002496176153708651 7.0066632063263566e-06 -0.0011825814355538099 -0.0021237313445920175 -0.00063866440251879092 6.1993879249334135e-05 0.0033435642740362401 0.0045821327702505153 0.0036984900236487965 -0.00023195391966454278 -0.00079696959724990927 0.0032185018645169957 0.0018584721076650862 2.6769672502788145e-05 -2.1293631708542702e-05 -0.0010820789290623088 0.0027598442911932418 0.00077802963081239794 0.0031682491547134536 0.0042679640798355045 1.113602819997573e-05 0.0006529296719438826 -0.00028295405620070005 -0.00054285573283045774 -0.00051294293206698626 0.0031007956703736758 -4.4581668092153789e-05 0.00029482131422092582 0.00094305447559048033 0.00092779734336771421 -0.00024549418129406837
leaf_weight=14554 4115 580 78 3776 70547 109 77 52 3073 5547 116 189 90924 11778 854 99 1120 93 53 305 970 13037 5436 1317 60 10779 237 464 765 1915
leaf_count=14554 4115 580 78 3776 70547 109 77 52 3073 5547 116 189 90924 11778 854 99 1120 93 53 305 970 13037 5436 1317 60 10779 237 464 765 1915
internal_value=-8.34814e-06 0.00019473 -2.18347e-05 -0.00030196 -1.17868e-05 -4.66153e-05 0.000830248 -5.41606e-05 -0.000212581 -0.000469264 -9.7483e-05 -0.000115566 -1.22869e-05 -1.39341e-05 -0.00015509 4.43441e-05 0.0005891 2.23607e-05 0.00116241 0.000748853 -1.96519e-05 -0.000332083 -0.000133264 -0.000297998 1.25009e-05 -4.15502e-06 0.00125526 3.75487e-07 0.000215401 -1.36797e-05
internal_weight=243019 15134 227885 7891 219994 149447 1275 148172 30977 9590 21387 21271 117195 117143 26219 12328 1198 12229 451 398 4043 13891 21082 9897 11185 11125 346 4461 3144 2379
internal_count=243019 15134 227885 7891 219994 149447 1275 148172 30977 9590 21387 21271 117195 117143 26219 12328 1198 12229 451 398 4043 13891 21082 9897 11185 11125 346 4461 3144 2379
is_linear=0
shrinkage=0.05


Tree=57
num_leaves=31
num_cat=0
split_feature=2 4 4 6 0 7 1 7 1 7 0 0 4 1 6 7 2 2 4 1 2 7 6 6 0 6 0 7 7 2
split_gain=0.220671 0.485258 0.425085 0.428706 0.409452 0.389514 0.330163 0.346138 0.645096 0.44553 0.373149 0.316095 0.304617 0.313795 0.515533 0.434022 0.474768 0.34327 0.320503 0.288603 0.264569 0.263919 0.255095 0.336337 0.253329 0.365848 0.315051 0.295052 0.275659 0.269456
threshold=-0.047161811526612189 -0.24159074110077769 -0.48867037453833745 0.75139022555422907 -0.042964565788447644 0.012119278765177847 0.14772034239138801 0.053767806459497858 -0.084658505191336206 0.037986561528391354 -0.028497184246183745 0.036469914577279446 -0.6315238606174105 -0.031689129380867702 1.4803082305689002 0.035078014716766331 0.081891595086295191 0.15275545713381836 0.58075004025977928 0.022738193806995603 -0.10505800400247149 0.050957540431235605 0.40915420539390146 0.44851262284686472 -0.022539393926033709 1.4381641382891444 0.029740524453587661 0.054567611694882785 0.025980973375230466 -0.27567323123752668
decision_type=2 2 2 2 2 2 2 2 2 2 2 2 2 2 2 2 2 2 2 2 2 2 2 2 2 2 2 2 2 2
left_child=1 2 5 4 -4 20 7 8 -3 -10 -11 21 -2 14 15 16 -14 -17 -19 24 -1 -12 -18 -24 25 -7 28 -27 -26 -30
right_child=12 6 3 -5 -6 19 -8 -9 9 10 11 -13 13 -15 -16 17 22 18 -20 -21 -22 -23 23 -25 26 27 -28 -29 29 -31
leaf_value=-0.0017756614785871606 -0.0003163025716582777 0.0059320010667137223 0.0035402552257437492 2.1551823947040764e-05 -0.0004726215249477476 0.00033040062915304407 0.0016141526347065119 -0.0006150892170213155 0.00017364587395332962 -0.00072141591814215648 0.0012669145919515282 8.882493965300722e-05 0.00013802949671407703 -6.2192566279419112e-05 0.0011897496966676814 -0.00033772647635578625 -0.0015828841947950424 0.0003539200304810493 -0.0030193529620495003 0.0010510192105653863 -0.00033614545913984701 0.003732859260193875 0.0048754262045154718 0.00095056882811289439 8.0264927869626337e-05 -0.00033920015917164397 0.00057627759088393893 0.0015140820576252181 0.00053496564295844179 -0.00025670909592520488
leaf_weight=394 9802 51 64 10225 9396 15505 461 1063 12528 320 1679 586 9112 111984 1114 7216 96 3200 72 767 1681 116 56 2159 22239 3454 2258 229 1164 14028
leaf_count=394 9802 51 64 10225 9396 15505 461 1063 12528 320 1679 586 9112 111984 1114 7216 96 3200 72 767 1681 116 56 2159 22239 3454 2258 229 1164 14028
internal_value=-7.93073e-06 4.99255e-05 -5.71556e-07 -0.000202886 -0.000445473 6.39557e-05 0.00029455 0.000257327 0.000318019 0.000299218 0.000881658 0.00109711 -4.71677e-05 -2.76278e-05 0.000140481 8.71337e-05 0.000300365 -0.000145107 0.000279692 8.73844e-05 -0.00060948 0.00142627 0.000940435 0.0010498 7.48309e-05 0.000223994 2.71691e-06 -0.000223968 -3.18828e-05 -0.000196052
internal_weight=243019 98208 81404 19685 9460 61719 16804 16343 15280 15229 2701 2381 144811 135009 23025 21911 11423 10488 3272 59644 2075 1795 2311 2215 58877 19188 39689 3683 37431 15192
internal_count=243019 98208 81404 19685 9460 61719 16804 16343 15280 15229 2701 2381 144811 135009 23025 21911 11423 10488 3272 59644 2075 1795 2311 2215 58877 19188 39689 3683 37431 15192
is_linear=0
shrinkage=0.05


Tree=58
num_leaves=31
num_cat=0
split_feature=8 5 0 4 7 7 1 4 5 5 7 8 8 7 5 4 7 0 0 0 1 5 0 8 5 4 1 1 5 5
split_gain=0.232436 0.411467 0.250919 0.291255 0.221621 0.293587 0.201696 0.443863 0.543648 0.395294 0.415022 0.394881 0.339823 0.346969 0.406528 0.356089 0.293367 0.378662 0.286607 0.239254 0.224021 0.216065 0.214589 0.311846 0.29278 0.24783 0.286604 0.266307 0.270516 0.373585
threshold=0.011208420088658947 33.275731712176366 -0.082462922800560709 -1.103979381114683 0.044505438662289863 0.030327041871411622 0.051334914780781345 -0.40937577231579697 29.596593363839933 26.785714274553552 0.044118199314832476 0.12138728306157888 0.50792122841537224 0.050363045501952329 70.493334245809038 -0.36220966231674773 0.067165321492948973 0.026446974345611721 0.044363420790256132 0.029740524453587661 0.08937869053273674 33.041438557035647 -0.034883720930232558 0.049623330523253122 51.108365948793519 0.38823183167207992 0.0075005860290670032 0.030202599002990608 64.012235258823921 64.522987439129068
decision_type=2 2 2 2 2 2 2 2 2 2 2 2 2 2 2 2 2 2 2 2 2 2 2 2 2 2 2 2 2 2
left_child=1 2 3 -1 5 -3 22 9 19 -8 -11 -10 13 15 21 -13 -14 -18 -19 -9 -20 -15 23 -2 -25 27 -27 28 -26 -30
right_child=6 4 -4 -5 -6 -7 7 8 11 10 -12 12 16 14 -16 -17 17 18 20 -21 -22 -23 -24 24 25 26 -28 -29 29 -31
leaf_value=0.0011478643896142868 0.00058285830653639513 -0.00021204494027096994 0.00040046967398820892 0.0052978459135014219 0.0019007643713848665 -0.0019647204054514611 -0.00056052497933985884 -0.0010121890831318785 -0.0014365971124618683 0.004430781368756239 0.00053676301711278059 0.0032161325963489633 2.4548452740580949e-05 -0.001660543268267897 -0.0015908587411724668 0.00019183101964902061 5.339400116645266e-05 -0.0041523280066675166 -0.0042761788085604524 -0.003755325213785762 -0.00076778531181064739 0.0015235006440498771 -5.5024860075332325e-05 -0.00013507656169469461 0.0004361108528525242 -0.0012669183177885747 0.00029441573757345107 -0.0011951668619903186 0.005368372416123748 0.0011725086946925963
leaf_weight=209 3091 859 5060 53 88 331 130 280 424 161 119 98 26350 56 129 14245 600 103 52 111 364 1097 173819 9622 3584 475 771 220 60 458
leaf_count=209 3091 859 5060 53 88 331 130 280 424 161 119 98 26350 56 129 14245 600 103 52 111 364 1097 173819 9622 3584 475 771 220 60 458
internal_value=-7.53419e-06 0.000285131 0.000478592 0.00198736 -0.000520502 -0.000699554 -1.57044e-05 8.04449e-05 6.51546e-05 0.00171796 0.00277582 8.18312e-05 9.67709e-05 0.000282937 0.00107104 0.000212495 -9.12435e-06 -0.000802045 -0.00179099 -0.00179093 -0.00120633 0.00136885 -3.78868e-05 0.000125065 3.1909e-05 0.000320475 -0.000300796 0.000499583 0.000590476 0.00165852
internal_weight=243019 6600 5322 262 1278 1190 236419 44319 43909 410 280 43518 43094 15625 1282 14343 27469 1119 519 391 416 1153 192100 18281 15190 5568 1246 4322 4102 518
internal_count=243019 6600 5322 262 1278 1190 236419 44319 43909 410 280 43518 43094 15625 1282 14343 27469 1119 519 391 416 1153 192100 18281 15190 5568 1246 4322 4102 518
is_linear=0
shrinkage=0.05


Tree=59
num_leaves=31
num_cat=0
split_feature=2 4 4 6 7 1 7 1 7 5 6 5 2 2 7 5 5 5 4 5 2 7 1 6 5 7 2 2 6 3
split_gain=0.195932 0.435582 0.377949 0.386156 0.352495 0.28896 0.316347 0.581894 0.39858 0.398358 0.441762 0.355487 0.298902 0.342077 0.419208 0.311565 0.271579 0.3216 0.270771 0.52843 0.267698 0.26868 0.260234 0.460876 0.404858 0.362344 0.455637 0.299919 0.25798 0.281886
threshold=-0.047161811526612189 -0.24159074110077769 -0.48867037453833745 0.75139022555422907 0.012702837865011482 0.14772034239138801 0.053767806459497858 -0.084658505191336206 0.037986561528391354 43.521594664142803 0.49741778775181861 33.041438557035647 -0.13613139638830982 -0.083333333333333301 0.050363045501952329 67.249062291720776 58.256019306050895 40.17955251691734 -0.64428495247955342 35.05814643885163 -0.10212853931793479 0.046166757278751407 -0.031689129380867702 1.4803082305689002 66.666666605054488 0.035078014716766331 0.075838014981273419 0.15652103262308972 1.3071020551078805 1.0000000180025095e-35
decision_type=2 2 2 2 2 2 2 2 2 2 2 2 2 2 2 2 2 2 2 2 2 2 2 2 2 2 2 2 2 2
left_child=1 2 4 -4 -1 6 7 -3 -9 10 -10 -12 -11 14 -14 -15 17 -7 19 -2 -13 -22 23 25 -25 26 -20 -27 29 -28
right_child=18 5 3 -5 -6 16 -8 8 9 12 11 20 13 15 -16 -17 -18 -19 22 -21 21 -23 -24 24 -26 27 28 -29 -30 -31
leaf_value=-0.00050223687023592193 -0.0007598475052816592 0.0056342112224585586 -0.00042148575170396262 2.1757516383936525e-05 8.5740293150202805e-05 -0.0014098689448603962 -0.00058972724566606525 0.00016569518467540341 0.0063396004075184469 -0.00072878160949109037 -0.001803355207792609 0.0026477705838490787 0.0011738003640251312 -0.00021791373633296311 0.0052969013036036974 0.0037529636749927446 -0.0010573378583926354 0.0026964444215220873 0.00010224883646870359 5.8358696889734294e-06 0.0015345291342972625 -0.0022318970193737188 -5.7736355766697797e-05 0.00086984480016331618 0.0047969621311079076 -0.00030951111270377855 0.0014463680516644496 0.00027233674230889423 0.0036003585867667911 0.0003473189883662403
leaf_weight=2664 3788 51 9460 10225 59055 56 1063 12528 50 420 74 403 660 727 68 53 84 321 9029 5562 182 64 112182 1051 70 7415 943 3158 83 1530
leaf_count=2664 3788 51 9460 10225 59055 56 1063 12528 50 420 74 403 660 727 68 53 84 321 9029 5562 182 64 112182 1051 70 7415 943 3158 83 1530
internal_value=-7.15748e-06 4.73592e-05 -4.83399e-07 -0.000191251 6.03612e-05 0.000279124 0.000244301 0.000302323 0.000284467 0.000835364 0.00179434 0.00148001 0.000450878 0.000779431 0.00155893 5.19023e-05 0.00151364 0.00208649 -4.41296e-05 -0.000304368 0.00185438 0.000554646 -2.6167e-05 0.000125966 0.00111507 7.59262e-05 0.000269086 -0.000135722 0.000858432 0.000766406
internal_weight=243019 98208 81404 19685 61719 16804 16343 15280 15229 2701 773 723 1928 1508 728 780 461 377 144811 9350 649 246 135461 23279 1121 22158 11585 10573 2556 2473
internal_count=243019 98208 81404 19685 61719 16804 16343 15280 15229 2701 773 723 1928 1508 728 780 461 377 144811 9350 649 246 135461 23279 1121 22158 11585 10573 2556 2473
is_linear=0
shrinkage=0.05


Tree=60
num_leaves=31
num_cat=0
split_feature=8 6 2 4 3 2 5 1 5 4 8 4 1 8 3 2 4 5 5 8 1 2 1 1 5 2 8 8 2 5
split_gain=0.220365 0.237294 0.211596 0.198066 0.19976 0.255435 0.250055 0.195838 0.323004 0.679571 0.300842 0.429031 0.347373 0.248864 0.462001 0.508608 0.420894 0.381866 0.423183 0.436181 0.395857 0.475732 0.319225 0.280367 0.347911 0.279939 0.597 0.274285 0.450469 0.274345
threshold=1.0000000180025095e-35 1.297988045869902 -0.25207000854617878 1.1242229515059758 1.0000000180025095e-35 0.38095591951228175 84.482758572136376 0.12520000204802098 38.202247186703467 -0.052123878845788917 0.6220232948768315 0.716762341856365 0.22065135535272154 0.62662341921015485 1.0000000180025095e-35 -0.012316357799458553 0.73789437775408862 66.366207046422261 45.454545425547316 0.10638297854825472 -0.013201085899931351 0.14211113284583912 -0.0034942635958010167 -0.056406786931524892 31.376252093770287 0.03163888812977423 0.27332787758289451 0.17413946928230056 0.048419569759873833 61.926249259551689
decision_type=2 2 2 2 2 2 2 2 2 2 2 2 2 2 2 2 2 2 2 2 2 2 2 2 2 2 2 2 2 2
left_child=1 2 -1 7 5 -5 -7 13 -9 -10 12 -12 -11 14 17 -16 23 18 22 -20 21 27 -2 24 -15 -19 -27 28 -21 -29
right_child=3 -3 -4 4 -6 6 -8 8 9 10 11 -13 -14 16 15 -17 -18 25 19 20 -22 -23 -24 -25 -26 26 -28 29 -30 -31
leaf_value=0.003894561114943559 -2.2249662112200391e-05 -0.00090593827252506134 0.00094429187284966916 -7.5421587656441692e-05 -0.00050997510335216978 0.003904614686667 -0.00039608488632125201 -0.0019987318830328822 0.0039051780793670334 0.00046710097442632486 -0.00098872919954513393 0.00021677932428351525 0.0023756220666106302 -0.0030842603785136056 0.00034157753980062756 -0.00048471231920346031 -0.00018508639318243992 0.00071154195287407478 -0.00064545085125364895 0.0003322252754908432 -0.00020374340077000067 0.0014210237891958725 0.00017682112564530156 0.00013166867534090745 0.00069871143965041761 -0.0014747144468755036 0.00026216061692020692 -0.00013530392160320716 0.003003224454247781 0.00069135807312103461
leaf_weight=68 77107 158 572 3504 3807 81 58 157 128 2551 901 4081 263 62 2296 9860 10514 2870 4025 2614 31782 658 27257 35832 3082 539 6025 10750 168 1107
leaf_count=68 77107 158 572 3504 3807 81 58 157 128 2551 901 4081 263 62 2296 9860 10514 2870 4025 2614 31782 658 27257 35832 3082 539 6025 10750 168 1107
internal_value=-1.60224e-07 0.000829357 0.00125776 -2.89468e-06 -0.000256705 7.96696e-06 0.00211008 5.16437e-06 0.000247031 0.000291527 0.000232195 -1.23817e-06 0.000645474 -3.46305e-06 -3.11689e-05 -0.000328644 9.56589e-05 -9.24005e-06 -2.79831e-05 -0.000145869 -0.000103157 0.000105827 2.97421e-05 0.000171392 0.000624111 0.000299637 0.000119538 4.67105e-05 0.000493522 -5.81246e-05
internal_weight=242877 798 640 242079 7450 3643 139 234629 8081 7924 7796 4982 2814 226548 177058 12156 49490 164902 155468 51104 47079 15297 104364 38976 3144 9434 6564 14639 2782 11857
internal_count=242877 798 640 242079 7450 3643 139 234629 8081 7924 7796 4982 2814 226548 177058 12156 49490 164902 155468 51104 47079 15297 104364 38976 3144 9434 6564 14639 2782 11857
is_linear=0
shrinkage=0.05


Tree=61
num_leaves=31
num_cat=0
split_feature=8 6 2 1 2 0 8 0 0 0 6 2 0 6 2 5 8 2 0 8 2 1 0 1 6 8 1 5 6 2
split_gain=0.19888 0.214158 0.199154 0.165989 0.166662 0.27488 0.159342 0.316609 0.149845 0.30451 0.141242 0.138271 0.226541 0.13437 0.203457 0.347107 0.673666 0.234199 0.2922 0.27708 0.447836 0.25087 0.333657 0.247566 0.245772 0.254613 0.237243 0.418431 0.227582 0.22074
threshold=1.0000000180025095e-35 1.297988045869902 -0.0885145225282543 0.30827411268341337 0.33376870777312212 0.015308246839771058 0.88027924997074358 0.02464111707256034 0.11349887488409184 0.1429206779565684 2.2420523108586465 -0.25207000854617878 -0.049969616320207848 0.85802659339587795 -0.31758666397498259 22.908728712451943 0.18909945797238706 -0.083333333333333301 0.044363420790256132 0.28390098962026478 -0.17756418373279928 0.082498860528714704 0.039518047683432596 -0.12864256645501651 1.1585163365394042 0.3420572528806245 0.004643441855221587 34.181496539818149 1.7713755256410242 -0.10505800400247149
decision_type=2 2 2 2 2 2 2 2 2 2 2 2 2 2 2 2 2 2 2 2 2 2 2 2 2 2 2 2 2 2
left_child=1 2 11 13 5 -5 7 -6 -8 -10 -7 -1 -13 -2 -15 16 28 18 19 -17 23 22 -22 -21 25 -23 29 -28 -16 -20
right_child=3 -3 -4 4 6 10 8 -9 9 -11 -12 12 -14 14 15 17 -18 -19 26 20 21 24 -24 -25 -26 -27 27 -29 -30 -31
leaf_value=0.0036998329873313197 -3.9163710463904461e-05 -0.00086064134862405084 -0.00075187093771592539 0.00099919666095185243 -0.00074422573088668293 -0.0044138775644042699 6.1545749996551891e-05 0.0029779302433958835 -0.0050666179489300429 -0.00068340603993303931 -0.001605742482960848 -0.0012710956792021809 0.0017637746708948189 0.00072305475855701158 3.2138177294738038e-06 0.00022530662382795288 -0.0014366630159413491 1.6822579183907803e-05 0.0017499418696468013 0.0011753942312357287 -9.2098504150307965e-05 0.0025075960518984963 -0.003233714851024882 -0.0022346690766464738 0.0029395443114180286 -0.0017893007138969981 -0.0016166388474138215 0.00076437655934474976 -0.00084410602893283124 -0.00020858559418630959
leaf_weight=68 115348 158 109 66 139 76 228 97 53 157 109 73 390 1067 6136 16934 1100 93839 733 62 2959 58 87 376 133 85 231 917 910 179
leaf_count=68 115348 158 109 66 139 76 228 97 53 157 109 73 390 1067 6136 16934 1100 93839 733 62 2959 58 87 376 133 85 231 917 910 179
internal_value=-1.52213e-07 0.000787889 0.00119487 -2.74995e-06 -0.000671259 -0.00177105 -0.000261693 0.000785643 -0.000826012 -0.00178965 -0.00275935 0.00159448 0.00128527 -1.85731e-07 3.55521e-05 2.96713e-05 -0.000285876 5.17176e-05 0.000195627 0.000139095 -0.000249177 -5.10365e-05 -0.00018183 -0.00175197 0.00139243 -4.65034e-05 0.000763524 0.00028527 -0.000106219 0.00136554
internal_weight=242877 798 640 242079 925 251 674 236 438 210 185 531 463 241154 125806 124739 8146 116593 22754 20694 3760 3322 3046 438 276 143 2060 1148 7046 912
internal_count=242877 798 640 242079 925 251 674 236 438 210 185 531 463 241154 125806 124739 8146 116593 22754 20694 3760 3322 3046 438 276 143 2060 1148 7046 912
is_linear=0
shrinkage=0.05


Tree=62
num_leaves=31
num_cat=0
split_feature=7 6 5 6 8 6 6 7 5 0 8 1 5 5 7 1 6 5 1 7 1 7 0 5 8 7 7 8 7 0
split_gain=0.182324 0.421989 0.285372 0.224413 0.19407 0.172721 0.118512 0.195099 0.224843 0.218323 0.185237 0.404707 0.393476 0.419387 0.334165 0.330537 0.265107 0.256966 0.25345 0.324715 0.387842 0.249591 0.246951 0.324569 0.292122 0.381913 0.230605 0.253568 0.358976 0.298144
threshold=0.071677339871725684 0.43453375902553387 30.885087825850508 2.0143858468337923 1.0000000180025095e-35 1.297988045869902 0.80203975169333352 0.01538438913486005 69.802963771108764 0.020513843407005464 0.53421780194788548 0.078432768125043753 35.906642723264213 77.251957151867614 0.056265833347934897 0.054932773178263956 0.54021712716967074 66.666666605054488 0.030202599002990608 0.022298527102068314 0.040701126465741651 0.035619151432045935 0.02464111707256034 40.566037724240552 0.34595412576035328 0.040630467016447305 0.057281228134583133 0.38940005575002684 0.037775218429025453 -0.027074888518308301
decision_type=2 2 2 2 2 2 2 2 2 2 2 2 2 2 2 2 2 2 2 2 2 2 2 2 2 2 2 2 2 2
left_child=4 2 -2 -3 5 -1 10 8 9 -8 12 17 -6 15 -13 22 -16 -12 -19 20 -20 -15 -14 -24 25 -25 27 28 -17 -30
right_child=1 3 -4 -5 6 -7 7 -9 -10 -11 11 14 13 21 16 26 -18 18 19 -21 -22 -23 23 24 -26 -27 -28 -29 29 -31
leaf_value=0.0011551332775467662 0.0050719970873218372 -0.00033979603348977894 0.00066096743925961408 -0.0017984054073320141 5.327414675339287e-05 -0.00071715552534252179 -0.00016187684448529003 5.1875221982455828e-05 0.00043311330207321057 -0.0010055979941500563 0.00019478126573652425 -0.00035997975540004098 -0.00026170419112189536 0.00058340118023278388 0.00093530537912024647 0.00011277545612974792 -0.0029954273752454256 -0.00050293249467716229 0.0051777415398747617 2.3301260583069123e-05 0.00039439801532476784 0.0032675807285288887 0.0015835238249829271 -1.4859168130140406e-05 -0.0010211715835057907 0.0028845896754526243 0.003043526034974554 -0.00053314826667129453 -0.0020369663519086314 0.0020120982610201837
leaf_weight=632 55 3382 110 286 31147 153 11214 125784 1482 823 21029 1513 36514 277 53 1250 225 2788 72 975 103 126 413 524 462 145 77 712 50 501
leaf_count=632 55 3382 110 286 31147 153 11214 125784 1482 823 21029 1513 36514 277 53 1250 225 2788 72 975 103 126 413 524 462 145 77 712 50 501
internal_value=-1.44603e-07 -0.000342256 0.00213131 -0.000453526 5.34106e-06 0.000790216 2.7551e-06 3.24763e-05 -0.000148015 -0.000219564 -3.90843e-05 7.32853e-05 -8.07307e-05 -0.000182405 -0.000652736 -0.000198318 -0.00224604 0.000125366 -0.000245311 0.000379251 0.0023624 0.00142262 -0.000235514 0.000383869 -5.42016e-05 0.000613571 0.000348236 0.000265651 0.000581445 0.00164467
internal_weight=242877 3833 165 3668 239044 785 238259 139303 13519 12037 98956 26758 72198 41051 1791 40648 278 24967 3938 1150 175 403 38058 1544 1131 669 2590 2513 1801 551
internal_count=242877 3833 165 3668 239044 785 238259 139303 13519 12037 98956 26758 72198 41051 1791 40648 278 24967 3938 1150 175 403 38058 1544 1131 669 2590 2513 1801 551
is_linear=0
shrinkage=0.05


Tree=63
num_leaves=31
num_cat=0
split_feature=4 1 7 8 5 0 0 6 8 1 8 7 8 8 4 5 5 1 8 7 5 8 0 8 1 7 7 5 1 4
split_gain=0.181422 0.172788 0.370743 0.40657 0.6972 0.298495 0.288661 0.282305 0.275517 0.283873 0.25072 0.225074 0.218861 0.202355 0.382466 0.291727 0.49896 0.404539 0.508223 0.452901 0.385703 0.379182 0.327114 0.362565 0.353077 0.307547 0.617318 0.505197 0.367367 0.430493
threshold=1.1242229515059758 0.12520000204802098 0.056265833347934897 0.63124496673494646 70.143396265944659 -0.038864466860175799 -0.066766134006758779 0.91592406888205946 0.59092686237165826 0.22065135535272154 0.91984481964019005 0.063444468020482606 0.72112225733851221 0.62662341921015485 0.73789437775408862 45.454545425547316 66.666666605054488 -0.019644240470747306 0.15975516069555301 0.032551386634699302 52.470932262213488 0.46058208223387936 0.036469914577279446 0.17117246691772503 -0.0056230992173670327 0.038894086758186702 0.052984574168954739 79.54205205182798 -0.039338447049300389 0.79524360434193042
decision_type=2 2 2 2 2 2 2 2 2 2 2 2 2 2 2 2 2 2 2 2 2 2 2 2 2 2 2 2 2 2
left_child=1 13 5 8 7 12 -6 -5 9 -4 -8 -12 -3 15 -15 22 17 19 -19 -17 -21 -20 24 -24 -1 -18 27 28 -27 -30
right_child=-2 2 3 4 6 -7 10 -9 -10 -11 11 -13 -14 14 -16 16 25 18 21 20 -22 -23 23 -25 -26 26 -28 -29 29 -31
leaf_value=-4.8065473149904857e-05 -0.00024306241722055248 0.00029770781284539042 -0.00040785008590084483 -0.00381114731994969 0.0038343831663951279 0.00049010266755599851 -0.00075970701635511765 -0.0014232625265809141 0.0037977805076194792 0.0026558263446931959 0.0033590424885315932 -0.00013251374562104961 -0.0023126107453542194 0.00016109161803649539 -0.00017872345820906259 0.00023727519293952374 0.00011108164208124669 -0.00070420676194407454 -6.9490156429052668e-05 -0.00057053863862084684 7.1233777238174388e-05 -0.00042279572298508988 0.00093578386532839003 6.9758228687792707e-05 0.00016380314635194301 -0.0018291301967410523 -0.00087493587646287328 0.0042945753997654145 0.0019588598342172767 -0.00096722229674168223
leaf_weight=75056 7450 153 310 173 52 6037 399 435 67 100 85 101 169 38976 10514 11260 8370 5314 24327 4451 4939 11041 2034 2978 26645 97 365 141 684 154
leaf_count=75056 7450 153 310 173 52 6037 399 435 67 100 85 101 169 38976 10514 11260 8370 5314 24327 4451 4939 11041 2034 2978 26645 97 365 141 684 154
internal_value=-1.37373e-07 7.5499e-06 0.000234751 -0.000416056 -0.000891605 0.000410987 0.000264363 -0.00210271 0.000825158 0.000339388 -5.29716e-05 0.00146309 -0.0010723 -5.25938e-07 8.88989e-05 -2.54092e-05 -0.000103836 -0.000156797 -0.000248285 2.34419e-05 -0.000232976 -0.000179783 2.68764e-05 0.000421214 7.44273e-06 0.000227237 0.000901919 0.00150466 0.00108394 0.00142113
internal_weight=242877 235427 8081 1722 1245 6359 637 608 477 410 585 186 322 227346 49490 177856 71143 61332 40682 20650 9390 35368 106713 5012 101701 9811 1441 1076 935 838
internal_count=242877 235427 8081 1722 1245 6359 637 608 477 410 585 186 322 227346 49490 177856 71143 61332 40682 20650 9390 35368 106713 5012 101701 9811 1441 1076 935 838
is_linear=0
shrinkage=0.05


Tree=64
num_leaves=31
num_cat=0
split_feature=4 3 2 5 0 6 8 6 2 4 4 9 5 2 4 6 5 4 8 6 2 2 5 5 6 6 5 4 0 8
split_gain=0.163734 0.17629 0.227988 0.224037 0.176034 0.238533 0.426474 0.54551 0.179718 0.200104 0.16945 0.197552 0.162701 0.204405 0.236568 0.335006 0.232109 0.187544 0.161027 0.175418 0.179937 0.159706 0.150912 0.286741 0.196369 0.266992 0.167258 0.157401 0.16332 0.147866
threshold=1.1242229515059758 1.0000000180025095e-35 0.38095591951228175 84.482758572136376 0.096575722876211204 3.5032497005835279 0.88641975144490182 4.1479023905092633 0.41205319839636184 1.1555044716198937 1.2805273336696275 1.0000000180025095e-35 84.482758572136376 0.27550745749386335 0.85750616055080864 1.1860679818326283 89.306639583675164 0.94587074597536269 1.0000000180025095e-35 1.297988045869902 -0.0885145225282543 0.41205319839636184 78.712886899614716 84.482758572136376 3.5032497005835279 2.2420523108586465 75.949367021310749 1.5501577760312357 0.1429206779565684 0.23675910151107435
decision_type=2 2 2 2 2 2 2 2 2 2 2 2 2 2 2 2 2 2 2 2 2 2 2 2 2 2 2 2 2 2
left_child=12 2 29 -4 5 8 7 -7 9 -3 11 -10 18 -14 16 17 21 -16 19 20 -1 -15 26 -24 25 -25 27 28 -6 -2
right_child=1 4 3 -5 22 6 -8 -9 10 -11 -12 -13 13 14 15 -17 -18 -19 -20 -21 -22 -23 23 24 -26 -27 -28 -29 -30 -31
leaf_value=0.0014605321240455278 -0.0017933732317369274 -0.0013644545363770519 0.0037023033357489808 -0.00036850990145467224 -0.0013781682553029658 0.005979416482905682 -0.00099323403206202682 -7.145883492194116e-05 -0.00312023756133082 -0.00010316370054463886 -0.003704581492735694 0.0004825612982341017 0.00087270653543786646 -0.0017373592934680283 0.0007479955617796689 -0.00023942732795654187 -0.0032668231998717319 0.0045344451536520327 8.7405720368777148e-07 -0.00077964109505852396 -0.00076974673210557796 0.00084954010118060749 0.0012019922241111171 -0.0008363097702745164 0.00091572909969491541 -0.0053751676671068976 -0.0035745334641363192 -0.0025848006511116927 0.0011348475054546725 -1.5225553695180433e-07
leaf_weight=531 119 372 81 58 198 74 129 75 60 2033 75 104 1193 111 63 360 95 68 232610 158 109 129 169 81 54 54 91 142 96 3385
leaf_count=531 119 372 81 58 198 74 129 75 60 2033 75 104 1193 111 63 360 95 68 232610 158 109 129 169 81 54 54 91 142 96 3385
internal_value=-1.30503e-07 -0.000230909 1.77288e-05 0.00200369 -0.000468836 -0.000281721 0.00111148 0.00293367 -0.000428207 -0.000298257 -0.00173586 -0.000835536 7.17241e-06 0.000454089 -0.000150523 0.000548416 -0.00117494 0.00271348 3.30653e-06 0.000712352 0.00108069 -0.000346901 -0.00108663 -0.000294453 -0.00163254 -0.00265185 -0.00162477 -0.00121783 -0.000557592 -6.10522e-05
internal_weight=242877 7450 3643 139 3807 2922 278 149 2644 2405 239 164 235427 2019 826 491 335 131 233408 798 640 240 885 358 189 135 527 436 294 3504
internal_count=242877 7450 3643 139 3807 2922 278 149 2644 2405 239 164 235427 2019 826 491 335 131 233408 798 640 240 885 358 189 135 527 436 294 3504
is_linear=0
shrinkage=0.05


Tree=65
num_leaves=31
num_cat=0
split_feature=2 7 2 8 8 6 6 2 4 2 7 4 8 7 1 8 8 1 1 7 3 4 6 2 8 4 6 4 6 2
split_gain=0.221342 0.223944 0.472032 0.345738 0.258771 0.692009 0.428498 0.376229 0.333487 0.217041 0.531543 0.37213 0.53486 0.550913 0.432989 0.37871 0.355413 0.41971 0.284759 0.451358 0.588431 0.213812 0.319259 0.242031 0.199204 0.281729 0.194491 0.240368 0.226895 0.292836
threshold=0.62892149821455134 0.077720058215111104 0.25432666432666434 0.12960102145940836 0.41017286360581923 0.71855125399099495 1.297988045869902 -0.13613139638830982 -0.062389311864069132 0.31683060460597762 0.036566853981545168 0.68561011742785227 0.80984869586696073 0.069408018574912619 0.10302083141397368 0.65878667938789259 0.91228226477544194 0.094332147502103961 0.13531219030070421 0.035267825808477489 1.0000000180025095e-35 -1.2193460406102437 1.2079852650449947 -0.35898021831023708 0.52492032300808267 -0.31193592615689131 1.0474041886554344 -0.7611497054706734 0.69243038632376352 -0.089854007742743422
decision_type=2 2 2 2 2 2 2 2 2 2 2 2 2 2 2 2 2 2 2 2 2 2 2 2 2 2 2 2 2 2
left_child=1 9 3 -3 5 -5 8 -7 24 21 16 12 -12 14 -14 -13 18 -18 19 20 -11 22 -1 -23 -6 -26 27 28 29 -25
right_child=-2 2 -4 4 6 7 -8 -9 -10 10 11 15 13 -15 -16 -17 17 -19 -20 -21 -22 23 -24 26 25 -27 -28 -29 -30 -31
leaf_value=0.00088167542870069685 -0.00075726707973727174 -0.0010132482894556108 -0.0020084700083877415 0.0049197097607380294 -0.0045923837856737095 -0.0012166501963454008 0.0037782344399866735 0.0034918292636324749 0.00094787755524891072 0.0040620272533528302 -3.9323543118710185e-05 -0.0031537433293521069 0.0016000637981240591 0.0066231701532378801 -0.0021411050717074962 -0.00016313714216785607 7.4481715090150228e-05 0.0036407239705157123 -0.0010465859842312697 0.0052989058241154621 -0.0006814368499153602 0.00095771425263147512 -4.7371246759510202e-05 0.00052243838717007352 0.00149368828139044 -0.0037628457592800259 5.305700082275223e-05 -7.0908213284177801e-05 -3.3312484067352272e-05 -2.1525097524536086e-05
leaf_weight=1688 966 546 428 110 67 158 55 58 123 90 1395 110 768 50 86 2812 119 269 182 61 239 646 2045 5620 52 50 77406 128927 13030 4420
leaf_count=1688 966 546 428 110 67 158 55 58 123 90 1395 110 768 50 86 2812 119 269 182 61 239 646 2045 5620 52 50 77406 128927 13030 4420
internal_value=-1.91983e-06 1.10019e-06 -0.000579942 -7.83745e-05 0.000680082 0.00169161 -0.000270226 4.76637e-05 -0.00103278 5.0882e-06 0.000297533 9.87096e-05 0.000574605 0.00152198 0.00122332 -0.00027572 0.00137885 0.00254695 0.000586492 0.0013486 0.000616167 -2.64381e-06 0.000372728 -8.73496e-06 -0.00247432 -0.00108304 -1.14565e-05 -4.43106e-05 0.00010433 0.000282964
internal_weight=242576 241610 1647 1219 673 326 347 216 292 239963 6181 5221 2299 904 854 2922 960 388 572 390 329 233782 3733 230049 169 102 229403 151997 23070 10040
internal_count=242576 241610 1647 1219 673 326 347 216 292 239963 6181 5221 2299 904 854 2922 960 388 572 390 329 233782 3733 230049 169 102 229403 151997 23070 10040
is_linear=0
shrinkage=0.05


Tree=66
num_leaves=31
num_cat=0
split_feature=2 6 6 0 0 8 1 4 8 8 6 4 6 0 2 6 0 8 2 4 4 8 2 4 4 1 2 4 1 0
split_gain=0.199761 0.179792 0.232786 0.221589 0.257151 0.193128 0.20305 0.247229 0.187682 0.181506 0.175879 0.172357 0.253348 0.192205 0.188072 0.188016 0.358255 0.704464 0.284961 0.239206 0.278437 0.353766 0.296005 0.234606 0.452123 0.227644 0.226222 0.216404 0.205641 0.224371
threshold=0.62892149821455134 1.1651820855691091 1.6329007237286484 -0.013876648903914155 0.086565941684959583 0.71626958055883005 0.22065135535272154 0.81921488451151692 0.95219575152055658 0.7725118477920534 1.4512193751766955 -1.2193460406102437 1.1515824801633496 -0.066766134006758779 -0.10794981035446453 1.0908700809370016 -0.062429421260253352 0.25287132593951461 -0.19970563899514379 0.83158300722042233 -0.59404647005180145 0.14045992382726044 -0.19153766629618427 0.041261784373254957 0.24709185474419171 -0.11433853601656811 -0.034629603347315512 -0.95832230746727787 -0.064014691321533354 0.031287819046925576
decision_type=2 2 2 2 2 2 2 2 2 2 2 2 2 2 2 2 2 2 2 2 2 2 2 2 2 2 2 2 2 2
left_child=11 5 10 -4 -5 -2 7 9 -6 -7 -3 12 13 -1 -15 16 17 18 -13 20 21 26 27 -19 -25 -20 -17 -23 -24 -30
right_child=1 2 3 4 8 6 -8 -9 -10 -11 -12 15 -14 14 -16 19 -18 23 25 -21 -22 22 28 24 -26 -27 -28 -29 29 -31
leaf_value=-0.0010157356944938119 -0.0026041250079057165 -0.0017258546757138269 -0.003268979047890753 0.0026622215649142536 -0.0033470714953728019 0.0029698322971086662 -0.0020039128938790511 0.003858901370027713 0.00071412137123953669 -0.00032847922277030856 -0.0048569610669924801 0.0051267886916359301 -5.5117001980270502e-06 0.0016419160089496702 0.00048547806724136061 0.00014943691743763492 -4.0413944808358388e-05 -0.00052122617478545929 -0.00020116639214046744 -9.5704431527063679e-05 0.00017428965944484571 -0.0042589256074279545 -0.00079778743747835009 0.003471206898149103 -0.00068726432369512098 0.0030740824009020192 -0.001031845763105474 -0.0012129056307312567 -0.00015179450554153175 0.0022909274531174354
leaf_weight=130 63 187 50 79 50 51 74 58 66 229 59 95 2238 626 802 8337 162477 550 84 18208 42974 74 1503 125 137 144 426 275 2307 98
leaf_count=130 63 187 50 79 50 51 74 58 66 229 59 95 2238 626 802 8337 162477 550 84 18208 42974 74 1503 125 137 144 426 275 2307 98
internal_value=-1.82384e-06 -0.000719404 -0.00139033 -0.000299408 0.00046202 -2.58809e-05 0.000368365 0.00088774 -0.00103639 0.000272285 -0.00247681 1.04518e-06 0.000335303 0.00082487 0.000992432 -4.29027e-06 -3.42301e-05 0.000851001 0.00282605 6.17256e-05 0.000112918 -8.96447e-05 -0.000463581 6.53587e-05 0.00129674 0.00186741 9.20106e-05 -0.00185877 -0.000338985 -5.22574e-05
internal_weight=242576 966 491 245 195 475 412 338 116 280 246 241610 3796 1558 1428 237814 163612 1135 323 74202 55994 13020 4257 812 262 228 8763 349 3908 2405
internal_count=242576 966 491 245 195 475 412 338 116 280 246 241610 3796 1558 1428 237814 163612 1135 323 74202 55994 13020 4257 812 262 228 8763 349 3908 2405
is_linear=0
shrinkage=0.05


Tree=67
num_leaves=31
num_cat=0
split_feature=2 7 2 8 8 2 5 7 0 2 0 2 7 4 8 7 5 1 8 8 1 5 8 4 7 0 7 7 4 0
split_gain=0.180284 0.203001 0.427699 0.312932 0.233537 0.497915 0.261311 0.377733 0.210321 0.205602 0.198948 0.197279 0.480356 0.333047 0.483532 0.497046 0.405484 0.467202 0.341973 0.321169 0.379629 0.278888 0.409334 0.261166 0.498756 0.205555 0.228572 0.2952 0.459624 0.205806
threshold=0.62892149821455134 0.077720058215111104 0.25432666432666434 0.12960102145940836 0.41017286360581923 -0.13613139638830982 53.830992690599366 0.082893060637156193 0.021401298682372508 0.048419569759873833 -0.011262577240647385 0.31683060460597762 0.036566853981545168 0.68561011742785227 0.80984869586696073 0.069408018574912619 77.251957151867614 0.10302083141397368 0.65878667938789259 0.91228226477544194 0.094332147502103961 72.908824379852234 0.88027924997074358 0.73789437775408862 0.034910992683140303 0.04583700913075462 0.045310053256766104 0.049174838480625878 0.55283372126880725 -0.0049504950495050095
decision_type=2 2 2 2 2 2 2 2 2 2 2 2 2 2 2 2 2 2 2 2 2 2 2 2 2 2 2 2 2 2
left_child=1 11 3 -3 5 10 -6 -8 -4 -7 -5 -1 19 14 -14 16 17 21 -15 23 -21 25 -23 24 -13 26 29 -28 -29 -16
right_child=-2 2 8 4 6 9 7 -9 -10 -11 -12 12 13 18 15 -17 -18 -19 -20 20 -22 22 -24 -25 -26 -27 27 28 -30 -31
leaf_value=-2.5817241880055111e-06 -0.00068343353101814471 -0.00096419450801676963 -0.0011880121641249086 0.0023548159995474497 -0.0013442852470680565 0.0058899953699437903 -0.000607013360860881 0.0048605094408141637 -0.0036088627713979807 0.0017837146797251924 -0.0010040981800849447 0.00060948302698588376 -3.8921212594735845e-05 -0.0029944986584384673 0.0013389532109850076 0.0062909610751084978 -0.0010644681104388313 -0.0019755919987045518 -0.00015264344663077473 7.0490207994638505e-05 0.003462178618357202 0.0068391217507651429 0.0010566445535302839 -0.000373083168528795 0.0060824641663545995 0.0041264799176341125 0.0053765919641591614 -0.00041654880911369839 0.0042874025076162078 -0.0025452985248648474
leaf_weight=233782 966 546 300 65 213 70 83 51 128 54 137 194 1395 110 73 50 165 77 2812 119 269 69 55 325 53 70 53 148 80 64
leaf_count=233782 966 546 300 65 213 70 83 51 128 54 137 194 1395 110 73 50 165 77 2812 119 269 69 55 325 53 70 53 148 80 64
internal_value=-1.73264e-06 9.92918e-07 -0.000552213 -7.47803e-05 0.000646795 0.00160774 -0.000255991 0.00147391 -0.001912 0.00410178 7.67405e-05 4.78988e-06 0.000283604 9.45953e-05 0.000544807 0.00144558 0.00116189 0.00169506 -0.000259626 0.00131153 0.00242194 0.00215689 0.00427431 0.000558319 0.00178385 0.00161885 0.00119892 0.00201531 0.00123396 -0.000475588
internal_weight=242576 241610 1647 1219 673 326 347 134 428 124 202 239963 6181 5221 2299 904 854 689 2922 960 388 612 124 572 247 488 418 281 228 137
internal_count=242576 241610 1647 1219 673 326 347 134 428 124 202 239963 6181 5221 2299 904 854 689 2922 960 388 612 124 572 247 488 418 281 228 137
is_linear=0
shrinkage=0.05


Tree=68
num_leaves=31
num_cat=0
split_feature=2 1 4 5 7 0 7 0 1 1 5 2 1 5 4 2 7 1 2 7 7 0 7 7 4 7 1 2 7 7
split_gain=0.169587 0.43393 0.31 0.45354 0.381201 0.336271 0.354703 0.301231 0.449936 0.386998 0.329531 0.31971 0.293647 0.275252 0.679137 0.458087 0.461899 0.351381 0.432902 0.387785 0.345301 0.291647 0.292774 0.377538 0.288861 0.449157 0.317255 0.275627 0.421011 0.535879
threshold=0.0076258165681341037 0.22065135535272154 -0.1019579558453395 56.815266044769096 0.052984574168954739 0.018788021122450486 0.020424799070954094 0.031287819046925576 0.042699981650970227 0.08937869053273674 33.955441566929146 -0.19153766629618427 -0.0024038461538461449 35.906642723264213 -0.79187830835843065 -0.073206165912364826 0.033762002615471555 -0.0029541058591134313 -0.0885145225282543 0.012702837865011482 0.028641830024964395 0.0066125978519474557 0.030991381916841861 0.067165321492948973 -0.62523682111654399 0.082893060637156193 -0.1041091658520276 -0.05751943372025569 0.031276065303101987 0.060550729675890057
decision_type=2 2 2 2 2 2 2 2 2 2 2 2 2 2 2 2 2 2 2 2 2 2 2 2 2 2 2 2 2 2
left_child=1 2 3 7 5 -4 -7 9 -9 13 11 -11 -5 17 21 16 20 18 19 -1 -16 22 -15 -24 25 -21 -26 28 -19 -30
right_child=-2 -3 4 12 -6 6 -8 8 -10 10 -12 -13 -14 14 15 -17 -18 27 -20 24 -22 -23 23 -25 26 -27 -28 -29 29 -31
leaf_value=-0.00089775257305240407 -5.1371878265617357e-05 0.0032314036595843792 0.00032114812327177299 -0.00072865335878304906 -0.00073723593823855156 -0.00077824794212475791 9.2009567870631804e-05 0.00049440773054798754 -0.00080135007036893869 0.0017171406064216686 0.0022428523510672569 -0.0024400350879327025 -0.003175195116342071 0.00043150607788025678 -0.00042109719175838651 -5.6469887892292422e-05 -1.1662860398467465e-05 -5.7215802492616589e-05 -0.00023775287378020104 0.00020577470964307836 -0.0010547173226498868 0.0014787893243773133 -0.00037859130219585152 0.0033536694884034137 0.003661802996605359 -0.0033523046610395564 -0.00018437768513187284 0.00083688474392688481 0.0010330059666780792 -0.00078894617363550366
leaf_weight=973 100456 106 20110 716 1100 1419 6696 5546 762 92 345 93 148 5160 7895 21542 4971 5761 14666 26015 2955 496 2115 70 54 89 7526 2000 2205 494
leaf_count=973 100456 106 20110 716 1100 1419 6696 5546 762 92 345 93 148 5160 7895 21542 4971 5761 14666 26015 2955 496 2115 70 54 89 7526 2000 2205 494
internal_value=-1.64601e-06 3.35022e-05 3.11153e-05 -6.56932e-06 0.000175928 0.000211516 -6.01649e-05 2.24775e-06 0.000337882 -1.7817e-05 0.00132988 -0.000372683 -0.00114774 -2.46206e-05 -0.000117724 -0.000206507 -0.000410798 4.57785e-05 -1.00442e-05 8.63165e-05 -0.000593664 0.000305329 0.000226087 -0.000259022 0.000114742 0.000193644 -0.000156977 0.000309005 0.00018421 0.000699533
internal_weight=242576 142120 142014 112689 29325 28225 8115 111825 6308 105517 530 185 864 104987 45204 37363 15821 59783 49323 34657 10850 7841 7345 2185 33684 26104 7580 10460 8460 2699
internal_count=242576 142120 142014 112689 29325 28225 8115 111825 6308 105517 530 185 864 104987 45204 37363 15821 59783 49323 34657 10850 7841 7345 2185 33684 26104 7580 10460 8460 2699
is_linear=0
shrinkage=0.05


Tree=69
num_leaves=31
num_cat=0
split_feature=6 0 8 8 4 7 8 7 8 1 7 0 6 8 5 6 1 5 1 4 1 8 7 8 4 7 5 8 7 7
split_gain=0.164251 0.26677 0.22907 0.313428 0.192334 0.176619 0.198532 0.305694 0.197109 0.176951 0.160428 0.280356 0.261088 0.184919 0.562541 0.634413 0.227064 0.175072 0.495178 0.332098 0.360115 0.242682 0.330325 0.445696 0.344397 0.483028 0.425705 0.31409 0.274803 0.266482
threshold=0.34150370129059721 -0.026650013898334098 0.56019809281947586 0.79907123244727296 0.31775019101050994 0.048590937738241934 0.26654021070690148 0.055371101528752284 0.35763646004355981 -0.030490768912079632 0.054567611694882785 -0.035609174734661291 0.50220534458844623 0.80431819534443483 75.949367021310749 0.91186396584841611 0.116573754611784 65.033591221606883 0.22065135535272154 0.85750616055080864 0.097128732903911566 0.49060960174326645 0.02608981629290846 0.25287132593951461 0.843986203114096 0.032706854863009942 76.583210593960217 0.45634920521738798 0.036745231189796675 0.036939383792950524
decision_type=2 2 2 2 2 2 2 2 2 2 2 2 2 2 2 2 2 2 2 2 2 2 2 2 2 2 2 2 2 2
left_child=1 -1 5 -4 -5 8 9 -8 -3 -7 17 12 -12 -14 15 -15 -17 18 19 20 -2 22 23 -19 26 -26 -24 -27 -29 -28
right_child=10 2 3 4 -6 6 7 -9 -10 -11 11 -13 13 14 -16 16 -18 21 -20 -21 -22 -23 24 -25 25 27 29 28 -30 -31
leaf_value=0.0033336930952311775 -1.8068873498733543e-05 5.8204157392224749e-05 -0.00122307642631221 0.00406624348461628 -0.00023736643046571839 0.0014593026980967328 0.0031198188977151434 -0.0015773030942804072 0.0011960276248541429 0.0049064303668274085 0.0026243164194966087 -0.00027576143279931442 5.2947546054970771e-05 -0.0018372976521137529 -0.0028443206034257616 0.0068866204806498346 0.0027314757301688327 -0.0010481851756301761 0.0024969275248733947 -0.00040967510011902068 0.00041210546560818104 3.2026669192600796e-05 0.00067954654443520249 0.00026321196329747072 0.00098545384384493085 -0.0015886709558213382 0.0012353360803702466 -0.0016944566310417874 0.002866769181787009 0.0036695326015171482
leaf_weight=74 177771 1527 436 50 54 89 58 86 507 64 112 11874 2822 52 57 62 70 789 196 5249 5002 27584 2697 3623 572 506 249 54 85 205
leaf_count=74 177771 1527 436 50 54 89 58 86 507 64 112 11874 2822 52 57 62 70 789 196 5249 5002 27584 2697 3623 572 506 249 54 85 205
internal_value=-1.56371e-06 0.000369569 0.000293169 -0.000634754 0.00183168 0.000508132 0.00164711 0.000314593 0.000341821 0.00290124 -6.12483e-06 -0.000164167 0.000253181 0.000166479 0.00149588 0.0028404 0.00468313 4.46537e-06 -1.49388e-05 -1.75573e-05 -6.29617e-06 0.0001049 0.000333847 2.86942e-05 0.000642073 -7.23198e-05 0.000917991 -0.00101038 0.00109478 0.00233448
internal_weight=242576 2945 2871 540 104 2331 297 144 2034 153 239631 15049 3175 3063 241 184 132 224582 188218 188022 182773 36364 8780 4412 4368 1217 3151 645 139 454
internal_count=242576 2945 2871 540 104 2331 297 144 2034 153 239631 15049 3175 3063 241 184 132 224582 188218 188022 182773 36364 8780 4412 4368 1217 3151 645 139 454
is_linear=0
shrinkage=0.05


Tree=70
num_leaves=31
num_cat=0
split_feature=2 7 7 1 8 7 6 8 7 7 6 6 8 2 7 8 6 8 2 0 1 0 8 7 7 1 7 2 8 8
split_gain=0.257116 0.304996 0.276276 0.244096 0.228423 0.224716 0.244905 0.214202 0.212235 0.253298 0.181364 0.171671 0.285818 0.231496 0.210094 0.16385 0.117911 0.117254 0.144066 0.161359 0.149696 0.114638 0.113081 0.15345 0.10886 0.10672 0.33939 0.412802 0.643008 0.598739
threshold=-0.31758666397498259 0.065172528104738239 0.063444468020482606 -0.1230203496727592 0.065148463313926333 0.044118199314832476 1.1086233112399955 0.0094458969937556304 0.038649432334699869 0.053767806459497858 0.60352068092824906 0.28529669764555937 0.78840522582933426 -0.11567549804158415 0.044505438662289863 0.16831831957402285 1.2079852650449947 1.0000000180025095e-35 -0.10645816493261083 -0.037135992325109217 -0.096501746097396743 0.012511759199835827 0.12429378501814077 0.082893060637156193 0.032551386634699302 0.042699981650970227 0.030085411673486401 -0.1109989043910362 0.32721995294388412 0.17727434366566219
decision_type=2 2 2 2 2 2 2 2 2 2 2 2 2 2 2 2 2 2 2 2 2 2 2 2 2 2 2 2 2 2
left_child=1 2 3 5 7 6 -1 -5 24 -10 -6 12 13 14 -2 21 -7 18 19 -13 -21 -12 23 -3 -9 -19 -27 28 -28 -29
right_child=11 22 -4 4 10 16 -8 8 9 -11 15 17 -14 -15 -16 -17 -18 25 -20 20 -22 -23 -24 -25 -26 26 27 29 -30 -31
leaf_value=0.004932875491361669 0.0010163552542541956 0.00035185074800115094 0.0045097455677265931 0.0023539932636434543 -0.00074488676729656412 -0.0011488776929581945 0.0015309006767058823 -0.0012275636136787488 0.0017749267750803164 -0.0026293876161359534 0.0050450042302114086 0.00010478166266924717 0.0043210097001865509 -3.1009480578822892e-05 0.0045859029768810919 0.00011633668103828454 0.0020079420697451992 -3.5399907985407271e-05 -0.00048252598871716162 0.0042907876592567741 0.0013132785810205175 0.0017780198195250707 -0.0021011114465504617 -0.0015356694805661627 -0.0044345076006456199 0.00020020597282676268 0.00089990467485476862 -0.001577112729898933 -0.0010934986210955802 -7.964172385454311e-05
leaf_weight=94 215 818 60 51 63 64 121 51 85 53 58 252 50 703 51 52 55 186862 219 51 245 50 62 124 55 21105 2194 684 496 27696
leaf_count=94 215 818 60 51 63 64 121 51 85 53 58 252 50 703 51 52 55 186862 219 51 245 50 62 124 55 21105 2194 684 496 27696
internal_value=-8.42401e-06 0.000568496 0.00123039 0.000999451 0.000319873 0.00205341 0.00301828 -0.000593013 -0.00120899 8.34147e-05 0.0015275 -1.3014e-05 0.000634591 0.000444373 0.00170074 0.00242225 0.000310157 -1.57659e-05 0.000601454 0.00103465 0.0018263 0.00353251 -3.2747e-05 0.000103387 -0.00289154 -1.77464e-05 4.54789e-05 -5.9623e-05 0.000532348 -0.000115733
internal_weight=242739 1916 912 852 518 334 215 295 244 138 223 240823 1019 969 266 160 119 239804 767 548 296 108 1004 942 106 239037 52175 31070 2690 28380
internal_count=242739 1916 912 852 518 334 215 295 244 138 223 240823 1019 969 266 160 119 239804 767 548 296 108 1004 942 106 239037 52175 31070 2690 28380
is_linear=0
shrinkage=0.05


Tree=71
num_leaves=31
num_cat=0
split_feature=2 7 7 4 8 8 5 6 8 7 2 8 5 5 5 4 5 6 2 7 8 2 6 8 2 0 8 0 8 7
split_gain=0.232047 0.275259 0.249339 0.228061 0.221115 0.216901 0.210634 0.154933 0.257951 0.213332 0.440371 0.151904 0.179694 0.170955 0.149876 0.157719 0.291823 0.31277 0.476026 0.224821 0.224104 0.233494 0.204233 0.228505 0.221887 0.195898 0.192811 0.201627 0.182953 0.163117
threshold=-0.31758666397498259 0.065172528104738239 0.063444468020482606 -0.58163818498807263 0.1087074385314413 0.065148463313926333 18.15407889559884 0.28529669764555937 0.78840522582933426 0.04808455973176478 -0.008814992223873162 0.065148463313926333 16.135042279089458 19.266677450169983 82.911650519084887 -0.9348402285457581 38.202247186703467 0.71855125399099495 -0.089854007742743422 0.046166757278751407 0.038900516222387875 -0.093949830934968878 1.1515824801633496 0.016586084486532593 -0.008814992223873162 -0.032210286190578023 0.098737509889732497 -0.010487740928798893 0.014727875924347381 0.021855482655037371
decision_type=2 2 2 2 2 2 2 2 2 2 2 2 2 2 2 2 2 2 2 2 2 2 2 2 2 2 2 2 2 2
left_child=1 2 3 4 11 6 -5 8 9 -2 -11 12 -1 -14 15 16 17 18 19 -9 21 -19 23 29 25 -25 -20 -28 -23 -18
right_child=7 -3 -4 5 -6 -7 -8 14 -10 10 -12 -13 13 -15 -16 -17 22 20 26 -21 -22 28 -24 24 -26 -27 27 -29 -30 -31
leaf_value=0.0023681107643295741 0.00013533572085332036 -3.1109660828163278e-05 0.0042842582671437411 0.00033417371578696301 -0.00053826671366830569 0.0013014373017011084 -0.0033073268812633567 0.0010497295408741232 0.0041049592560157182 0.0050277355020744326 -0.00091112076115678069 0.0044073272767428569 -0.0021812047178682409 0.0016467579511559702 0.00029724565268339417 -3.1607820899387492e-05 0.0010982869067873329 0.00029258723153599927 -0.0010872165508137304 -0.0015193860365726641 -0.00030558302833442975 -0.0011282478525530104 -1.1314300334916701e-05 0.0022437599894415913 -0.0010588531763226327 0.00094022186615869737 -0.00042672953473228627 0.0011345156870153593 0.00010205934651139615 -0.0015868558418858326
leaf_weight=277 843 1004 60 82 104 134 77 1971 50 69 57 58 50 70 3783 218355 94 4691 470 89 5761 579 870 409 105 976 543 334 632 142
leaf_count=277 843 1004 60 82 104 134 77 1971 50 69 57 58 50 70 3783 218355 94 4691 470 89 5761 579 870 409 105 976 543 334 632 142
internal_value=-8.00281e-06 0.000540071 0.00116887 0.000949478 0.00154173 -0.000180441 -0.00142932 -1.23633e-05 0.000602861 0.000422155 0.00234111 0.00201715 0.00166796 5.17735e-05 -1.49776e-05 -1.9982e-05 0.000123716 3.93711e-05 0.00046082 0.000938734 -8.37427e-05 0.000132798 0.000613342 0.000928204 0.00115716 0.00132517 -0.000270065 0.000167861 -0.000486172 -0.00051735
internal_weight=242739 1916 912 852 559 293 159 240823 1019 969 126 455 397 120 239804 236021 17666 15070 3407 2060 11663 5902 2596 1726 1490 1385 1347 877 1211 236
internal_count=242739 1916 912 852 559 293 159 240823 1019 969 126 455 397 120 239804 236021 17666 15070 3407 2060 11663 5902 2596 1726 1490 1385 1347 877 1211 236
is_linear=0
shrinkage=0.05


Tree=72
num_leaves=31
num_cat=0
split_feature=2 7 4 7 7 7 6 7 4 5 7 6 6 6 2 7 1 5 4 5 5 6 2 5 1 2 1 5 5 7
split_gain=0.211114 0.228927 0.200325 0.246381 0.153497 0.173778 0.373713 0.280987 0.244687 0.333433 0.424793 0.213176 0.185334 0.142392 0.244591 0.393062 0.16548 0.139123 0.177618 0.265958 0.18517 0.177259 0.334374 0.163494 0.162374 0.16214 0.154617 0.143434 0.192208 0.143751
threshold=-0.29272342223275805 0.077720058215111104 -0.43644484792323041 0.043419998067444524 0.026425010243551924 0.043770080278846678 0.79191406310218382 0.038213623898016344 -0.71103133035402288 27.659574426890014 0.058314058806417192 1.0908700809370016 0.89244445605672673 0.28529669764555937 -0.0063782345557304989 0.04808455973176478 0.0091897922622999912 14.54754947914566 -0.92469934081335103 40.17955251691734 15.384615374338212 0.71855125399099495 -0.089854007742743422 34.838709664308013 -0.1230203496727592 -0.18414939941776551 -0.1041091658520276 27.944325477610032 38.393762772372902 0.017519567242138993
decision_type=2 2 2 2 2 2 2 2 2 2 2 2 2 2 2 2 2 2 2 2 2 2 2 2 2 2 2 2 2 2
left_child=1 2 4 -4 -1 6 -6 11 -7 -10 -11 12 -8 14 15 -2 -16 -15 19 20 25 22 24 -24 -22 -19 -25 -26 29 -29
right_child=13 -3 3 -5 5 8 7 -9 9 10 -12 -13 -14 17 16 -17 -18 18 -20 -21 21 -23 23 26 27 -27 -28 28 -30 -31
leaf_value=-0.0011001953829691048 0.00070955289458090774 -0.00063019909230124099 -0.0032063444888579748 0.00014178995677538981 8.2210537925596239e-05 -0.00023032936782276791 0.00086191438437838641 0.0043676515842435036 0.00064509941161002959 0.00054911740925700329 0.0068524121493101125 0.00064922174944999432 0.004525515430787992 -0.00028085674988394222 -0.0010593040224260951 0.0046614819006728274 0.0019487509543912231 0.0033003723391411307 -2.1891503298544071e-05 0.00074332935268290234 -8.9019563003430222e-05 -3.9955618508060137e-05 -0.0005419890270427361 0.0028768012669706158 0.00052109698647602866 0.00056895917307089297 0.00022091180971141181 -0.00013523424058803357 -0.0010762850467142637 0.001930716325990757
leaf_weight=96 622 442 62 483 287 525 56 128 398 52 55 217 90 4830 271 70 55 79 217144 1681 431 11292 1063 63 802 174 421 96 69 685
leaf_count=96 622 442 62 483 287 525 56 128 398 52 55 217 90 4830 271 70 55 79 217144 1681 431 11292 1063 63 802 174 421 96 69 685
internal_value=-7.60267e-06 0.000417117 0.000606139 -0.000239099 0.000848079 0.000951528 0.00151555 0.00235337 0.000525498 0.00131126 0.00378913 0.0016431 0.0031203 -1.2722e-05 0.000577363 0.00110931 -0.00055181 -1.52372e-05 -9.75456e-06 0.000146597 8.04945e-05 5.7752e-05 0.000361696 -0.000195147 0.000775251 0.00142185 0.000566616 0.00100074 0.00145329 0.00167677
internal_weight=242739 2891 2449 545 1904 1808 778 491 1030 505 107 363 146 239848 1018 692 326 238830 234000 16856 15175 14922 3630 1547 2083 253 484 1652 850 781
internal_count=242739 2891 2449 545 1904 1808 778 491 1030 505 107 363 146 239848 1018 692 326 238830 234000 16856 15175 14922 3630 1547 2083 253 484 1652 850 781
is_linear=0
shrinkage=0.05


Tree=73
num_leaves=31
num_cat=0
split_feature=2 8 6 8 2 4 4 0 4 1 1 4 4 8 4 6 2 1 8 4 0 8 4 6 0 8 1 0 2 2
split_gain=0.194004 0.227073 0.126123 0.237167 0.190503 0.136711 0.151931 0.12514 0.292162 0.213182 0.21305 0.178721 0.152141 0.150422 0.119935 0.259413 0.192968 0.288657 0.261744 0.212452 0.18148 0.194906 0.149825 0.263665 0.22747 0.16751 0.150156 0.230348 0.148114 0.14676
threshold=-0.31758666397498259 0.28048780409416502 0.28529669764555937 0.78318803833283013 -0.083333333333333301 0.36224763328663689 0.031127055448667323 -0.049969616320207848 -0.90403823654954552 -0.1230203496727592 -0.23295588107783735 -1.3289102565698006 -0.99754926448107895 0.074575928506980083 -0.9348402285457581 1.2545410454384947 -0.11879860485762199 -0.064014691321533354 0.014727875924347381 -1.152174754614556 -0.0056667220290291245 0.13492063474663024 -1.0275961951730432 0.56139890239778423 -0.021107775852313767 0.36938775434818827 -0.094271694796687164 -0.010487740928798893 -0.083333333333333301 -0.16871247531108843
decision_type=2 2 2 2 2 2 2 2 2 2 2 2 2 2 2 2 2 2 2 2 2 2 2 2 2 2 2 2 2 2
left_child=1 7 3 4 -2 6 -6 11 12 10 -10 -1 -9 -11 15 16 17 22 28 -20 -21 -22 23 24 -4 -24 -25 29 -18 -28
right_child=2 -3 14 -5 5 -7 -8 8 9 13 -12 -13 -14 -15 -16 -17 18 -19 19 20 21 -23 25 26 -26 -27 27 -29 -30 -31
leaf_value=-0.00048522935297417766 0.0012605155123841345 -0.0027977020564767551 0.0042469761540116962 0.0038671182518751888 -0.00011395243710006823 0.0023198530579684302 -0.0027422158327329183 -0.00026315369255693131 -0.00020115028814567874 9.5971288627107491e-05 0.003400819632441618 0.0024622792187276193 -0.0028696767497561216 0.0013426658649375129 -2.3540100141557242e-05 -0.00019245304406792328 -0.00014757316605142363 0.0013600334349277415 0.00073027179084860557 -0.00013433652066427744 -1.7976986462280278e-05 0.0012657937028920632 7.7188008336740268e-05 0.00015431339771820185 0.00071496007365136197 -0.00189153068128909 0.0027809052784963204 -0.0012156495228683687 -0.0012781574374005761 0.00095193170527356702
leaf_weight=72 370 51 86 51 486 50 62 164 60 833 130 180 85 341 222138 5016 715 771 1451 3649 638 551 1576 1752 97 116 139 102 487 520
leaf_count=72 370 51 86 51 486 50 62 164 60 833 130 180 85 341 222138 5016 715 771 1451 3649 638 551 1576 1752 97 116 139 102 487 520
internal_value=-7.22253e-06 0.000493915 -1.12096e-05 0.000543875 0.000368786 -0.000182953 -0.000411311 0.000583927 0.00042204 0.000709553 0.00226336 0.00162013 -0.00115293 0.000458086 -1.35683e-05 0.00011182 0.000232471 0.000467788 7.04093e-05 0.000199621 4.0469e-05 0.000576941 0.000311015 0.000542471 0.00237481 -5.77832e-05 0.000409037 0.000995472 -0.000605639 0.00133771
internal_weight=242739 1916 240823 1019 968 598 548 1865 1613 1364 190 252 249 1174 239804 17666 12650 5159 7491 6289 4838 1189 4388 2696 183 1692 2513 761 1202 659
internal_count=242739 1916 240823 1019 968 598 548 1865 1613 1364 190 252 249 1174 239804 17666 12650 5159 7491 6289 4838 1189 4388 2696 183 1692 2513 761 1202 659
is_linear=0
shrinkage=0.05


Tree=74
num_leaves=31
num_cat=0
split_feature=2 4 4 5 6 6 5 1 4 6 0 0 6 4 0 5 1 5 1 6 0 1 1 0 2 1 0 5 0 2
split_gain=0.179289 0.244287 0.195926 0.473133 0.338884 0.288672 0.27552 0.478732 0.301704 0.304895 0.250182 0.231211 0.194307 0.19317 0.18825 0.181878 0.153077 0.140092 0.160108 0.156819 0.178018 0.174793 0.148073 0.17455 0.159677 0.288426 0.479542 0.37551 0.360416 0.35167
threshold=-0.26253183687992598 -0.43644484792323041 -0.69687605939235864 23.312988577827181 0.55731064318196344 1.0739365721923639 27.659574426890014 -0.096501746097396743 -0.56318196791099062 0.9714206957560706 -0.015502291277219969 -0.041805078035614888 1.7713755256410242 -1.2644052369423295 0.007644742507519787 30.885087825850508 -0.11849534606161331 14.54754947914566 -0.034205963583539105 1.2079852650449947 -0.031632766717736342 -0.16626502839511662 -0.05305533730500233 -0.10152187759356122 0.0050948745868949494 0.072848798901086656 0.057547744571510247 33.041438557035647 -0.032826167187187498 -0.1878434778479163
decision_type=2 2 2 2 2 2 2 2 2 2 2 2 2 2 2 2 2 2 2 2 2 2 2 2 2 2 2 2 2 2
left_child=1 2 3 11 10 -5 7 -6 15 -10 -4 12 13 -1 -3 -8 -15 18 19 20 -2 -21 23 -19 25 -24 27 -27 -29 -30
right_child=17 14 4 5 6 -7 8 -9 9 -11 -12 -13 -14 16 -16 -17 -18 22 -20 21 -22 -23 24 -25 -26 26 -28 28 29 -31
leaf_value=-8.8611631929923438e-05 0.00073687607157020172 -0.00089923444085344062 0.0048798985133956495 -0.0020090965970655772 0.0035251270071077014 0.00025350564437424196 0.002416346943173863 -0.00022640195225422625 0.0018247934020003864 0.0065214725712744092 0.001585773032983631 0.00021122850562897569 -0.00014285339871310585 0.0033816636251584793 0.00044337777141214017 -0.0010822662412139931 0.0005452268180574795 0.00094839585569021561 0.00028134460135654382 0.0014222456161833716 -0.00042182191804569454 -0.0012143150110712389 -5.230405500067334e-06 6.5177018239117197e-05 -7.357934239781951e-05 -0.0010891322760967755 -0.00078099086868048081 -0.0012444096836710613 0.0028496572451642845 0.00060685128101237162
leaf_weight=76 389 653 75 332 94 245 61 892 103 52 249 1021 126 216 435 95 61 567 965 68 2242 832 91981 41736 92457 352 843 254 181 5086
leaf_count=76 389 653 75 332 94 245 61 892 103 52 249 1021 126 216 435 95 61 567 965 68 2242 832 91981 41736 92457 352 843 254 181 5086
internal_value=-6.86141e-06 0.000296135 0.000489895 0.000168376 0.000901859 -0.00104837 0.000540527 0.000131249 0.00183811 0.00340045 0.0023483 0.000636419 0.00154272 0.00214437 -0.000362436 0.000285781 0.00275703 -1.29556e-05 -0.000289408 -0.000445391 -0.000250505 -0.00101511 -7.6316e-06 7.70151e-05 -2.63642e-05 1.78658e-05 0.000334188 0.000494258 0.00059521 0.000683925
internal_weight=242739 4786 3698 2077 1621 577 1297 986 311 155 324 1500 479 353 1088 156 277 237953 4496 3531 2631 900 233457 42303 191154 98697 6716 5873 5521 5267
internal_count=242739 4786 3698 2077 1621 577 1297 986 311 155 324 1500 479 353 1088 156 277 237953 4496 3531 2631 900 233457 42303 191154 98697 6716 5873 5521 5267
is_linear=0
shrinkage=0.05


Tree=75
num_leaves=31
num_cat=0
split_feature=5 8 7 7 6 2 8 7 2 7 7 5 0 6 1 6 7 7 2 2 8 1 6 7 8 7 2 1 6 6
split_gain=0.133549 0.230504 0.499159 0.246757 0.514142 0.362159 0.247738 0.230611 0.351928 0.222239 0.475582 0.35287 0.290333 0.269966 0.21108 0.234707 0.218158 0.236041 0.213593 0.297056 0.203959 0.186382 0.179662 0.296024 0.1728 0.279258 0.170015 0.165463 0.162264 0.139099
threshold=82.911650519084887 0.82059178438978986 0.038213623898016344 0.036939383792950524 4.1479023905092633 0.45329261312562069 0.98585658322235481 0.046166757278751407 0.24466350588601163 0.052984574168954739 0.055371101528752284 89.306639583675164 0.057547744571510247 1.7713755256410242 0.099931695058103412 2.0143858468337923 0.033153783833235993 0.027454297403398536 0.2882020619092836 0.22228899089467183 0.67297107378047161 0.050127375445705787 4.1479023905092633 0.037159913267671922 0.58212821835116813 0.054567611694882785 0.41205319839636184 0.06766143239761381 1.0000000180025095e-35 1.0793980810187174
decision_type=2 2 2 2 2 2 2 2 2 2 2 2 2 2 2 2 2 2 2 2 2 2 2 2 2 2 2 2 2 2
left_child=22 2 20 5 9 6 14 8 -4 12 -11 29 -5 -13 -3 16 17 -16 19 -17 21 -2 28 -24 -9 -26 -14 -23 -1 -12
right_child=1 3 7 4 -6 -7 -8 24 -10 10 11 13 26 -15 15 18 -18 -19 -20 -21 -22 27 23 -25 25 -27 -28 -29 -30 -31
leaf_value=0.0023909298197241687 0.00055630042634739383 -0.00018295038988292841 0.0057495354682032488 -0.00076729481852901948 0.0031303773152599624 0.0034681203650023316 -0.0024439474048631384 -0.00074339760328406726 0.00076196684427226765 0.0040850304397604155 0.00059601438302054732 -0.00068653817233664668 -0.00094099241411233132 0.0044352341807389166 0.0011408310480992836 -0.00094735106804232679 -0.00054218376216753808 0.0045728493530557239 -0.0020569931850608373 0.0039303157006782535 0.0011468082504297497 -0.0027040290719279173 0.00016185763840106945 -0.0018020814595042956 0.00017620861289654373 0.0048725752495617294 -0.0042425070754964073 -0.00032167470734078863 2.7422387681316641e-07 -0.0022895551796028686
leaf_weight=71 333 592 96 446 88 94 80 67 56 62 53 53 58 50 92 69 55 110 79 57 408 110 407 363 67 60 119 216 238533 197
leaf_count=71 333 592 96 446 88 94 80 67 56 62 53 53 58 50 92 69 55 110 79 57 408 110 407 363 67 60 119 216 238533 197
internal_value=3.17344e-06 0.000298568 0.000803397 -4.45783e-06 -0.000539061 0.00048574 0.000238524 0.00245369 0.00391201 -0.00085015 4.62493e-05 -0.000663112 -0.00144727 0.00179976 0.000442127 0.00124309 0.00224961 0.00300975 -1.874e-05 0.00125921 0.000268248 -0.000275686 -1.47515e-06 -0.000763999 0.0013111 0.00239496 -0.00316065 -0.00112554 9.85597e-07 -0.00167781
internal_weight=243141 3767 1413 2354 1126 1228 1134 346 152 1038 415 353 623 103 1054 462 257 202 205 126 1067 659 239374 770 194 127 177 326 238604 250
internal_count=243141 3767 1413 2354 1126 1228 1134 346 152 1038 415 353 623 103 1054 462 257 202 205 126 1067 659 239374 770 194 127 177 326 238604 250
is_linear=0
shrinkage=0.05


Tree=76
num_leaves=31
num_cat=0
split_feature=5 8 7 7 6 1 0 6 7 7 7 5 0 6 5 0 8 1 6 7 8 7 1 6 3 7 0 5 6 0
split_gain=0.120528 0.20803 0.450491 0.223192 0.46208 0.311877 0.254999 0.257759 0.208127 0.194237 0.429213 0.318466 0.26407 0.243644 0.191962 0.186814 0.184073 0.16821 0.162145 0.267161 0.156047 0.2296 0.149331 0.146444 0.133722 0.132303 0.22857 0.230885 0.176918 0.354364
threshold=82.911650519084887 0.82059178438978986 0.038213623898016344 0.036566853981545168 4.1479023905092633 0.099931695058103412 -0.0005621137245485629 1.3778450205603781 0.046166757278751407 0.052984574168954739 0.055371101528752284 89.306639583675164 0.057547744571510247 1.7713755256410242 86.458974902525654 0.053040505053753025 0.67297107378047161 0.050127375445705787 4.1479023905092633 0.037159913267671922 0.54272354064738881 0.054567611694882785 0.06766143239761381 1.0000000180025095e-35 1.0000000180025095e-35 0.01538438913486005 0.019642200340470376 12.367227835772242 0.93676428461248429 -0.008298066607632491
decision_type=2 2 2 2 2 2 2 2 2 2 2 2 2 2 2 2 2 2 2 2 2 2 2 2 2 2 2 2 2 2
left_child=18 2 16 5 9 -3 -7 -8 14 12 -11 -12 -5 -13 -4 24 17 -2 23 -20 -10 -22 -19 -1 -9 26 27 -25 29 -27
right_child=1 3 8 4 -6 6 7 15 20 10 11 13 -14 -15 -16 -17 -18 22 19 -21 21 -23 -24 25 -26 28 -28 -29 -30 -31
leaf_value=0.0022713833042538505 0.00052848542771833902 -0.00028640149560809768 0.002241619300431113 -0.00070479536912547739 0.0029738584754919763 0.0039178430533933417 0.0028799956678756378 0.0014073871306698913 -0.0007521810267980283 0.0038807788983948772 -0.001593923729879316 -0.00065221121449041066 -0.0029620328651582283 0.0042134724338538949 0.0058572343605074791 0.0014891232415023415 0.0010894678168583865 -0.0025688276094627907 0.00015376474456895941 -0.0017119773812025989 0.00025425509888651399 0.0044793053220033834 -0.000305590981918579 -0.001039382809779802 -0.0015300077672033073 7.2792693507094854e-05 -0.00082493326822318024 -5.0954705726981059e-05 6.3349706038312998e-05 -9.966120638621234e-05
leaf_weight=71 333 644 90 456 88 81 122 52 65 62 250 53 181 50 62 163 408 110 407 363 68 61 216 609 152 51125 1086 19776 94562 71375
leaf_count=71 333 644 90 456 88 81 122 52 65 62 250 53 181 50 62 163 408 110 407 363 68 61 216 609 152 51125 1086 19776 94562 71375
internal_value=3.01477e-06 0.00028364 0.000763227 -4.23495e-06 -0.00050665 0.000467555 0.00131939 0.000888977 0.00233101 -0.000797795 4.39368e-05 -0.000629956 -0.00134618 0.00170977 0.00371641 0.000227112 0.000254836 -0.000261901 -1.40139e-06 -0.000725799 0.00124554 0.00225215 -0.00106926 9.36317e-07 -0.00078126 2.60513e-07 -0.000118138 -8.04839e-05 1.19721e-05 -2.76881e-05
internal_weight=243141 3767 1413 2354 1140 1214 570 489 346 1052 415 353 637 103 152 367 1067 659 239374 770 194 129 326 238604 204 238533 21471 20385 217062 122500
internal_count=243141 3767 1413 2354 1140 1214 570 489 346 1052 415 353 637 103 152 367 1067 659 239374 770 194 129 326 238604 204 238533 21471 20385 217062 122500
is_linear=0
shrinkage=0.05


Tree=77
num_leaves=31
num_cat=0
split_feature=6 7 1 3 1 8 4 7 7 4 8 7 6 7 1 1 4 8 8 4 1 8 1 1 0 6 6 9 0 0
split_gain=0.105796 0.103194 0.152656 0.145897 0.326435 0.28755 0.35035 0.346758 0.258297 0.394901 0.360281 0.202427 0.549215 0.423591 0.355608 0.365243 0.266148 0.48246 0.269173 0.313153 0.286879 0.261811 0.2552 0.298419 0.478824 0.242815 0.271577 0.237913 0.416782 0.319401
threshold=1.0000000180025095e-35 0.013462713428209582 -0.06613604861270804 1.0000000180025095e-35 0.12520000204802098 0.58646309833985255 0.49145534396730883 0.032999241550212097 0.063444468020482606 -0.052123878845788917 0.64962667712010769 0.042760678644820652 0.58090029947675381 0.038213623898016344 0.026367673351990088 0.023453454536709776 0.79524360434193042 0.81511711902247252 0.69671348762805418 1.0000000180025095e-35 -0.042034596300736297 0.67297107378047161 -0.08126729057577213 -0.029861962865470267 0.0098005924904164283 1.6738714564608961 2.1774052071371046 1.0000000180025095e-35 0.02464111707256034 0.069969198366944388
decision_type=2 2 2 2 2 2 2 2 2 2 2 2 2 2 2 2 2 2 2 2 2 2 2 2 2 2 2 2 2 2
left_child=-1 2 -2 4 -3 6 -5 -8 11 10 -10 13 22 -7 15 -15 18 -18 21 20 -20 -14 -13 24 -24 -16 -27 29 -29 -19
right_child=1 3 -4 5 -6 8 7 -9 9 -11 -12 12 16 14 25 -17 17 27 19 -21 -22 -23 23 -25 -26 26 -28 28 -30 -31
leaf_value=0.0017264357047924667 -0.0014752245291380125 1.9142753543988659e-05 -0.00011551627426951404 -0.00022638250619394225 0.00039412670242619676 2.7336049151635372e-05 -0.00059764095202600944 -0.0028419770210019249 -0.00032523122072840733 -0.00064582159643409632 0.0052772799074988479 -0.0034806642614035725 0.00036727596630421234 -0.0001243431594542854 -0.0011393382629888947 0.0036836705815333592 -0.0016879859748543749 1.6594395332958448e-05 0.0012097075775576137 0.00065727122658612526 0.0059769789262165158 -0.00099971699383488407 -0.00031586966621821447 -0.0011322819403934167 0.0044398433380280688 0.0010804904204018597 -0.0012121850195367524 0.0041276197497598288 0.00045668334317116991 -0.0023967850910629716
leaf_weight=89 210 169941 12126 7809 6009 28614 521 257 60 2376 55 83 1326 2015 2000 65 391 1249 78 4348 53 476 252 780 67 293 231 83 1130 154
leaf_count=89 210 169941 12126 7809 6009 28614 521 257 60 2376 55 83 1326 2015 2000 65 391 1249 78 4348 53 476 252 780 67 293 231 83 1130 154
internal_value=2.86403e-06 2.2329e-06 -0.000138663 9.76637e-06 3.19491e-05 -6.15015e-05 -0.00032719 -0.00133902 -1.20966e-05 -0.000507321 0.00235423 1.61401e-05 0.000207847 -4.4284e-05 -0.000489405 -5.34273e-06 0.000337033 -4.97959e-05 0.000522225 0.00072984 0.00313845 6.18349e-06 -0.00080728 -0.000605377 0.000682979 -0.000888315 6.97881e-05 0.000195056 0.000707869 -0.00024831
internal_weight=243141 243052 12336 230716 175950 54766 8587 778 46179 2491 115 43688 10470 33218 4604 2080 9288 3007 6281 4479 131 1802 1182 1099 319 2524 524 2616 1213 1403
internal_count=243141 243052 12336 230716 175950 54766 8587 778 46179 2491 115 43688 10470 33218 4604 2080 9288 3007 6281 4479 131 1802 1182 1099 319 2524 524 2616 1213 1403
is_linear=0
shrinkage=0.05


Tree=78
num_leaves=31
num_cat=0
split_feature=5 6 2 5 5 2 1 6 5 6 5 1 5 0 1 6 6 5 6 0 6 6 4 0 0 2 4 1 0 5
split_gain=0.108209 0.148404 0.180663 0.174221 0.20484 0.128432 0.37995 0.381189 0.366523 0.556498 0.444094 0.267475 0.202163 0.177414 0.175221 0.158147 0.1571 0.14696 0.245665 0.219145 0.18966 0.121812 0.117683 0.175785 0.114999 0.250933 0.111491 0.107857 0.420624 0.352146
threshold=82.911650519084887 4.1479023905092633 0.31683060460597762 78.712886899614716 74.84993908895558 0.27550745749386335 0.08937869053273674 1.1860679818326283 84.482758572136376 2.3956895024672229 86.458974902525654 0.22065135535272154 86.458974902525654 -0.0068536842276502577 0.18531107621103562 3.5032497005835279 2.7454157880973642 89.306639583675164 1.5424630615166965 0.086565941684959583 1.932901667502638 1.0000000180025095e-35 0.716762341856365 0.0022150847541622114 0.11349887488409184 0.15652103262308972 1.3450164404287122 -0.03109997302976791 0.074253789917704718 58.873824567676991
decision_type=2 2 2 2 2 2 2 2 2 2 2 2 2 2 2 2 2 2 2 2 2 2 2 2 2 2 2 2 2 2
left_child=1 21 3 4 24 13 12 -8 9 11 14 -9 22 -2 -10 16 17 19 -19 -12 -20 -1 23 -7 25 26 -3 28 29 -23
right_child=5 2 -4 -5 -6 6 7 8 10 -11 15 -13 -14 -15 -16 -17 -18 18 20 -21 -22 27 -24 -25 -26 -27 -28 -29 -30 -31
leaf_value=0.0020714924359221906 0.0019663105690611001 -0.0008794499933314847 -0.0031753289128315754 0.0019089367335254793 -0.0028341265394983663 -0.0013413919793332325 0.0018538870511278242 0.0015808777082066267 -0.00045463034533895549 0.0052499033494953174 4.9061527764623436e-05 -0.0030483978530392052 -0.00311087033291286 0.00038653707080875833 -0.0033060332361404135 0.0018405579990153579 -0.0025170340843033048 -0.0012137107276875114 0.0038281165812245142 -0.0035980960671705281 0.00045955762034282093 1.0996013037913208e-05 -0.0020713087983012099 0.0024232566740625262 -0.0016863064857612015 0.003141069189382905 0.0013113498265937941 -2.3408469618364382e-05 0.0020145740820957533 0.00041205405637211463
leaf_weight=71 197 284 67 70 97 68 313 83 80 74 164 50 129 1816 165 111 66 90 78 55 90 72385 81 57 122 57 73 159956 271 5921
leaf_count=71 197 284 67 70 97 68 313 83 80 74 164 50 129 1816 165 111 66 90 78 55 90 72385 81 57 122 57 73 159956 271 5921
internal_value=2.72083e-06 -1.46355e-06 -0.000694488 -0.000458049 -0.000719801 0.000268617 -4.41465e-05 0.000313414 -0.000122543 0.00177433 -0.000559308 -0.000159451 -0.00155871 0.00054114 -0.00237496 0.000120868 -0.000230671 8.56816e-05 0.000894261 -0.000866891 0.00202353 7.72908e-07 -0.000586723 0.000375288 -0.000337171 6.04002e-05 -0.000431471 1.56552e-07 4.81269e-05 4.13215e-05
internal_weight=243141 239374 770 703 633 3767 1754 1419 1106 207 899 133 335 2013 245 654 543 477 258 219 168 238604 206 125 536 414 357 238533 78577 78306
internal_count=243141 239374 770 703 633 3767 1754 1419 1106 207 899 133 335 2013 245 654 543 477 258 219 168 238604 206 125 536 414 357 238533 78577 78306
is_linear=0
shrinkage=0.05


Tree=79
num_leaves=31
num_cat=0
split_feature=8 2 5 7 6 8 5 5 4 2 4 0 7 7 0 4 6 2 8 7 7 4 4 5 6 8 5 2 7 0
split_gain=0.100708 0.481699 0.284515 0.370774 0.267259 0.247637 0.531824 0.420837 0.268428 0.414065 0.370435 0.319511 0.309364 0.341231 0.242405 0.240752 0.233473 0.232184 0.878994 0.672826 0.650899 0.473802 0.707793 0.548937 0.41692 0.548361 0.247458 0.227751 0.238821 0.226375
threshold=0.049623330523253122 -0.044916343363059656 33.955441566929146 0.082893060637156193 1.2307020237074318 0.10378170606887431 42.358078576724338 19.266677450169983 -0.58163818498807263 -0.21486610646284357 -0.9348402285457581 0.0032964246706640448 0.046622770301358467 0.038649432334699869 -0.056243609406952937 -0.88409858803419539 1.8614185683362476 -0.17464403419136634 0.19195880119720132 0.058314058806417192 0.029583336024576311 -0.41604385911429514 -0.67678518420769629 24.454488559621989 0.86938599614000911 0.385382757341169 26.134849219928252 -0.22715739842501706 0.039143420926343805 0.0071296095947575031
decision_type=2 2 2 2 2 2 2 2 2 2 2 2 2 2 2 2 2 2 2 2 2 2 2 2 2 2 2 2 2 2
left_child=1 2 3 4 -1 6 8 -7 9 10 -2 12 13 -12 16 -8 -6 18 19 20 -9 22 26 -24 27 -26 -22 28 -20 -16
right_child=5 -3 -4 -5 14 7 15 17 -10 -11 11 -13 -14 -15 29 -17 -18 -19 24 -21 21 -23 23 -25 25 -27 -28 -29 -30 -31
leaf_value=0.00036338956885890539 -0.00075608580397181369 -0.00084421922172920726 -0.00016689966809547104 -0.0027749467339703241 0.0013767583483329758 -0.00055936461839365304 0.0014836512969864546 -9.0109755762546038e-05 -0.0002867799934344704 4.3106668485740928e-06 0.0021079154058378379 0.00050857177575190106 -0.00024752451597336445 0.005536985987176498 -0.00044918944492352842 -0.00070734525197650635 -0.00023062343565324303 8.8399047685757776e-06 -0.0023051782637108233 -0.00075775453065919489 0.0021388309937901795 0.0007762943132309663 0.00032401452693315452 0.0038521436467381953 -0.0004566528360338133 -0.0030458504904599133 -0.00040613641367561116 0.00054167919569905417 4.4882910236193946e-06 0.0013679958308844631
leaf_weight=14075 243 1285 5435 101 470 3198 129 714 6749 9316 297 477 94 96 2700 4467 435 187046 159 519 160 856 134 622 986 258 237 1322 378 183
leaf_count=14075 243 1285 5435 101 470 3198 129 714 6749 9316 297 477 94 96 2700 4467 435 187046 159 519 160 856 134 622 986 258 237 1322 378 183
internal_value=2.58479e-06 9.83149e-05 0.000150076 0.000245977 0.000263057 -8.23199e-06 -0.000167846 9.52296e-06 -4.06511e-05 0.000117205 0.000988562 0.00142834 0.00232923 0.00294555 -0.000109745 -0.000645849 0.000604149 1.89303e-05 0.000316389 0.000892136 0.0012066 0.00166746 0.00232906 0.00322679 -0.000285149 -0.000993641 0.000619543 0.000188958 -0.000679379 -0.000333843
internal_weight=243141 24684 23399 17964 17863 218457 21868 196589 17272 10523 1207 964 487 393 3788 4596 905 193391 6345 3242 2723 2009 1153 756 3103 1244 397 1859 537 2883
internal_count=243141 24684 23399 17964 17863 218457 21868 196589 17272 10523 1207 964 487 393 3788 4596 905 193391 6345 3242 2723 2009 1153 756 3103 1244 397 1859 537 2883
is_linear=0
shrinkage=0.05


Tree=80
num_leaves=31
num_cat=0
split_feature=0 8 4 8 2 8 5 4 5 2 0 8 5 8 5 3 4 8 4 2 1 8 4 4 8 5 1 2 2 1
split_gain=0.15152 0.614237 0.660602 0.642902 0.198658 0.223706 0.205327 0.269219 0.179784 0.18598 0.176738 0.170486 0.153486 0.228266 0.166499 0.16455 0.148566 0.16634 0.326779 0.20832 0.227918 0.192528 0.13552 0.185207 0.126328 0.315573 0.612584 0.313432 0.288898 0.29463
threshold=-0.066766134006758779 0.82059178438978986 0.26495444488019876 0.73122573865198059 -0.21486610646284357 0.64962667712010769 50.911300112846213 0.08992457723151856 24.082142186072691 -0.25207000854617878 -0.10152187759356122 0.6220232948768315 70.143396265944659 0.65878667938789259 61.028416770760522 1.0000000180025095e-35 0.080225847903536984 0.25287132593951461 -0.64428495247955342 -0.0027587679829030871 -0.030490768912079632 0.34977872121038239 -0.062389311864069132 -0.19314312227716485 0.60886295318154071 66.366207046422261 0.22065135535272154 0.3552946901447494 0.011418967356638389 0.15498497444371198
decision_type=2 2 2 2 2 2 2 2 2 2 2 2 2 2 2 2 2 2 2 2 2 2 2 2 2 2 2 2 2 2
left_child=1 2 3 4 8 11 -7 -8 10 -10 -1 16 13 14 -4 -16 17 18 -6 20 -20 -19 23 -23 25 26 27 -2 29 -26
right_child=24 -3 12 -5 5 6 7 -9 9 -11 -12 -13 -14 -15 15 -17 -18 21 19 -21 -22 22 -24 -25 28 -27 -28 -29 -30 -31
leaf_value=0.00068828879312726743 -4.1529474352941043e-05 0.0057122668235164249 -0.0022408497672755444 0.0050969387351845708 6.5482917917041348e-05 -0.00033614774705466831 0.0056897702847014779 0.00091969863715348767 -0.0012649730939183355 0.001564676760304296 0.0027373401101668492 -0.0023024329365460739 0.00027037256251077917 -0.0027520477233807586 -0.0016287602577815018 0.002005569855500653 0.0017007333766252551 -0.0017271936765332675 0.0049112303339480324 -0.00028253554836347967 0.00079913805916228078 -0.00010790835979983905 -0.0018661552260164174 0.0025060398365044363 0.00034646354943036658 0.00023205113072859913 0.002621036839503143 -0.0025462031811475756 1.4961451077504445e-05 -0.0020686875499450253
leaf_weight=194 164657 52 86 75 942 67 55 64 123 110 230 73 123 248 51 80 145 223 87 56 55 565 90 77 9387 11401 216 125 53490 128
leaf_count=194 164657 52 86 75 942 67 55 64 123 110 230 73 123 248 51 80 145 223 87 56 55 565 90 77 9387 11401 216 125 53490 128
internal_value=4.36235e-06 0.000314683 0.000241189 0.000521723 0.000412996 0.000209594 0.00187783 0.00312435 0.00118667 7.09131e-05 0.0017998 7.54431e-05 -0.00130032 -0.00171579 -0.000531494 0.000590678 0.000152936 4.58097e-05 0.00045359 0.00230004 0.00331852 -0.000440965 -4.91218e-05 0.000205603 -6.55318e-07 -2.2362e-05 -3.99414e-05 -4.34295e-05 6.01182e-05 0.000313974
internal_weight=243275 3871 3819 3231 3156 2499 186 119 657 233 424 2313 588 465 217 131 2240 2095 1140 198 142 955 732 642 239404 176399 164998 164782 63005 9515
internal_count=243275 3871 3819 3231 3156 2499 186 119 657 233 424 2313 588 465 217 131 2240 2095 1140 198 142 955 732 642 239404 176399 164998 164782 63005 9515
is_linear=0
shrinkage=0.05


Tree=81
num_leaves=31
num_cat=0
split_feature=6 4 7 0 4 2 0 7 1 5 4 7 0 0 5 2 7 5 0 7 6 0 7 5 5 5 4 2 1 6
split_gain=0.183399 0.274123 0.270131 0.232499 0.229037 0.340922 0.354239 0.347818 0.245407 0.361141 0.561269 0.480149 0.48216 0.269576 0.233875 0.207031 0.357169 0.613582 0.333928 0.446049 0.321742 0.308365 0.270415 0.23378 0.230635 0.241261 0.227301 0.212028 0.19429 0.237621
threshold=0.85802659339587795 -0.99754926448107895 0.035267825808477489 -0.0095154752214984799 -0.73856189963061047 -0.21486610646284357 -0.056243609406952937 0.067165321492948973 -0.030490768912079632 60.148127719949144 0.46630471713255955 0.060550729675890057 0.0061107901672565754 -0.10152187759356122 36.570693380359607 -0.06109784337248552 0.035435877945695103 29.848602333203889 0.025218766484591763 0.047590758927774153 1.7713755256410242 0.047503535415943439 0.032267258450285677 22.516556275733631 59.924206486850139 42.158394695275234 -0.48209440892561084 -0.10074626865671647 0.022013497568452615 2.1192303697733177
decision_type=2 2 2 2 2 2 2 2 2 2 2 2 2 2 2 2 2 2 2 2 2 2 2 2 2 2 2 2 2 2
left_child=1 2 -1 -4 5 6 -2 -7 9 10 13 -11 -13 -6 -9 16 20 18 19 23 24 22 -22 -18 25 -10 -20 -27 -17 -30
right_child=4 -3 3 -5 8 7 -8 14 15 11 -12 12 -14 -15 -16 28 17 -19 26 -21 21 -23 -24 -25 -26 27 -28 -29 29 -31
leaf_value=0.00050647775935264659 0.0013354898916424966 -5.6476825032380358e-05 -0.00020628729255203491 -0.0028872770148761148 0.002144002087844861 -0.00020705036414263913 6.6336724289054063e-05 0.00037714048225622062 0.00011653761364265223 0.0011635728495714356 0.0053968506059141408 0.00048933261510259384 -0.0035985673637221661 0.00011650817293833502 0.0049093203741358594 -0.00010303548826547122 -0.0010148313220626876 0.00088742209245726885 9.4842067447621609e-05 -0.00097993211452216929 0.00115500918956056 -0.00037647578757517356 0.0043815547465379098 0.0028877924674851523 0.0014499357043169403 -0.00093186148923004935 -0.0030756719993615452 -0.00011698346579396814 0.00011686021985526233 -0.00018154665863402469
leaf_weight=3748 748 111716 513 96 166 17538 2075 59 7942 1855 51 206 111 13253 55 25961 51 3469 82 371 662 326 72 155 266 1161 182 2555 39816 8014
leaf_count=3748 748 111716 513 96 166 17538 2075 59 7942 1855 51 206 111 13253 55 25961 51 3469 82 371 662 326 72 155 266 1161 182 2555 39816 8014
internal_value=4.14423e-06 -4.13024e-05 0.000347779 -0.000628906 4.56147e-05 -0.000107565 0.00040262 -0.000189156 7.50014e-05 0.00025796 0.000161487 0.000856257 -0.000942077 0.000141589 0.00256372 4.35819e-05 0.000199293 0.000593682 -0.000617953 5.59733e-05 6.83763e-05 0.000903167 0.00147151 0.00192161 -5.83356e-06 -3.90498e-05 -0.00209089 -0.000371578 7.08877e-06 6.68616e-05
internal_weight=243275 116073 4357 609 127202 20475 2823 17652 106727 15642 13470 2172 317 13419 114 91085 17294 4310 841 577 12984 1060 734 206 11924 11658 264 3716 73791 47830
internal_count=243275 116073 4357 609 127202 20475 2823 17652 106727 15642 13470 2172 317 13419 114 91085 17294 4310 841 577 12984 1060 734 206 11924 11658 264 3716 73791 47830
is_linear=0
shrinkage=0.05


Tree=82
num_leaves=31
num_cat=0
split_feature=6 2 7 7 5 7 1 5 7 5 7 0 5 5 0 5 1 2 0 0 7 7 0 1 5 3 6 2 5 7
split_gain=0.165518 0.203769 0.343257 0.429105 0.266359 0.482335 0.220686 0.564947 0.370108 0.583319 0.666764 0.363809 0.298044 0.297194 0.240718 0.251112 0.225168 0.215185 0.191662 0.204739 0.180177 0.176282 0.170385 0.182813 0.216597 0.257542 0.188775 0.219778 0.288151 0.177415
threshold=0.85802659339587795 -0.21486610646284357 0.027454297403398536 0.065172528104738239 22.084586445165069 0.036939383792950524 -0.1041091658520276 19.768082161341734 0.038431507785241549 33.041438557035647 0.043078236644109029 0.01715505653531824 31.620024708589614 44.302547095795695 -0.016360425138875864 29.067012967534016 -0.026406609219166096 -0.26253183687992598 -0.021817853981575538 -0.021107775852313767 0.069408018574912619 0.021855482655037371 -0.027074888518308301 0.084682452919086951 52.673207165368218 1.0000000180025095e-35 0.48636561664020406 0.051609677620907075 42.158394695275234 0.025238603699996132
decision_type=2 2 2 2 2 2 2 2 2 2 2 2 2 2 2 2 2 2 2 2 2 2 2 2 2 2 2 2 2 2
left_child=18 2 -2 6 5 -3 -4 11 12 10 16 -8 14 -11 -9 17 -10 -16 22 21 -21 -20 23 26 -25 -26 27 28 -1 -28
right_child=1 4 3 -5 -6 -7 7 8 9 13 -12 -13 -14 -15 15 -17 -18 -19 19 20 -22 -23 -24 24 25 -27 29 -29 -30 -31
leaf_value=0.00056154089195026801 -0.00044602882829800051 -0.00019604873133177061 0.0013236629398607844 -0.00022073192031474233 4.6318206861490474e-05 -0.0022688683163200828 -0.00045667693915225335 -0.00052933662109496315 0.00084041539494964217 0.0041098079076849871 -0.0015216824732935774 -0.0043513095726005055 -0.0014309488883840718 0.00040625995050346404 0.0038501917384976721 0.0049469700220095766 0.0051721627486007171 0.0002087858474929144 0.00048629949625778924 -5.1317114940100972e-05 -0.00060876115563518322 -0.001122440785350185 0.00031663397678675584 -0.0032842871011234823 0.0023719756280026231 -0.0015612103002330732 0.00040758994176648725 -0.00064795217553863824 0.002920754512106734 -0.00012229548134647049
leaf_weight=497 1104 5412 1408 1300 116019 296 271 191 55 252 195 77 210 69 53 51 66 173 217 95092 1472 791 6413 90 61 131 1916 219 175 8999
leaf_count=497 1104 5412 1408 1300 116019 296 271 191 55 252 195 77 210 69 53 51 66 173 217 95092 1472 791 6413 90 61 131 1916 219 175 8999
internal_value=3.93702e-06 4.3334e-05 0.00034173 0.000540698 2.99128e-05 -0.000303539 0.000863022 0.000473015 0.000947098 0.0018125 0.000287524 -0.00131842 0.000134031 0.00331372 0.000836266 0.00177789 0.00320319 0.00106274 -3.92373e-05 -6.72146e-05 -5.98147e-05 -0.000776115 0.000108312 -2.20816e-06 -0.00126033 -0.000311604 2.78436e-05 0.000727628 0.00117592 -2.92803e-05
internal_weight=243275 127202 5475 4371 121727 5708 3071 1663 1315 637 316 348 678 321 468 277 121 226 116073 97572 96564 1008 18501 12088 282 192 11806 891 672 10915
internal_count=243275 127202 5475 4371 121727 5708 3071 1663 1315 637 316 348 678 321 468 277 121 226 116073 97572 96564 1008 18501 12088 282 192 11806 891 672 10915
is_linear=0
shrinkage=0.05


Tree=83
num_leaves=31
num_cat=0
split_feature=6 4 5 5 4 2 7 7 2 5 2 7 6 5 5 4 2 2 4 2 0 4 7 2 0 4 0 6 6 4
split_gain=0.151853 0.238826 0.248954 0.290183 0.22341 0.487565 0.391577 0.43308 0.306178 0.296485 0.399252 0.298682 0.368537 0.333943 0.339701 0.282125 0.244106 0.243936 0.346511 0.299578 0.206579 0.205114 0.193594 0.237739 0.186524 0.193061 0.18095 0.175284 0.166364 0.157807
threshold=1.0970752203147636 -0.99754926448107895 41.16424115825054 41.55624367269818 -0.73856189963061047 -0.12872377160355533 0.071677339871725684 0.031542925316256666 -0.19544988768150065 19.266677450169983 -0.29272342223275805 0.049765784811567688 2.3133571811594895 39.387308528889257 45.265795872479679 -0.49485993263001155 0.0050948745868949494 -0.1878434778479163 -0.21774190885686881 -0.13244196566137648 0.060155210063235771 -0.6315238606174105 0.046622770301358467 -0.19153766629618427 -0.040719218534309813 -0.56941027940938227 -0.056243609406952937 2.1774052071371046 1.5595949996174507 -0.36911411080570783
decision_type=2 2 2 2 2 2 2 2 2 2 2 2 2 2 2 2 2 2 2 2 2 2 2 2 2 2 2 2 2 2
left_child=1 2 22 -4 16 6 7 8 -6 21 15 12 17 -13 -15 -11 26 18 -12 20 24 -9 23 -1 -19 -26 28 -7 -2 -10
right_child=4 -3 3 -5 5 27 -8 9 29 10 11 13 -14 14 -16 -17 -18 19 -20 -21 -22 -23 -24 -25 25 -27 -28 -29 -30 -31
leaf_value=0.0012088756805139289 0.0008173739788985058 -3.5821730431064498e-05 0.0047273732171216297 0.00091198239204839493 -0.00089205035753399213 9.551524547169322e-05 -0.00080952579552391211 0.00136586960825416 0.00083046367658733047 0.0065714469823612235 0.002569610582682038 -0.0016416529903283902 0.0055172476239801786 0.004755351010438366 -0.0001326722535290733 0.0019644646844762851 -0.0021289397148704764 -0.001342171710703154 -0.001603303984209726 0.0039855983500551107 -0.0013684529183821815 -0.0019685761449142339 -0.0010249647371685707 0.00014949726337142328 -0.00079020473620922929 0.0016535647348056338 -0.00020661161694208454 -0.00014584347370100571 -7.1546422839309677e-05 -0.00024926800509772218
leaf_weight=580 905 159633 58 354 469 50864 456 77 1288 61 521 173 56 54 104 73 152 81 55 69 119 115 316 6093 98 461 9445 8828 1258 459
leaf_count=580 905 159633 58 354 469 50864 456 77 1288 61 521 173 56 54 104 73 152 81 55 69 119 115 316 6093 98 461 9445 8828 1258 459
internal_value=3.74017e-06 -2.29484e-05 0.000254719 0.0014491 6.22112e-05 9.87636e-05 0.00058417 0.000730841 0.000242262 0.00124227 0.00142914 0.00123218 0.00153962 -0.000123912 0.00153792 0.00406167 -0.000138208 0.00138097 0.00217116 0.000831277 0.000544521 -0.000631324 0.00018431 0.000241576 0.000900215 0.00122514 -0.000112141 5.98201e-05 0.000300378 0.000546779
internal_weight=243275 167034 7401 412 76241 64481 4789 4333 2216 2117 1925 1791 1460 331 158 134 11760 1404 576 828 759 192 6989 6673 640 559 11608 59692 2163 1747
internal_count=243275 167034 7401 412 76241 64481 4789 4333 2216 2117 1925 1791 1460 331 158 134 11760 1404 576 828 759 192 6989 6673 640 559 11608 59692 2163 1747
is_linear=0
shrinkage=0.05


Tree=84
num_leaves=31
num_cat=0
split_feature=6 4 7 0 4 2 7 7 8 0 6 0 8 5 2 7 6 7 8 0 2 7 8 2 6 8 7 8 8 4
split_gain=0.139132 0.223908 0.236531 0.209008 0.193963 0.27897 0.331694 0.318808 0.314728 0.300409 0.228325 0.198939 0.417137 0.27799 0.283689 0.3181 0.313897 0.234979 0.196234 0.175384 0.234391 0.240108 0.231044 0.289894 0.1751 0.239027 0.272755 0.172692 0.237259 0.27728
threshold=0.85802659339587795 -0.99754926448107895 0.035267825808477489 -0.0095154752214984799 -0.73856189963061047 -0.21486610646284357 0.082893060637156193 0.069408018574912619 0.14045992382726044 -0.056243609406952937 1.1086233112399955 0.020074657099659058 0.98585658322235481 19.266677450169983 -0.25207000854617878 0.065172528104738239 1.0229977046814573 0.015882967834318057 0.4734376825937392 -0.051808087686535102 -0.025262311047127003 0.04808455973176478 0.59999999883319177 0.19199689534684264 0.71525927635312858 0.31991486922636175 0.046622770301358467 0.5955272256478491 0.57341306513618295 0.8988566439524236
decision_type=2 2 2 2 2 2 2 2 2 2 2 2 2 2 2 2 2 2 2 2 2 2 2 2 2 2 2 2 2 2
left_child=1 2 -1 -4 5 6 8 -7 9 10 -2 12 -6 -13 15 16 -15 -16 -19 20 24 -22 -23 -24 25 26 -3 28 -20 -30
right_child=4 19 3 -5 11 7 -8 -9 -10 -11 -12 13 -14 14 17 -17 -18 18 27 -21 21 22 23 -25 -26 -27 -28 -29 29 -31
leaf_value=0.00046411421053808968 0.0036291216547531938 0.0017528286637165224 -0.000197612898189877 -0.0027395544619594151 0.00011297548276237818 -0.00019064457525446755 -0.0033176670095417652 0.0027290015394720152 -0.001263069915835018 0.00028315591348788613 0.0011134030505621311 -0.0016051322652954995 0.0045092060385892785 -0.00038769588059039961 -0.00071599647632463132 -0.00055117461683636506 0.0037706675122489031 0.00012940444894838201 -0.00023175266329435374 -5.5940291698966498e-05 -0.0015081137873363742 -0.00041311572475384882 0.0048733754468889071 0.0005908444282531198 0.0006447071541100895 0.00018087228509382561 0.0065370247322558001 -3.8928332663479212e-05 -0.00060554065891595273 -0.0028510479631758093
leaf_weight=3748 108 65 513 96 69738 17558 60 94 247 1861 547 277 54 64 1203 131 156 15270 3003 110634 195 237 58 124 283 65 55 16179 455 197
leaf_count=3748 108 65 513 96 69738 17558 60 94 247 1861 547 277 54 64 1203 131 156 15270 3003 110634 195 237 58 124 283 65 55 16179 455 197
internal_value=3.55316e-06 -3.60304e-05 0.000315613 -0.000598313 3.96736e-05 -0.00010129 0.000360217 -0.000175097 0.000440084 0.000607285 0.00152821 6.67167e-05 0.000116377 -2.71207e-05 -1.51967e-05 0.00139945 0.00256096 -2.88729e-05 -5.3255e-06 -4.97448e-05 0.000583742 -5.87461e-05 0.000615781 0.00195561 0.00142666 0.00262285 0.00394559 -0.000109053 -0.000419461 -0.00128401
internal_weight=243275 116073 4357 609 127202 20475 2823 17652 2763 2516 655 106727 69792 36935 36658 351 220 36307 35104 111716 1082 614 419 182 468 185 120 19834 3655 652
internal_count=243275 116073 4357 609 127202 20475 2823 17652 2763 2516 655 106727 69792 36935 36658 351 220 36307 35104 111716 1082 614 419 182 468 185 120 19834 3655 652
is_linear=0
shrinkage=0.05


end of trees

feature_importances:
volatility=490
price_position=352
ret_20d=333
rsi=322
bb_position=288
ret_5d=286
vol_ratio=237
ret_1d=197
ma_bull=42
break_20d=3

parameters:
[boosting: gbdt]
[objective: regression]
[metric: rmse]
[tree_learner: serial]
[device_type: cpu]
[data_sample_strategy: bagging]
[data: ]
[valid: ]
[num_iterations: 500]
[learning_rate: 0.05]
[num_leaves: 31]
[num_threads: 0]
[seed: 42]
[deterministic: 0]
[force_col_wise: 0]
[force_row_wise: 0]
[histogram_pool_size: -1]
[max_depth: -1]
[min_data_in_leaf: 50]
[min_sum_hessian_in_leaf: 0.001]
[bagging_fraction: 0.8]
[pos_bagging_fraction: 1]
[neg_bagging_fraction: 1]
[bagging_freq: 5]
[bagging_seed: 400]
[bagging_by_query: 0]
[feature_fraction: 0.8]
[feature_fraction_bynode: 1]
[feature_fraction_seed: 30056]
[extra_trees: 0]
[extra_seed: 12879]
[early_stopping_round: 0]
[early_stopping_min_delta: 0]
[first_metric_only: 0]
[max_delta_step: 0]
[lambda_l1: 0]
[lambda_l2: 0]
[linear_lambda: 0]
[min_gain_to_split: 0]
[drop_rate: 0.1]
[max_drop: 50]
[skip_drop: 0.5]
[xgboost_dart_mode: 0]
[uniform_drop: 0]
[drop_seed: 17869]
[top_rate: 0.2]
[other_rate: 0.1]
[min_data_per_group: 100]
[max_cat_threshold: 32]
[cat_l2: 10]
[cat_smooth: 10]
[max_cat_to_onehot: 4]
[top_k: 20]
[monotone_constraints: ]
[monotone_constraints_method: basic]
[monotone_penalty: 0]
[feature_contri: ]
[forcedsplits_filename: ]
[refit_decay_rate: 0.9]
[cegb_tradeoff: 1]
[cegb_penalty_split: 0]
[cegb_penalty_feature_lazy: ]
[cegb_penalty_feature_coupled: ]
[path_smooth: 0]
[interaction_constraints: ]
[verbosity: -1]
[saved_feature_importance_type: 0]
[use_quantized_grad: 0]
[num_grad_quant_bins: 4]
[quant_train_renew_leaf: 0]
[stochastic_rounding: 1]
[linear_tree: 0]
[max_bin: 255]
[max_bin_by_feature: ]
[min_data_in_bin: 3]
[bin_construct_sample_cnt: 200000]
[data_random_seed: 175]
[is_enable_sparse: 1]
[enable_bundle: 1]
[use_missing: 1]
[zero_as_missing: 0]
[feature_pre_filter: 1]
[pre_partition: 0]
[two_round: 0]
[header: 0]
[label_column: ]
[weight_column: ]
[group_column: ]
[ignore_column: ]
[categorical_feature: ]
[forcedbins_filename: ]
[precise_float_parser: 0]
[parser_config_file: ]
[objective_seed: 16083]
[num_class: 1]
[is_unbalance: 0]
[scale_pos_weight: 1]
[sigmoid: 1]
[boost_from_average: 1]
[reg_sqrt: 0]
[alpha: 0.9]
[fair_c: 1]
[poisson_max_delta_step: 0.7]
[tweedie_variance_power: 1.5]
[lambdarank_truncation_level: 30]
[lambdarank_norm: 1]
[label_gain: ]
[lambdarank_position_bias_regularization: 0]
[eval_at: ]
[multi_error_top_k: 1]
[auc_mu_weights: ]
[num_machines: 1]
[local_listen_port: 12400]
[time_out: 120]
[machine_list_filename: ]
[machines: ]
[gpu_platform_id: -1]
[gpu_device_id: -1]
[gpu_use_dp: 0]
[num_gpu: 1]

end of parameters

pandas_categorical:null
