tree
version=v4
num_class=1
num_tree_per_iteration=1
label_index=0
max_feature_idx=9
objective=regression
feature_names=ret_1d ret_5d ret_20d ma_bull bb_position rsi vol_ratio volatility price_position break_20d
feature_infos=[-0.35692679975801578:0.45746953134815915] [-0.57870588235294118:1.3510150622134907] [-0.56705882352941184:4.034965034965035] [0:1] [-2.1016481597801984:2.0635887648707807] [0:99.999999999116937] [0:12.252780577508609] [0.0026071955431309418:0.25755867538416766] [0:0.99999999997698874] [0:1]
tree_sizes=3078 3089 3100 3118 3109 3084 3105 3117 3109 3088 3114 3099 3068 3131 3120 3083 3120 3108 3111 3090 3106 3131 3065 3126 3093 3092 3071 3133 3093 3116 3095 3109 3111 3108 3123 3130 3130 3140 3102 3084 3107 3021 3104 3125 3140 3132 3102 3045 3141 3149 3078 3065 3114 3132 3097 3104 3150 3091 3048 3086 3004 3018 3068 3046 3013 3080 3045 3064 3112 3092 3041 3064 3011 3095 3107 3025 3028 3033 2955 3012 2994 2970 2995 2978 2979 3108 3086 3124 3070 3039 3021 3044 3058 3016 3046 3116 3169 3042 3068 3070 3025 3078 3011 3077 3073 3034 3116 3054 3022 3061 3119 3100 3061 3033 3122 2991 2969 2986 3019 2978 3068 2994 3074 3098 3090 3041 3074 2984 3092 3009 3108 3017 2997 3046 3075 2982 3058 2975 2994 2994 3037 2968 3006 3032 2977 3041 3077 3089 3035 3026 3000 2963 2966 3005 3069 2999 3081 3071 2959 3009 2994 3102 3085 3077 3014 2969 2979 3010 3030 3057 3027 3005 3003 3132 3029 3038 3025 3037 3031 3031 3051 3065 3041 2978 2979 3029 2994 2985 3019 3020 3065 2973 2987 2998 2970 3011 3053 3027 3011 2983

Tree=0
num_leaves=31
num_cat=0
split_feature=2 7 7 1 7 7 2 8 7 5 8 8 7 7 4 1 5 2 7 8 5 0 7 1 0 7 7 2 4 0
split_gain=36.9103 16.2672 16.0229 11.3759 7.47432 7.46167 9.96229 7.45384 10.3463 6.62247 5.27631 5.20554 4.61882 4.22944 4.08467 3.49309 3.35905 3.34489 4.19046 3.21815 3.05389 2.75974 2.72432 2.48452 2.29947 2.27677 2.21107 6.55544 2.16037 2.06105
threshold=-0.17344976801515857 0.020890698557700361 0.06094917433654435 -0.11447863701864362 0.068895718469190556 0.058752616110890658 -0.25731976722325567 0.011124157997051442 0.027450269407221058 72.193383674602458 0.46399371873530987 0.44274895869817826 0.027793719009288748 0.044401498149700465 -0.14743296964141775 -0.15738888560099426 84.36679887914751 0.21807114913014361 0.044783073190515534 0.73026093693571581 65.327271836664991 0.045613811873003514 0.016781138874814996 0.071906364990049113 0.019211573615185776 0.01365442059077945 0.033123585838905116 -0.069751165146041558 -0.48589683967967445 0.027027027027027088
decision_type=8 8 10 10 10 10 10 10 10 10 8 8 10 10 10 10 10 10 10 10 10 10 10 10 10 10 10 10 10 10
left_child=3 9 7 5 12 6 13 8 -3 10 25 -4 -5 15 22 -1 -10 19 -19 20 26 23 -12 28 -17 -2 -9 -28 -14 -8
right_child=1 2 11 4 -6 -7 29 17 16 -11 14 -13 21 -15 -16 24 -18 18 -20 -21 -22 -23 -24 -25 -26 -27 27 -29 -30 -31
leaf_value=-0.0032329255314732571 -0.017667754484381092 -0.016200234360044637 -0.015666545104826318 -0.015723317413382367 -0.018318105154813604 -0.016317664367307038 -0.013458517067825861 -0.016454664417957132 -0.014106578455708993 -0.015070325994024464 -0.020089359341288887 -0.018938089585398405 -0.013861421216252076 -0.012680237796911908 -0.017437022587434965 -0.010435754698995114 -0.0039436168417961021 -0.014733353689030662 -0.016528056722543219 -0.016870586141766935 -0.015416650636076092 -0.010832376779113043 -0.0179628774909237 -0.010652371732918359 -5.1602503317128845e-05 -0.016773428987563073 -0.015013735282507695 -0.01641384259748432 -0.01540474964617908 -0.0068049392977650794
leaf_weight=523 9111 12453 1480 6086 1475 847 2166 68158 9589 3629 3113 6814 6881 318 10835 423 82 7871 5543 21096 11251 642 2918 470 61 32509 12068 27211 3382 123
leaf_count=523 9111 12453 1480 6086 1475 847 2166 68158 9589 3629 3113 6814 6881 318 10835 423 82 7871 5543 21096 11251 642 2918 470 61 32509 12068 27211 3382 123
internal_value=-0.0162628 -0.0164435 -0.0162069 -0.0143652 -0.0149003 -0.0120937 -0.0111037 -0.0161053 -0.0152474 -0.0171429 -0.0172715 -0.0183543 -0.0146116 -0.00765329 -0.0180175 -0.00606583 -0.0140204 -0.0162292 -0.015475 -0.0163015 -0.0162004 -0.0140167 -0.0190605 -0.0142072 -0.00912701 -0.0169692 -0.0162825 -0.0159837 -0.01437 -0.013101
internal_weight=269128 245731 183616 23397 18936 4461 3614 175322 22124 62115 58486 8294 17461 1325 16866 1007 9671 153198 13414 139784 118688 11375 6031 10733 484 41620 107437 39279 10263 2289
internal_count=269128 245731 183616 23397 18936 4461 3614 175322 22124 62115 58486 8294 17461 1325 16866 1007 9671 153198 13414 139784 118688 11375 6031 10733 484 41620 107437 39279 10263 2289
is_linear=0
shrinkage=1


Tree=1
num_leaves=31
num_cat=0
split_feature=7 7 8 7 5 1 8 1 5 0 5 5 7 8 7 5 7 5 5 8 5 7 7 3 8 8 5 7 7 6
split_gain=22.3349 18.1865 17.7911 14.6311 5.85847 5.7083 5.39315 5.31871 4.71823 4.62011 4.61856 3.00657 2.99855 5.99528 5.98197 2.96677 2.83501 2.73116 2.51913 2.4631 2.39865 2.73301 2.07544 1.9805 2.06477 1.91429 2.375 2.07555 1.6862 1.68588
threshold=0.020890698557700361 0.06094917433654435 0.032297688241028778 0.027450269407221058 67.609507282816807 -0.14738400708105606 0.46399371873530987 -0.13975089850557351 49.702161390374222 0.024010049408489612 16.925915639070251 18.76197877986878 0.028979321979119455 0.42526503026784274 0.038998441370282362 84.36679887914751 0.03686004482621686 34.179375695294873 67.314036753084238 0.19303797430174457 52.263145240974545 0.017955990406416902 0.013885887765426005 1.0000000180025095e-35 0.25785105679588655 0.53249094879544756 65.589279665839854 0.075517149084893084 0.044783073190515534 0.70486642919293763
decision_type=8 10 10 10 10 10 8 8 10 10 10 10 10 10 10 10 10 8 10 10 10 10 10 2 10 8 10 10 10 8
left_child=4 2 3 17 6 10 22 9 -3 11 16 -4 18 14 -14 -7 -5 -2 -9 -11 21 29 -1 24 -6 -10 27 -27 -15 -8
right_child=1 8 7 5 23 15 20 12 25 19 -12 -13 13 28 -16 -17 -18 -19 -20 -21 -22 -23 -24 -25 -26 26 -28 -29 -30 -31
leaf_value=-0.0013122433237580246 0.0013116468710301496 -0.00059334601027556937 0.0061829986300173832 0.013826649546761506 -0.0019971213046228514 0.0021746784420181588 -0.0017529896510233853 -0.00025750477972906428 -0.00081605545309084088 0.012260954085675835 0.0037212317956926352 0.0010196570166303867 0.00032994757193491146 0.0001196001068757035 0.0015942667161446479 0.011711231050388207 0.0051198940114703922 -6.3080229298700889e-05 0.00068373767836628916 -0.00017448353240839565 -0.0010717442849382472 -0.0011840467959349306 -0.00048044040154138944 -0.00050388937189313758 0.0018057059125070338 -0.0032423197867612295 -0.001865419039354219 -0.0063842659624262724 -0.00051690710963088894 -0.0036585333518906471
leaf_weight=9710 5360 5164 331 229 400 14964 1733 56393 1144 170 883 1902 28599 37310 13904 82 158 11084 8134 52 6959 3249 32935 2173 3316 1947 2179 720 14429 3515
leaf_count=9710 5360 5164 331 229 400 14964 1733 56393 1144 170 883 1902 28599 37310 13904 82 158 11084 8134 52 6959 3249 32935 2173 3316 1947 2179 720 14429 3515
internal_value=8.01304e-06 0.000262412 0.000375302 0.00143756 -0.000807535 0.00249836 -0.000959848 0.000159455 -0.0017009 0.00246894 0.0057174 0.00178502 0.000123744 0.000303545 0.000743544 0.00222665 0.010272 0.000385019 -0.000138856 0.00934815 -0.00176002 -0.00232372 -0.000669837 0.000695181 0.00139636 -0.00265572 -0.00309002 -0.00409054 -5.79094e-05 -0.00302928
internal_weight=269128 205138 193984 32760 63990 16316 58101 161224 11154 2455 1270 2233 158769 94242 42503 15046 387 16444 64527 222 15456 8497 42645 5889 3716 5990 4846 2667 51739 5248
internal_count=269128 205138 193984 32760 63990 16316 58101 161224 11154 2455 1270 2233 158769 94242 42503 15046 387 16444 64527 222 15456 8497 42645 5889 3716 5990 4846 2667 51739 5248
is_linear=0
shrinkage=0.05


Tree=2
num_leaves=31
num_cat=0
split_feature=2 7 7 7 1 8 7 2 7 7 1 8 2 3 7 8 4 2 0 2 7 7 8 1 4 2 1 4 2 8
split_gain=31.5426 12.8364 12.6888 9.85711 11.6031 5.96237 7.13813 5.59153 8.53086 5.1241 4.81817 4.56097 3.41638 3.63222 3.62386 3.27409 3.74948 3.03354 2.81044 2.62823 2.60052 2.27256 2.18649 2.19178 2.45677 2.05285 1.97838 1.89302 1.8526 1.69995
threshold=-0.1705184062372789 0.020551039971919455 0.06094917433654435 0.070843092138759015 -0.13975089850557351 0.024168710141185466 0.027450269407221058 -0.25731976722325567 0.044401498149700465 0.027793719009288748 0.034735411492758279 0.41342056129146593 0.17041651231208924 1.0000000180025095e-35 0.037897260865345776 0.45122353838458956 -0.091872161653097195 0.5317431461326293 0.045613811873003514 -0.066018724736477893 0.044783073190515534 0.017234887523989998 0.62891700663002381 0.05944845259693899 -0.45379578502954682 -0.29919394975115426 -0.039057974210812578 -0.17372425374626396 0.32268664290448762 0.077531951869255086
decision_type=8 8 10 10 10 10 10 10 10 10 10 8 10 2 8 8 10 10 10 10 10 10 8 10 10 10 10 10 10 8
left_child=3 10 5 4 7 6 -3 8 25 -6 15 -4 13 14 -7 -2 21 -8 22 27 28 -17 23 24 -11 29 -20 -16 -14 -1
right_child=1 2 11 -5 9 12 17 -9 -10 18 -12 -13 20 -15 19 16 -18 -19 26 -21 -22 -23 -24 -25 -26 -27 -28 -29 -30 -31
leaf_value=0.016039608509163372 -0.00071674195559762687 0.00011249018940485767 0.00087296303003959552 -0.0018940012480506193 0.00051188371791176788 -9.0014227584589814e-05 0.0017751771024024521 0.0030604522441817555 0.0021994308458059371 0.0019885798643568728 0.00041471300157775094 -0.0023755187270218321 0.00075430006148428041 -0.00057803155790698841 0.00097044275012839209 -0.003299671697811707 -0.00092272690103810157 0.012694247128092685 0.0086427242856182123 0.00025581204397637285 -0.00015569640599659529 -0.0013849048128918833 0.0034747090106354533 0.0045512547724924071 0.00016422228725142683 0.0086757024020186861 0.0032190337206014887 0.00289066762998753 0.0023275565492887778 0.0074646653557817154
leaf_weight=252 36633 13862 1278 1751 7031 82605 10412 1368 424 7203 7111 6993 11576 28677 5066 3762 8867 64 266 13853 7348 2635 2109 636 2481 382 457 1719 2232 75
leaf_count=252 36633 13862 1278 1751 7031 82605 10412 1368 424 7203 7111 6993 11576 28677 5066 3762 8867 64 266 13853 7348 2635 2109 636 2481 382 457 1719 2232 75
internal_value=7.61238e-06 -0.000163442 4.07068e-05 0.00172056 0.00199957 0.00012995 0.000856887 0.005212 0.0078098 0.0016015 -0.000805853 -0.00187358 1.43724e-05 -8.0221e-05 5.8052e-05 -0.000973097 -0.00158834 0.00184188 0.002184 0.000650697 0.000604218 -0.00251096 0.00200772 0.00170792 0.00152119 0.011165 0.00521447 0.00145694 0.00100861 0.0140729
internal_weight=269128 244693 185685 24435 22684 177414 24338 2501 1133 20183 59008 8271 153076 131920 103243 51897 15264 10476 13152 20638 21156 6397 12429 10320 9684 709 723 6785 13808 327
internal_count=269128 244693 185685 24435 22684 177414 24338 2501 1133 20183 59008 8271 153076 131920 103243 51897 15264 10476 13152 20638 21156 6397 12429 10320 9684 709 723 6785 13808 327
is_linear=0
shrinkage=0.05


Tree=3
num_leaves=31
num_cat=0
split_feature=2 7 7 7 1 5 2 7 7 2 3 7 2 5 5 0 7 3 5 5 7 2 2 7 5 6 1 1 1 1
split_gain=28.4733 11.8677 11.6747 8.91749 10.6614 5.3487 4.72118 7.69911 4.04174 3.53567 4.5142 4.54335 5.07726 3.69209 2.82339 2.73214 2.1399 1.9759 4.24475 1.87805 1.8544 1.8527 1.79158 2.82804 2.724 2.21717 1.90182 1.72281 1.67668 2.06316
threshold=-0.17344976801515857 0.020890698557700361 0.06094917433654435 0.070843092138759015 -0.13975089850557351 72.193383674602458 -0.25731976722325567 0.044401498149700465 0.027329101590553163 0.20525490716530362 1.0000000180025095e-35 0.035399379558920398 -0.069751165146041558 82.721296622103907 49.702161390374222 0.045613811873003514 0.044783073190515534 1.0000000180025095e-35 89.350945490958722 62.872817551059583 0.050417968496791338 -0.29919394975115426 -0.094473580504882457 0.011966459963838884 52.263145240974545 0.70814819812322238 0.0013683635398149543 0.0095087163232964195 -0.086978427963726276 0.042140418973867562
decision_type=8 8 10 10 10 10 10 10 10 10 2 10 10 10 10 10 10 2 10 10 10 10 10 10 10 8 10 10 10 10
left_child=3 5 9 4 6 22 7 21 -6 10 11 19 -13 20 -4 28 -11 18 -18 -3 -14 -1 23 -2 25 -24 -27 -17 -10 -30
right_child=1 2 14 -5 8 -7 -8 -9 15 16 -12 12 13 -15 -16 27 17 -19 -20 -21 -22 -23 24 -25 -26 26 -28 -29 29 -31
leaf_value=0.013369234483610749 -0.0038089806043445523 -6.2920026245497584e-05 -0.00044390356573120195 -0.0017698440187187176 0.00049870171184811783 0.001113755621707399 0.0030270652310259482 0.0020894593717000719 0.0029965579415280152 0.0013135785007524364 -0.00046379542083325613 0.0015965405317292091 0.00043524132008664388 0.0069095627843265761 -0.0024182200736906721 0.0069804937252945648 0.001146491039308962 -0.00036610214593322014 0.015382760909765406 0.00063139249898923485 -0.00071767553409977111 0.00824191723506793 -0.0006669570020512224 -0.00013968679474932641 -0.00046064440461644177 -0.001904776073777939 -0.00090086910537762644 0.0018958454237019554 0.0013076431108717443 0.0035730955282851488
leaf_weight=327 551 82068 2671 1740 6167 3629 1330 424 2636 9659 32155 10704 18483 208 5623 443 1724 4917 54 11051 4299 382 10211 11181 15481 13928 7134 267 8542 1139
leaf_count=327 551 82068 2671 1740 6167 3629 1330 424 2636 9659 32155 10704 18483 208 5623 443 1724 4917 54 11051 4299 382 10211 11181 15481 13928 7134 267 8542 1139
internal_value=7.23175e-06 -0.000151462 5.06379e-05 0.00167394 0.00195063 -0.000748882 0.00504754 0.00741931 0.00155323 0.000137354 6.53357e-05 0.000199503 0.000697033 0.000278228 -0.00178241 0.00205244 0.000837407 0.000150425 0.00157886 1.94783e-05 0.000217684 0.0106067 -0.000864457 -0.000312017 -0.00100308 -0.0012716 -0.00156474 0.00506838 0.00187859 0.00157418
internal_weight=269128 245731 183616 23397 21657 62115 2463 1133 19194 175322 158968 126813 33694 22990 8294 13027 16354 6695 1778 93119 22782 709 58486 11732 46754 31273 21062 710 12317 9681
internal_count=269128 245731 183616 23397 21657 62115 2463 1133 19194 175322 158968 126813 33694 22990 8294 13027 16354 6695 1778 93119 22782 709 58486 11732 46754 31273 21062 710 12317 9681
is_linear=0
shrinkage=0.05


Tree=4
num_leaves=31
num_cat=0
split_feature=2 7 7 7 1 8 7 5 8 2 7 7 8 2 3 7 2 7 0 2 8 5 1 8 1 5 2 7 5 8
split_gain=25.7261 10.4662 10.3317 8.04226 9.43247 5.34296 7.28373 4.89726 5.15581 4.56042 7.00047 4.20502 3.99067 2.80477 3.51305 3.26358 2.53541 2.32281 2.28797 2.02178 1.96465 2.00878 2.20421 1.95992 2.1286 1.8523 1.83329 1.78 1.9734 1.68729
threshold=-0.1705184062372789 0.020551039971919455 0.06094917433654435 0.070843092138759015 -0.13975089850557351 0.011124157997051442 0.027450269407221058 60.364554974429147 0.40927627140838274 -0.25731976722325567 0.041827604897578967 0.027793719009288748 0.41342056129146593 0.14689145610645607 1.0000000180025095e-35 0.037897260865345776 0.5317431461326293 0.044783073190515534 0.045613811873003514 -0.088991508567865737 0.62891700663002381 41.729608533438117 0.071906364990049113 0.9058488064324447 0.037486143618059915 82.721296622103907 0.32268664290448762 0.017234887523989998 49.112425994818118 0.31066418534844414
decision_type=8 8 10 10 10 10 10 10 8 10 10 10 8 10 2 10 10 10 10 10 8 10 10 8 10 10 10 10 10 10
left_child=3 7 5 4 9 6 -3 8 -2 10 -1 -6 -4 14 15 -7 -8 26 20 -17 21 22 -13 24 -9 -21 -15 28 -10 -20
right_child=1 2 12 -5 11 13 16 23 27 -11 -12 18 -14 17 -16 19 -18 -19 29 25 -22 -23 -24 -25 -26 -27 -28 -29 -30 -31
leaf_value=0.010430177598015358 -0.00061203597938699298 5.2025107371629841e-05 0.00087846777787803528 -0.0017110564427292635 0.00045988081708411323 -9.0840421697570517e-05 0.0018160675594848072 -4.2793105255579565e-06 -0.0028870664721123741 0.0027591995241606497 0.0024807738490573335 0.0016458647561054544 -0.0021601402586869309 0.00061418126985888415 -0.00060799999914675287 0.0014576045200277365 0.011801359974924708 -0.00020671210057050991 0.0055788002460531068 0.00026882290417073405 0.0032061592589434484 -0.00027136294413838058 0.005750196514709387 -0.0017746312486925393 0.0016420264051306924 0.0064551540213869888 0.0021455044264476002 -0.0011109343862735594 -0.0012654613084707165 -0.0019983328051348948
leaf_weight=651 34454 12558 1278 1751 7031 83358 9511 6731 4764 1368 482 8636 6993 15721 25491 5289 64 8305 640 14763 2109 1344 340 1077 2772 122 2232 6115 3095 83
leaf_count=651 34454 12558 1278 1751 7031 83358 9511 6731 4764 1368 482 8636 6993 15721 25491 5289 64 8305 640 14763 2109 1344 340 1077 2772 122 2232 6115 3095 83
internal_value=6.87018e-06 -0.00014761 3.67302e-05 0.00155384 0.00180586 0.000117259 0.000844044 -0.000727688 -0.000940593 0.00470226 0.00704835 0.00144695 -0.00169063 1.36668e-05 -8.21975e-05 4.72623e-05 0.00188281 0.000484712 0.00197464 0.000617896 0.00181558 0.0015314 0.00180133 0.000246845 0.000475944 0.000319527 0.000804562 -0.00175068 -0.00224845 0.00470895
internal_weight=269128 244693 185685 24435 22684 177414 22133 59008 48428 2501 1133 20183 8271 155281 129023 103532 9575 26258 13152 20174 12429 10320 8976 10580 9503 14885 17953 13974 7859 723
internal_count=269128 244693 185685 24435 22684 177414 22133 59008 48428 2501 1133 20183 8271 155281 129023 103532 9575 26258 13152 20174 12429 10320 8976 10580 9503 14885 17953 13974 7859 723
is_linear=0
shrinkage=0.05


Tree=5
num_leaves=31
num_cat=0
split_feature=7 8 7 7 5 3 8 5 7 0 5 7 7 4 4 7 7 7 8 5 4 8 0 6 6 5 4 5 5 7
split_gain=15.3504 16.2254 9.72244 8.93098 4.5096 4.01876 3.9377 3.73053 3.69935 3.42813 3.16182 3.14576 2.88856 2.76595 2.63736 3.63077 2.51762 2.46359 6.38666 2.27959 2.5375 2.05248 2.37598 2.02595 1.98816 1.98096 1.92866 1.84616 1.69669 1.50705
threshold=0.022589881439132608 0.022222221893004001 0.059819200537251725 0.055227318600763041 72.193383674602458 1.0000000180025095e-35 0.45122353838458956 20.785020217558074 0.030454395172624913 -0.07805826330971298 32.802547756075285 0.070843092138759015 0.031804127038711529 -0.071356982140794847 -0.47951290906693039 0.016625215924970689 0.015284114862724163 0.038753739887981066 0.38440111380459507 66.433854731003393 0.57521814977149266 0.22773087439012649 0.04036654509629601 0.60060948237453116 2.1979525349369644 84.36679887914751 -0.46666744766572466 82.721296622103907 75.099602289294651 0.084054682809110978
decision_type=10 10 10 10 10 2 10 10 10 10 10 10 10 10 10 10 8 10 10 10 10 10 10 8 10 10 10 10 10 10
left_child=4 2 7 10 6 11 16 9 -9 24 12 27 -3 -4 15 -8 23 28 -19 20 -15 22 -14 -1 -2 -10 -24 -5 -12 -21
right_child=1 3 13 5 -6 -7 14 8 25 -11 17 -13 21 19 -16 -17 -18 18 -20 29 -22 -23 26 -25 -26 -27 -28 -29 -30 -31
leaf_value=0.00038367178416623567 0.012613990881334011 0.00025353397372081065 0.0002557020472492932 0.00019702442587678768 0.00094630444111274369 -0.0020723340039334255 -0.0043116507665625888 0.0006191122918744402 0.0021266317460888174 0.0031131734471553005 -9.4899133193950336e-05 -0.0019370359831537946 0.0016586100376016237 -0.0028850248705792197 -0.00098090324234078479 -0.0010541213289044975 -0.00026427730509663778 0.001565234523295734 1.0821374730931341e-05 0.0011022064506196142 -0.0091881363424167872 0.00038083111709793263 0.0077591326892454092 -0.001247594939526151 0.0014049446935115277 0.01012391671896554 4.1431964252426824e-05 0.0086117824881732693 0.00080487146022026064 -0.0070183480172348565
leaf_weight=2236 156 13359 1405 5257 4780 6257 1535 5815 10669 2576 84666 2226 6022 629 16696 1932 48500 9411 22188 388 214 3348 292 12794 53 78 112 66 5585 67
leaf_count=2236 156 13359 1405 5257 4780 6257 1535 5815 10669 2576 84666 2226 6022 629 16696 1932 48500 9411 22188 388 214 3348 292 12794 53 78 112 66 5585 67
internal_value=-7.71059e-06 0.000256325 0.00152727 7.98364e-05 -0.000547399 -0.00113533 -0.00063271 0.00191971 0.001635 0.00361285 0.00019555 -0.000358684 0.000731442 -0.00128163 -0.00124149 -0.00249638 -0.000439498 9.38121e-05 0.000473766 -0.0029457 -0.0044851 0.00138464 0.00190763 -0.00100491 0.00977151 0.00218467 0.00561957 0.000301359 -3.92187e-05 -9.35675e-05
internal_weight=269312 180839 22050 158789 88473 13806 83693 19347 16562 2785 144983 7549 23133 2703 20163 3467 63530 121850 31599 1298 843 9774 6426 15030 209 10747 404 5323 90251 455
internal_count=269312 180839 22050 158789 88473 13806 83693 19347 16562 2785 144983 7549 23133 2703 20163 3467 63530 121850 31599 1298 843 9774 6426 15030 209 10747 404 5323 90251 455
is_linear=0
shrinkage=0.05


Tree=6
num_leaves=31
num_cat=0
split_feature=2 7 7 1 7 2 7 5 2 7 2 0 1 7 4 7 6 4 7 1 4 0 7 2 2 4 2 7 7 5
split_gain=22.5584 8.5627 8.91096 8.33341 4.87361 6.53785 4.19939 4.08032 3.82436 3.43105 3.20458 2.7307 2.69972 2.61055 2.40942 1.87658 1.75907 2.14833 3.06003 1.68959 1.70516 1.85208 1.68695 1.63612 1.61265 1.53054 1.39061 2.94658 1.38912 2.00891
threshold=-0.17344976801515857 0.020551039971919455 0.059819200537251725 -0.10212174007070439 0.058752616110890658 -0.28142985723929298 0.068895718469190556 72.193383674602458 0.32268664290448762 0.041827604897578967 -0.12997619918198747 0.024010049408489612 -0.17162639202663535 0.027329101590553163 -0.15634765943150178 0.02686157183790434 0.62506809901986327 -0.57765621859008365 0.01318481275596658 0.05944845259693899 -0.47951290906693039 0.054494406694063253 0.034697562260999779 -0.079817201887150344 -0.20102062680521168 -0.99225335413760363 0.3897788632604014 0.073071248271039071 0.036494476576477579 73.576251344163992
decision_type=8 8 10 10 10 10 10 10 10 10 8 10 10 10 10 10 8 10 10 10 10 10 10 10 10 10 10 10 10 10
left_child=3 7 8 4 5 9 13 16 10 12 22 24 -1 -5 -4 -12 25 18 -18 20 21 -15 -3 -20 -7 -2 27 -16 -10 -30
right_child=1 2 14 6 -6 11 -8 -9 28 -11 15 -13 -14 19 26 -17 17 -19 23 -21 -22 -23 -24 -25 -26 -27 -28 -29 29 -31
leaf_value=0.013486887635526452 0.002386114005034239 0.00041267392694639346 -0.00021235170626274572 0.00028469536450284193 -0.00013841193489930152 0.0032854955589750388 -0.0015907250230021515 0.0009856468521755831 0.0032113564077682873 0.0033334284476454327 -0.00023988220542029597 0.008156656218705937 0.0069010208123566289 0.0017942719215134715 -0.0018443422712359804 0.00011908406152592529 -0.0026491012318264773 -0.00065655437237397817 -0.00048840396562629875 0.0038272456544608084 0.00054589552795757861 0.0079611891411684246 0.0015718848885699856 -0.0016458728467370533 0.00098008721145367828 -0.00032990395334001228 -0.0010175175128710504 -0.0049929354385876102 0.0022424291171892958 7.7349452313908747e-05
leaf_weight=264 548 10990 2564 5463 925 2236 1491 3491 903 330 57483 228 379 6706 3300 99307 3645 29497 6897 804 3476 124 4393 5478 1148 9703 2254 959 1954 2372
leaf_count=264 548 10990 2564 5463 925 2236 1491 3491 903 330 57483 228 379 6706 3300 99307 3645 29497 6897 804 3476 124 4393 5478 1148 9703 2254 959 1954 2372
internal_value=-7.32506e-06 -0.00014906 1.73201e-05 0.00147014 0.00317228 0.00384019 0.000950937 -0.000672633 9.55025e-05 0.00747796 5.50453e-05 0.00286025 0.00960502 0.0011796 -0.00151069 -1.25216e-05 -0.000776439 -0.000909703 -0.00137582 0.00161964 0.00144742 0.00190623 0.000743716 -0.00100078 0.0025034 -0.000184711 -0.00202181 -0.00255331 0.00142762 0.00105529
internal_weight=269312 245738 186479 23574 5510 4585 18064 59259 177402 973 172173 3612 643 16573 9077 156790 55768 45517 16020 11110 10306 6830 15383 12375 3384 10251 6513 4259 5229 4326
internal_count=269312 245738 186479 23574 5510 4585 18064 59259 177402 973 172173 3612 643 16573 9077 156790 55768 45517 16020 11110 10306 6830 15383 12375 3384 10251 6513 4259 5229 4326
is_linear=0
shrinkage=0.05


Tree=7
num_leaves=31
num_cat=0
split_feature=2 7 7 1 7 2 8 7 7 5 8 8 2 2 7 7 8 1 7 5 7 3 5 2 7 2 7 5 1 2
split_gain=20.359 7.72784 8.04214 7.5209 4.39844 5.99389 4.21503 7.65223 3.78995 3.68249 3.45672 3.15642 2.69615 2.37151 2.9686 2.35602 2.12604 1.92053 1.83503 2.07223 1.62855 1.61392 2.15971 2.39862 1.61488 2.85055 1.55663 1.5372 1.52486 1.49209
threshold=-0.17344976801515857 0.020551039971919455 0.059819200537251725 -0.10212174007070439 0.058752616110890658 -0.22651167371318895 0.011124157997051442 0.027563969432362691 0.068895718469190556 72.193383674602458 0.44274895869817826 0.50224926047455021 0.32268664290448762 -0.29919394975115426 0.041827604897578967 0.027329101590553163 0.097048649989857641 0.19168037263172447 0.036669205911247595 73.138336581420717 0.055933224678610928 1.0000000180025095e-35 62.63228218309456 -0.044638008199694428 0.033123585838905116 -0.066018724736477893 0.013436842382080084 52.065370752628233 0.05944845259693899 0.10668881640329421
decision_type=8 8 10 10 10 10 10 10 10 10 8 8 10 10 10 10 8 10 10 10 10 2 10 10 10 10 10 10 10 10
left_child=3 9 6 4 5 13 7 -3 15 11 -4 26 21 14 16 -5 -1 -9 -14 -20 -19 22 24 -24 -8 -26 -2 -13 -17 -23
right_child=1 2 10 8 -6 -7 12 17 -10 -11 -12 27 18 -15 -16 28 -18 20 19 -21 -22 29 23 -25 25 -27 -28 -29 -30 -31
leaf_value=0.012472574778908641 -0.0011061654602568408 -6.9657135695815221e-05 0.000608523611958615 0.00027046056063814819 -0.00013149130029440229 0.0017410387601277913 -0.00018112213748214809 0.0016879823664235395 -0.001511188792276184 0.00093636448389466703 -0.0019010072161481017 -0.0019286876353140948 0.0032167799376203129 0.0043849534715200067 0.0035633807986106473 0.0013750487569393404 0.0043246987136516058 0.0040674532332646085 0.0020385044302626727 -0.00028351490667178784 0.013950927918687321 -0.00063062979097958018 0.0030975144923949204 0.00044269590603239988 0.00086276421937130597 -0.00011165392530778966 -0.00035921147085781488 -0.00088530460325511498 0.0036358834564308197 -1.7463565686993489e-05
leaf_weight=318 8862 12652 1685 5463 925 2170 62266 9246 1491 3491 7392 6746 887 1739 251 10306 107 210 1666 2270 52 19090 900 15566 12057 19882 32755 7405 804 20658
leaf_count=318 8862 12652 1685 5463 925 2170 62266 9246 1491 3491 7392 6746 887 1739 251 10306 107 210 1666 2270 52 19090 900 15566 12057 19882 32755 7405 804 20658
internal_value=-6.95881e-06 -0.000141607 1.64541e-05 0.00139663 0.00301366 0.00364818 9.07274e-05 0.000735803 0.000903391 -0.000639001 -0.00143515 -0.000737617 -1.35382e-06 0.00536185 0.0078749 0.00112062 0.0104212 0.0018076 0.00116232 0.000699332 0.00602906 -3.86655e-05 5.94868e-05 0.000587803 -3.28571e-05 0.00025619 -0.000518269 -0.0013827 0.00153866 -0.000311952
internal_weight=269312 245738 186479 23574 5510 4585 177402 22160 18064 59259 9077 55768 155242 2415 676 16573 425 9508 4823 3936 262 150419 110671 16466 94205 31939 41617 14151 11110 39748
internal_count=269312 245738 186479 23574 5510 4585 177402 22160 18064 59259 9077 55768 155242 2415 676 16573 425 9508 4823 3936 262 150419 110671 16466 94205 31939 41617 14151 11110 39748
is_linear=0
shrinkage=0.05


Tree=8
num_leaves=31
num_cat=0
split_feature=2 1 7 7 2 7 1 8 2 8 0 0 7 7 8 7 8 2 1 1 8 5 4 7 7 4 7 2 2 7
split_gain=18.5916 6.68784 6.08821 7.28712 4.97262 5.76851 4.17531 3.51951 3.16379 3.05805 3.05688 3.51514 2.67726 3.27833 2.36035 5.46093 1.98901 3.26881 1.82116 1.76319 1.67545 1.70018 1.6715 2.16463 1.59299 1.54999 1.84933 1.39106 1.31322 1.30836
threshold=-0.14373222694830176 -0.10212174007070439 0.022589881439132608 0.059819200537251725 -0.2204671338228493 0.058752616110890658 0.043139448846459046 1.0000000180025095e-35 0.32268664290448762 0.44274895869817826 -0.070991281012234661 0.022412765753629164 0.068895718469190556 0.034048340045024515 1.0000000180025095e-35 0.027563969432362691 0.45122353838458956 0.097204641482651968 0.05944845259693899 0.19168037263172447 0.6804973471060507 67.314036753084238 -0.50431547642153474 0.016625215924970689 0.048218597682754084 -0.72697674998527051 0.019467920060653073 0.23999290991948866 -0.072198681309912069 0.050417968496791338
decision_type=8 10 8 10 10 10 10 10 10 8 10 10 10 10 10 10 8 10 10 10 8 10 10 10 10 10 10 10 10 10
left_child=1 4 6 8 5 10 16 -3 14 -5 -1 -12 13 25 15 -4 -2 22 -15 24 21 -8 23 -18 -17 26 -9 28 -26 -20
right_child=2 7 3 9 -6 -7 20 12 -10 -11 11 -13 -14 18 -16 19 17 -19 29 -21 -22 -23 -24 -25 27 -27 -28 -29 -30 -31
leaf_value=0.0090236727838471 -0.00048877081981742035 0.002232406256543707 -0.00015208443746411837 0.00067534504206537976 0.0011454351924007084 -7.2904989179737976e-05 0.00055019942586914694 -0.00065075723560121905 0.0012938681310969554 -0.0018170819534962049 0.0035615683215872787 0.010254579087883485 -0.0015246355142364929 0.00121007822851172 -3.5409271419317745e-05 0.0018445773780868425 -0.0035563012979311979 0.00060237747728338184 0.0047184170645256807 0.0066045978151060116 -0.00044001777165961941 0.0026555703444867164 -0.001063185377636154 -0.0011916378466845434 0.0027391395872145064 -0.00013543063203193164 0.0013606169133119368 0.0044674379847222763 -0.0013228164769538123 0.00035473720161234199
leaf_weight=385 44580 3378 10774 1480 3617 746 3703 1514 5218 7305 2044 217 1513 6931 127552 5959 1720 2538 670 172 2757 1294 14454 2213 246 10244 4661 155 1041 231
leaf_count=385 44580 3378 10774 1480 3617 746 3703 1514 5218 7305 2044 217 1513 6931 127552 5959 1720 2538 670 172 2757 1294 14454 2213 246 10244 4661 155 1041 231
internal_value=-6.61087e-06 0.00104843 -0.000170192 2.7461e-06 0.00243513 0.00381038 -0.000547663 0.000714909 8.41294e-05 -0.00139719 0.00490522 0.00420393 0.000515945 0.000643255 4.08637e-05 0.000571129 -0.000677533 -0.00107968 0.00148498 0.00160003 0.000549467 0.0010954 -0.00131186 -0.00222576 0.00148373 0.000241747 0.000867464 -7.4693e-06 -0.000546405 0.00359965
internal_weight=269312 36151 233161 159902 7009 3392 73259 29142 151117 8785 2646 2261 25764 24251 145899 18347 65505 20925 7832 7573 7754 4997 18387 3933 7401 16419 6175 1442 1287 901
internal_count=269312 36151 233161 159902 7009 3392 73259 29142 151117 8785 2646 2261 25764 24251 145899 18347 65505 20925 7832 7573 7754 4997 18387 3933 7401 16419 6175 1442 1287 901
is_linear=0
shrinkage=0.05


Tree=9
num_leaves=31
num_cat=0
split_feature=2 8 7 7 5 7 7 8 8 2 6 8 7 0 5 6 2 2 8 4 2 7 7 2 0 6 7 8 7 5
split_gain=16.7789 5.76883 5.49461 6.59371 3.87582 3.65722 4.83035 2.98638 2.77887 2.73128 2.46592 2.09328 4.75059 1.88165 1.86932 2.00133 1.8234 1.8189 1.79021 1.72473 1.66751 1.61203 1.60775 3.22849 1.929 1.48769 1.41869 2.34875 1.66315 1.40811
threshold=-0.14373222694830176 0.011124157997051442 0.022589881439132608 0.06094917433654435 72.193383674602458 0.070843092138759015 0.030983618061388492 0.50224926047455021 0.41342056129146593 0.32268664290448762 0.98314791803475687 1.0000000180025095e-35 0.027563969432362691 -0.070991281012234661 52.852029999055809 0.7015131783344527 -0.050309115457984992 -0.25731976722325567 0.26804799527923462 -0.50431547642153474 -0.20102062680521168 0.058752616110890658 0.049831260130964027 -0.22651167371318895 0.04413020094962717 0.52136975593460977 0.049831260130964027 0.66147025987619645 0.058752616110890658 13.654556564743389
decision_type=8 10 8 10 10 10 10 8 8 10 10 10 10 10 10 8 10 10 10 10 10 10 10 10 10 10 10 10 10 10
left_child=1 13 4 9 7 6 17 14 -5 11 -8 12 -4 20 15 16 -2 -3 22 25 21 -1 23 24 -12 -9 -11 28 -28 -17
right_child=2 5 3 8 -6 -7 10 19 -10 26 18 -13 -14 -15 -16 29 -18 -19 -20 -21 -22 -23 -24 -25 -26 -27 27 -29 -30 -31
leaf_value=0.008955819402737852 0.00042108215430291759 0.0027011659941914941 -0.000144480121530793 0.00091186886849544822 0.00089149337547798186 -0.0016651663876004795 0.001021649913135909 0.00025449231623220285 -0.0017896437886835794 0.0018314563398449579 0.0048735647872363104 -3.6817516884360369e-05 0.001483138976813008 0.0020148359475454544 0.00022225911976630466 -0.003124489767550866 -0.00080824227518116781 3.5095668540746941e-05 3.033583882540192e-05 -0.00094060801984351529 0.00067941097964545891 0.00056789827848822906 0.00092402127890825903 0.0022506532824588575 0.011106954792343807 -0.0027317415485228463 0.0021171597471145694 -0.00058944280023678951 0.010470323096504561 -0.000744252620281712
leaf_weight=266 7984 672 10774 1108 4559 1584 8714 499 6757 3279 828 128160 7678 7135 9435 636 4848 13327 629 15780 141 73 788 1848 146 2540 306 1766 74 26978
leaf_count=266 7984 672 10774 1108 4559 1584 8714 499 6757 3279 828 128160 7678 7135 9435 636 4848 13327 629 15780 141 73 788 1848 146 2540 306 1766 74 26978
internal_value=-6.28032e-06 0.000996007 -0.000161682 2.60879e-06 -0.000520279 0.000669725 0.00080695 -0.000613966 -0.00140906 7.56357e-05 0.00150282 3.48701e-05 0.000532783 0.00221869 -0.00041148 -0.000559315 -4.33634e-05 0.000163076 0.00249194 -0.00115067 0.00524896 0.00714957 0.00292085 0.00347843 0.00580793 -0.00224141 0.00117734 0.000177865 0.00374383 -0.000799074
internal_weight=269312 36151 233161 159902 73259 28536 26952 68700 7865 152037 12953 146612 18452 7615 49881 40446 12832 13999 4239 18819 480 339 3610 2822 974 3039 5425 2146 380 27614
internal_count=269312 36151 233161 159902 73259 28536 26952 68700 7865 152037 12953 146612 18452 7615 49881 40446 12832 13999 4239 18819 480 339 3610 2822 974 3039 5425 2146 380 27614
is_linear=0
shrinkage=0.05


Tree=10
num_leaves=31
num_cat=0
split_feature=8 7 7 7 7 5 3 6 5 5 1 0 1 5 7 5 5 7 8 7 1 6 8 7 7 8 5 1 5 1
split_gain=10.0392 7.07431 6.78213 6.18462 5.43787 3.97532 3.41551 2.41256 2.49574 2.78085 2.40854 2.68732 2.2847 2.8375 2.34195 2.09023 2.07959 2.03896 3.36492 2.51733 2.12543 1.98223 1.91431 1.85633 1.8434 1.75042 1.71309 1.70484 1.64119 1.59809
threshold=0.026163485247077154 0.058752616110890658 0.027329101590553163 0.020890698557700361 0.054473624498138536 59.497830432370478 1.0000000180025095e-35 0.61486712146765787 45.423202778420446 66.433854731003393 -0.13975089850557351 0.04036654509629601 -0.14738400708105606 14.634146337756819 0.045550372314020794 16.925915639070251 38.967239739451657 0.03125647285141462 0.38440111380459507 0.038998441370282362 0.083618479208987254 0.57458531573014604 0.50224926047455021 0.070843092138759015 0.079061678468717936 0.73026093693571581 38.967239739451657 0.012043736516303418 62.63228218309456 0.14460248547869184
decision_type=10 8 10 10 10 10 2 10 10 10 10 10 10 10 10 10 10 10 10 10 10 8 10 10 8 10 10 10 10 10
left_child=1 2 16 5 10 21 23 -3 -9 -10 11 15 13 14 -4 -5 -1 20 19 26 25 -2 27 -6 -11 28 -19 -23 -12 -14
right_child=3 7 12 4 6 -7 -8 8 9 24 17 -13 29 -15 -16 -17 -18 18 -20 -21 -22 22 -24 -25 -26 -27 -28 -29 -30 -31
leaf_value=0.00068427114597567282 2.8562138478594804e-05 5.4676684055071562e-05 0.010883156179591076 0.0053966629335553103 0.00028280974261385959 0.00024703785141929496 -0.0017235899308154967 0.00012984766372336771 -0.0048122474260623681 0.0022597296420261391 -0.00015637872247266683 0.010348122246026855 0.0015933674233150248 0.0026422499168428713 -0.00076944044515214586 0.00079113440281956739 -0.00078203760104674316 0.0009018301019078378 2.1775021355670662e-06 0.0012811960720749342 0.00078301861208112463 -0.00093247910958490143 -0.0016165251477151471 -0.001436957010149859 -0.0052470948215492313 -0.00080765738330622382 -7.780637873268186e-05 -2.3295508759541575e-05 0.00062542168220618372 0.004236515592934754
leaf_weight=10022 6446 9626 214 283 5722 11779 6710 988 871 296 58499 87 13586 859 54 1903 3187 7673 43331 11285 6551 24648 7836 2162 113 9063 10666 6520 7583 597
leaf_count=10022 6446 9626 214 283 5722 11779 6710 988 871 296 58499 87 13586 859 54 1903 3187 7673 43331 11285 6551 24648 7836 2162 113 9063 10666 6520 7583 597
internal_value=6.89458e-06 0.000733386 0.0011606 -0.000121456 2.87209e-05 -0.000571542 -0.00089446 -0.000290979 -0.00175803 -0.00321524 0.000114577 0.00173034 0.0018768 0.0040436 0.00853524 0.00138737 0.000330488 9.08293e-05 0.000282949 0.000693632 -8.07343e-05 -0.000783688 -0.000917924 -0.000188795 0.000185717 -0.000156035 0.000332072 -0.000742288 -6.66661e-05 0.00170462
internal_weight=269160 40413 28519 228747 171518 57229 14594 11894 2268 1280 156924 2273 15310 1127 268 2186 13209 154651 72955 29624 81696 45450 39004 7884 409 75145 18339 31168 66082 14183
internal_count=269160 40413 28519 228747 171518 57229 14594 11894 2268 1280 156924 2273 15310 1127 268 2186 13209 154651 72955 29624 81696 45450 39004 7884 409 75145 18339 31168 66082 14183
is_linear=0
shrinkage=0.05


Tree=11
num_leaves=31
num_cat=0
split_feature=8 7 7 7 7 5 3 1 5 1 0 7 8 3 8 7 7 1 5 5 6 5 6 1 5 5 0 7 6 0
split_gain=9.06034 6.4101 6.62325 5.59252 5.31726 4.41237 3.08249 2.97178 2.611 2.07944 2.24565 2.02683 1.90879 1.89816 1.7996 1.70667 1.67534 1.63196 1.60424 1.8696 1.69938 1.57941 1.55282 1.55121 1.48518 1.39234 1.39107 1.31348 1.30753 1.29543
threshold=0.026163485247077154 0.020199207454447584 0.058752616110890658 0.023142727293339892 0.054473624498138536 67.008265075488623 1.0000000180025095e-35 -0.15738888560099426 16.925915639070251 -0.051973141121421311 0.052427708969265858 0.030454395172624913 0.48468205419792432 1.0000000180025095e-35 0.25785105679588655 0.036124634949462442 0.070843092138759015 0.044190259021546503 78.431372505959288 44.466808129063992 0.61167366341554874 36.111111093278431 0.54273377100787001 0.054286838260087629 43.70314948067567 82.721296622103907 -0.070991281012234661 0.015284114862724163 0.63536151319041323 0.071774098249793319
decision_type=10 10 10 10 10 10 2 10 10 10 10 10 10 2 10 10 10 10 10 10 10 10 8 10 10 10 10 10 10 10
left_child=1 24 7 5 9 12 16 8 15 10 -5 -9 17 14 -7 -3 25 22 19 -4 -21 -12 -2 -16 -1 -6 -22 -24 29 -26
right_child=3 2 18 4 6 13 -8 11 -10 -11 21 -13 -14 -15 23 -17 -18 -19 -20 20 26 -23 27 -25 28 -27 -28 -29 -30 -31
leaf_value=7.7044054216739784e-05 0.00026191125667551155 0.010106336397464099 7.3471148884449245e-05 0.00048624385762053901 0.00017939269243008019 -0.0016989312929059067 -0.0016374103819397847 0.00082527955889381962 0.00223206715435757 5.6192380490916376e-05 0.0076876909539667238 0.0017993266346582719 -0.0010599758110063384 -0.00032857363630657386 0.00095500083054466875 0.0028400042447760971 -0.0013651092253729701 0.00069464599006191312 0.0050827380724124682 0.00052179993824180476 0.0019321103410479196 0.0011967444945984954 -0.001073905768187367 0.003002753968489728 -0.00011818518500721888 0.0070826410056356141 -0.0040091071646321972 -0.00044829483715430097 -0.0033051436500558182 -0.0055370641727737775
leaf_weight=12891 5621 232 1357 27646 5648 477 6710 9938 639 110668 184 11545 16996 3219 3306 124 2162 2947 103 356 109 191 11653 1284 1363 74 1025 29961 611 120
leaf_count=12891 5621 232 1357 27646 5648 477 6710 9938 639 110668 184 11545 16996 3219 3306 124 2162 2947 103 356 109 191 11653 1284 1363 74 1025 29961 611 120
internal_value=6.54985e-06 0.000696717 0.00118013 -0.000115383 5.8085e-05 -0.000467732 -0.000849737 0.00147246 0.00414384 0.000153614 0.000538375 0.00134873 -0.000602007 0.000620891 0.00122407 0.00757537 -0.000179356 -0.000446899 -0.00104737 -0.00126915 -0.00249193 0.00438164 -0.00051812 0.00152784 -0.000123577 0.000268669 -0.00343804 -0.000623482 -0.00135863 -0.000556665
internal_weight=269160 40413 25428 228747 153283 75464 14594 22478 995 138689 28021 21483 67178 8286 5067 356 7884 50182 2950 2847 1490 375 47235 4590 14985 5722 1134 41614 2094 1483
internal_count=269160 40413 25428 228747 153283 75464 14594 22478 995 138689 28021 21483 67178 8286 5067 356 7884 50182 2950 2847 1490 375 47235 4590 14985 5722 1134 41614 2094 1483
is_linear=0
shrinkage=0.05


Tree=12
num_leaves=31
num_cat=0
split_feature=2 1 7 7 2 7 2 0 2 3 0 7 6 3 0 2 7 4 4 7 4 7 7 6 5 2 1 5 2 7
split_gain=13.8866 4.89645 4.78281 4.49683 3.13982 2.79723 4.1494 2.75399 2.60418 2.93915 2.3342 2.2356 2.15394 2.00381 1.94757 1.81131 2.94236 3.93405 2.06642 1.80333 3.18228 1.74857 1.72414 2.30252 1.70093 2.04416 1.98622 1.60761 1.46723 1.4284
threshold=-0.17344976801515857 -0.060721062618595771 0.020890698557700361 0.06094917433654435 0.090595559390975869 0.06094917433654435 -0.24067840387544062 -0.062339272320136634 0.17480451732844984 1.0000000180025095e-35 0.038285554059660616 0.070843092138759015 2.1979525349369644 1.0000000180025095e-35 0.054494406694063253 0.3897788632604014 0.084054682809110978 0.53019978575856863 0.31795701776941004 0.070843092138759015 0.031979087282105065 0.034367111798127327 0.036494476576477579 1.1092931942997908 65.327271836664991 -0.12809683200220565 0.09310529808872571 24.436513577071974 0.25839402339364265 0.0292149956623305
decision_type=8 10 8 10 10 10 10 10 10 2 10 10 10 2 10 10 10 10 10 10 10 10 10 10 10 8 10 10 10 10
left_child=1 5 4 8 -2 6 7 12 9 24 27 21 -1 15 29 19 17 18 -17 -5 28 -3 23 -10 25 26 -4 -9 -21 -8
right_child=2 11 3 13 -6 -7 14 10 22 -11 -12 -13 -14 -15 -16 16 -18 -19 -20 20 -22 -23 -24 -25 -26 -27 -28 -29 -30 -31
leaf_value=0.0089890032062375346 -0.00057838481006279086 0.00016380349808527088 0.00049829183145375458 6.749347074912436e-05 0.0008614300185050207 -0.0003503937034739044 0.00055365574437655476 0.003598312468802543 0.00028914873123596395 -0.00045000400308760867 0.0093728668293416775 -0.0017157964528000159 0.00080897434494792706 -0.0019585961763730862 0.0092737383887030282 0.0051384169081799113 -0.0041335064710180209 0.00083299780783981916 0.017562105219500759 -0.0010304931099508051 -0.005277961369387991 0.0013975371657860176 0.00024725374549668989 0.0019795678587162888 0.00071428221835210387 -3.1203464374209034e-05 0.004323579302157936 0.0010152084481731374 0.0058600275310249457 0.002082120301713068
leaf_weight=368 57980 6579 15380 2468 4051 1173 2852 1842 3872 28879 140 1041 103 3812 79 65 127 239 69 848 522 5097 13691 4199 10643 98420 347 895 85 3294
leaf_count=368 57980 6579 15380 2468 4051 1173 2852 1842 3872 28879 140 1041 103 3812 79 65 127 239 69 848 522 5097 13691 4199 10643 98420 347 895 85 3294
internal_value=6.22235e-06 0.0011684 -0.00010476 2.34437e-05 -0.000484356 0.00195415 0.00223653 0.00365597 7.70465e-05 4.55138e-06 0.00307574 0.000504424 0.00720016 -0.00111846 0.00147312 -0.000394385 0.00243983 0.00467793 0.0115357 -0.000755615 -0.00215179 0.000702373 0.00058896 0.0011686 0.000109745 5.33782e-05 0.000582693 0.00275364 -0.000402739 0.00137285
internal_weight=269160 23463 245697 183666 62031 10746 9573 3348 175431 153669 2877 12717 471 8235 6225 4423 500 373 134 3923 1455 11676 21762 8071 124790 114147 15727 2737 933 6146
internal_count=269160 23463 245697 183666 62031 10746 9573 3348 175431 153669 2877 12717 471 8235 6225 4423 500 373 134 3923 1455 11676 21762 8071 124790 114147 15727 2737 933 6146
is_linear=0
shrinkage=0.05


Tree=13
num_leaves=31
num_cat=0
split_feature=8 7 7 7 7 5 3 8 4 5 6 5 7 5 5 0 6 8 8 4 7 8 5 8 4 0 5 7 4 8
split_gain=7.8488 5.54616 5.26574 4.61051 4.43044 3.85174 2.58508 2.06367 2.20084 1.99497 1.95534 2.11429 1.84442 1.78513 1.76843 1.7383 1.85338 1.70347 1.5115 1.39339 1.39148 3.69533 2.26622 2.09868 1.74405 1.73556 1.4511 1.34414 1.47581 1.88955
threshold=0.026163485247077154 0.058752616110890658 0.027329101590553163 0.023142727293339892 0.054473624498138536 62.872817551059583 1.0000000180025095e-35 0.50224926047455021 -0.67903913970105811 47.148288966063795 0.79213668923321945 65.589279665839854 0.016482506386382087 38.967239739451657 22.053231932455265 -0.070991281012234661 1.8689944477999509 0.78756700837013283 1.0000000180025095e-35 0.48583506881752903 0.03125647285141462 0.33333333014833016 41.534475409655847 0.21165644106853862 0.8658097108469397 0.027027027027027088 59.711663822382668 0.016327559054624002 -0.57765621859008365 0.2177029679116855
decision_type=10 8 10 8 10 10 2 10 10 10 10 10 10 10 10 10 10 10 10 10 10 10 10 10 10 10 10 10 10 10
left_child=1 2 13 5 20 7 -6 27 12 -3 -11 19 -9 -1 15 16 -4 -7 -16 -12 -5 22 25 -24 26 -22 -23 28 29 -2
right_child=3 9 14 4 6 17 -8 8 -10 10 11 -13 -14 -15 18 -17 -18 -19 -20 -21 21 24 23 -25 -26 -27 -28 -29 -30 -31
leaf_value=0.00062287883211544414 -0.00077901497166101442 9.2275590814890534e-05 0.010105915141084552 -3.442949740052547e-05 -0.00016482670521782909 0.00076046369286385577 -0.0015000667197906953 -0.0050433958434483676 -0.00091331565431215149 -0.00049681585977036586 -0.0029773471990530011 -0.00020581769303747562 -0.0013871157076919634 -0.00073565694240644759 0.001700890918493674 0.0024469988609096579 0.0012893157552523343 -0.00054046041840308907 0.00035565024361865335 -0.0079492062214287194 0.00095248083256425269 -7.7495713523367712e-05 -0.0004062603753586757 0.00087743923449123355 -0.00066161121600465751 0.0025101994571085635 0.00054828246937996847 -0.00024693346715983703 -0.00037395276647663193 -0.0024825977878866444
leaf_weight=10022 5154 9193 160 63813 7884 8702 6710 619 12399 1794 315 337 779 3187 10363 2077 95 3540 2615 255 12311 25183 6101 6659 7875 2092 14655 32659 9233 2379
leaf_count=10022 5154 9193 160 63813 7884 8702 6710 619 12399 1794 315 337 779 3187 10363 2077 95 3540 2615 255 12311 25183 6101 6659 7875 2092 14655 32659 9233 2379
internal_value=5.91123e-06 0.000648279 0.00102655 -0.000107577 4.99268e-05 -0.000427499 -0.000778741 -0.000584687 -0.00112536 -0.000258725 -0.00145337 -0.00334539 -0.00300603 0.000295098 0.00165762 0.00292532 0.0068213 0.000384278 0.00142983 -0.0052016 0.000137126 0.000283334 0.000748872 0.000263658 1.83035e-05 0.00117874 0.000152706 -0.000433757 -0.000797677 -0.00131702
internal_weight=269160 40413 28519 228747 153283 75464 14594 63222 13797 11894 2701 907 1398 13209 15310 2332 255 12242 12978 570 138689 74876 27163 12760 47713 14403 39838 49425 16766 7533
internal_count=269160 40413 28519 228747 153283 75464 14594 63222 13797 11894 2701 907 1398 13209 15310 2332 255 12242 12978 570 138689 74876 27163 12760 47713 14403 39838 49425 16766 7533
is_linear=0
shrinkage=0.05


Tree=14
num_leaves=31
num_cat=0
split_feature=2 1 7 7 8 7 2 8 7 2 0 7 1 8 2 7 3 8 7 2 4 4 4 0 5 2 7 2 2 4
split_gain=11.8002 4.30775 3.91509 3.64441 2.79029 3.15543 2.75344 2.67317 2.42142 3.62919 2.6783 2.25576 2.57423 2.1254 1.99164 1.97524 1.90455 1.8302 1.82079 2.24538 1.93692 1.65467 1.58482 1.55148 1.39359 1.43544 1.39267 1.47179 2.02286 1.37626
threshold=-0.17344976801515857 -0.060721062618595771 0.020890698557700361 0.06094917433654435 0.011124157997051442 0.030454395172624913 0.09502747050501216 0.41751121188715407 0.06094917433654435 -0.28142985723929298 0.027027027027027088 0.041827604897578967 -0.13975089850557351 0.50659383237964506 0.15813196578469771 0.068895718469190556 1.0000000180025095e-35 0.097048649989857641 0.036494476576477579 0.30648267736161167 0.80164327893500864 1.0166187260216664 -0.6857890029117677 -0.056499373782354582 66.155370199676042 -0.003872246284881919 0.048218597682754084 0.20525490716530362 -0.072198681309912069 0.24668851310818021
decision_type=8 10 8 10 10 10 10 8 10 10 10 10 10 8 10 10 2 8 10 10 10 10 10 10 10 10 10 10 10 10
left_child=1 8 6 4 5 23 13 -5 9 11 -11 12 -1 29 16 17 24 -3 19 -16 -20 26 -15 -4 -6 -26 -7 28 -28 -2
right_child=2 15 3 7 14 21 -8 -9 -10 10 -12 -13 -14 22 18 -17 -18 -19 20 -21 -22 -23 -24 -25 25 -27 27 -29 -30 -31
leaf_value=0.0086041754437603864 -0.00046658642786122172 -2.6945674460091543e-05 -0.0013462365340841612 0.0010541053219882879 -4.0053422863708653e-05 0.0015772282188187669 0.00088292141327809257 -0.0014021026310598365 -0.00033021678848777451 0.0014297958764537808 0.0053548266045199185 0.0017391968508445894 0.0034348205901643214 -0.0026168187719187181 0.00066901912702623531 -0.0014510209543784737 -0.00046072396024424774 0.0012394809655178359 0.00049304277522597181 0.0030673451499256352 -0.0007356809447731285 0.0043298238818455593 -0.00087628568222375977 0.00032287691926776883 0.0022520281433053143 0.0003671344819051341 0.0023859474833159162 0.0025290480596595446 -0.0019150314851124732 0.00032975511111776803
leaf_weight=438 37686 5275 1569 1319 95195 5885 3698 6916 1173 7596 461 543 535 1456 8530 1229 26759 6213 8873 1102 5023 447 12853 12358 1191 6649 371 440 1039 6338
leaf_count=438 37686 5275 1569 1319 95195 5885 3698 6916 1173 7596 461 543 535 1456 8530 1229 26759 6213 8873 1102 5023 447 12853 12358 1191 6649 371 440 1039 6338
internal_value=5.61568e-06 0.00107693 -9.66904e-05 1.93024e-05 6.7558e-05 0.000592679 -0.00044013 -0.00100869 0.00181394 0.00207667 0.00165438 0.004321 0.00576183 -0.000524005 -8.16429e-06 0.000454152 -8.48896e-05 0.00065797 0.000415097 0.000943412 4.88949e-05 0.001372 -0.00105339 0.000134836 1.27176e-05 0.000653475 0.00120107 4.45943e-06 -0.000783355 -0.00035194
internal_weight=269160 23463 245697 183666 175431 22109 62031 8235 10746 9573 8057 1516 973 58333 153322 12717 129794 11488 23528 9632 13896 8182 14309 13927 103035 7840 7735 1850 1410 44024
internal_count=269160 23463 245697 183666 175431 22109 62031 8235 10746 9573 8057 1516 973 58333 153322 12717 129794 11488 23528 9632 13896 8182 14309 13927 103035 7840 7735 1850 1410 44024
is_linear=0
shrinkage=0.05


Tree=15
num_leaves=31
num_cat=0
split_feature=2 1 2 7 7 1 7 1 2 7 1 6 2 1 4 3 2 7 4 7 7 7 6 0 4 3 2 4 2 7
split_gain=10.615 3.63942 3.41214 3.27917 3.46242 3.83544 3.03873 3.06116 2.45862 2.06417 2.74269 1.71778 1.76053 2.15758 1.57438 1.57208 1.73783 3.72846 1.84233 2.95958 4.31498 1.54475 1.51323 1.51059 1.49771 1.4838 1.94363 1.89114 1.72098 1.51709
threshold=-0.14155677326617019 -0.062659248265008002 -0.20524185014866811 0.06094917433654435 0.026277775721614698 0.043139448846459046 0.058752616110890658 -0.13278317838299639 -0.29919394975115426 0.068895718469190556 0.05944845259693899 0.62506809901986327 -0.062288871659726013 -0.041133305005991432 -0.90803001982795273 1.0000000180025095e-35 0.25839402339364265 0.084054682809110978 0.547560690697113 0.075517149084893084 0.079061678468717936 0.044401498149700465 0.82289008216108028 0.047217566885717994 -0.091872161653097195 1.0000000180025095e-35 0.23999290991948866 0.61186367619012305 0.3897788632604014 0.036494476576477579
decision_type=8 10 10 10 10 10 10 10 10 10 10 10 8 10 10 2 10 10 10 10 10 10 8 10 10 2 10 10 10 10
left_child=1 2 6 4 5 11 7 8 21 10 14 12 13 -2 -3 16 -5 18 19 -18 -21 -1 -4 -9 -19 28 27 -27 -6 -28
right_child=3 9 22 15 25 -7 -8 23 -10 -11 -12 -13 -14 -15 -16 -17 17 24 -20 20 -22 -23 -24 -25 -26 26 29 -29 -30 -31
leaf_value=0.0091846605416665891 0.0019099652413094156 0.0028420242387303583 0.0014477151331286297 -0.0010465821426375776 0.00019682181610075684 0.00042111630592068898 -0.00026040634778321724 0.001692908439166663 0.003219525342247842 -0.0015214215453750275 0.0025940677562984568 -0.00054671472319104493 -0.00033083361976765321 2.9617560039443e-05 0.00025724825141648243 -0.0018711779256861687 0.0025841505909134656 0.0026482265031732184 0.00058716606442527238 0.022944590794470379 0.0030861673434659587 0.0031376605704614134 4.6677766507686493e-05 0.0083549758809118215 -0.0072703818997639849 -0.00010442818527131576 0.0017004010815750651 -0.0010145188826624599 0.0030504993000916407 0.0001169641613282713
leaf_weight=341 2170 608 3451 3106 76597 15836 1072 3872 1428 1354 1446 70150 18189 5137 18972 3799 274 51 425 51 59 153 4365 87 150 18690 1974 8218 532 6473
leaf_count=341 2170 608 3451 3106 76597 15836 1072 3872 1428 1354 1446 70150 18189 5137 18972 3799 274 51 425 51 59 153 4365 87 150 18690 1974 8218 532 6473
internal_value=-1.1798e-05 0.000772873 0.00138208 -0.000137508 -0.000102161 -0.000299636 0.00218786 0.00263413 0.00427134 0.000370844 0.000492699 -0.00041897 -6.74915e-05 0.000588035 0.000337511 -0.0011377 -0.000460719 0.00134095 0.0028552 0.0053654 0.0122933 0.0073118 0.000665278 0.00183931 -0.00475372 9.35551e-05 -0.000174668 -0.00038238 0.000216505 0.000487001
internal_weight=269030 37149 14769 231881 223966 111482 6953 5881 1922 22380 21026 95646 25496 7307 19580 7915 4116 1010 809 384 110 494 7816 3959 201 112484 35355 26908 77129 8447
internal_count=269030 37149 14769 231881 223966 111482 6953 5881 1922 22380 21026 95646 25496 7307 19580 7915 4116 1010 809 384 110 494 7816 3959 201 112484 35355 26908 77129 8447
is_linear=0
shrinkage=0.05


Tree=16
num_leaves=31
num_cat=0
split_feature=2 8 7 5 3 7 8 8 4 7 7 5 6 2 7 2 4 5 6 4 2 5 7 2 5 4 8 7 7 5
split_gain=9.58 4.08066 2.96357 3.40679 3.75906 3.62009 3.05168 2.72444 3.27243 2.57846 3.11399 2.09402 2.07318 2.00703 3.43193 1.85258 1.9628 1.80165 1.79978 1.61919 1.87701 1.61309 1.7142 1.54592 1.47519 1.42652 1.40596 1.40298 1.33783 1.6174
threshold=-0.14155677326617019 0.014691218756133996 0.062182765303145433 59.295989284251469 1.0000000180025095e-35 0.017680090529326269 0.41342056129146593 0.25106509864781418 -0.57765621859008365 0.070843092138759015 0.034048340045024515 45.048183000459765 0.60441262499964477 -0.057288446166372069 0.035223353549260199 0.23999290991948866 0.49436743298584201 35.262275908707522 1.0913625314285549 -0.55951152373385604 -0.28142985723929298 67.609507282816807 0.055227318600763041 -0.045801526717557266 72.193383674602458 -0.16497451955648015 0.58031706261755611 0.019961249488777404 0.056835442829510065 75.64042598981753
decision_type=8 10 10 10 2 8 8 8 10 10 10 10 8 8 10 10 10 10 10 10 10 10 10 8 10 10 8 10 10 10
left_child=1 -1 3 5 23 7 -4 -2 12 10 19 18 -9 14 26 16 -6 -14 -12 20 -3 -17 -23 -5 -25 -16 -7 -22 -26 -30
right_child=2 9 6 4 15 13 -8 8 -10 -11 11 -13 17 -15 25 21 -18 -19 -20 -21 27 22 -24 24 28 -27 -28 -29 29 -31
leaf_value=0.0016734668546713755 -0.0002819311720762078 0.0043636977964951118 0.0015058196886287587 0.0020256544025856415 0.00021665586910950461 -0.00015895787233105205 -0.0015488226886005881 -0.00016901775708038139 -0.00075893701802207841 -0.0015898909143472976 0.0011024836262148432 -0.0006906524801271797 -0.0041507238649790834 -0.0002565109908732766 0.00065999714797031943 0.0017248055944829228 -0.00075817111783347722 -0.0016926039305211603 0.0027440535504521936 -0.00053388315851494159 -0.00074175246519790877 0.00037779568452864991 -0.0021453794654102392 0.00028561070958700488 0.00096234128550633409 0.0021043130820916555 0.00094234261286175059 0.00067862008031418673 -0.0016403240301066412 0.0089922441204544155
leaf_weight=8819 15320 305 944 1735 7888 33891 6108 762 9297 1480 6619 1223 1721 85182 7189 1918 14951 1315 2233 5860 2191 5450 768 23303 8564 2243 3169 8419 53 110
leaf_count=8819 15320 305 944 1735 7888 33891 6108 762 9297 1480 6619 1223 1721 85182 7189 1918 14951 1315 2233 5860 2191 5450 768 23303 8564 2243 3169 8419 53 110
internal_value=-1.12081e-05 0.00073423 -0.000130633 -9.89752e-05 0.000207088 -0.000222747 -0.00113992 -0.000734576 -0.00126413 0.00044185 0.000553841 0.00124865 -0.00250078 -0.000112295 0.000151934 -0.0001907 -0.000421491 -0.00308602 0.00151659 0.000136542 0.000496477 0.000457167 6.61523e-05 0.000572006 0.000493265 0.00100347 -6.47857e-05 0.000385308 0.00104775 0.00553503
internal_weight=269030 37149 231881 224829 64740 160089 7052 28415 13095 28330 26850 10075 3798 131674 46492 30975 22839 3036 8852 16775 10915 8136 6218 33765 32030 9432 37060 10610 8727 163
internal_count=269030 37149 231881 224829 64740 160089 7052 28415 13095 28330 26850 10075 3798 131674 46492 30975 22839 3036 8852 16775 10915 8136 6218 33765 32030 9432 37060 10610 8727 163
is_linear=0
shrinkage=0.05


Tree=17
num_leaves=31
num_cat=0
split_feature=2 8 7 2 8 7 1 7 0 1 8 1 4 2 8 8 3 7 2 7 4 2 1 7 8 7 6 4 8 7
split_gain=8.64595 3.68279 2.68926 2.95063 2.44011 2.33582 2.44795 2.32706 2.89007 2.95171 2.2426 2.10966 1.98486 2.2806 1.81951 1.72821 1.70006 1.62876 1.5764 1.52285 1.49552 1.41854 1.24085 2.8213 1.22116 1.3437 1.20734 1.20147 1.17206 1.15562
threshold=-0.14155677326617019 0.014691218756133996 0.06094917433654435 0.14689145610645607 0.44274895869817826 0.022589881439132608 0.051809658994896764 0.070843092138759015 0.04036654509629601 -0.092688042175225235 0.48468205419792432 0.05944845259693899 -0.55951152373385604 -0.28142985723929298 0.7665064055682691 0.50224926047455021 1.0000000180025095e-35 0.035759957434919797 0.3897788632604014 0.019961249488777404 -0.57159750581934221 0.5317431461326293 -0.17162639202663535 0.036124634949462442 0.77695416947184071 0.028160040679056846 0.66886321027131757 0.49436743298584201 0.34850157802427006 0.042130702872240168
decision_type=8 10 10 10 8 8 10 10 10 10 10 10 10 10 8 8 2 10 10 10 10 10 10 10 10 10 10 10 10 10
left_child=1 22 3 5 -4 6 15 8 11 -10 21 12 13 29 -8 -2 -7 18 24 -15 26 -5 23 -1 25 27 -17 -12 -13 -3
right_child=2 7 4 10 -6 16 14 -9 9 -11 17 28 -14 19 -16 20 -18 -19 -20 -21 -22 -23 -24 -25 -26 -27 -28 -29 -30 -31
leaf_value=0.0085075734761332119 -0.00031252933597675393 0.0044653472724897128 0.00097826832635800249 0.0012900716351592744 -0.0014136733866044957 5.7217377612365399e-05 0.0012503901093367429 -0.0015103963699152087 0.0080954614029572474 0.001753354922247455 8.2225501060440964e-06 0.0031086283402419683 -0.00028782853011135695 -0.00072658456933893652 -0.0010471225764648107 -0.0005816550643330166 -0.00042077748908998862 -0.00015449622599226999 0.0043124085779835154 0.00070548752933924591 -0.00070318247819488658 0.0084137190799851921 0.0014145668126547101 0.0015684029104561265 0.00012085503064350741 0.00045609945999095159 -0.0028569316648275958 0.003116292081641962 -0.002451187593369035 0.0010736149986729415
leaf_weight=207 48285 559 1270 4445 6645 100949 3630 1480 218 1158 415 975 8851 2185 1130 923 22804 14314 289 12343 15630 71 8111 501 6030 2228 1583 1240 105 456
leaf_count=207 48285 559 1270 4445 6645 100949 3630 1480 218 1158 415 975 8851 2185 1130 923 22804 14314 289 12343 15630 71 8111 501 6030 2228 1583 1240 105 456
internal_value=-1.06477e-05 0.000697518 -0.000124101 -9.20907e-05 -0.00102987 -0.000162128 -0.000390342 0.000419757 0.000526149 0.00275814 0.000378173 0.000405586 0.000309846 0.000650193 0.000704972 -0.000468837 -3.08629e-05 0.000189565 0.000672304 0.000490105 -0.000884987 0.00140207 0.00158979 0.00359723 0.000566182 0.00125774 -0.00201891 0.00233693 0.00256809 0.00294157
internal_weight=269030 37149 231881 223966 7915 194934 71181 28330 26850 1376 29032 25474 24394 15543 4760 66421 123753 24516 10202 14528 18136 4516 8819 708 9913 3883 2506 1655 1080 1015
internal_count=269030 37149 231881 223966 7915 194934 71181 28330 26850 1376 29032 25474 24394 15543 4760 66421 123753 24516 10202 14528 18136 4516 8819 708 9913 3883 2506 1655 1080 1015
is_linear=0
shrinkage=0.05


Tree=18
num_leaves=31
num_cat=0
split_feature=2 8 5 3 0 2 4 1 4 2 2 0 2 4 1 4 1 2 5 2 1 8 4 8 5 2 1 8 0 2
split_gain=7.91845 5.02345 3.08129 4.37807 2.5652 1.69817 3.32394 1.66697 2.59251 2.2658 1.5623 1.45875 1.44219 1.77888 1.76818 1.40651 1.33825 1.55887 1.24127 1.33483 1.16354 1.15536 1.15125 1.1509 1.10355 1.03789 1.44528 1.224 1.02325 1.00977
threshold=-0.11006045212671516 0.0093879764495448329 59.295989284251469 1.0000000180025095e-35 0.04413020094962717 0.3897788632604014 0.40732190437622123 0.05944845259693899 -0.55951152373385604 -0.20524185014866811 -0.078576079247292138 -0.070991281012234661 -0.058516423287968848 -0.63355011249446469 -0.053627066939369743 0.73182799324622916 -0.03836812497862007 -0.20524185014866811 72.193383674602458 -0.014992264633233608 -0.046588800821655389 0.25785105679588655 -0.14743296964141775 0.16369984880702096 13.654556564743389 0.21807114913014361 0.2068991669203544 0.91946033832292196 0.071774098249793319 -0.28142985723929298
decision_type=8 10 10 2 10 10 10 10 10 10 8 10 10 10 10 10 10 10 10 8 10 8 10 8 10 10 10 10 10 10
left_child=1 11 12 5 7 10 -7 8 9 -3 -4 29 22 14 -14 -5 17 -6 28 -20 -15 -21 -2 -24 -11 -17 27 -27 -12 -1
right_child=2 4 3 15 16 6 -8 -9 -10 24 18 -13 13 20 -16 25 -18 -19 19 21 -22 -23 23 -25 -26 26 -28 -29 -30 -31
leaf_value=0.0072328063541301007 -0.00014737761196658341 0.0012917951235140524 0.0031898287166143516 -7.6242346561785549e-08 0.0071419072536344419 0.01160341355394477 0.0016346024115959246 0.0016378410364724907 -0.0003455500842039643 -0.0010866680804454594 0.00031346821631902927 0.0014215440158130857 -0.00024527955141679595 0.00012772121035761213 -0.0014137015865973949 -0.0010275388721395057 0.0012451014809065266 0.0018250416789016575 0.003907171003639149 -0.0026313971246461061 -0.00038328544569431384 0.00091104996838984394 -0.00096731590089108282 0.00088702825948614556 0.00031182763905851317 -0.00049099548746111535 -0.0014088479525227373 0.0011897391413173966 -0.0012079089965745568 0.0025601017221717585
leaf_weight=176 41279 6304 518 18985 247 93 829 2008 15746 1524 23401 8942 5562 13194 7749 8121 1289 312 363 237 71542 7989 999 5152 18960 2243 1674 2095 1160 337
leaf_count=176 41279 6304 518 18985 247 93 829 2008 15746 1524 23401 8942 5562 13194 7749 8121 1289 312 363 237 71542 7989 999 5152 18960 2243 1674 2095 1160 337
internal_value=-1.01153e-05 0.000519885 -0.000148952 0.000129683 0.000305794 0.000523095 0.00264013 0.000230062 0.000163601 0.000462881 0.00046512 0.0015703 -0.000278634 -0.000388129 -0.000925477 -0.000281216 0.00213117 0.00417435 0.000422544 0.000939928 -0.000303718 0.000808988 -5.22871e-05 0.000585859 0.00020778 -0.000658873 -0.00016088 0.000320701 0.000241615 0.00416321
internal_weight=269030 55845 213185 67708 46390 34590 922 44542 42534 26788 33668 9455 145477 98047 13311 33118 1848 559 33150 8589 84736 8226 47430 6151 20484 14133 6012 4338 24561 513
internal_count=269030 55845 213185 67708 46390 34590 922 44542 42534 26788 33668 9455 145477 98047 13311 33118 1848 559 33150 8589 84736 8226 47430 6151 20484 14133 6012 4338 24561 513
is_linear=0
shrinkage=0.05


Tree=19
num_leaves=31
num_cat=0
split_feature=2 8 5 3 0 6 6 2 2 4 1 4 2 6 4 1 0 4 1 0 2 4 5 2 6 2 8 1 4 6
split_gain=7.15641 4.38006 2.89859 3.95497 2.45137 1.68958 1.57715 1.55973 1.59252 2.99986 1.51854 1.8917 2.10541 1.39511 1.36923 1.32962 1.27212 1.26997 1.26876 1.14621 1.13813 1.1343 1.12024 1.20469 1.77012 1.05583 1.04272 1.03685 1.69206 1.10946
threshold=-0.10557471541276413 0.0093879764495448329 59.295989284251469 1.0000000180025095e-35 0.04413020094962717 0.33369681696033587 0.44553609438665792 -0.078576079247292138 0.3897788632604014 0.40732190437622123 0.09310529808872571 -0.55951152373385604 -0.22651167371318895 0.61814667560551106 -0.95248443962480367 0.032962389578208191 -0.070991281012234661 0.73182799324622916 -0.02300327746476671 -0.07805826330971298 -0.24067840387544062 -0.79319891203976878 72.193383674602458 -0.014992264633233608 1.3588892404331807 -0.20102062680521168 0.25785105679588655 -0.053627066939369743 -0.77020885620134005 0.75425518290187721
decision_type=8 10 10 2 10 8 8 8 10 10 10 10 10 8 10 8 10 10 10 8 10 10 10 8 10 10 8 10 8 8
left_child=1 16 6 7 5 21 -2 -4 22 -10 11 12 -7 14 -14 27 25 -5 20 -17 -6 -3 -9 24 -24 -1 -25 -8 29 -29
right_child=2 4 3 17 18 10 15 8 9 -11 -12 -13 13 -15 -16 19 -18 -19 -20 -21 -22 -23 23 26 -26 -27 -28 28 -30 -31
leaf_value=0.0055048977593626465 0.00037987690221159267 0.007313499138277094 0.0033739145275928904 8.8024612698076371e-08 0.0070859512122901716 0.0014240460366782696 -0.00011544988594988835 0.00022953383246243424 0.011023242800541583 0.0015528723090772339 0.0023526594615771237 -0.00026559199679983356 0.0030963688012279013 -1.0590263777962692e-06 0.00062357210170020303 -0.0027834881965618651 0.0013093174240589129 -0.00062592948876484327 0.0010624754021826672 2.130126806070506e-05 0.0025195707590039374 0.0017655728127636884 0.0021580917534814912 -0.002499827243316966 0.011558101909856002 0.00078968078510637289 0.00086549747454243661 -0.00037266311221255594 -0.00040967910631282441 -0.0016087435724485657
leaf_weight=338 8658 107 465 18983 185 4215 24700 24561 93 829 787 17774 632 18124 4901 369 9240 14133 1243 28323 520 663 303 237 60 183 7989 2791 72431 5193
leaf_count=338 8658 107 465 18983 185 4215 24700 24561 93 829 787 17774 632 18124 4901 369 9240 14133 1243 28323 520 663 303 237 60 183 7989 2791 72431 5193
internal_value=-9.60951e-06 0.000477411 -0.000146158 0.000123331 0.000285283 0.00021355 -0.000274132 0.000497679 0.000458425 0.00250813 0.000175029 0.000137483 0.000394525 0.000211093 0.000906024 -0.00031645 0.00144486 -0.000267079 0.00202348 -1.47704e-05 0.00371784 0.00253652 0.000401417 0.000892931 0.00371181 0.00384869 0.000768539 -0.000398795 -0.000485827 -0.00117664
internal_weight=269030 58912 210118 67653 49151 47203 142465 34537 34072 922 46433 45646 27872 23657 5533 133807 9761 33116 1948 28692 705 770 33150 8589 363 521 8226 105115 80415 7984
internal_count=269030 58912 210118 67653 49151 47203 142465 34537 34072 922 46433 45646 27872 23657 5533 133807 9761 33116 1948 28692 705 770 33150 8589 363 521 8226 105115 80415 7984
is_linear=0
shrinkage=0.05


Tree=20
num_leaves=31
num_cat=0
split_feature=2 7 7 7 0 7 5 2 4 2 5 8 8 5 8 7 5 4 5 7 4 8 2 4 6 4 2 7 2 4
split_gain=6.72467 3.53911 3.09025 3.03468 2.47817 2.18029 2.71354 2.48748 2.09105 2.2498 2.07902 2.06437 1.95588 1.92951 1.88092 1.86908 1.74652 1.60779 1.54296 1.52593 1.34598 1.31712 2.04359 1.30494 1.28873 2.02436 1.47794 1.227 1.25327 1.36574
threshold=-0.18590175023651842 0.052306130992699713 0.020890698557700361 0.027329101590553163 0.045613811873003514 0.054473624498138536 89.350945490958722 0.24887111530462872 -0.87816320268327408 -0.28142985723929298 76.882066305004102 0.51933701571380653 0.44274895869817826 13.654556564743389 0.75598086029085587 0.06094917433654435 65.327271836664991 0.3272388760345209 73.138336581420717 0.035934833858425629 -0.14743296964141775 0.6564396703211085 -0.067262014085127317 0.62999704921725597 0.69491137344285259 -0.94007964123255672 -0.11316382823439274 0.052946406917865098 -0.01004470472925467 -0.021092574274438173
decision_type=8 10 8 10 10 10 10 10 10 10 10 8 8 10 10 10 10 10 10 10 10 8 8 10 8 10 10 10 10 10
left_child=1 3 10 -1 8 7 12 14 9 13 11 17 -7 -5 16 -8 21 24 -9 23 -13 27 -23 -20 25 26 -2 -4 29 -29
right_child=2 -3 5 4 -6 6 15 18 -10 -11 -12 20 -14 -15 -16 -17 -18 -19 19 -21 -22 22 -24 -25 -26 -27 -28 28 -30 -31
leaf_value=0.00017268690123466764 0.0051898912968497751 -0.00048292828410986962 -3.9586408116267652e-05 0.0099524166298426645 0.0051014383575556724 0.0004998701225174257 0.01333319881398763 0.0015892788334068144 0.001138162997306464 0.002035767398122734 0.0012393460305481626 -0.0016131512138397612 -0.00090229877974180677 0.0034842973221079045 -0.00040994271189799921 0.0019443816551693721 0.00064749833387971363 0.00054560634871612858 -0.002016470745077421 -0.00040797959558964921 -0.00059752095663547725 0.0014169170430678212 0.00018895435316276896 0.0020177650445971683 -0.00054123608522179865 -0.00013062436069624327 0.0010363526126229556 0.0055352743862441475 0.00018132096317314888 -0.0027980430399943777
leaf_weight=4692 287 3687 101419 179 508 3166 56 4317 8088 1951 1974 4738 11597 324 19309 101 13939 5683 232 2963 10473 3958 23533 1474 27779 11050 844 295 456 59
leaf_count=4692 287 3687 101419 179 508 3166 56 4317 8088 1951 1974 4738 11597 324 19309 101 13939 5683 232 2963 10473 3958 23533 1474 27779 11050 844 295 456 59
internal_value=1.54622e-05 0.000911465 -5.42547e-05 0.00123805 0.00169042 4.77355e-05 -0.00053206 9.80428e-05 0.00152605 0.00280447 -0.000357611 -0.000409414 -0.000601597 0.00578607 5.33872e-05 0.00600663 0.000115663 -0.000241297 0.000907905 0.000277901 -0.000913875 5.85146e-05 0.00036575 0.00146915 -0.000353209 7.55916e-05 0.00209035 -2.41058e-05 0.0019142 0.00414639
internal_weight=269131 19429 249702 15742 11050 186874 14920 171954 10542 2454 62828 60854 14763 503 162968 157 143659 45643 8986 4669 15211 129720 27491 1706 39960 12181 1131 102229 810 354
internal_count=269131 19429 249702 15742 11050 186874 14920 171954 10542 2454 62828 60854 14763 503 162968 157 143659 45643 8986 4669 15211 129720 27491 1706 39960 12181 1131 102229 810 354
is_linear=0
shrinkage=0.05


Tree=21
num_leaves=31
num_cat=0
split_feature=2 7 1 7 7 7 7 5 1 7 2 5 3 7 2 5 4 7 2 7 6 6 4 6 6 4 5 5 6 4
split_gain=6.06902 3.19405 3.75034 3.10894 2.81426 2.07947 2.10148 1.89861 1.68787 1.68647 2.67445 2.44897 2.0144 2.54693 2.22084 2.06489 2.00818 1.68684 1.60504 1.95006 1.59676 1.49972 1.47005 1.46096 1.41016 1.33805 1.40878 1.25823 1.22467 1.49059
threshold=-0.18590175023651842 0.052306130992699713 -0.13975089850557351 0.038753739887981066 0.016327559054624002 0.037695711979930241 0.026744002490023656 23.307225878688119 0.022920577918115862 0.054473624498138536 0.15443695257483639 89.350945490958722 1.0000000180025095e-35 0.035223353549260199 -0.069751165146041558 82.721296622103907 0.5027545543433326 0.06094917433654435 0.074287807193514813 0.018616823402175933 0.96930806793349611 0.99235458943258958 -0.49814658473674905 2.4440655663061612 0.7115958772845371 0.90901025542326297 59.295989284251469 57.034183011470525 0.53852485209868095 -0.95248443962480367
decision_type=8 10 10 10 8 10 10 10 10 10 10 10 2 10 10 10 10 10 10 10 10 10 10 10 8 10 10 10 8 10
left_child=1 2 5 -4 8 6 -1 23 24 10 12 22 13 18 -15 25 20 -13 28 -20 -14 -5 -11 -8 -2 26 -16 -26 29 -6
right_child=4 -3 3 21 9 -7 7 -9 -10 11 -12 17 16 14 15 -17 -18 -19 19 -21 -22 -23 -24 -25 27 -27 -28 -29 -30 -31
leaf_value=0.00024433680116957008 -9.3932736628899081e-05 -0.00045878185315002281 0.00048348596430393924 0.0016739294124114273 0.0025132616733437776 0.0012491346369869144 0.0077990758193575678 0.0017904096671587063 0.0004260038545029185 0.00072278169722743381 0.00054181100996524869 0.012666538840442497 -0.00038947986640097172 0.0010248802061788998 -2.0114793132990278e-05 0.0058685033482712848 -0.00094222264300553602 0.0018471625828908038 0.0031801170889182344 0.00038237606695588075 0.00060387244370457111 0.0042540221124225293 -0.0007638539480875966 -0.00093337924022657368 -0.0011378799217661723 -0.0015452558000553734 0.0010872930089265843 -1.1610978283369181e-05 -0.00016376346818298645 0.00020926172969541149
leaf_weight=215 7102 3687 10665 2512 739 740 607 225 3995 1910 23950 56 13347 11127 14536 156 10753 101 672 8513 5805 726 12853 52 13738 1171 3579 3026 98555 14018
leaf_count=215 7102 3687 10665 2512 739 740 607 225 3995 1910 23950 56 13347 11127 14536 156 10753 101 672 8513 5805 726 12853 52 13738 1171 3579 3026 98555 14018
internal_value=1.46891e-05 0.000865892 0.00117615 0.000895469 -5.15419e-05 0.00329812 0.00467778 0.00575605 -0.000525198 7.94456e-06 4.49633e-05 -0.000505457 -2.00717e-05 5.32587e-05 0.000461542 0.000139133 -0.000395406 0.0057063 -4.86279e-05 0.000587067 -8.83933e-05 0.00225242 -0.000571517 0.00711002 -0.000684423 9.27895e-05 0.000198677 -0.000934582 -0.000100157 0.000324641
internal_weight=269131 19429 15742 13903 249702 1839 1099 884 27861 221841 206921 14920 182971 153066 30569 19442 29905 157 122497 9185 19152 3238 14763 659 23866 19286 18115 16764 113312 14757
internal_count=269131 19429 15742 13903 249702 1839 1099 884 27861 221841 206921 14920 182971 153066 30569 19442 29905 157 122497 9185 19152 3238 14763 659 23866 19286 18115 16764 113312 14757
is_linear=0
shrinkage=0.05


Tree=22
num_leaves=31
num_cat=0
split_feature=2 7 1 7 7 7 1 7 7 2 8 4 8 8 6 2 3 7 2 4 1 2 1 6 4 4 2 7 4 2
split_gain=5.47729 2.88473 3.25281 2.70652 2.58553 2.01482 1.96055 1.89659 1.78431 2.20915 1.71413 1.9538 1.57922 1.56924 1.50337 1.40594 1.48364 3.2259 2.61469 2.94673 1.8998 1.71718 1.39477 1.54563 1.32546 1.23741 1.20368 1.17356 1.39563 2.56562
threshold=-0.18590175023651842 0.053672811631288876 -0.13975089850557351 0.038753739887981066 0.020890698557700361 0.037695711979930241 0.036553524804177624 0.026744002490023656 0.054473624498138536 0.30648267736161167 0.045556433556731474 -1.0765432739664587 0.48045796536565066 0.44274895869817826 1.085577884666143 0.1619513799135415 1.0000000180025095e-35 0.084054682809110978 0.3897788632604014 0.40732190437622123 -0.035823782106074113 0.5317431461326293 0.22843713725094186 2.4440655663061612 -0.14743296964141775 -0.57159750581934221 -0.25731976722325567 0.066940537286215143 -0.061446170109221036 0.25839402339364265
decision_type=8 10 10 10 8 10 10 10 10 10 10 10 8 8 10 10 2 10 10 10 10 10 10 10 10 10 10 10 10 10
left_child=1 2 5 -4 6 7 12 -1 9 10 11 -6 -2 -10 -5 25 17 18 27 20 -20 -21 -11 -24 -14 -15 -9 -17 29 -29
right_child=4 -3 3 14 8 -7 -8 26 13 22 -12 -13 24 15 -16 16 -18 -19 19 21 -22 -23 23 -25 -26 -27 -28 28 -30 -31
leaf_value=0.0002321199582196599 -0.00026531371658908238 -0.00046860421883376812 0.00045931167164061753 0.0016055481720100501 -0.00011716456488973632 0.0011033647789762875 0.00045144009587074391 0.0072801577330877387 0.00050685008664377135 0.0014566666516740345 -1.2301702525120214e-05 0.0007501369431080837 -0.0014716095949457659 0.00082854463819196961 0.0044117122576254695 0.0013245352271701763 -0.00079288251299965021 -0.0048251555253309604 0.0047421442237682646 -0.00025486441084696739 0.018151193878812984 0.0059412823351264778 -0.0028771842817474523 0.0020749826998061201 -0.00050009125592148749 -0.0017067946853038419 0.0035895328207067828 -0.0028537425970555181 -0.0034073647604558597 0.010703330806440169
leaf_weight=215 40703 3538 10665 2785 10495 766 7175 450 3171 4314 139445 17031 5634 544 576 943 4806 231 50 246 56 205 415 254 9316 4173 434 90 348 57
leaf_count=215 40703 3538 10665 2785 10495 766 7175 450 3171 4314 139445 17031 5634 544 576 943 4806 231 50 246 56 205 415 254 9316 4173 434 90 348 57
internal_value=1.39546e-05 0.000822597 0.00111007 0.00084922 -4.89648e-05 0.00307186 -0.000326445 0.00444389 4.43254e-05 8.98357e-05 5.88757e-05 0.000419456 -0.000426733 -0.000480184 0.00208646 -0.00074658 -0.000298612 0.000768534 0.00141622 0.00432467 0.0118262 0.00256157 0.00112725 -0.000996989 -0.000866214 -0.0014144 0.00546824 0.000289657 -0.00168184 0.00240308
internal_weight=269131 19429 15891 14026 249702 1865 62828 1099 186874 171954 166971 27526 55653 14920 3361 11749 7032 2226 1995 557 106 451 4983 669 14950 4717 884 1438 495 147
internal_count=269131 19429 15891 14026 249702 1865 62828 1099 186874 171954 166971 27526 55653 14920 3361 11749 7032 2226 1995 557 106 451 4983 669 14950 4717 884 1438 495 147
is_linear=0
shrinkage=0.05


Tree=23
num_leaves=31
num_cat=0
split_feature=2 5 8 8 7 7 4 7 7 4 4 8 8 6 0 7 7 2 8 6 2 8 2 4 6 7 7 2 2 7
split_gain=4.97045 2.80855 2.78409 2.77352 2.26639 1.90906 2.59338 1.70506 3.18961 1.72398 1.65653 1.53903 1.27869 1.22867 1.65285 1.20087 1.1563 2.28367 1.28427 1.57431 1.25466 1.14293 1.08794 1.07831 1.21797 1.07688 1.07559 1.48142 1.05902 1.2197
threshold=-0.12997619918198747 65.327271836664991 0.011124157997051442 0.58893448791481096 0.023668688393738632 0.079061678468717936 -0.061446170109221036 0.034532214767357947 0.054473624498138536 -0.41411456341770297 0.94042340005163061 0.50224926047455021 0.22113589819460297 1.085577884666143 -0.021299194762897818 0.011966459963838884 0.036669205911247595 0.30648267736161167 0.88622776003250536 1.1827272614234292 0.15813196578469771 0.32944221471637353 -0.15967739204414053 -0.51077124340055446 0.60808690248371111 0.016781138874814996 0.054473624498138536 0.30648267736161167 0.42303513137429588 0.084054682809110978
decision_type=8 10 10 10 8 10 10 10 10 10 10 8 8 10 10 10 10 10 10 10 10 10 10 10 10 10 10 10 10 10
left_child=2 4 -1 12 11 10 -7 15 13 22 26 -2 -3 -9 -15 -4 17 18 19 -5 -21 -16 -10 24 -13 -26 27 -6 -14 -30
right_child=1 3 7 16 5 6 -8 8 9 -11 -12 23 28 14 21 -17 -18 -19 -20 20 -22 -23 -24 -25 25 -27 -28 -29 29 -31
leaf_value=0.0013105243651330089 -0.00025047590778379719 -0.0010956844079357938 -0.005373662753788499 -0.00017432576391764187 5.1096511035421459e-05 0.00070087480342087528 -0.0046199483013060327 0.00092583600826275547 3.0612431512687755e-05 -0.0017884360595424302 -0.0011517913329131171 -0.00010031306774600763 0.00087042501929386498 0.00058883807956459228 0.0038718687606459955 6.4129487213386222e-05 -0.00041528806802303153 0.0025503507821876461 -0.00061722418838500029 0.00046235969125619478 0.0021432210203883176 -0.00071366016990413858 0.0037061757620431473 -0.00060583673667925027 -0.0034228192662089174 -0.0012621122014660614 -0.00051076489669102376 0.0025084742142993301 0.0043171383630845354 -0.0034464633885112686
leaf_weight=8572 50600 808 102 5513 102278 408 522 6957 1780 1514 3097 953 13588 888 1215 21991 10736 1016 4389 3115 1725 153 227 14799 1037 1299 8778 617 396 58
leaf_count=8572 50600 808 102 5513 102278 408 522 6957 1780 1514 3097 953 13588 888 1215 21991 10736 1016 4389 3115 1725 153 227 14799 1037 1299 8778 617 396 58
internal_value=1.32569e-05 -8.09601e-05 0.00050331 0.000291495 -0.000164473 -2.94077e-05 -0.00228565 0.000304629 0.000765444 -0.000514598 -1.1125e-05 -0.000391981 0.000838499 0.00125465 0.00226863 3.9024e-05 -1.51025e-05 0.000257546 9.95287e-05 0.000403385 0.00106143 0.00335901 0.000446334 -0.000787833 -0.00160673 -0.0022213 2.05088e-05 6.58319e-05 0.000949795 0.00332531
internal_weight=269131 225732 43399 41344 184388 115700 930 34827 12734 3521 114770 68688 14850 9213 2256 22093 26494 15758 14742 10353 4840 1368 2007 18088 3289 2336 111673 102895 14042 454
internal_count=269131 225732 43399 41344 184388 115700 930 34827 12734 3521 114770 68688 14850 9213 2256 22093 26494 15758 14742 10353 4840 1368 2007 18088 3289 2336 111673 102895 14042 454
is_linear=0
shrinkage=0.05


Tree=24
num_leaves=31
num_cat=0
split_feature=1 5 7 7 8 8 4 4 6 5 1 7 6 0 0 6 6 6 7 1 5 7 4 4 7 1 8 8 0 5
split_gain=3.63319 2.41339 3.05197 2.50095 2.28515 1.76248 1.90996 1.57407 1.57219 1.41817 2.9979 2.25154 2.10138 1.68785 1.58382 1.43954 1.33653 1.33339 1.30699 1.3268 1.25832 1.18746 1.15713 1.13688 1.12774 1.19836 2.43501 1.05808 1.04248 0.998475
threshold=-0.053627066939369743 65.327271836664991 0.079061678468717936 0.021929664077578532 0.62891700663002381 0.41751121188715407 -0.49814658473674905 0.64977701337552107 0.45188364337852277 26.099290774959027 -0.13975089850557351 0.04516356898295245 0.99731144792120119 0.0064715937992604342 -0.056499373782354582 2.1979525349369644 0.44553609438665792 1.2202166521143678 0.054473624498138536 0.088304576771685364 50.109613126950592 0.016625215924970689 -0.49814658473674905 -0.091872161653097195 0.070843092138759015 0.14460248547869184 0.56260117565321954 0.22447098423516193 0.045613811873003514 16.925915639070251
decision_type=10 10 10 8 10 8 10 10 8 8 10 10 10 10 10 8 8 10 10 10 8 10 10 10 8 10 10 8 10 10
left_child=8 2 3 5 27 -2 16 18 -1 10 11 13 -12 14 15 -10 -7 29 19 -5 -21 -18 -20 -4 25 -9 -27 -3 -14 -16
right_child=1 4 23 7 -6 6 -8 24 9 -11 12 -13 28 -15 17 -17 21 -19 22 20 -22 -23 -24 -25 -26 26 -28 -29 -30 -31
leaf_value=0.0013105599852016334 -0.00022606187459638279 -0.00089606232205304221 -0.001350864375402476 4.6398267533372807e-05 -4.0581560128309847e-05 0.0014515946479232269 -0.00056211330772850613 -0.0007358640972895239 0.0070263857466358369 0.00013996092686897587 0.00092902581917554672 0.00024335491505190457 -0.00056989936493065201 0.0080573781131046129 0.005572603508620818 0.00066734494671958397 -0.0029547477468816509 -0.0010050914330551879 0.0011363214647921057 0.0016718643503858964 0.00020394089052324282 -0.0011186199705631942 -0.00086289682020542998 -0.0049728937026026513 -0.0050929157202303683 0.0028492216661708276 -0.00085234135902516643 0.00082536898838372224 0.0060135600589345528 0.0013769154295901751
leaf_weight=4127 37833 948 443 90960 24414 289 14627 9654 329 38130 7021 817 4223 179 237 122 1859 306 823 2496 3517 1673 6003 424 136 750 1090 15287 61 353
leaf_count=4127 37833 948 443 90960 24414 289 14627 9654 329 38130 7021 817 4223 179 237 122 1859 306 823 2496 3517 1673 6003 424 136 750 1090 15287 61 353
internal_value=1.25941e-05 -8.1473e-05 -0.000163112 -0.000148171 0.000265128 -0.000421447 -0.00082214 -1.49266e-05 0.000371373 0.000296515 0.000733897 0.00236167 0.000396535 0.00349578 0.0028896 0.0053062 -0.00181754 0.00167321 4.68776e-05 9.39501e-05 0.000813277 -0.00208503 -0.000621854 -0.00312219 -0.000566535 -0.000512978 0.000656448 0.000724851 -0.000476157 0.0030623
internal_weight=269131 213226 172577 171710 40649 56281 18448 115429 55905 51778 13648 2343 11305 1526 1347 451 3821 896 103799 96973 6013 3532 6826 867 11630 11494 1840 16235 4284 590
internal_count=269131 213226 172577 171710 40649 56281 18448 115429 55905 51778 13648 2343 11305 1526 1347 451 3821 896 103799 96973 6013 3532 6826 867 11630 11494 1840 16235 4284 590
is_linear=0
shrinkage=0.05


Tree=25
num_leaves=31
num_cat=0
split_feature=2 8 7 5 8 0 1 7 1 7 8 6 1 7 8 5 7 2 8 7 2 5 8 5 2 6 2 7 1 6
split_gain=4.27071 3.97582 2.60081 2.186 2.47795 1.71825 1.55206 1.71737 1.47748 1.45733 1.93314 1.4535 1.34992 1.23434 1.43201 1.22625 1.76402 1.26277 1.33352 1.29123 1.46423 1.54357 1.41518 1.22474 1.17961 1.1768 1.07117 1.10728 1.47908 1.16114
threshold=-0.10557471541276413 0.0093879764495448329 0.012621321768486548 59.497830432370478 0.76130113397639287 0.04413020094962717 0.09310529808872571 0.048732584943597293 -0.03836812497862007 0.017680090529326269 0.47214763640315688 0.37777817132217473 -0.043185890150658816 0.054473624498138536 0.44274895869817826 66.155370199676042 0.068895718469190556 -0.045801526717557266 0.24117647020991875 0.084054682809110978 0.3897788632604014 68.218354287684932 0.58031706261755611 35.69261880350728 0.23269160944132808 0.57458531573014604 -0.20102062680521168 0.04516356898295245 -0.15738888560099426 1.7462420465785153
decision_type=8 10 10 8 10 10 10 10 10 8 8 8 10 10 8 10 10 8 8 10 10 10 10 10 10 8 10 10 10 10
left_child=1 -1 -3 9 15 6 11 -8 -7 10 -2 -4 25 -11 -15 16 24 -17 -19 20 -20 22 -22 -12 -5 -13 27 28 29 -27
right_child=3 2 5 4 -6 8 7 -9 -10 13 23 12 -14 14 -16 17 -18 18 19 -21 21 -23 -24 -25 -26 26 -28 -29 -30 -31
leaf_value=0.001307019409515909 -0.00030022508271120203 -0.0034011712563347604 0.0016713063124554656 0.00010515576725820098 -0.00027686645655120349 0.0038282052146537912 0.0040297121737717786 -0.00094571544583253091 0.00081949083522617682 -8.9225903344783471e-05 -0.0028800506849211822 0.0012639193712501882 -0.00016621640962549602 0.00040347552001806234 -0.0011787640505754751 0.0030087707915946219 -0.0027287770632639578 -0.0014363554058677102 0.0005853212961719525 -0.0050760948023169626 0.014146342184746042 0.0018966310821822022 0.0027476004252093844 -0.0010011735303667305 0.0017091011878943509 0.0051343491342688424 -2.8511018385816898e-05 -0.0003780387806011862 0.00087034961157633002 -9.4893915189608736e-05
leaf_weight=9809 19009 495 1504 26083 25019 570 525 259 1436 104102 1035 3221 23791 1945 5401 543 533 799 18234 98 53 705 56 5354 1199 389 12373 1392 3253 146
leaf_count=9809 19009 495 1504 26083 25019 570 525 259 1436 104102 1035 3221 23791 1945 5401 543 533 799 18234 98 53 705 56 5354 1199 389 12373 1392 3253 146
internal_value=1.23519e-05 0.000387614 0.000204885 -9.32857e-05 0.000127012 0.000241418 0.000180065 0.00238604 0.00167441 -0.000211321 -0.000553119 0.000142524 9.09298e-05 -0.000133429 -0.000759835 0.000336205 0.000119991 0.000629742 0.000564973 0.000648493 0.000677945 0.00275276 0.00829011 -0.00130555 0.000175647 0.000385421 0.000224216 0.000827881 0.00127103 0.0037073
internal_weight=269331 59163 49354 210168 73322 48859 46853 784 2006 136846 25398 46069 44565 111448 7346 48303 27815 20488 19945 19146 19048 814 109 6389 27282 20774 17553 5180 3788 535
internal_count=269331 59163 49354 210168 73322 48859 46853 784 2006 136846 25398 46069 44565 111448 7346 48303 27815 20488 19945 19146 19048 814 109 6389 27282 20774 17553 5180 3788 535
is_linear=0
shrinkage=0.05


Tree=26
num_leaves=31
num_cat=0
split_feature=8 7 7 6 5 5 7 7 4 8 5 5 3 6 7 5 4 6 0 8 4 5 4 6 8 5 8 4 6 0
split_gain=3.94607 2.22973 3.24648 1.77176 1.87128 1.99554 1.56353 1.75037 3.05857 2.31111 1.9549 1.67485 1.4873 1.44524 1.35142 1.13366 1.11692 1.42297 1.29865 1.08657 1.01666 1.00704 0.982226 0.946005 0.921607 0.908995 1.07396 0.909507 0.880786 1.09065
threshold=0.034506628013864622 0.058752616110890658 0.028979321979119455 0.63536151319041323 47.341772144907331 66.155370199676042 0.054473624498138536 0.016327559054624002 -0.63992103437246917 0.12783364699157587 35.054214223154069 89.350945490958722 1.0000000180025095e-35 0.39910471140893738 0.084054682809110978 34.179375695294873 -0.77020885620134005 1.8345948309903883 -0.08895198320300883 0.50659383237964506 0.45134855145007935 59.497830432370478 0.25576882262114425 0.35031719307178938 0.95132488019122674 16.925915639070251 0.024168710141185466 -0.91821603805131502 1.2202166521143678 -0.01791180333820452
decision_type=10 8 10 10 10 10 10 10 10 10 10 10 2 8 8 10 10 10 10 10 10 10 10 8 10 10 8 10 8 10
left_child=1 2 15 22 -5 20 7 8 9 -2 13 12 -8 -11 -7 28 17 18 -4 -12 -6 -18 -3 -9 -13 27 -27 -20 29 -1
right_child=6 3 16 4 5 14 11 23 -10 10 19 24 -14 -15 -16 -17 21 -19 25 -21 -22 -23 -24 -25 -26 26 -28 -29 -30 -31
leaf_value=0.0013029686268976022 -0.0002897738895342625 8.3382706275515322e-05 0.0064910028516456039 8.1607594681761442e-05 -0.0027224530597215364 0.0014859340563542715 -0.00016434570417735831 0.00093517050777043196 -9.7140313626003214e-05 0.0051288363304129751 0.00022311639113839718 0.0085873779154529688 -0.0011903452929220098 -0.0032211506192023221 -0.0056131747667331235 -0.00036195301898608141 0.00065035213979995187 -0.0012035667125955178 0.0055390880266920879 -0.0029122141294722604 -0.006377300935873566 0.0018107780011239858 0.0033898819903539416 3.3067578891979182e-08 0.00044389518589014191 0.00077537642084383898 0.0025999453889619054 0.0016282531517038607 -0.0003944742432409317 0.00021532056678442329
leaf_weight=4186 2891 9571 165 1139 461 332 7766 2745 18097 53 979 76 6479 2330 84 5913 7851 344 325 385 324 2454 230 183176 64 1722 1517 274 2269 5129
leaf_count=4186 2891 9571 165 1139 461 332 7766 2745 18097 53 979 76 6479 2330 84 5913 7851 344 325 385 324 2454 230 183176 64 1722 1517 274 2269 5129
internal_value=1.17343e-05 0.000443141 0.000661157 -0.000134156 -0.00137031 -0.00274727 -7.31703e-05 -3.87305e-05 -0.000433875 -0.00135191 -0.0021714 -0.000577512 -0.000630997 -0.00303544 5.24602e-05 0.000201367 0.00121022 0.00188237 0.00214756 -0.000661856 -0.00423095 0.000926692 0.000160976 1.38398e-05 0.00486464 0.00196083 0.00162992 0.00375016 0.000488911 0.000704091
internal_weight=269331 44290 32149 12141 2340 1201 225041 210656 24735 6638 3747 14385 14245 2383 416 17497 14652 4347 4003 1364 785 10305 9801 185921 140 3838 3239 599 11584 9315
internal_count=269331 44290 32149 12141 2340 1201 225041 210656 24735 6638 3747 14385 14245 2383 416 17497 14652 4347 4003 1364 785 10305 9801 185921 140 3838 3239 599 11584 9315
is_linear=0
shrinkage=0.05


Tree=27
num_leaves=31
num_cat=0
split_feature=2 8 5 8 0 1 6 1 1 4 6 2 0 0 5 6 4 6 5 4 2 8 8 1 8 8 1 4 2 2
split_gain=3.65158 3.33308 1.94126 2.18358 1.64279 1.45735 1.37485 1.33531 1.17248 1.50213 1.16397 1.21751 1.23972 1.1723 1.12619 1.11361 1.42103 1.4523 1.08599 1.58116 1.13884 1.19658 1.02833 1.02549 1.25675 1.00935 1.63953 1.0061 0.986541 1.25155
threshold=-0.10557471541276413 0.0093879764495448329 59.497830432370478 0.76130113397639287 0.04413020094962717 0.09310529808872571 0.39910471140893738 -0.035823782106074113 -0.058817529345273671 -0.99225335413760363 1.6722418876634639 -0.20991807387696423 -0.056499373782354582 0.02348121821676619 18.20754993687834 0.50210660955191655 -0.57159750581934221 0.91309043372232235 66.155370199676042 0.2646784276949064 -0.045801526717557266 0.24117647020991875 0.43822413041685687 0.042140418973867562 0.13320996694719225 0.20227584126274714 -0.040418564691342689 -0.94007964123255672 0.189021640767469 0.5317431461326293
decision_type=8 10 8 10 10 10 8 10 10 10 8 10 10 10 10 10 10 10 10 8 8 8 8 10 10 8 10 10 10 10
left_child=1 -1 15 18 5 6 27 -6 10 -10 11 12 -8 -14 -11 -2 17 25 19 -4 -20 -22 23 -18 -25 -17 -27 -3 -5 -30
right_child=2 4 3 28 7 -7 8 -9 9 14 -12 -13 13 -15 -16 16 22 -19 20 -21 21 -23 -24 24 -26 26 -28 -29 29 -31
leaf_value=0.0011999594325337649 0.00018554328225792662 0.0066975706623976731 0.00089105178818000273 -0.00056005504903903873 0.0035764938161881085 0.0022692624519308718 0.0040935931489123811 0.00075360825865431228 0.0025965829278387482 -0.0010788608206550962 -0.00087586896973363576 0.00025155797688409284 0.00075700494421885971 0.0044465731535090775 -8.5810138681565465e-05 0.00011205282281295773 -0.00010407619335078643 -0.00098877782789346422 0.0028529546218381812 -6.8912618682848449e-05 -0.001363617124433118 0.00061128759050381866 -0.00032497365801009378 -0.0018801177060517706 0.00063597976394376074 -5.0333951290359007e-05 -0.0014104057709181626 0.0011391148683079471 0.00025423433213520296 -0.0013317735320526574
leaf_weight=9809 16644 85 5299 12996 596 784 360 1410 489 3220 1636 10263 3166 231 25187 8782 37346 11585 543 22516 799 19146 44427 527 8516 5102 3917 1927 10614 1409
leaf_count=9809 16644 85 5299 12996 596 784 360 1410 489 3220 1636 10263 3166 231 25187 8782 37346 11585 543 22516 799 19146 44427 527 8516 5102 3917 1927 10614 1409
internal_value=1.11476e-05 0.000358144 -8.65331e-05 0.000121067 0.000190835 0.000131459 9.54646e-05 0.00159231 3.77277e-05 -0.000151076 0.0003862 0.000533471 0.00130357 0.0010079 -0.000198375 -0.000197765 -0.000250841 -0.000553063 0.000317442 0.000113969 0.000593681 0.000532173 -0.000153049 1.16052e-05 0.000489349 -0.000269497 -0.00064102 0.00137394 -0.000258064 6.83668e-05
internal_weight=269331 59163 210168 73322 49354 47348 46564 2006 44552 28896 15656 14020 3757 3397 28407 136846 120202 29386 48303 27815 20488 19945 90816 46389 9043 17801 9019 2012 25019 12023
internal_count=269331 59163 210168 73322 49354 47348 46564 2006 44552 28896 15656 14020 3757 3397 28407 136846 120202 29386 48303 27815 20488 19945 90816 46389 9043 17801 9019 2012 25019 12023
is_linear=0
shrinkage=0.05


Tree=28
num_leaves=31
num_cat=0
split_feature=8 2 2 7 7 7 5 7 7 6 7 2 0 5 2 7 8 7 8 5 2 2 8 6 6 0 2 7 7 8
split_gain=3.3524 2.95331 2.51695 3.40515 2.32417 2.186 1.95918 1.89621 1.99 1.59495 1.43007 1.97974 1.8013 1.53942 1.50727 1.73937 1.43941 1.42893 2.19246 1.40027 1.39642 1.35121 1.32602 1.27747 1.13632 1.12177 1.6458 1.40832 1.10019 1.05376
threshold=0.034506628013864622 -0.067262014085127317 0.3897788632604014 0.058752616110890658 0.027793719009288748 0.039236893248547962 45.614035079909208 0.084054682809110978 0.075517149084893084 1.5538313626980778 0.054473624498138536 -0.18948242230727122 0.04413020094962717 89.350945490958722 0.13107358875951461 0.033571281333631749 0.77695416947184071 0.039940116966449654 0.44274895869817826 65.327271836664991 0.23999290991948866 0.19973999517365862 0.84274905879301187 0.62506809901986327 0.35031719307178938 -0.062339272320136634 -0.2204671338228493 0.034862502756522674 0.026744002490023656 1.0000000180025095e-35
decision_type=10 8 10 10 8 8 10 10 10 8 10 10 10 10 10 10 10 10 10 10 10 10 10 10 8 10 10 10 10 10
left_child=1 9 3 4 -3 -6 21 8 -4 25 11 12 28 22 17 16 -16 24 19 -19 -18 -5 -12 -8 -13 26 27 -1 -2 -27
right_child=10 2 7 6 5 -7 23 -9 -10 -11 13 14 -14 -15 15 -17 20 18 -20 -21 -22 -23 -24 -25 -26 29 -28 -29 -30 -31
leaf_value=0.009477029125019909 -0.00051748716898416419 -0.0010405139095871654 0.0028998705853931612 -0.00061887132423368125 0.0015208162888906052 2.5084761403896542e-05 -0.0001998704647017046 -0.0033635422891500049 0.011220223687226229 -0.0006257211992055663 -0.00040643335252985024 0.00097960775688865544 0.0036438636608582022 0.0046674808224530092 0.0012841531093854472 -6.0300638815687464e-05 -0.00023386273316997486 0.00067993837738475154 -0.00028971580339610823 0.0033641733859479067 0.0015111064209867892 0.008164128428105405 -0.0017956313765346743 -0.0045986257412181323 -0.00018649694764993863 0.0013291374578338953 0.00063376563694753335 0.0030107423147025776 0.0008557274723068408 0.00058150506012269541
leaf_weight=125 1911 3896 465 252 3067 12002 209 98 85 1823 12247 2118 493 140 5898 16906 4685 8875 8267 514 1518 53 1998 785 153310 7244 438 258 6161 13490
leaf_count=125 1911 3896 465 252 3067 12002 209 98 85 1823 12247 2118 493 140 5898 16906 4685 8875 8267 514 1518 53 1998 785 153310 7244 438 258 6161 13490
internal_value=1.05902e-05 0.000408224 -2.34722e-05 -0.000121564 4.80658e-05 0.000329512 -0.00259811 0.00304403 0.00418574 0.000794383 -6.76674e-05 -3.47302e-05 0.000709824 -0.000550004 -6.62859e-05 0.00026727 0.000724911 -0.000122186 0.000304064 0.000826887 0.000193167 0.000907355 -0.000601282 -0.00367374 -0.000170607 0.000914487 0.00272715 0.00512115 0.000530627 0.000842711
internal_weight=269331 44290 20912 20264 18965 15069 1299 648 550 23378 225041 210656 8565 14385 202091 29007 12101 173084 17656 9389 6203 305 14245 994 155428 21555 821 383 8072 20734
internal_count=269331 44290 20912 20264 18965 15069 1299 648 550 23378 225041 210656 8565 14385 202091 29007 12101 173084 17656 9389 6203 305 14245 994 155428 21555 821 383 8072 20734
is_linear=0
shrinkage=0.05


Tree=29
num_leaves=31
num_cat=0
split_feature=8 2 2 7 4 7 7 4 7 4 6 7 2 4 7 8 0 6 7 4 1 1 3 8 8 2 7 8 7 2
split_gain=3.02554 2.66695 2.26427 3.02733 2.69139 1.99961 2.00339 1.88945 1.68517 1.57981 1.40543 1.29064 1.78671 1.96742 2.49263 1.68787 1.62567 1.58649 1.71079 1.42353 1.30003 1.17058 1.16811 1.15592 1.66796 1.64872 1.61721 1.91478 1.57269 1.23652
threshold=0.034506628013864622 -0.069751165146041558 0.3897788632604014 0.058752616110890658 0.40732190437622123 0.027793719009288748 0.039236893248547962 0.04205543134458338 0.073071248271039071 0.30911728107099384 1.5538313626980778 0.054473624498138536 -0.18948242230727122 -0.43438766962291697 0.01318481275596658 0.16666666638175887 0.04413020094962717 0.56692611901344858 0.052946406917865098 -0.96511640687138911 -0.020799118343189978 0.16800697416389279 1.0000000180025095e-35 0.14967353912178671 0.50659383237964506 0.11667401317707661 0.0230266142525954 0.78756700837013283 0.038998441370282362 -0.082479211422832363
decision_type=10 8 10 10 10 8 8 10 10 10 8 10 10 10 10 10 10 8 10 10 10 10 2 10 10 10 10 10 10 10
left_child=1 10 3 5 9 -3 21 -5 -9 -4 -1 12 16 14 15 -14 -2 18 19 -16 -18 -7 -13 -15 28 -26 27 -27 -25 -30
right_child=11 2 4 7 -6 6 -8 8 -10 -11 -12 22 13 23 17 -17 20 -19 -20 -21 -22 -23 -24 24 25 26 -28 -29 29 -31
leaf_value=0.00087199094232180176 0.00050409539661448093 -0.00093844783354255727 0.0048594435007942921 -3.7369445601056909e-05 0.0013321183694781559 0.0012841720668099483 1.9731702428485774e-05 -0.0024444854496307234 -0.007440886002795237 0.016396071664523334 -0.00058064618507731121 -0.00010822692126464888 -0.00046886706190090853 -0.00042937314232770077 0.0022931751464075672 -0.0024643810627245112 0.0057665726926430187 -0.00036485270526134947 0.0068912562404125554 8.6853831778224886e-05 0.0006014963680751284 0.0073746265173763219 -0.0010125332059272066 0.00017112386546109029 -0.00028583004391632847 0.0026955926859850519 7.9217942151517566e-05 0.00013821819953548973 0.0021114507474948654 0.00059996489138561433
leaf_weight=21340 8072 4049 73 504 525 3034 12024 563 241 50 1806 7795 2101 12187 780 2138 273 41614 97 11659 220 81 6590 52868 41894 1357 25627 1589 1711 6469
leaf_count=21340 8072 4049 73 504 525 3034 12024 563 241 50 1806 7795 2101 12187 780 2138 273 41614 97 11659 220 81 6590 52868 41894 1357 25627 1589 1711 6469
internal_value=1.00607e-05 0.000387812 -1.81341e-05 -0.000110135 0.00289183 4.852e-05 0.000312489 -0.00243756 -0.00394216 0.00954913 0.000758647 -6.42841e-05 -3.29937e-05 -6.29716e-05 -0.000307715 -0.00147533 0.000674333 -0.000216311 0.000276783 0.000225203 0.00346167 0.00144254 -0.000522504 3.64725e-05 7.96407e-05 -8.60956e-05 0.000206757 0.00131621 0.000270948 0.00091612
internal_weight=269331 44290 21144 20496 648 19188 15139 1308 804 123 23146 225041 210656 202091 58389 4239 8565 54150 12536 12439 493 3115 14385 143702 131515 70467 28573 2946 61048 8180
internal_count=269331 44290 21144 20496 648 19188 15139 1308 804 123 23146 225041 210656 202091 58389 4239 8565 54150 12536 12439 493 3115 14385 143702 131515 70467 28573 2946 61048 8180
is_linear=0
shrinkage=0.05


Tree=30
num_leaves=31
num_cat=0
split_feature=1 7 1 8 7 8 4 7 8 7 5 1 4 6 8 7 1 0 6 5 6 0 8 8 6 4 4 7 8 8
split_gain=2.89405 1.7597 1.68963 2.34186 1.78393 1.23603 1.41401 1.37675 1.67002 1.21309 1.19952 1.19706 1.82904 1.00219 1.16816 1.07915 1.86235 2.03125 1.35712 1.03528 0.973729 0.90892 0.887691 0.844825 0.836742 0.835757 0.812823 0.808504 0.794212 0.781813
threshold=-0.053627066939369743 0.068895718469190556 0.043139448846459046 0.51515151440329221 0.026396665982416856 0.054054054030392575 -0.71362793478028175 0.016482506386382087 0.25106509864781418 0.059819200537251725 35.262275908707522 0.12324540571616761 0.14725621160019339 1.381807549578892 0.034506628013864622 0.058752616110890658 -0.15738888560099426 -0.044684129429892132 0.87380071825851158 62.169652675677099 1.8345948309903883 0.064879818699374772 0.51103205056543077 0.034506628013864622 0.84062132502054177 -1.0563087378980653 -0.77020885620134005 0.023668688393738632 0.78243504923787188 0.1045648154870117
decision_type=10 10 10 10 8 8 10 10 10 10 10 10 8 8 10 8 10 10 10 10 10 10 8 8 10 10 10 8 8 8
left_child=13 2 4 11 5 -2 7 8 -7 -5 -10 29 -13 14 15 16 17 23 19 26 -14 -16 -22 25 -19 -1 -18 -15 -8 -4
right_child=1 -3 3 9 -6 6 28 -9 10 -11 -12 12 20 27 21 -17 18 24 -20 -21 22 -23 -24 -25 -26 -27 -28 -29 -30 -31
leaf_value=0.0063332997511221407 0.00026041302852783057 -0.0011370298183369617 -0.0017213571026182047 -6.3755686648199036e-05 3.9333297014462278e-05 -0.00072357127108907231 -0.00022847926866222617 -0.00039105290496747907 -0.0038026897147869008 -0.0015915453076165082 -0.0011550254904899217 0.0042701607376155965 0.00046118137489984095 -0.0011211685209373372 0.00024147095444638003 -0.00054942385222135094 0.0015792677737117703 -0.00058361434434534953 0.00010753047093362755 0.0070042631221487635 0.0014225986327089679 0.0042090738833889946 0.0047930924772305256 0.002074295107572191 0.0035992120486512051 0.013314092504010805 0.00043924263989263509 7.2073840861252547e-05 -0.00076659984214391349 0.00040098539924536298
leaf_weight=139 8711 3894 443 28220 68636 2193 59430 4750 1105 1362 698 450 3106 1689 32081 1303 4398 249 4302 77 869 145 252 69 230 62 2426 8900 7751 21176
leaf_count=139 8711 3894 443 28220 68636 2193 59430 4750 1105 1362 698 450 3106 1689 32081 1303 4398 249 4302 77 869 145 252 69 230 62 2426 8900 7751 21176
internal_value=2.26635e-07 -8.389e-05 -6.42826e-05 0.000171086 -0.000150089 -0.000303699 -0.000368418 -0.000966439 -0.00165039 -0.000134097 -0.00277769 0.000514405 0.0012397 0.00031984 0.000421838 0.00081695 0.000965911 0.00337974 0.00080453 0.00123903 0.000917087 0.000259323 0.00218028 0.00684788 0.00142484 0.00848658 0.00117398 -0.000118254 -0.000290565 0.000357496
internal_weight=269116 213046 209152 55878 153274 84638 75927 8746 3996 29582 1803 26296 4677 56070 45481 13255 11952 749 11203 6901 4227 32226 1121 270 479 201 6824 10589 67181 21619
internal_count=269116 213046 209152 55878 153274 84638 75927 8746 3996 29582 1803 26296 4677 56070 45481 13255 11952 749 11203 6901 4227 32226 1121 270 479 201 6824 10589 67181 21619
is_linear=0
shrinkage=0.05


Tree=31
num_leaves=31
num_cat=0
split_feature=1 7 1 8 7 8 7 1 5 6 7 5 1 7 6 0 6 8 0 0 7 1 7 0 6 5 8 7 0 5
split_gain=2.61188 1.58813 1.52489 2.11352 1.61 1.11551 1.09482 1.08035 1.11169 0.931474 1.06577 2.28236 1.85775 2.28239 1.51454 1.10993 1.09678 1.015 0.972927 1.12973 0.864455 0.817265 0.815238 0.814099 0.870774 1.0302 0.985067 0.837781 0.813439 0.866057
threshold=-0.053627066939369743 0.068895718469190556 0.043139448846459046 0.51515151440329221 0.026396665982416856 0.054054054030392575 0.059819200537251725 0.12324540571616761 49.702161390374222 0.53425481889571846 0.026744002490023656 22.478065484455573 -0.13975089850557351 0.036669205911247595 2.0291419757811746 0.076313887081616474 1.0070122301200986 0.71509932806643828 -0.048797578059879325 0.012127726972499754 0.06094917433654435 -0.094794384716213473 0.040435130959160917 0.031156928875494375 0.45806781455587359 53.830634489015473 0.83104930563871315 0.011187909012920107 -0.020216614783719052 64.304637370408599
decision_type=10 10 10 10 8 8 10 10 8 8 10 10 10 10 10 10 10 8 10 10 10 10 10 10 8 10 8 10 8 8
left_child=9 2 4 7 5 -2 -5 -4 22 -1 16 12 13 14 18 17 28 -13 -12 -20 -19 -17 -9 24 -7 -26 27 -27 29 -11
right_child=1 -3 3 6 -6 23 -8 8 -10 10 11 15 -14 -15 -16 21 -18 20 19 -21 -22 -23 -24 -25 25 26 -28 -29 -30 -31
leaf_value=0.00079093362931205663 0.00024739237678759757 -0.0010801783362280677 0.00033962117943372311 -6.0567900979175318e-05 3.7366627271826631e-05 0.00031372268591609649 -0.0015119680691323125 0.0010220337847018973 0.00086113422657524766 0.0011145498187093842 0.0089379832911160948 7.2049911152498463e-05 0.00069121327431861295 0.001182915938242592 -0.00038404956043297517 0.0083127807432902042 -0.00062047817847047022 0.001423099091465075 0.0032951822370871674 0.010610458289374947 -0.00074578346427378443 0.0012172360854443684 0.0045401425657567015 0.00037908525961989875 -0.0005638083814768724 0.0012130281632207831 -0.00097000903761475937 -0.00010206862917174914 -0.00011132625860546338 -0.00036232651372045729
leaf_weight=8353 8711 3894 21619 28220 68636 4180 1362 285 4002 3530 197 20802 2669 869 107 72 6123 2579 301 64 559 93 390 3645 46166 1301 3123 17512 8371 1381
leaf_count=8353 8711 3894 21619 28220 68636 4180 1362 285 4002 3530 197 20802 2669 869 107 72 6123 2579 301 64 559 93 390 3645 46166 1301 3123 17512 8371 1381
internal_value=2.15302e-07 -7.96955e-05 -6.10685e-05 0.000162532 -0.000142585 -0.000288514 -0.000127393 0.000488685 0.00117772 0.000303848 0.000218582 0.000414213 0.00148881 0.00287293 0.00506817 0.000226666 -6.68442e-05 0.000198499 0.00610623 0.00457786 0.00103674 0.00431347 0.00305472 -0.000349998 -0.000386763 -0.000429758 -0.000147639 -1.1124e-05 0.000188381 0.000699244
internal_weight=269116 213046 209152 55878 153274 84638 29582 26296 4677 56070 47717 28312 4207 1538 669 24105 19405 23940 562 365 3138 165 675 75927 72282 68102 21936 18813 13282 4911
internal_count=269116 213046 209152 55878 153274 84638 29582 26296 4677 56070 47717 28312 4207 1538 669 24105 19405 23940 562 365 3138 165 675 75927 72282 68102 21936 18813 13282 4911
is_linear=0
shrinkage=0.05


Tree=32
num_leaves=31
num_cat=0
split_feature=1 7 1 8 7 7 4 8 4 7 8 8 7 8 4 6 8 7 0 1 4 7 0 1 0 4 6 6 6 1
split_gain=2.35722 1.43329 1.37788 1.84476 1.37592 1.21577 1.28757 1.11081 1.16228 1.33724 1.42231 0.975487 0.941084 0.894715 0.951407 0.853002 1.00037 0.956291 1.81501 1.38482 0.909569 0.906941 0.829557 0.792838 0.767896 0.964928 0.764413 0.749143 0.727323 0.72079
threshold=-0.053627066939369743 0.068895718469190556 0.032113698821375387 0.4935107756377779 0.026277775721614698 0.037695711979930241 1.5441925810724568 0.060999075736290674 -0.71362793478028175 0.016327559054624002 0.34065933841323487 0.10951240125441826 0.059819200537251725 0.35634536063661548 0.94042340005163061 1.4310490402666254 0.034506628013864622 0.058752616110890658 -0.070991281012234661 -0.14738400708105606 -1.2140863899834828 0.028979321979119455 0.064879818699374772 -0.086978427963726276 0.029701354600212063 -0.63355011249446469 0.86645722660008329 0.75771676208867789 0.35031719307178938 0.19168037263172447
decision_type=10 10 10 10 8 10 10 8 10 10 10 8 10 8 10 8 10 8 10 10 10 10 10 10 10 10 10 10 10 10
left_child=15 2 4 5 7 11 13 -2 9 10 -9 -4 -5 14 -7 16 17 18 19 20 -1 27 28 -24 -10 -26 -14 -20 -18 -15
right_child=1 -3 3 12 -6 6 -8 8 24 -11 -12 -13 26 29 -16 -17 22 -19 21 -21 -22 -23 23 -25 25 -27 -28 -29 -30 -31
leaf_value=0.0037157792669649313 0.00020783539424236425 -0.0010261694291602394 -0.001550451032526712 -6.7058540566338796e-05 2.7126304496105062e-05 0.0016142316231272027 0.0079333772331189652 -0.00090369934838963072 -0.00032513972693963002 -0.00034222079624791256 -0.0029537562813132996 0.00027798940843948527 -0.003346609725412745 0.00015475108917059887 -0.0021412496861480806 -0.00013177773833552685 0.0017436234007190911 -0.00053635635740096352 0.0010978725634372408 0.0020413088418566819 0.012419593724107343 0.001259535826371703 0.0076143277173459133 0.00057388747321045696 0.0054821264960112116 0.00031530174198282288 -0.00070752662627075421 -2.4092333908403263e-05 0.0001754251881827203 0.0021277209782329877
leaf_weight=52 9894 3894 753 34450 62699 3573 65 2437 56663 4608 1296 23331 363 3915 177 9928 757 1320 2324 207 71 5357 74 87 93 3186 1124 4135 31758 525
leaf_count=52 9894 3894 753 34450 62699 3573 65 2437 56663 4608 1296 23331 363 3915 177 9928 757 1320 2324 207 71 5357 74 87 93 3186 1124 4135 31758 525
internal_value=2.04535e-07 -7.57107e-05 -5.80151e-05 0.000126329 -0.000147358 0.000400306 0.000923952 -0.000287297 -0.00035904 -0.000912041 -0.00161543 0.000220822 -0.000120217 0.000868321 0.00143697 0.000288656 0.000379117 0.000741775 0.000880679 0.00453807 0.00873993 0.000778535 0.000229663 0.00380987 -0.000282089 0.000461845 -0.00135177 0.0003796 0.000211935 0.000388041
internal_weight=269116 213046 209152 68276 140876 32339 8255 78177 68283 8341 3733 24084 35937 8190 3750 56070 46142 13466 12146 330 123 11816 32676 161 59942 3279 1487 6459 32515 4440
internal_count=269116 213046 209152 68276 140876 32339 8255 78177 68283 8341 3733 24084 35937 8190 3750 56070 46142 13466 12146 330 123 11816 32676 161 59942 3279 1487 6459 32515 4440
is_linear=0
shrinkage=0.05


Tree=33
num_leaves=31
num_cat=0
split_feature=2 7 2 4 7 4 6 8 7 8 7 2 8 2 8 8 5 8 5 4 4 6 7 6 2 8 7 4 7 8
split_gain=2.63913 2.50606 2.34024 2.52401 2.32886 1.91835 1.68789 1.58576 2.04358 1.55311 1.30751 1.62482 1.58252 1.46117 1.40966 1.24377 1.20298 1.1786 1.17348 1.12222 1.09721 1.05275 1.05945 1.0176 1.58958 1.65329 1.63042 2.20512 1.02314 0.975488
threshold=-0.091704494509509279 0.035223353549260199 -0.25731976722325567 -0.61479003079013894 0.058752616110890658 -0.41411456341770297 0.74466395471854219 0.034506628013864622 0.01161170785257455 0.30721966170443199 0.059819200537251725 0.32268664290448762 0.557985266028166 0.14049137795938263 0.8609775726248089 0.067896700001889368 18.76197877986878 0.16075021778074713 49.112425994818118 -0.061446170109221036 -0.58377699359853763 0.85146481948946462 0.052946406917865098 1.228362115022344 0.11667401317707661 0.16075021778074713 0.033123585838905116 0.73182799324622916 0.049831260130964027 0.12512729655249896
decision_type=8 10 10 10 10 8 8 10 10 10 10 10 8 10 10 8 10 8 10 10 10 10 10 10 10 10 10 10 10 10
left_child=1 2 3 -1 9 6 -2 -4 29 15 11 14 -12 -14 17 20 -17 -7 21 -15 -3 22 -18 -19 -25 28 -27 -28 -26 -9
right_child=5 4 7 -5 -6 10 -8 8 -10 -11 12 -13 13 19 -16 16 18 23 -20 -21 -22 -23 -24 24 25 26 27 -29 -30 -31
leaf_value=0.0029688468071578035 -7.077541965305326e-05 0.0008737735249848233 0.00045895613295795286 -0.0013437755252295777 -0.00033898468431620626 -0.0005174683908570932 -0.00069897289984738591 -0.0018782553230055053 -0.00013884589979856773 -2.3970245400026189e-05 0.00076440050216507345 0.00088715713948193768 -0.00252789398994566 0.0024907125452382356 -0.00052093201572693374 -0.00072725982935206148 0.0012067927845627671 -5.6493347758095482e-06 0.00012914634639033413 -0.00081578057265019809 -0.0013694991598582123 0.0026060830415443759 0.0038828422028496842 0.00011088543065882226 0.0027487139109664896 0.0014963070091697549 0.0014001853832327682 -0.00098203513484772698 0.0090699501944084965 -0.0075181202857408595
leaf_weight=1317 21121 2684 13834 457 4005 8926 21657 189 33363 2960 1540 5224 1283 273 12366 554 4497 92286 1084 4276 684 3084 403 22747 437 3692 1697 2272 75 129
leaf_count=1317 21121 2684 13834 457 4005 8926 21657 189 33363 2960 1540 5224 1283 273 12366 554 4497 92286 1084 4276 684 3084 403 22747 437 3692 1697 2272 75 129
internal_value=1.94308e-07 0.000266215 7.48224e-05 0.00185787 0.000738956 -9.19664e-05 -0.00038881 8.2512e-06 -0.00017687 0.00100962 -1.11334e-05 2.08749e-05 -0.000661208 -0.00103765 -1.04436e-05 0.00124515 0.00153461 3.73321e-05 0.00167279 -0.000617347 0.000418192 0.00188238 0.00142688 7.75262e-05 0.000325778 0.000923863 0.00074002 3.65157e-05 0.00367468 -0.00416613
internal_weight=269116 69244 49289 1774 19955 199872 42778 47515 33681 15950 157094 149722 7372 5832 144498 12990 9622 132132 9068 4549 3368 7984 4900 123206 30920 8173 7661 3969 512 318
internal_count=269116 69244 49289 1774 19955 199872 42778 47515 33681 15950 157094 149722 7372 5832 144498 12990 9622 132132 9068 4549 3368 7984 4900 123206 30920 8173 7661 3969 512 318
is_linear=0
shrinkage=0.05


Tree=34
num_leaves=31
num_cat=0
split_feature=2 7 2 4 7 1 4 6 8 7 8 7 5 2 1 4 4 8 8 6 2 7 8 5 5 6 5 2 7 6
split_gain=2.38181 2.2632 2.36726 2.0792 2.02035 1.80307 1.73131 1.52332 1.39076 1.83606 1.30567 1.19277 1.50564 1.42671 1.34891 1.33267 1.16632 1.0816 1.82019 1.03563 1.02507 1.7635 2.28397 1.37856 1.02209 1.67131 1.40103 0.992326 0.987133 0.957884
threshold=-0.091704494509509279 0.034697562260999779 -0.25731976722325567 -0.61479003079013894 0.06094917433654435 0.12324540571616761 -0.41411456341770297 0.74466395471854219 0.034506628013864622 0.01161170785257455 0.30721966170443199 0.049831260130964027 89.350945490958722 0.32268664290448762 -0.036454811397603197 1.1173375469307762 -0.040999722760166786 0.50224926047455021 0.16075021778074713 1.1346497903137316 0.09277924207872125 0.028507910920793807 0.78243504923787188 71.003441841506728 81.358519548871314 2.6997656663647489 89.350945490958722 0.052972831907851743 0.013885887765426005 0.96482550934878264
decision_type=8 10 10 10 10 10 8 8 10 10 10 10 10 10 10 10 10 10 8 10 10 10 10 10 10 10 10 10 10 10
left_child=1 2 3 -1 5 10 7 -2 -4 -10 29 13 -13 14 19 -14 -7 18 -16 -8 28 22 23 -22 -15 -26 -27 -21 -19 -3
right_child=6 4 8 -5 -6 16 11 -9 9 -11 -12 12 15 24 17 -17 -18 20 -20 27 21 -23 -24 -25 25 26 -28 -29 -30 -31
leaf_value=0.0029462039885063507 -6.7236651640413861e-05 0.0007715356955402832 0.0004237902071854158 -0.0010792313769461207 -0.00038150400284192956 0.0078600666910966146 0.00027973637924363698 -0.00066402425391135866 -0.0039578188055505361 -0.00014012887552482215 -0.00010341755174713057 -0.00046000634563396698 0.0079688472857233142 0.0016913324938297486 -0.00061992823533046394 0.00012338612341101013 0.0021637005176785829 0.00055043597666820621 0.00019958437298202441 0.00048282337350720992 0.0006674876027631092 -0.00029655780190667824 -0.00016313499344274305 0.0024319739711928224 -0.00097056251375769113 0.008291239987041071 -0.0017572116210228868 0.0027295784601381631 -0.00048834899063421766 0.0016810740861798968
leaf_weight=1246 21121 9745 13606 432 3651 144 16552 21657 318 32711 3034 16764 100 2188 7755 118 239 2490 53648 1099 2840 16404 5294 1814 937 97 54 889 28051 4118
leaf_count=1246 21121 9745 13606 432 3651 144 16552 21657 318 32711 3034 16764 100 2188 7755 118 239 2490 53648 1099 2840 16404 5294 1814 937 97 54 889 28051 4118
internal_value=1.84594e-07 0.000252904 6.47546e-05 0.00190986 0.000687192 0.000912991 -8.7368e-05 -0.000369369 -1.63509e-06 -0.000176885 0.000836096 -1.05768e-05 -0.000406319 3.73883e-05 1.27012e-05 0.00372222 0.00430542 -4.94475e-05 9.60826e-05 0.000409246 -0.000206514 2.19678e-05 0.000547208 0.00135524 0.00106855 -0.000183875 0.00469775 0.00148753 -0.000403657 0.00104171
internal_weight=269116 69244 48313 1678 20931 17280 199872 42778 46635 33029 16897 157094 16982 140112 136836 218 383 118296 61403 18540 56893 26352 9948 4654 3276 1088 151 1988 30541 13863
internal_count=269116 69244 48313 1678 20931 17280 199872 42778 46635 33029 16897 157094 16982 140112 136836 218 383 118296 61403 18540 56893 26352 9948 4654 3276 1088 151 1988 30541 13863
is_linear=0
shrinkage=0.05


Tree=35
num_leaves=31
num_cat=0
split_feature=1 7 1 8 7 6 7 4 0 4 6 8 0 7 0 1 7 4 7 6 4 8 9 4 8 7 8 6 4 0
split_gain=1.59013 1.44823 1.32198 1.83407 1.34267 1.14814 1.1099 1.04593 0.947817 0.834406 1.25374 0.942472 0.805023 1.20889 0.794118 0.76744 0.925885 1.16917 1.00051 0.866408 0.865792 0.821317 0.723828 0.720848 0.687133 0.682562 0.765315 0.823514 0.676983 0.673498
threshold=-0.043185890150658816 0.068895718469190556 0.043139448846459046 0.57142857020581539 0.026277775721614698 0.54273377100787001 0.035934833858425629 0.74308898190729644 -0.062339272320136634 0.80164327893500864 1.2444221120988184 0.94246965447869058 0.076313887081616474 0.06361128722715019 0.031156928875494375 0.15907000839106325 0.022913603576878383 0.81380051105069662 0.032526501253455693 1.8345948309903883 0.36266919428038813 0.24786432093169333 1.0000000180025095e-35 0.14725621160019339 0.94246965447869058 0.038753739887981066 0.097048649989857641 0.75771676208867789 -0.96511640687138911 -0.039379130652040677
decision_type=8 10 10 10 8 8 10 10 10 10 10 10 10 8 10 10 8 8 10 10 10 10 2 8 10 8 10 10 10 10
left_child=5 2 4 8 14 28 -5 -6 -4 10 11 -8 -7 -14 -2 16 20 25 -19 23 -10 -22 24 -17 -11 -18 27 -27 -1 -30
right_child=1 -3 3 6 7 12 9 -9 15 22 -12 -13 13 -15 -16 19 17 18 -20 -21 21 -23 -24 -25 -26 26 -28 -29 29 -31
leaf_value=0.0018806013231521018 -0.00030398835292534486 -0.0010428825678325971 -0.0027613588219063115 0.00016332406152817636 7.5934619839012821e-05 0.00010838208258426464 -0.0006440936928677509 -0.0011456934843741239 0.00015655489522538917 -0.0015912808018935202 0.0011401660112156274 0.0030511631030175424 0.0056097570811080178 -0.0011194658558611481 0.00046129537478216837 0.0044052613208253608 0.0002346583146193915 8.8871154193719855e-05 -0.0013645215643060954 0.0027216916526501995 -0.00018310867327504289 0.0019814669382391971 -0.00028089599622861753 0.00042406369915345206 0.00044185897202154843 0.001359969365094931 0.0012810294752906059 -0.0012337984705048637 0.0027459144730118137 0.00047441761028550657
leaf_weight=1044 73391 3714 230 14374 62087 56689 4170 1803 1767 3227 1615 180 161 114 3554 122 11198 3506 1788 747 542 2289 2962 1671 477 529 3856 726 337 10303
leaf_count=1044 73391 3714 230 14374 62087 56689 4170 1803 1767 3227 1615 180 161 114 3554 122 11198 3506 1788 747 542 2289 2962 1671 477 529 3856 726 337 10303
internal_value=6.3795e-06 -6.47255e-05 -4.62668e-05 0.00015928 -0.000127963 0.000214082 -0.000137159 4.14598e-05 0.000435603 -0.000479107 -4.95043e-05 -0.000491187 0.000121474 0.00282019 -0.000268641 0.000461187 0.000380742 0.000243617 -0.000401999 0.00129101 0.001025 0.00156706 -0.000863533 0.000694954 -0.00132945 0.000453188 0.000931977 -0.000140489 0.000665581 0.000546363
internal_weight=269173 200525 196811 55976 140835 68648 27005 63890 28971 12631 5965 4350 56964 275 76945 28741 26201 21603 5294 2540 4598 2831 6666 1793 3704 16309 5111 1255 11684 10640
internal_count=269173 200525 196811 55976 140835 68648 27005 63890 28971 12631 5965 4350 56964 275 76945 28741 26201 21603 5294 2540 4598 2831 6666 1793 3704 16309 5111 1255 11684 10640
is_linear=0
shrinkage=0.05


Tree=36
num_leaves=31
num_cat=0
split_feature=2 8 7 5 3 7 7 0 7 4 8 2 8 2 4 2 7 7 4 4 7 8 8 7 8 7 2 0 0 7
split_gain=2.25282 1.90212 2.04061 1.74668 1.30919 1.25544 1.35975 1.2944 1.16848 1.91879 1.28869 1.16974 1.16736 1.70452 1.56963 1.30013 1.15939 1.1309 1.05805 1.30845 1.17771 1.0008 0.903521 0.977415 0.875697 0.836736 0.79925 0.777374 0.92252 0.762641
threshold=-0.083751673781814459 0.012871287119155065 0.011966459963838884 65.327271836664991 1.0000000180025095e-35 0.034367111798127327 0.070843092138759015 0.081793937462988034 0.068895718469190556 0.49436743298584201 0.39252336366058183 0.15443695257483639 0.34486160919123793 0.3897788632604014 -0.030882502787409859 0.20525490716530362 0.050417968496791338 0.079061678468717936 0.66926294623214633 -0.43438766962291697 0.04728594744409189 0.13881019790705293 0.31831738772629514 0.066940537286215143 0.24117647020991875 0.059819200537251725 0.5317431461326293 0.020981237474649198 -0.012831439542975385 0.084054682809110978
decision_type=8 10 10 10 2 10 10 10 10 10 10 10 10 10 10 8 10 10 10 8 10 10 10 10 8 10 10 10 10 10
left_child=1 -1 21 8 24 -4 7 22 11 12 -11 16 13 14 15 29 18 25 19 27 -20 -3 -7 -24 -5 -6 -26 28 -2 -10
right_child=3 2 5 4 17 6 -8 -9 9 10 -12 -13 -14 -15 -16 -17 -18 -19 20 -21 -22 -23 23 -25 26 -27 -28 -29 -30 -31
leaf_value=0.00079016573803066383 -0.00012482704072470731 -0.0013851922723915778 7.8655234613432429e-06 -0.00092068449137634907 -2.4266053816020421e-05 0.00078149600945890763 -0.00083226474279714648 0.0039524378624728662 -0.00042014343849628523 -0.0079713298902328155 -0.0020294369511517558 0.0003603484966939507 -0.001442686946012078 0.0084199466581581801 -0.0035726258313403497 0.0092081073494800544 -0.00082632945944061001 0.0031433307051015112 -0.00070741739931251156 -4.8901830546735309e-06 0.0030400551236767722 -0.005613094644206099 -0.00022557279036205288 0.0060574195754256044 0.00052816923188438018 -0.0012460448583966046 0.0030797441091869049 0.00064417423937188772 -0.0006526381021236486 0.0052663581392200865
leaf_weight=12924 14810 496 43478 1039 19147 12637 1729 290 263 158 216 10670 1447 71 186 54 6665 270 10323 87005 214 195 3543 63 18799 1512 312 1809 18772 76
leaf_count=12924 14810 496 43478 1039 19147 12637 1729 290 263 158 216 10670 1447 71 186 54 6665 270 10323 87005 214 195 3543 63 18799 1512 312 1809 18772 76
internal_value=6.06052e-06 0.000238045 0.000123749 -8.41333e-05 0.000205297 0.000153991 0.000501884 0.000641407 -0.000161975 -0.00124043 -0.00453965 -0.000144241 -0.000652016 0.00110814 0.000211528 0.0020025 -0.000182809 -7.16681e-05 -0.000150544 -0.000109155 -0.000631309 -0.00257831 0.000582293 -0.000115803 0.00049297 -0.000113686 0.000569825 -0.00036548 -0.000419868 0.000854706
internal_weight=269173 75355 62431 193818 41079 61740 18262 16533 152739 2471 374 150268 2097 650 579 393 139598 20929 132933 122396 10537 691 16243 3606 20150 20659 19111 35391 33582 339
internal_count=269173 75355 62431 193818 41079 61740 18262 16533 152739 2471 374 150268 2097 650 579 393 139598 20929 132933 122396 10537 691 16243 3606 20150 20659 19111 35391 33582 339
is_linear=0
shrinkage=0.05


Tree=37
num_leaves=31
num_cat=0
split_feature=2 7 2 7 4 7 2 1 7 7 2 1 6 6 4 1 1 0 1 2 6 6 4 6 4 0 1 7 9 6
split_gain=2.03317 1.58555 1.43627 1.78979 1.45147 1.27272 2.30523 1.90518 1.72521 1.36171 1.27121 1.32477 1.21624 0.994113 2.57811 0.98865 0.981685 1.26524 1.00398 0.906337 0.919002 0.863503 0.827492 0.802624 1.30273 0.800569 0.819282 0.783215 0.770064 0.744811
threshold=-0.083751673781814459 0.011966459963838884 0.059678156735150541 0.035223353549260199 0.8658097108469397 0.034367111798127327 -0.25731976722325567 -0.11843624673773361 0.06094917433654435 0.025292673691645704 0.0039040319771477265 0.050584170450210249 0.92563592641101933 1.085577884666143 -0.91821603805131502 -0.039057974210812578 0.05944845259693899 0.076313887081616474 0.0024871743015698615 0.11667401317707661 1.1156669296880801 0.71829843525091264 -0.51708818195280837 0.63201327747901304 -0.59010351914078651 -0.001244813492331964 0.14460248547869184 0.052946406917865098 1.0000000180025095e-35 0.56295236189311193
decision_type=8 10 10 10 10 10 10 10 10 10 10 10 10 8 10 10 10 10 10 10 10 10 10 8 8 10 10 10 2 10
left_child=1 29 10 15 12 6 7 9 16 -3 11 23 -5 14 21 -4 17 -7 -19 -17 -21 -8 -9 -2 -25 26 -18 -26 -6 -1
right_child=2 5 3 4 28 8 13 22 -10 -11 -12 -13 -14 -15 -16 19 25 18 -20 20 -22 -23 -24 24 27 -27 -28 -29 -30 -31
leaf_value=0.0021944465847961209 0.00014146747073354635 -0.0023962417983316949 0.001244200011589374 -0.00026474057896126892 -0.001257862884194163 0.0005824482736269044 0.001861545853133043 0.0014640636487150932 -0.00041474576307501247 0.0054513291940761592 -0.00042068004948383634 0.00045069635689668478 0.00041514404518786771 -0.00033861010942550206 -2.0474039212082623e-06 1.3831364303005863e-05 -0.00035292836226731062 0.0068199740059128938 0.00045349620713495487 0.00015005483878870185 0.0008973705048588433 0.00064893642906615372 -0.0020490576722884128 -0.00063140902748549726 -6.3172605759715498e-05 0.0024979619650675683 0.0056795151579001595 -0.0018158351449362742 -0.00026902283071218502 -0.0024888159642270018
leaf_weight=96 17885 63 2812 15905 3868 16729 2370 881 3765 451 38743 10509 11217 12200 31811 17148 528 147 107 8024 8442 3858 207 15575 39032 1345 63 648 4010 734
leaf_count=96 17885 63 2812 15905 3868 16729 2370 881 3765 451 38743 10509 11217 12200 31811 17148 528 147 107 8024 8442 3858 207 15575 39032 1345 63 648 4010 734
internal_value=5.75749e-06 0.000226143 -7.99266e-05 9.82456e-05 -0.000157092 0.000250347 0.000113666 0.00198082 0.000562711 0.00448947 -0.000183905 -7.42399e-05 1.64432e-05 5.4127e-05 0.000180087 0.000343587 0.000757231 0.000635626 0.00413803 0.000268246 0.000533198 0.00111038 0.000795666 -0.000149665 -0.000243898 0.00182398 0.000290124 -9.17947e-05 -0.000754531 -0.00194714
internal_weight=269173 75355 193818 71426 35000 74525 51841 1602 22684 514 122392 83649 27122 50239 38039 36426 18919 16983 254 33614 16466 6228 1088 73140 55255 1936 591 39680 7878 830
internal_count=269173 75355 193818 71426 35000 74525 51841 1602 22684 514 122392 83649 27122 50239 38039 36426 18919 16983 254 33614 16466 6228 1088 73140 55255 1936 591 39680 7878 830
is_linear=0
shrinkage=0.05


Tree=38
num_leaves=31
num_cat=0
split_feature=2 5 7 3 7 2 1 7 7 7 4 7 1 6 6 2 7 4 7 4 5 4 0 4 5 7 6 4 7 1
split_gain=1.83494 1.51172 1.43096 1.19276 1.14863 2.08047 1.71943 1.557 1.22894 1.04958 1.73631 1.02569 1.1798 2.09144 1.11831 1.02255 1.02593 1.2864 1.41192 1.19891 1.01999 1.00917 1.00163 0.988921 0.966051 0.912819 0.897187 2.32675 0.894283 0.88597
threshold=-0.083751673781814459 65.327271836664991 0.011966459963838884 1.0000000180025095e-35 0.034367111798127327 -0.25731976722325567 -0.11843624673773361 0.06094917433654435 0.025292673691645704 0.068895718469190556 0.49436743298584201 0.079061678468717936 0.2068991669203544 2.349245140747239 1.3701567292387469 0.15443695257483639 0.04682658472744345 0.66926294623214633 0.02791324903461662 0.62999704921725597 82.721296622103907 0.80164327893500864 0.071774098249793319 -0.57159750581934221 60.141572598933898 0.035223353549260199 1.085577884666143 -0.91821603805131502 0.04728594744409189 0.05944845259693899
decision_type=8 10 10 2 10 10 10 10 10 10 10 10 10 10 10 10 10 10 10 10 10 10 10 8 10 10 8 10 10 10
left_child=2 9 -1 -3 5 6 8 29 -4 15 -11 12 -5 22 21 16 17 18 23 -18 -15 -13 25 -2 -20 -14 27 -7 -22 -6
right_child=1 3 4 11 7 26 -8 -9 -10 10 -12 14 13 20 -16 -17 19 -19 24 -21 28 -23 -24 -25 -26 -27 -28 -29 -30 -31
leaf_value=-0.001849780531732663 -0.00053841467097912727 0.0004679133603766308 -0.0022764297309405511 4.2958860773862055e-06 0.0006038447663568137 0.0010548631063831439 0.00075588314760428735 -0.00039400847877447986 0.0051787626962976367 -0.00061072774534921457 -0.0043088852280201793 0.0028589719208608967 0.0046323467684150849 -0.00058904793018115659 -0.0017975896000702312 0.00034023596458504279 -0.00085276936197546031 -0.00066795222006783817 6.3954160037093852e-05 0.0010845574553188166 0.00020223938513035867 0.011065415736252013 -0.0049207095588342502 -0.00011433989283622473 0.00083596118548859549 -0.0020839877222279804 -0.00032167960051807972 -1.9450327670018571e-06 0.0064779998508640805 0.0017327794464615954
leaf_weight=830 17879 20150 63 18898 16983 6228 1088 3765 451 2097 374 134 54 351 84 10670 8537 10279 37998 881 102 52 325 59488 4536 801 12200 31811 128 1936
leaf_count=830 17879 20150 63 18898 16983 6228 1088 3765 451 2097 374 134 54 351 84 10670 8537 10279 37998 881 102 52 325 59488 4536 801 12200 31811 128 1936
internal_value=5.46962e-06 -7.59303e-05 0.000214835 0.000193331 0.00023783 0.000107983 0.00188178 0.000534576 0.00426499 -0.000148348 -0.00117047 -7.10312e-05 -0.000111047 -0.00134884 0.00299076 -0.00013154 -0.0001676 -0.000131141 -8.51212e-05 -0.000671544 0.00110681 0.00515325 -0.00255793 -0.000212341 0.000146284 -0.0016598 5.14207e-05 0.000171083 0.00369484 0.00071937
internal_weight=269173 193818 75355 41079 74525 51841 1602 22684 514 152739 2471 20929 20659 1761 270 150268 139598 130180 119901 9418 581 186 1180 77367 42534 855 50239 38039 230 18919
internal_count=269173 193818 75355 41079 74525 51841 1602 22684 514 152739 2471 20929 20659 1761 270 150268 139598 130180 119901 9418 581 186 1180 77367 42534 855 50239 38039 230 18919
is_linear=0
shrinkage=0.05


Tree=39
num_leaves=31
num_cat=0
split_feature=2 8 7 5 6 0 8 7 1 2 5 7 7 8 2 5 0 2 1 7 8 8 6 6 8 7 7 2 6 6
split_gain=1.65603 1.61254 1.55862 1.36433 1.16614 1.2329 1.1394 1.12551 1.08545 0.964634 1.55721 1.24268 0.94725 1.40939 0.957718 2.17029 0.946309 0.922849 0.988272 1.20691 0.924731 0.897878 0.892328 0.875868 0.855971 0.808656 1.02406 1.19642 1.23402 0.93719
threshold=-0.083751673781814459 0.012871287119155065 0.011966459963838884 65.327271836664991 0.36474926626790494 0.027027027027027088 0.58893448791481096 0.052306130992699713 -0.096978477157520046 0.3897788632604014 86.352263577446465 0.073071248271039071 0.068895718469190556 0.34486160919123793 0.28079413032914996 46.962616813212946 0.00778314780241507 0.15443695257483639 0.19168037263172447 0.050417968496791338 0.70008446889021692 0.13881019790705293 0.66212877028363393 1.1035764293596644 0.24117647020991875 0.079061678468717936 0.035759957434919797 0.225079449382973 0.55108286910926607 1.2977721653984642
decision_type=8 10 10 10 8 10 10 10 10 10 10 10 10 8 10 10 10 10 10 10 10 10 10 8 8 10 10 8 10 10
left_child=1 23 21 12 7 -6 9 -4 -7 11 -11 24 17 -14 -15 16 -16 18 19 -2 -20 -3 -21 -1 -5 26 27 -8 -29 -27
right_child=3 2 4 6 5 8 25 -9 -10 10 -12 -13 13 14 15 -17 -18 -19 20 22 -22 -23 -24 -25 -26 29 -28 28 -30 -31
leaf_value=0.00092630437769952029 -0.00013777490987782566 -0.0011325221562738959 0.0011015321439501226 -0.0008902133142938075 1.2693524901976949e-05 0.0028445520556116639 1.307517423352327e-05 0.0062642928935881517 0.00054511522135469465 0.0016733820079726286 0.010299507500130242 -0.0063853376700232431 0.0029676642457548627 -0.0023078358149623149 0.0093864532151297017 -0.0011881152912905717 0.0005821208955774851 0.00032322416820680883 0.0023038657267489193 -9.944384074753667e-05 -0.001477521403886875 -0.0051371250995912426 -0.0013139508799241233 -7.9812770163208586e-05 0.00060173378080226683 0.0048781519529504961 -0.00040647480012410015 -0.0049291524418089315 0.0013325586294813548 -0.0011642087883163834
leaf_weight=10177 132296 496 1427 1038 53831 563 12268 114 5805 462 59 66 195 1354 76 795 51 10670 726 2472 208 195 3896 2747 13023 176 11055 81 2750 101
leaf_count=10177 132296 496 1427 1038 53831 563 12268 114 5805 462 59 66 195 1354 76 795 51 10670 726 2472 208 195 3896 2747 13023 176 11055 81 2750 101
internal_value=5.19614e-06 0.000204094 9.88568e-05 -7.21338e-05 0.000125287 9.05195e-05 0.000183664 0.00148346 0.00074841 0.000537389 0.00265024 0.000459468 -0.00014093 -0.00111194 -0.00146147 -0.000218539 0.00585086 -0.000124963 -0.00015922 -0.000170138 0.00146176 -0.00226262 -0.00084249 0.000712454 0.000491596 -1.23691e-05 -4.08311e-05 0.000226881 0.0011534 0.00267498
internal_weight=269173 75355 62431 193818 61740 60199 41079 1541 6368 14648 521 14127 152739 2471 2276 922 127 150268 139598 138664 934 691 6368 12924 14061 26431 26154 15099 2831 277
internal_count=269173 75355 62431 193818 61740 60199 41079 1541 6368 14648 521 14127 152739 2471 2276 922 127 150268 139598 138664 934 691 6368 12924 14061 26431 26154 15099 2831 277
is_linear=0
shrinkage=0.05


Tree=40
num_leaves=31
num_cat=0
split_feature=2 4 8 0 7 7 0 8 4 1 2 4 2 8 7 8 7 4 8 7 2 7 4 2 8 7 8 2 8 9
split_gain=1.84447 2.115 1.43512 1.62381 1.34629 1.42662 1.40324 2.02662 1.36564 1.34905 0.952745 0.897619 0.884509 1.62954 1.36611 1.17673 1.12602 1.0636 1.27517 1.60086 2.04807 3.3615 0.91838 1.27341 1.28741 1.11343 1.05508 1.15635 0.919522 0.875364
threshold=-0.20102062680521168 -0.41411456341770297 0.23129939643694131 0.047217566885717994 0.026744002490023656 0.045550372314020794 -0.062339272320136634 0.067896700001889368 -0.57765621859008365 0.031297120543302033 -0.28142985723929298 -1.1206182975259085 0.20525490716530362 0.79298332245770065 0.070843092138759015 0.66623571998419873 0.040435130959160917 0.82609845294226092 0.94246965447869058 0.084054682809110978 0.3897788632604014 0.075517149084893084 -0.19105873671764081 -0.058516423287968848 0.18161289280619045 0.012621321768486548 0.17868047432333226 -0.068477072458424201 0.21165644106853862 1.0000000180025095e-35
decision_type=8 10 10 10 10 10 10 10 10 10 10 10 10 10 10 8 10 10 8 10 10 10 10 8 8 8 8 10 8 2
left_child=1 2 3 4 -1 6 10 8 -8 -9 -6 -12 13 14 22 -16 -14 18 -18 20 -20 -22 25 24 -24 26 -2 -28 -25 -19
right_child=12 -3 -4 -5 5 -7 7 9 -10 -11 11 -13 16 -15 15 -17 17 29 19 -21 21 -23 23 28 -26 -27 27 -29 -30 -31
leaf_value=-0.00014745899904086343 -0.00019121786329567088 -0.00073219425332112268 -0.00095934118128666087 0.0044922893624102095 0.0068324800533614161 0.0001875389346081063 0.0012030550358341362 0.0024028572762577697 -0.0011299347444592173 0.0076285976039556173 0.0047722487025484124 -0.00058176755161662029 0.0007438733522231282 -0.00055611079962004332 -0.00060788638403301706 -0.0036797005679362602 2.6514765251481429e-05 -0.001368615859838497 0.00078406983102531462 -0.0036258170910430359 0.0030816383912339348 0.015118280124991453 -0.00035892330246912823 -0.00049158201598749069 0.00088231944377736458 -9.6961961137934224e-05 -0.0037855513145632364 -0.0010586015504643563 6.4929462031347671e-05 5.0789949702145055e-05
leaf_weight=2612 3012 2820 1081 314 195 2664 3045 1450 790 135 176 141 7524 17036 981 457 7237 2185 861 130 364 69 2771 8223 8488 112951 480 2045 76253 2160
leaf_count=2612 3012 2820 1081 314 195 2664 3045 1450 790 135 176 141 7524 17036 981 457 7237 2185 861 130 364 69 2771 8223 8488 112951 480 2045 76253 2160
internal_value=-2.52507e-05 0.000505613 0.00078258 0.000946007 0.000846656 0.00114873 0.00158039 0.00134403 0.000722465 0.00284795 0.00408246 0.00239081 -5.75833e-05 -8.53399e-05 -4.81516e-05 -0.00158412 0.000257023 -2.46214e-05 0.000295635 0.00166335 0.00219472 0.00499972 -3.78412e-05 7.73316e-05 0.000576832 -0.000130898 -0.000823163 -0.00157699 1.07579e-05 -0.000662996
internal_weight=268650 15423 12603 11522 11208 8596 5932 5420 3835 1585 512 317 253227 232697 215661 1438 20530 13006 8661 1424 1294 433 214223 95735 11259 118488 5537 2525 84476 4345
internal_count=268650 15423 12603 11522 11208 8596 5932 5420 3835 1585 512 317 253227 232697 215661 1438 20530 13006 8661 1424 1294 433 214223 95735 11259 118488 5537 2525 84476 4345
is_linear=0
shrinkage=0.05


Tree=41
num_leaves=31
num_cat=0
split_feature=2 1 8 7 6 1 2 7 8 5 1 8 2 7 7 7 1 6 5 5 5 2 8 6 1 7 8 8 7 8
split_gain=1.66463 1.51748 1.55691 1.26292 1.1746 1.04319 0.966417 1.3888 1.34461 1.05026 1.05884 0.92798 1.76622 2.43723 1.6595 1.559 1.37288 1.02956 0.968945 0.95931 0.946291 0.908157 0.901087 0.886836 0.820644 1.98204 2.24089 3.12101 0.98412 1.13743
threshold=-0.20102062680521168 -0.086978427963726276 0.23129939643694131 0.021109044138841175 0.39910471140893738 -0.23808310028742327 0.14689145610645607 0.022913603576878383 0.79298332245770065 76.882066305004102 0.19168037263172447 0.48901098845122398 0.42303513137429588 0.084054682809110978 0.075517149084893084 0.066940537286215143 -0.016893621152957058 1.3370387318917689 59.497830432370478 66.155370199676042 73.576251344163992 0.23999290991948866 0.89904761733514771 3.4582492346713782 0.066761192556678242 0.021465416459827472 0.58459797452370255 0.38853297847854912 0.028979321979119455 0.50224926047455021
decision_type=8 10 10 10 8 10 10 10 10 10 10 10 10 10 10 10 10 10 10 10 10 10 10 10 10 10 10 10 10 10
left_child=1 2 3 -1 -2 -5 8 22 9 -6 24 12 15 14 20 17 21 -9 -19 -18 -14 -17 -8 -7 28 26 27 -26 -11 -30
right_child=4 -3 -4 5 6 23 7 11 -10 10 -12 -13 13 -15 -16 16 19 18 -20 -21 -22 -23 -24 -25 25 -27 -28 -29 29 -31
leaf_value=-0.0023735974142832742 0.00055691123066194017 0.00012285969891966291 -0.0018843389709584789 -0.00017674060694717028 -9.5050900994463804e-05 0.0019863546114268103 0.0022368074424209553 0.0002692928359109942 -0.0006213456570969188 -0.00015085569231003122 -0.004109451133239652 -2.2681052441506875e-05 0.0010184952865316594 -0.0036172133517649143 0.012070040853733434 -0.0021871920566054735 -0.0058475212568077284 0.0060396111510327144 0.0014875290451082733 0.00037101484789499886 0.0061849128785188834 0.0035835979050854363 -0.00041081130166233825 -0.0044653752012419759 0.0037555769172192008 0.00093503712953112996 0.001059119203328205 0.020801887756097134 0.0042331911790333661 -0.0012074498309780637
leaf_weight=211 7614 10150 387 715 197378 3906 1272 3244 12256 1336 101 26130 171 99 71 141 237 132 1022 84 184 132 430 54 58 542 93 50 311 139
leaf_count=211 7614 10150 387 715 197378 3906 1272 3244 12256 1336 101 26130 171 99 71 141 237 132 1022 84 184 132 430 54 58 542 93 50 311 139
internal_value=-2.39881e-05 0.000480332 0.00116843 0.00141023 -5.47042e-05 0.00158101 -7.36642e-05 0.000176556 -0.000112977 -8.1825e-05 0.000910759 0.000101729 0.000690968 0.00344963 0.00509192 0.000400844 -0.00200346 0.000725573 0.00200822 -0.00422024 0.0036963 0.00060308 0.0015679 0.00189838 0.00111125 0.00250768 0.00674834 0.0116474 0.000530316 0.00255264
internal_weight=268650 15423 5273 4886 253227 4675 245613 33349 212264 200008 2630 31647 5517 525 426 4992 594 4398 1154 321 355 273 1702 3960 2529 743 201 108 1786 450
internal_count=268650 15423 5273 4886 253227 4675 245613 33349 212264 200008 2630 31647 5517 525 426 4992 594 4398 1154 321 355 273 1702 3960 2529 743 201 108 1786 450
is_linear=0
shrinkage=0.05


Tree=42
num_leaves=31
num_cat=0
split_feature=2 5 6 0 1 4 5 4 3 0 2 4 0 1 6 0 0 2 5 4 5 6 4 5 5 1 2 1 4 1
split_gain=1.5629 0.959001 1.07351 0.9958 0.9172 1.61616 0.932566 0.933622 0.907917 1.14177 0.977355 1.98166 0.882142 0.839885 1.12859 1.19167 1.10641 1.22036 0.934372 0.83978 1.30741 0.770935 0.768897 0.751821 0.745051 0.683638 0.689735 0.680388 0.994106 0.661325
threshold=-0.12997619918198747 65.327271836664991 0.39910471140893738 0.021898991201666943 0.070181745785140151 0.031979087282105065 29.607629306072635 -0.40719827892798205 1.0000000180025095e-35 -0.07805826330971298 0.3897788632604014 0.42480299560766693 -0.026121467069455225 -0.060721062618595771 1.6722418876634639 0.04036654509629601 -0.062339272320136634 -0.22651167371318895 22.478065484455573 0.5843916806097863 58.048114338556445 0.56692611901344858 0.2646784276949064 22.053231932455265 63.821138200031818 0.041146511406552684 0.42303513137429588 -0.13278317838299639 -0.95248443962480367 -0.13278317838299639
decision_type=8 8 8 10 10 10 10 10 2 8 10 10 10 10 10 10 10 10 10 8 10 10 10 10 10 10 8 10 10 10
left_child=4 2 3 -2 5 13 7 -6 9 -3 -11 -12 -8 14 15 16 17 -1 -15 20 25 27 -22 29 -14 -4 -27 -18 -29 -23
right_child=1 8 19 -5 6 -7 12 -9 -10 10 11 -13 24 18 -16 -17 21 -19 -20 -21 22 23 -24 -25 -26 26 -28 28 -30 -31
leaf_value=0.0040689001120722467 0.00041935201243744469 -0.002180809087145867 -0.00020987739458183113 0.0043813199552270284 0.0029743234964254768 -0.0029784758237768856 -0.0024593130126138968 -0.0037622268219934842 -0.0001225983207583655 0.00030616600789323091 0.011737531974795275 0.0014450377781328296 0.0026575864246340224 -0.00047108174055384192 -0.00067328154759664302 0.0035199102625895883 -0.0010621509540561988 0.00052655817756743775 0.00023431896880618609 -0.00045317380732692869 0.0006650708296513251 0.0018564640539291786 1.9147602704449548e-05 -4.8776438518080933e-05 -0.0035812486895410987 0.00011880523956716949 0.0050580695483007166 0.0042666497671315804 0.0011374612664473954 0.00044783539347511333
leaf_weight=463 5869 450 116001 163 78 394 102 151 21033 25520 50 723 1115 6343 1806 353 283 512 18063 20422 7580 1090 11748 6710 50 15693 71 291 1986 3537
leaf_count=463 5869 450 116001 163 78 394 102 151 21033 25520 50 723 1115 6343 1806 353 283 512 18063 20422 7580 1090 11748 6710 50 15693 71 291 1986 3537
internal_value=-2.27887e-05 -7.5672e-05 -0.000129181 0.000526414 0.000252232 0.000208727 0.00146871 -0.00146768 0.000123179 0.00031648 0.000359221 0.00211079 0.00199944 0.000239032 0.000508504 0.000648688 0.000580537 0.00220872 5.09888e-05 -0.000152237 -0.000111562 0.000466306 0.000272464 0.00028934 0.00238983 -0.000167893 0.000141051 0.00125 0.00153737 0.000779671
internal_weight=268650 225323 177547 6032 43327 41831 1496 229 47776 26743 26293 773 1267 41437 17031 15225 14872 975 24406 171515 151093 13897 19328 11337 1165 131765 15764 2560 2277 4627
internal_count=268650 225323 177547 6032 43327 41831 1496 229 47776 26743 26293 773 1267 41437 17031 15225 14872 975 24406 171515 151093 13897 19328 11337 1165 131765 15764 2560 2277 4627
is_linear=0
shrinkage=0.05


Tree=43
num_leaves=31
num_cat=0
split_feature=2 2 6 1 4 5 5 2 4 2 6 4 4 2 5 6 2 5 5 0 1 6 5 0 6 0 6 5 1 6
split_gain=1.41051 0.896828 1.05974 0.841884 1.30287 1.12162 1.00227 0.871012 0.867457 1.5713 1.17625 0.847722 0.824997 1.11025 0.920948 0.81455 1.05814 0.789333 0.77083 0.749304 0.747097 0.735786 0.810635 0.793251 0.89933 0.721175 0.797065 0.70771 0.706733 1.10762
threshold=-0.12997619918198747 0.14689145610645607 0.50210660955191655 0.05944845259693899 0.031979087282105065 29.607629306072635 42.904110266833079 -0.20991807387696423 -0.58377699359853763 -0.28142985723929298 1.6722418876634639 -0.40719827892798205 -0.48589683967967445 -0.0076144379253527119 58.048114338556445 0.73492640369554352 -0.055033357388052921 25.113122166642793 25.444552398323193 -0.016138086568087847 0.11507086535438783 0.8549958365832514 14.634146337756819 -0.027506920253740293 1.1614323289819837 0.04036654509629601 0.61814667560551106 11.189191036564852 0.19168037263172447 1.2787812200896804
decision_type=8 10 8 10 10 10 10 10 10 10 10 10 8 8 10 8 8 10 10 10 10 10 10 10 10 10 10 10 10 10
left_child=3 2 -2 4 8 11 -7 -8 9 21 25 -5 15 14 17 16 -4 -14 -10 -17 -19 -1 23 24 -23 26 -11 -28 29 -3
right_child=1 28 12 5 -6 6 7 -9 18 10 -12 -13 13 -15 -16 19 -18 20 -20 -21 -22 22 -24 -25 -26 -27 27 -29 -30 -31
leaf_value=0.00055720065182624076 0.00025860996732260258 4.9374541941600291e-05 0.00026678942658071614 0.0020212335257689244 -0.0028823489924737562 0.0027259058776626204 -0.003139081264802274 0.0012285787324322348 -0.00070992386536374702 0.00084976643921750032 -0.00095747111079668139 -0.0032131616865828366 0.0017617143169659209 -0.00019566486562854542 0.00069019612123973767 -0.00023152720367071935 -0.00055046616949801133 -4.3222766947560514e-05 0.00011947910651139879 -0.00074649287781622809 0.0012202936126187933 0.0095939934665996898 0.0013796979051621491 0.0018354746061792042 0.0036920571323013798 0.0027692188124901779 -0.0010463504485093609 0.00024803522505993393 -0.00049479776386592489 0.00071375771008116691
leaf_weight=962 17364 21399 9991 119 342 1039 149 488 3714 5584 1805 221 643 83320 5963 13612 6562 38080 11400 14684 1207 96 846 261 197 309 1138 14657 3623 8875
leaf_count=962 17364 21399 9991 119 342 1039 149 488 3714 5584 1805 221 643 83320 5963 13612 6562 38080 11400 14684 1207 96 846 261 197 309 1138 14657 3623 8875
internal_value=-2.16493e-05 -7.18884e-05 -0.000113864 0.00023962 0.000190931 0.00123733 0.00176852 0.000206944 0.000216586 0.000392494 0.000268899 -0.00138112 -0.000151022 -8.68907e-05 0.000110592 -0.000335787 -5.719e-05 2.40359e-05 -8.43321e-05 -0.000498765 -4.40422e-06 0.00162179 0.00235332 0.0038401 0.0056258 0.000370965 0.000336302 0.000154777 0.000165162 0.000244142
internal_weight=268650 225323 191426 43327 41311 2016 1676 637 40969 25855 23493 340 174062 129213 45893 44849 16553 39930 15114 28296 39287 2362 1400 554 293 21688 21379 15795 33897 30274
internal_count=268650 225323 191426 43327 41311 2016 1676 637 40969 25855 23493 340 174062 129213 45893 44849 16553 39930 15114 28296 39287 2362 1400 554 293 21688 21379 15795 33897 30274
is_linear=0
shrinkage=0.05


Tree=44
num_leaves=31
num_cat=0
split_feature=8 5 1 6 1 6 1 5 6 4 5 5 4 1 6 4 5 0 4 8 5 0 6 4 5 5 0 8 6 1
split_gain=1.15497 0.972928 0.951077 0.82244 0.810762 0.98129 1.05524 1.68883 1.12733 0.904389 0.882554 0.989784 0.814272 0.732608 0.812203 0.763453 0.762514 0.754668 0.724064 1.7013 0.913609 0.899393 1.04355 0.684627 0.682066 0.673248 0.667852 0.638048 0.865366 0.647045
threshold=0.42526503026784274 35.69261880350728 0.12324540571616761 0.67194574199141255 -0.060721062618595771 0.89327434307083786 -0.13975089850557351 14.634146337756819 2.4440655663061612 -1.0765432739664587 66.433854731003393 32.802547756075285 -1.0384766367224652 -0.035138528423186537 0.96482550934878264 -0.14743296964141775 64.062499894897442 0.021426348320916725 -0.2481743671088876 0.21165644106853862 42.335185446402797 0.022412765753629164 0.85146481948946462 0.92415200677590736 12.499999998266235 32.562800235558818 -0.034701010940929415 0.060999075736290674 0.35031719307178938 0.079401972898997544
decision_type=10 10 10 8 10 8 8 8 10 8 10 10 10 10 10 10 10 10 10 8 10 10 8 10 10 10 10 10 8 10
left_child=2 3 4 -2 5 10 7 8 24 26 11 25 -9 14 -3 -16 23 -17 21 20 -20 27 -23 -15 -7 -1 -8 -6 -29 -30
right_child=1 13 -4 -5 18 6 9 12 -10 -11 -12 -13 -14 16 15 17 -18 -19 19 -21 -22 22 -24 -25 -26 -27 -28 28 29 -31
leaf_value=0.00077474329033558906 -0.00010763819994426456 -1.4202436508076145e-05 0.00080702864858116718 -0.0012248736690226064 2.7781136401613414e-05 0.002819635546645792 -0.00031818259962151111 -0.0003359805298964718 -0.0025803281056384249 1.0106398058970781e-05 0.006058923627125283 0.00010747826500991733 0.0013637311213709688 -0.0002556545144025264 8.6053515009786713e-05 0.0018501448750764156 7.9147863880794553e-06 -0.00062752543182899734 0.00047102962306035974 0.00030507049839287396 -0.00052679324718215767 0.0013099845586540349 7.8928468911522296e-06 -0.0010862770516359126 0.0067596924026316453 0.0042072261027702746 -0.0017418470775518767 0.0010531912984116122 -0.00035791851421320894 0.002168863691959083
leaf_weight=9661 2937 11763 4174 3751 22775 377 1960 1970 75 11904 71 9401 1097 44567 1992 1839 34294 369 2848 36590 11793 2207 5082 2627 155 145 1421 1144 39406 255
leaf_count=9661 2937 11763 4174 3751 22775 377 1960 1970 75 11904 71 9401 1097 44567 1992 1839 34294 369 2848 36590 11793 2207 5082 2627 155 145 1421 1144 39406 255
internal_value=-2.05668e-05 -0.000150869 6.19176e-05 -0.000734246 4.25203e-05 0.000243437 -1.19803e-05 0.000748874 0.00315853 -0.000194864 0.000494628 0.000474059 0.00027197 -0.000110833 0.000198911 0.000795781 -0.00017151 0.00143608 -2.0399e-05 0.000122807 -0.000332695 -0.000123922 0.000402147 -0.00030189 0.00396758 0.000825499 -0.000916534 -0.000184233 -0.000302566 -0.000341673
internal_weight=268650 104139 164511 6688 160337 38237 18959 3674 607 15285 19278 19207 3067 97451 15963 4200 81488 2208 122100 51231 14641 70869 7289 47194 532 9806 3381 63580 40805 39661
internal_count=268650 104139 164511 6688 160337 38237 18959 3674 607 15285 19278 19207 3067 97451 15963 4200 81488 2208 122100 51231 14641 70869 7289 47194 532 9806 3381 63580 40805 39661
is_linear=0
shrinkage=0.05


Tree=45
num_leaves=31
num_cat=0
split_feature=2 8 4 7 8 5 0 2 7 2 5 8 2 8 2 7 5 6 4 4 8 7 7 2 4 4 8 7 5 8
split_gain=1.27483 1.57773 1.30651 1.02376 1.3259 0.960263 0.938685 0.83689 0.795016 1.50389 0.960045 0.872968 0.784486 0.756881 0.921208 1.18829 0.798736 0.748367 2.23758 1.05439 0.790145 0.816896 0.753898 1.53865 1.95272 1.1677 1.12488 0.91704 0.929806 0.824616
threshold=-0.058516423287968848 1.0000000180025095e-35 -0.41411456341770297 0.011966459963838884 0.20852807550365901 26.439040657847737 0.027027027027027088 -0.098484848484848439 0.048218597682754084 0.32268664290448762 39.362878236306308 0.21165644106853862 0.5317431461326293 0.48045796536565066 0.14049137795938263 0.051698813434739997 47.148288966063795 0.63865565767639387 -0.56582534893374137 -0.96511640687138911 0.20528607269751348 0.015461389638638223 0.054473624498138536 -0.28142985723929298 -0.62723556309173689 -0.14743296964141775 0.067896700001889368 0.039694704981381605 42.904110266833079 0.0076205593874229217
decision_type=8 10 8 10 10 10 10 10 10 10 8 8 10 8 10 10 10 8 10 10 10 10 10 10 10 10 10 10 10 10
left_child=1 -1 -2 4 7 -6 17 -3 9 10 -4 -12 -11 16 15 -15 -10 18 19 -5 21 -20 23 24 29 -25 -26 -27 -29 -19
right_child=2 3 8 6 5 -7 -8 -9 13 12 11 -13 -14 14 -16 -17 -18 22 20 -21 -22 -23 -24 25 26 27 -28 28 -30 -31
leaf_value=0.00078760317379552637 -0.0004197153088083208 -0.0021872663282421784 0.00057824772550202548 0.0019904143352114864 -0.0059718862396082291 -0.0011548938741792782 0.00059936442725178627 0.00055020150584170105 -0.0010396986694144693 0.0013717535684557281 -0.00048580895658278315 -9.5110846631767286e-06 -0.001421314468238518 0.00029217712612760333 -0.00023151900871186938 -0.0015411766489242065 0.00088406309029182603 0.005925303658212519 0.0022540504673625185 0.00057116845810850961 0.00028827641813872369 -0.00069402349774024224 -0.000824189973361582 -0.00013858230339470652 -0.0041733612949591383 0.00036493434731221027 0.0018218305726575821 0.0057608541374676086 0.0013968537068382528 0.0021951987461830413
leaf_weight=8366 26360 416 6371 1493 211 203 8266 849 720 2720 10556 108509 277 1188 10983 3452 2153 192 244 10599 4263 6356 3060 45366 179 4294 139 149 675 649
leaf_count=8366 26360 416 6371 1493 211 203 8266 849 720 2720 10556 108509 277 1188 10983 3452 2153 192 244 10599 4263 6356 3060 45366 179 4294 139 149 675 649
internal_value=-1.46189e-05 0.000131576 -9.55828e-05 6.8926e-05 -0.00115384 -0.00360993 9.28194e-05 -0.000350025 -3.74314e-05 6.70579e-06 -1.97409e-05 -5.17384e-05 0.0011136 -0.000343912 -0.000481073 -0.00107177 0.000401951 3.89023e-05 0.00027851 0.000746403 -0.000242318 -0.000585034 -6.16443e-05 -1.64612e-05 0.00178477 -5.78134e-05 -0.00155282 0.000658123 0.00218598 0.00304678
internal_weight=269258 95969 173289 87603 1679 414 85924 1265 146929 128433 125436 119065 2997 18496 15623 4640 2873 77658 22955 12092 10863 6600 54703 51643 1159 50484 318 5118 824 841
internal_count=269258 95969 173289 87603 1679 414 85924 1265 146929 128433 125436 119065 2997 18496 15623 4640 2873 77658 22955 12092 10863 6600 54703 51643 1159 50484 318 5118 824 841
is_linear=0
shrinkage=0.05


Tree=46
num_leaves=31
num_cat=0
split_feature=1 2 0 7 2 7 0 7 5 8 8 2 2 7 8 1 5 7 1 7 8 2 8 1 2 7 2 5 2 5
split_gain=1.22304 1.40016 1.21461 1.05488 1.49051 0.953657 1.05753 0.825947 0.819739 0.7421 0.736899 1.65087 1.09762 1.7376 1.01534 1.29445 1.35859 1.02407 0.959288 1.12765 1.38467 0.995462 1.28618 0.898404 0.906181 0.884667 0.782957 0.751484 0.798654 0.893761
threshold=-0.053627066939369743 -0.20524185014866811 0.024591055851870384 0.079061678468717936 0.65459219715740546 0.058752616110890658 -0.070991281012234661 0.017396183076863591 46.778681694580179 0.19303797430174457 0.48901098845122398 0.42303513137429588 0.11667401317707661 0.03503896545610883 0.78756700837013283 0.10798492700206642 76.247475864889722 0.028160040679056846 0.050584170450210249 0.066940537286215143 0.075006808784901222 -0.16774193548387098 0.11987291577668219 0.079401972898997544 0.32268664290448762 0.035759957434919797 0.2688814819575725 52.454968652640595 0.29362218294380887 79.261974704181185
decision_type=10 8 10 10 10 10 10 10 10 10 10 10 10 10 10 10 10 10 10 10 10 8 8 10 10 10 10 10 10 10
left_child=1 2 5 10 8 6 -1 -8 -5 -9 11 18 -12 14 17 -16 -17 -14 26 21 -21 -20 -23 -15 -25 -26 -2 -19 -29 -30
right_child=3 -3 -4 4 -6 -7 7 9 -10 -11 12 -13 13 23 15 16 -18 27 19 20 -22 22 -24 24 25 -27 -28 28 29 -31
leaf_value=0.0030138253827317386 -6.4165672332783895e-05 9.4120828273155208e-05 0.0029877199851972248 -0.00083744929320481555 0.0018623405920601835 -0.00077311891535433329 -0.003502441525001657 0.00097094636653412508 -0.0037688487091966506 -0.00086136045360128786 -0.00032969289145287796 0.0032951807861974591 0.0015696150163552393 4.1596734519756155e-05 -0.00027142108276938769 -0.00023288316693110644 0.0025202668299048377 0.0028679023334674983 0.0018025890465561978 -0.0050349057594385035 0.00011040082373507718 -0.0027240595377195781 0.00033836713182395822 -0.0010920543227746413 0.0065119129432109641 -0.00012448496963658574 0.0022877946898524001 -0.00020133290520648906 0.0052522637095113386 -0.0025502601570915433
leaf_weight=528 109129 48244 596 437 255 1025 116 4829 525 624 48378 382 3194 10246 5896 827 978 256 1142 217 329 349 19470 4903 51 3273 355 2516 138 50
leaf_count=528 109129 48244 596 437 255 1025 116 4829 525 624 48378 382 3194 10246 5896 827 978 256 1142 217 329 349 19470 4903 51 3273 355 2516 138 50
internal_value=-1.38879e-05 0.000194154 0.000819443 -6.84713e-05 -0.00153633 0.000637992 0.000875222 0.00067246 -0.00243723 0.000761271 -6.00481e-05 1.30027e-05 -0.00017896 4.66077e-05 0.000469881 8.7252e-05 0.00125885 0.000948697 3.43113e-06 0.000308719 -0.00193453 0.000367152 0.00028444 -0.000270853 -0.000659982 -2.2663e-05 -5.65395e-05 0.000278692 3.35598e-05 0.00317712
internal_weight=269258 55962 7718 213296 1217 7122 6097 5569 962 5453 212079 131373 80706 32328 13855 7701 1805 6154 130991 21507 546 20961 19819 18473 8227 3324 109484 2960 2704 188
internal_count=269258 55962 7718 213296 1217 7122 6097 5569 962 5453 212079 131373 80706 32328 13855 7701 1805 6154 130991 21507 546 20961 19819 18473 8227 3324 109484 2960 2704 188
is_linear=0
shrinkage=0.05


Tree=47
num_leaves=31
num_cat=0
split_feature=8 2 7 7 2 7 5 6 7 7 1 1 6 6 7 7 5 7 7 6 7 1 1 7 1 2 2 5 7 6
split_gain=1.10513 1.37682 1.24786 1.8629 1.22584 1.81835 2.25585 1.38206 1.28103 1.22464 1.0787 1.04203 0.861352 0.756914 0.756115 0.969566 1.45575 0.894814 1.63141 0.952846 0.841606 0.855886 0.752279 0.730162 0.713673 0.70693 0.66685 1.01105 1.33277 0.816756
threshold=0.034506628013864622 -0.069751165146041558 0.02686157183790434 0.037897260865345776 0.23999290991948866 0.079061678468717936 49.919022670565589 0.89705518832092135 0.068895718469190556 0.031523882146400194 0.075422496016705157 -0.13975089850557351 0.31108502795383225 1.1035764293596644 0.058752616110890658 0.042420322669416401 27.912354631853002 0.04516356898295245 0.044028506789199028 0.43178115732243499 0.040435130959160917 -0.19254923072727534 -0.1224650807998877 0.0081742625780446224 -0.088746941272430643 0.23999290991948866 0.42303513137429588 76.882066305004102 0.066940537286215143 1.6722418876634639
decision_type=10 8 8 8 8 8 10 10 10 10 10 10 8 10 10 10 10 10 10 10 10 10 10 10 8 10 10 8 10 10
left_child=1 13 -3 9 8 6 -6 24 -5 10 -4 -10 -2 14 15 20 -17 18 -18 -19 21 -1 -21 -14 -7 -11 27 28 29 -8
right_child=12 2 3 4 5 7 26 -9 11 25 -12 -13 23 -15 -16 16 17 19 -20 22 -22 -23 -24 -25 -26 -27 -28 -29 -30 -31
leaf_value=0.006132686446407732 0.0010895840002249431 -0.00090178882700691406 -0.00047665057875960243 -0.00060163864203166453 0.011931310181885407 -0.0010346617732597627 0.0017962719625547133 -0.004356409999340235 0.0027816836924844045 0.0023390190850127311 0.0036111779935548414 -0.00471394553307796 0.0013124007569563665 -3.165045479974683e-05 -0.00070545831026734291 -0.00015301819200398039 0.0021666783870943839 -0.0019183375302147662 0.0093252785390055288 0.0065447216347252965 -0.0015464115292619096 0.00062941757449215855 0.0020198495485551763 -7.2382933529028967e-05 0.00017906342054401395 -0.0017658748248192881 0.0032499458843848633 -0.004375718836986793 -0.0028017408181674397 0.0082034553951499146
leaf_weight=71 1623 3761 1178 3424 54 1440 520 187 54 1651 187 328 956 5464 983 606 196 131 134 109 447 14346 584 222424 7621 112 368 88 156 55
leaf_count=71 1623 3761 1178 3424 54 1440 520 187 54 1651 187 328 956 5464 983 606 196 131 134 109 447 14346 584 222424 7621 112 368 88 156 55
internal_value=-1.31935e-05 0.000215212 -7.58306e-05 0.000102464 -0.000139385 0.000139524 0.00193665 -0.000101635 -0.000908033 0.00120772 8.3367e-05 -0.00365435 -5.81177e-05 0.000482449 0.00064199 0.000721667 0.00183136 0.00287341 0.0050735 0.00199231 0.000590272 0.00065652 0.00273155 -6.64565e-05 -1.38253e-05 0.00207824 0.00148197 0.000687566 0.0012971 0.00240913
internal_weight=269258 44255 21184 17423 14295 10489 1241 9248 3806 3128 1365 382 225003 23071 17607 16624 1760 1154 330 824 14864 14417 693 223380 9061 1763 1187 819 731 575
internal_count=269258 44255 21184 17423 14295 10489 1241 9248 3806 3128 1365 382 225003 23071 17607 16624 1760 1154 330 824 14864 14417 693 223380 9061 1763 1187 819 731 575
is_linear=0
shrinkage=0.05


Tree=48
num_leaves=31
num_cat=0
split_feature=1 7 5 4 3 1 5 0 6 3 1 7 4 5 5 1 6 4 0 7 6 4 0 7 7 7 5 6 1 3
split_gain=1.07445 0.906746 0.926963 0.822514 0.66353 0.747335 0.580021 0.827834 0.829387 0.708812 0.62078 0.79252 0.755898 0.69453 0.692734 0.60719 0.725967 0.993729 0.710338 0.708278 0.70759 0.668381 0.599773 0.599265 0.588926 0.589453 1.28875 0.593074 0.587811 0.741901
threshold=-0.053627066939369743 0.079061678468717936 68.218354287684932 0.49436743298584201 1.0000000180025095e-35 0.22843713725094186 65.327271836664991 0.071774098249793319 2.0291419757811746 1.0000000180025095e-35 0.17857975875780266 0.070843092138759015 0.5843916806097863 58.448584680144791 59.928089866327966 0.041146511406552684 0.63201327747901304 -0.57765621859008365 -0.030974798223481367 0.018358435625879813 0.41664128979638942 -0.6857890029117677 -0.022387377803962601 0.073071248271039071 0.054473624498138536 0.040701661468941046 45.048183000459765 1.1035764293596644 0.22843713725094186 1.0000000180025095e-35
decision_type=10 10 10 10 2 10 8 10 10 2 10 8 8 10 10 10 8 10 10 8 10 10 10 10 10 8 10 10 10 2
left_child=-1 6 3 -3 -4 -6 10 9 28 -8 12 13 14 -12 15 16 17 18 -2 21 -20 22 -18 -14 25 -17 27 -27 -9 -30
right_child=1 2 4 -5 5 -7 7 8 -10 -11 11 -13 23 -15 -16 24 19 -19 20 -21 -22 -23 -24 -25 -26 26 -28 -29 29 -31
leaf_value=0.00018246099167187153 0.0025730955620624583 -0.0015458913344886874 -0.0022966135050813408 -0.0056215679205694324 -0.00011328649200674822 0.0061948162727004409 0.00036724688002964264 -0.00095548198971837799 8.7646984641271886e-05 -5.6274810012207262e-05 0.0025513986398814012 -0.0027441565254358231 -0.00038975742092418864 0.00028463790044852983 0.00029848383373130995 0.00010022108629779636 8.2736217324604779e-05 -0.00011936190532017657 0.0012933589060529238 -0.00013453052046300887 0.00018037306498925375 -0.00028622924072204938 -0.0011139129316168827 -0.0055242858301202784 -0.00073575393350106498 0.0014000130080343556 3.7289201340101711e-05 0.0037685426080824366 -0.00067005628251279585 -0.0052653882777624166
leaf_weight=55962 388 784 97 147 102 87 21428 1243 1839 18330 598 135 18767 777 11806 14413 1299 24783 1759 60082 7590 15860 5400 57 1688 1043 2083 354 156 201
leaf_count=55962 388 784 97 147 102 87 21428 1243 1839 18330 598 135 18767 777 11806 14413 1299 24783 1759 60082 7590 15860 5400 57 1688 1043 2083 354 156 201
internal_value=-1.25338e-05 -6.36942e-05 -0.00142459 -0.00218942 0.00106511 0.00279044 -5.58848e-05 0.000107612 -0.000636625 0.000171987 -9.77042e-05 0.000911549 -0.00010681 0.00127047 -6.89842e-05 -0.000100711 -0.000143784 4.8791e-05 0.00047678 -0.000224224 0.00038978 -0.000463108 -0.000881871 -0.000405305 0.000157014 0.000241236 0.000825273 0.0020002 -0.00146908 -0.00325734
internal_weight=269258 213296 1217 931 286 189 212079 43197 3439 39758 168882 1510 167372 1375 148548 136742 117161 34520 9737 82641 9349 22559 6699 18824 19581 17893 3480 1397 1600 357
internal_count=269258 213296 1217 931 286 189 212079 43197 3439 39758 168882 1510 167372 1375 148548 136742 117161 34520 9737 82641 9349 22559 6699 18824 19581 17893 3480 1397 1600 357
is_linear=0
shrinkage=0.05


Tree=49
num_leaves=31
num_cat=0
split_feature=2 8 4 7 7 2 1 2 4 4 8 6 4 7 8 7 7 2 4 4 1 7 2 7 2 6 4 6 2 7
split_gain=1.00688 1.26266 1.16364 0.933407 1.34465 1.17375 0.928955 1.05658 1.23461 0.92018 0.898321 0.835571 2.04139 1.13973 0.993309 0.84152 0.758428 0.862832 1.22531 0.741654 0.728563 0.869194 0.85004 1.08087 1.58324 1.1913 0.835824 0.833521 1.16272 0.797126
threshold=-0.058516423287968848 1.0000000180025095e-35 -0.41411456341770297 0.034367111798127327 0.054473624498138536 -0.25731976722325567 0.042140418973867562 -0.17344976801515857 -0.32365395198717517 -0.49814658473674905 0.13320996694719225 0.7015131783344527 -0.74885217463607889 0.011966459963838884 0.14142193538900344 0.017075607837422558 0.052946406917865098 -0.18265794825493178 -0.42105923336609474 -0.99225335413760363 -0.028947850571830854 0.084054682809110978 0.32268664290448762 0.033884834145942809 0.12809340207289702 1.0524965452748547 0.8658097108469397 0.97398537477434799 0.048120745558593477 0.04728594744409189
decision_type=8 10 8 10 10 10 10 10 10 10 10 8 10 10 10 10 10 10 10 10 10 10 10 10 10 10 10 10 10 10
left_child=1 -1 -2 5 6 9 16 8 10 -3 -8 12 19 14 -13 -14 -5 -18 -19 -7 27 22 23 24 -22 -26 -25 -4 -29 -24
right_child=2 3 20 4 -6 11 7 -9 -10 -11 -12 13 15 -15 -16 -17 17 18 -20 -21 21 -23 29 26 25 -27 -28 28 -30 -31
leaf_value=0.00070489777048829145 -0.00038975764091281838 0.0018892306193619192 6.5340812186764221e-05 0.00033124447657666947 -0.00039648141087284959 0.0019107627242496582 0.0092376429145224394 0.00084379137131249896 0.0013555620360570651 -0.0022043091233354063 0.0032971665507956528 -0.00068268713934469091 0.00081546066248406311 -0.00015248807756101118 -0.0037163425310518285 -0.00026865621228401164 -0.00059722559655631851 0.0019495050883426937 0.010277755279949976 0.00063754338841502884 -9.9711951572482697e-05 -0.0024978437772158139 0.0011414100882418583 -0.00022258325343008537 -6.6601619339715738e-05 0.0009501969717381673 -0.00085478581360476445 -6.5323472842066131e-05 0.0014023220328003743 3.4282410160462372e-05
leaf_weight=8366 26360 1201 21210 14599 4879 1483 110 2181 389 155 151 793 2061 40270 409 13613 115 126 68 5000 67735 371 2673 26974 4937 6916 6485 2408 3070 4150
leaf_count=8366 26360 1201 21210 14599 4879 1483 110 2181 389 155 151 793 2061 40270 409 13613 115 126 68 5000 67735 371 2673 26974 4937 6916 6485 2408 3070 4150
internal_value=-1.19071e-05 0.000118019 -8.38612e-05 6.19723e-05 0.000338619 -3.43145e-05 0.000540804 0.00137112 0.0031405 0.00142131 0.00580082 -6.53354e-05 0.000182553 -0.000197773 -0.00171494 -0.000126104 0.000383129 0.00283445 0.00486869 0.000928795 -2.89815e-05 -8.14358e-05 -7.3957e-05 -0.000106668 -6.42357e-06 0.000526681 -0.000345116 0.000207348 0.00075718 0.000468014
internal_weight=269258 95969 173289 87603 22618 64985 17739 2831 650 1356 261 63629 22157 41472 1202 15674 14908 309 194 6483 146929 120241 119870 113047 79588 11853 33459 26688 5478 6823
internal_count=269258 95969 173289 87603 22618 64985 17739 2831 650 1356 261 63629 22157 41472 1202 15674 14908 309 194 6483 146929 120241 119870 113047 79588 11853 33459 26688 5478 6823
is_linear=0
shrinkage=0.05


Tree=50
num_leaves=31
num_cat=0
split_feature=1 6 0 6 6 5 3 4 4 1 8 8 5 4 0 1 4 6 6 5 0 1 8 5 8 5 6 1 8 1
split_gain=1.09845 0.985239 0.692458 0.690347 0.689062 0.884624 1.26649 0.68602 0.729629 0.675455 0.619103 0.610235 0.782496 0.74477 0.629361 0.625924 0.567949 0.80235 0.7219 1.25576 0.849042 0.975462 0.621806 0.606586 0.802246 0.558412 0.950208 0.608085 0.632036 0.54771
threshold=-0.052799211351304713 0.45188364337852277 -0.036923076923076885 0.31108502795383225 1.228362115022344 71.769045585759457 1.0000000180025095e-35 -0.74885217463607889 0.83884699754025072 0.16800697416389279 0.10704082939066545 0.36842105117728546 36.111111093278431 -0.70674008885377249 -0.014486421861461705 -0.031985444252844046 0.83884699754025072 1.3938999483564487 2.6997656663647489 80.202179339743097 0.015253724747256283 0.13273324462366434 0.82003939512827007 76.882066305004102 0.92707669363633938 59.497830432370478 0.60441262499964477 -0.17162639202663535 0.76130113397639287 0.32037338840207635
decision_type=10 8 10 8 10 10 2 10 10 10 10 10 10 10 10 10 10 8 10 10 10 10 10 10 10 10 8 10 10 10
left_child=1 2 -1 -2 11 7 9 -6 10 -7 -9 -5 13 14 -13 -16 -8 22 -19 -20 -21 -22 -18 24 -24 -3 -27 -28 -29 -10
right_child=3 25 -4 4 5 6 16 8 29 -11 -12 12 -14 -15 15 -17 17 18 19 20 21 -23 23 -25 -26 26 27 28 -30 -31
leaf_value=0.0040016753679522525 0.001028347689702346 0.00010850399480601526 0.00080662497871674841 -1.1922993953351705e-05 -0.00087471428947414438 0.0014438543562717556 0.00087578457758907759 -0.0004350359723067089 -0.00028397056923359844 2.1663113930167681e-05 0.0002670962320144365 -0.0004797311672632182 -0.00015666937020191262 -0.00042624599614626645 -0.0012702413121988519 -0.0038575531948133583 -0.0037404115071282989 -0.0010058473481042013 -0.0011316094619190065 0.0083782340437340147 0.0071504818743960644 0.00049895348773046659 0.00099744665895518418 0.00057726189210529309 0.0072090326949917523 -0.0013238389313296782 -0.0042221117054577918 0.0016084227417458978 -0.001326708924123758 -0.0039675059621039708
leaf_weight=177 1497 49979 4046 88074 2094 3690 1394 3584 9497 1079 25316 650 65450 4815 490 447 53 2578 465 56 68 291 106 321 102 430 50 2096 201 102
leaf_count=177 1497 49979 4046 88074 2094 3690 1394 3584 9497 1079 25316 650 65450 4815 490 447 53 2578 465 56 68 291 106 321 102 430 50 2096 201 102
internal_value=1.07517e-05 0.000205673 0.00094054 -4.1583e-05 -4.91839e-05 0.000111247 0.000527442 6.63744e-06 5.45751e-05 0.00112208 0.000180022 -0.00010014 -0.000208275 -0.000735855 -0.00167522 -0.00250453 5.57418e-06 -0.000294691 -0.000583766 0.00065274 0.00265207 0.00175885 0.00142287 0.00194017 0.00404351 0.000146849 0.000836957 0.00123284 0.00135158 -0.000323112
internal_weight=269198 56979 4223 212219 210722 50796 10203 40593 38499 4769 28900 159926 71852 6402 1587 937 5434 4040 3458 880 415 359 582 529 208 52756 2777 2347 2297 9599
internal_count=269198 56979 4223 212219 210722 50796 10203 40593 38499 4769 28900 159926 71852 6402 1587 937 5434 4040 3458 880 415 359 582 529 208 52756 2777 2347 2297 9599
is_linear=0
shrinkage=0.05


Tree=51
num_leaves=31
num_cat=0
split_feature=1 2 5 2 7 7 6 6 0 0 7 5 0 2 4 7 4 6 0 7 5 6 2 7 5 2 6 1 2 7
split_gain=0.991354 1.09989 1.21948 1.11769 1.29279 1.55383 1.23689 1.15339 1.03675 1.0857 1.05307 0.989001 0.980782 0.914299 0.908749 0.854718 0.902646 0.839841 0.868551 0.827449 0.824064 0.779234 0.727935 1.30319 0.972099 1.13656 1.46466 0.999747 0.945042 1.13323
threshold=-0.052799211351304713 -0.20102062680521168 43.70314948067567 0.04010228923712756 0.044028506789199028 0.052946406917865098 1.0070122301200986 1.1479477205935829 0.04036654509629601 -0.07805826330971298 0.033123585838905116 65.589279665839854 0.031932773109243702 0.13720367789013468 -0.96511640687138911 0.06094917433654435 0.031979087282105065 0.96482550934878264 -0.032696969171048855 0.043696133150102102 21.234128549628746 0.56692611901344858 0.24887111530462872 0.068895718469190556 74.584855952004844 -0.016212406910081297 1.4310490402666254 0.26006599770700684 -0.050309115457984992 0.039694704981381605
decision_type=10 8 10 10 10 10 10 10 10 10 10 10 10 10 8 10 10 10 10 10 10 8 10 10 10 8 10 10 8 10
left_child=1 2 8 6 7 -6 14 -5 9 10 -1 -9 13 -7 21 17 -17 -15 -19 -10 -8 -3 23 24 28 26 -26 -27 29 -2
right_child=22 3 -4 4 5 12 20 11 19 -11 -12 -13 -14 15 -16 16 -18 18 -20 -21 -22 -23 -24 -25 25 27 -28 -29 -30 -31
leaf_value=0.0066746650335123532 5.6557977955178845e-07 0.0019795963501925383 -0.0033854643407308193 0.00096016511420647871 -0.0013395363843770229 -0.00020000509682996964 -0.0013827409706992705 0.0027889331526272255 0.0060493017159246225 0.00054065617008910386 0.0016239018035059038 0.010207242495525862 -0.002109637260013683 0.0023330280804894636 2.7947947441503597e-05 0.0028272528644842643 -0.00025308389471926301 0.0028635100228711964 0.011336173071358049 0.00074100941250754802 -0.0002527950869474674 0.0004589248274824918 0.00032083899526306179 -0.0012315133350006403 0.0019328726847690513 0.00041158343568320488 0.011201278997701593 -0.0042421086621172253 -0.00015751193153844587 0.00063101234602428184
leaf_weight=134 59340 1017 176 3545 1396 915 1967 443 167 7133 449 50 275 368 23810 394 600 60 61 131 8980 4908 13147 2359 289 8480 50 117 120336 8101
leaf_count=134 59340 1017 176 3545 1396 915 1967 443 167 7133 449 50 275 368 23810 394 600 60 61 131 8980 4908 13147 2359 289 8480 50 117 120336 8101
internal_value=1.02142e-05 0.00019539 0.000731563 0.000105384 0.000641477 1.24874e-05 -1.44679e-06 0.0012753 0.000821979 0.000710217 0.0027848 0.0035413 0.000718595 0.00104293 0.000165835 0.00180982 0.000967895 0.00352121 0.00713485 0.00371579 -0.000455828 0.000719941 -3.95039e-05 -6.33014e-05 -4.92921e-05 0.000460224 0.00329989 0.000348249 -7.35392e-05 7.62947e-05
internal_weight=269198 56979 8190 48789 8107 4069 40682 4038 8014 7716 583 493 2673 2398 29735 1483 994 489 121 298 10947 5925 212219 199072 196713 8936 339 8597 187777 67441
internal_count=269198 56979 8190 48789 8107 4069 40682 4038 8014 7716 583 493 2673 2398 29735 1483 994 489 121 298 10947 5925 212219 199072 196713 8936 339 8597 187777 67441
is_linear=0
shrinkage=0.05


Tree=52
num_leaves=31
num_cat=0
split_feature=6 7 5 8 4 4 6 7 8 7 4 4 7 5 5 4 5 6 4 0 6 7 5 4 6 8 5 5 8 0
split_gain=0.844404 0.993401 0.879869 1.17019 0.882685 0.698664 0.687274 0.676876 1.2336 1.11048 1.75732 1.31273 1.08196 1.09751 1.02422 0.762937 1.25657 1.00288 0.794943 0.748792 0.720384 0.735907 0.937062 0.846688 0.675553 1.40914 1.24446 0.91624 1.39329 1.21484
threshold=0.39910471140893738 0.079061678468717936 69.208938858797325 0.69016439974999833 0.57521814977149266 -0.8339590118453607 1.2977721653984642 0.021000936247644649 1.0000000180025095e-35 0.075517149084893084 0.40732190437622123 -0.11083968852092306 0.059819200537251725 86.352263577446465 79.261974704181185 0.5843916806097863 59.928089866327966 0.92996735694619359 0.3272388760345209 -0.024859771932116356 1.1035764293596644 0.033123585838905116 74.584855952004844 0.87946274317831652 0.69832349717981967 0.9058488064324447 14.634146337756819 56.429184538675912 0.33333333014833016 -0.014486421861461705
decision_type=8 10 10 10 10 10 10 10 10 10 10 10 10 10 10 10 10 10 10 10 10 10 10 10 10 8 10 10 10 10
left_child=5 7 4 -4 -3 -1 -5 14 9 12 11 -11 13 -9 24 16 -10 -18 -19 -14 -17 22 -22 -23 -2 26 -26 28 -28 -30
right_child=1 2 3 6 -6 -7 -8 8 15 10 -12 -13 19 -15 -16 20 17 18 -20 -21 21 23 -24 -25 25 -27 27 -29 29 -31
leaf_value=0.0020108900629380285 5.8010384805379139e-05 -0.0012441066158324144 -0.0028860490211463047 0.0062949417658799568 -0.0055364937987402441 0.00036584221265322273 0.00029684942287584661 0.00055786926696775368 8.8490881953924288e-06 0.0027417718530190981 -0.0027630864459622121 0.013426292362508543 0.00076914236605521837 0.0078363754983561545 0.001168768080759266 -0.00049283134881769131 0.00015813441766581154 0.0017246376265487166 0.00057425234198233463 -0.0017325575001864814 7.49026934675784e-06 0.00020251036876980455 0.0010630004764188641 -0.00065337372165877772 -0.0015323925579506178 -0.0016186368920875303 -6.3110174240263043e-05 0.0002437380772693309 0.00025750189949369279 -0.0010488087670797624
leaf_weight=705 24495 1522 105 109 130 7639 85 12968 116931 58 56 57 448 52 1493 12656 11449 2117 5167 900 8840 4914 2759 7014 1712 1850 21825 10679 2274 8189
leaf_count=705 24495 1522 105 109 130 7639 85 12968 116931 58 56 57 448 52 1493 12656 11449 2117 5167 900 8840 4914 2759 7014 1712 1850 21825 10679 2274 8189
internal_value=9.70345e-06 -6.13445e-06 -0.00113015 0.0013657 -0.00158189 0.000504835 0.00366691 2.33575e-06 5.27634e-05 0.000495 0.00450052 0.00803758 0.000447328 0.000586939 -0.000127275 1.53483e-05 6.97564e-05 0.000449939 0.000908597 -0.000901132 -0.000188648 -2.50179e-05 0.00025856 -0.000300774 -0.00015452 -0.000266405 -0.000210414 -0.000157741 -0.000290526 -0.000764899
internal_weight=269198 260854 1951 299 1652 8344 194 258903 186386 14539 171 115 14368 13020 72517 171847 135664 18733 7284 1348 36183 23527 11599 11928 71024 46529 44679 42967 32288 10463
internal_count=269198 260854 1951 299 1652 8344 194 258903 186386 14539 171 115 14368 13020 72517 171847 135664 18733 7284 1348 36183 23527 11599 11928 71024 46529 44679 42967 32288 10463
is_linear=0
shrinkage=0.05


Tree=53
num_leaves=31
num_cat=0
split_feature=1 2 5 2 7 7 8 2 8 5 1 7 8 7 4 8 7 7 4 2 4 1 5 8 8 7 5 7 8 7
split_gain=0.875415 0.999017 1.09925 0.989597 1.15863 1.41332 0.715852 0.682053 0.940837 1.0801 1.48163 0.801433 0.968191 0.792855 0.718236 0.931408 1.08668 2.69921 5.36767 0.708453 1.06089 1.03023 0.784382 0.757085 0.752091 2.64544 1.49052 0.787906 0.695989 0.684647
threshold=-0.052799211351304713 -0.20102062680521168 45.229723179479301 0.04010228923712756 0.044028506789199028 0.052946406917865098 0.23129939643694131 0.19427002954183406 0.9058488064324447 76.882066305004102 0.19168037263172447 0.070843092138759015 0.66623571998419873 0.044783073190515534 0.76603336843422387 0.78756700837013283 0.079061678468717936 0.073071248271039071 0.51183061292236742 -0.050309115457984992 -0.70674008885377249 0.058139534883720929 29.607629306072635 0.16369984880702096 0.27497765384613809 0.014116087967836826 39.172821064648438 0.038542825624953349 0.6564396703211085 0.017540173128895536
decision_type=10 8 10 10 10 10 10 10 10 10 10 10 8 10 10 8 10 10 10 8 8 10 10 8 10 10 10 10 10 10
left_child=1 2 6 -3 -5 -6 -1 8 9 11 29 19 -13 -9 15 -15 17 -17 -19 21 -21 24 -23 -22 27 26 -26 -2 -24 -11
right_child=7 3 -4 4 5 -7 -8 13 -10 10 -12 12 -14 14 -16 16 -18 18 -20 20 23 22 28 -25 25 -27 -28 -29 -30 -31
leaf_value=0.00091009725112381435 3.5819944444899176e-05 -3.0733159535889632e-06 -0.0039029567185934868 0.0012019198081851647 -0.0012830132877614357 0.00067985567297520577 -0.00078639465075401821 0.00053020641375827783 -0.0007861067084912088 0.0020312027847865337 -0.004097448784887092 -0.00058208787898382378 -0.0036505560391207354 -0.00039473764603905714 -0.00058863324878461441 0.00075565998393273054 -0.002572893776447191 0.01645836872162252 -0.00137115411377437 -0.00088848536645772446 -0.00056697383618358941 -0.0014738679071531113 0.0009781173059008354 -6.5674753312500292e-05 -0.0039215264136380195 -0.00012753439974161034 0.0010493599260869241 0.00068147182479073583 -0.0024776887641831617 0.00054252530725168587
leaf_weight=7383 42198 40682 128 4038 1396 2673 679 10841 4442 1046 152 1418 314 2689 4161 2560 210 82 87 4476 8139 380 5076 100933 731 13671 190 5321 150 2952
leaf_count=7383 42198 40682 128 4038 1396 2673 679 10841 4442 1046 152 1418 314 2689 4161 2560 210 82 87 4476 8139 380 5076 100933 731 13671 190 5321 150 2952
internal_value=9.21828e-06 0.000183229 0.000694226 9.74501e-05 0.00060189 6.43098e-06 0.000767215 -3.75021e-05 -6.69159e-05 -4.98456e-05 0.000747798 -6.79346e-05 -0.00113838 0.000235661 -9.05378e-05 0.000277724 0.000892983 0.00115969 0.00727986 -5.77064e-05 -0.000134042 7.02935e-05 0.000719444 -0.000103082 1.17026e-05 -0.000302274 -0.00289604 0.000108118 0.000878927 0.000932009
internal_weight=269198 56979 8190 48789 8107 4069 8062 212219 191589 187147 4150 182997 1732 20630 9789 5628 2939 2729 169 181265 113548 67717 5606 109072 62111 14592 921 47519 5226 3998
internal_count=269198 56979 8190 48789 8107 4069 8062 212219 191589 187147 4150 182997 1732 20630 9789 5628 2939 2729 169 181265 113548 67717 5606 109072 62111 14592 921 47519 5226 3998
is_linear=0
shrinkage=0.05


Tree=54
num_leaves=31
num_cat=0
split_feature=1 2 0 4 2 0 8 0 4 8 2 4 8 2 5 8 8 5 1 2 8 0 2 4 1 5 8 0 1 1
split_gain=0.790062 0.901613 1.01649 1.04378 0.893111 0.937035 1.09556 0.867319 0.759435 0.748139 0.741349 0.847049 0.635841 0.635507 0.886408 0.967285 0.784039 0.992351 0.902052 0.98045 1.17506 0.914745 0.654069 0.93495 0.844225 0.711434 0.698216 0.633207 0.684881 0.719582
threshold=-0.052799211351304713 -0.20102062680521168 0.059174224623200218 -0.5472446635205831 0.04010228923712756 0.031932773109243702 0.16961907320596217 -0.07805826330971298 -0.36674309410159772 0.15783037525820851 0.25839402339364265 0.22887828527695728 0.054054054030392575 0.24887111530462872 73.138336581420717 0.91231343233938167 0.94246965447869058 74.584855952004844 0.19168037263172447 -0.014992264633233608 0.32944221471637353 0.0075376884422110333 -0.050309115457984992 -0.70674008885377249 0.058139534883720929 29.607629306072635 0.063370921825560714 0.01277753631922063 0.11159149277058301 0.062290126087848792
decision_type=10 8 10 10 10 10 10 10 10 10 10 10 8 10 10 10 10 10 10 10 10 10 8 8 10 10 10 10 10 10
left_child=1 2 3 7 -3 6 10 -1 -8 12 -6 -12 -9 16 15 -15 17 22 19 21 -21 -19 24 -24 26 -26 -2 28 29 -17
right_child=13 4 -4 -5 5 -7 8 9 -10 -11 11 -13 -14 14 -16 27 -18 18 -20 20 -22 -23 23 -25 25 -27 -28 -29 -30 -31
leaf_value=0.0025948979226460929 0.00027152173740465751 -2.9196560415381923e-06 0.005062817102081554 -0.0015176261016252145 0.0017506238911160763 -0.0015805156117876477 -0.00067815769854114982 0.00037985758642520028 0.00073129917678262969 -0.00075185234135417519 0.0098918627205645104 0.0019652888641082558 0.0014343564003244133 0.00044228408436582935 -0.00012395786670626788 0.0032256736346768437 -0.00089999780353171408 0.00021359153809801987 -0.0018781410893283638 -0.0016194011067895741 0.00066109661841839387 0.0046973718016411793 -0.00084887645546606084 -0.00011276165977587873 -0.0012419018184424359 0.00078570019199750802 -0.00010235384273073582 0.0014353673101149759 0.00096258421661332249 0.010311797588591035
leaf_weight=583 17161 40682 129 548 735 476 1152 3689 5609 907 65 70 2334 5747 6346 77 2726 195 382 617 6684 273 4482 114788 470 5440 45854 820 90 67
leaf_count=583 17161 40682 129 548 735 476 1152 3689 5609 907 65 70 2334 5747 6346 77 2726 195 382 617 6684 273 4482 114788 470 5440 45854 820 90 67
internal_value=8.75736e-06 0.000174067 0.000659514 0.000589048 9.25776e-05 0.000571795 0.00070605 0.00074271 0.000491143 0.000586891 0.00237615 0.00578179 0.000788491 -3.5627e-05 0.000301063 0.000697649 -5.78625e-05 -4.61705e-05 0.000493949 0.000610585 0.000468374 0.00282913 -6.95639e-05 -0.000140424 5.30543e-05 0.000624453 -5.35564e-07 0.00209004 0.00438419 0.00652269
internal_weight=269198 56979 8190 8061 48789 8107 7631 7513 6761 6930 870 135 6023 212219 13147 6801 199072 196346 8151 7769 7301 468 188195 119270 68925 5910 63015 1054 234 144
internal_count=269198 56979 8190 8061 48789 8107 7631 7513 6761 6930 870 135 6023 212219 13147 6801 199072 196346 8151 7769 7301 468 188195 119270 68925 5910 63015 1054 234 144
is_linear=0
shrinkage=0.05


Tree=55
num_leaves=31
num_cat=0
split_feature=7 2 0 7 4 0 1 1 7 0 5 1 8 4 8 7 7 5 5 2 5 4 7 8 5 8 8 0 1 4
split_gain=0.874487 0.924116 1.19754 0.877235 1.03003 1.05996 0.972949 0.890711 0.85518 0.655314 0.567814 0.562563 0.557545 0.555741 1.03744 2.11339 1.9112 1.40513 0.97637 1.65883 1.15632 0.933149 0.89587 0.859893 0.855146 0.951303 1.04937 1.03512 0.961531 0.967839
threshold=0.062182765303145433 -0.25731976722325567 -0.07805826330971298 0.044028506789199028 -0.4408389889780297 0.04036654509629601 0.043139448846459046 0.012702626812570063 0.04516356898295245 0.014493580646335104 19.306490255620954 -0.13975089850557351 0.91946033832292196 -0.30299248606751245 0.22113589819460297 0.016625215924970689 0.044028506789199028 33.93761999346588 32.562800235558818 -0.069751165146041558 44.090909069865724 -0.62109108332738583 0.052946406917865098 0.51515151440329221 39.756949441393317 0.15783037525820851 0.50659383237964506 -0.07805826330971298 0.14460248547869184 -0.030882502787409859
decision_type=10 8 10 10 10 10 10 10 10 10 10 10 10 8 10 10 10 10 10 10 10 10 10 10 8 8 10 10 8 10
left_child=1 2 8 4 5 7 -6 11 -1 12 -5 -4 -2 14 16 17 -3 21 22 20 -20 -16 -18 -19 -15 -26 27 -27 29 -29
right_child=9 13 3 10 6 -7 -8 -9 -10 -11 -12 -13 -14 24 15 -17 18 23 19 -21 -22 -23 -24 -25 25 26 -28 28 -30 -31
leaf_value=0.0060052057132514332 -0.0002343502251043933 -4.5270530954809801e-05 0.0023649825014032313 -0.0024619781557006018 -0.0034110150498887016 0.0064906989479143369 0.0041422279187003676 0.0062307831271914997 -0.00015156977046954347 -0.0010578559488659202 3.9201622248528467e-05 0.00051564912293869999 0.0048663289576156617 0.00052784842746592662 -0.0027736598160304554 -0.00015088036984653376 -0.00059669467649362516 0.00010256801706193394 0.0036534890626991217 -0.00014639866295633564 0.00024573993644151447 -0.00065370781622076622 0.0020098702017880359 -0.00163446345934168 -0.00053707064810732178 -0.0013491467576335304 -8.1046132813202408e-05 -0.00014786851177802128 0.00094688784837339301 0.00029938138577288752
leaf_weight=176 6811 64399 530 313 218 95 53 82 83 3230 825 1835 54 8920 1671 30535 1093 2019 1053 696 326 753 472 1101 7194 1063 70048 16922 4291 42414
leaf_count=176 6811 64399 530 313 218 95 53 82 83 3230 825 1835 54 8920 1671 30535 1093 2019 1053 696 326 753 472 1101 7194 1063 70048 16922 4291 42414
internal_value=-1.39966e-05 3.78623e-06 0.00073853 0.000522621 0.000996493 0.00130889 -0.00193381 0.00110772 0.00403218 -0.000470555 -0.000648733 0.000930087 -0.000194228 -8.34567e-06 -9.71992e-05 -0.000313939 1.77315e-05 -0.00121203 0.00113237 0.00184354 0.00284789 -0.00211511 0.000189439 -0.000510404 5.2981e-05 2.3137e-05 5.30479e-05 0.000198248 0.0002241 0.00017183
internal_weight=269275 259180 4210 3951 2813 2542 271 2447 259 10095 1138 2365 6865 254970 104118 36079 68039 5544 3640 2075 1379 2424 1565 3120 150852 141932 134738 64690 63627 59336
internal_count=269275 259180 4210 3951 2813 2542 271 2447 259 10095 1138 2365 6865 254970 104118 36079 68039 5544 3640 2075 1379 2424 1565 3120 150852 141932 134738 64690 63627 59336
is_linear=0
shrinkage=0.05


Tree=56
num_leaves=31
num_cat=0
split_feature=6 4 0 6 8 6 1 5 4 0 3 8 5 6 5 8 1 0 4 6 0 6 4 0 8 0 5 1 4 8
split_gain=0.607776 0.917524 0.587457 0.725799 0.703781 0.449657 0.393955 0.386169 0.91493 0.913546 0.919569 1.11498 0.660151 0.686437 0.625323 0.608856 0.992313 0.703487 0.895164 0.804594 0.676813 0.693894 1.07999 0.677414 0.917227 0.787876 0.750162 0.665827 0.647897 1.00422
threshold=0.45806781455587359 -0.73376258002556427 0.020981237474649198 0.41664128979638942 0.65210175778263302 0.43178115732243499 0.088304576771685364 59.711663822382668 0.56585695329037422 -0.07805826330971298 1.0000000180025095e-35 0.70517419753052002 72.193383674602458 1.2698664334211114 71.003441841506728 0.36842105117728546 0.09310529808872571 -0.0071023756736813262 -0.32365395198717517 0.91718349947115263 -0.07805826330971298 0.88173167874633551 -0.96511640687138911 0.029701354600212063 0.34065933841323487 0.031156928875494375 58.878504661662596 -0.10487348131908285 -0.74118881183265917 0.13603785811251509
decision_type=8 10 10 10 8 10 10 8 8 8 2 10 8 10 10 10 10 10 10 8 10 10 8 10 8 10 10 10 10 10
left_child=1 -1 6 4 -4 -5 -3 15 -9 14 12 -12 -11 -14 -10 16 20 -17 19 -19 -2 22 -22 26 27 -26 -24 -25 29 -23
right_child=7 2 3 5 -6 -7 -8 8 9 10 11 -13 13 -15 -16 17 -18 18 -20 -21 21 28 23 24 25 -27 -28 -29 -30 -31
leaf_value=0.0011211873168411374 0.00098552249512071023 7.7431450071338201e-05 0.0053393106851985471 -0.0033409070064563577 0.00057361057945801055 0.0011300201351200257 -0.0023812164400409202 0.00032065338033375132 -0.0026781898816071476 -9.358345906744278e-05 -0.0015255347063013024 -0.00018102611577441998 0.00016451671140434968 0.00093644154969245235 0.0030930310599685002 -6.6186607705625775e-07 0.00084546220154272159 -0.00050751091697427469 -0.00020331623175283626 -0.0016244903691222303 0.00076895398421175838 -0.00024376576140405136 -4.6646150671862865e-05 0.006374148001507398 0.0041639677238190309 -0.00083204437109992899 0.0018223953753047388 0.0014033812215411817 -5.8293763504685764e-05 -0.0012133940213175471
leaf_weight=2715 1617 12971 180 82 136 179 165 23616 482 13676 1684 18284 9526 4128 52 25577 3326 6306 26746 2166 5019 13349 56555 71 87 849 542 1317 34534 3338
leaf_count=2715 1617 12971 180 82 136 179 165 23616 482 13676 1684 18284 9526 4128 52 25577 3326 6306 26746 2166 5019 13349 56555 71 87 849 542 1317 34534 3338
internal_value=-1.32968e-05 0.000281403 0.000115137 0.00167661 0.00328825 -0.000274639 4.65486e-05 -3.24441e-05 6.60143e-05 -5.97082e-05 -3.64902e-05 -0.000294415 0.000151956 0.000397892 -0.0021162 -7.1224e-05 -6.18666e-06 -0.000200244 -0.00034519 -0.000793084 -3.03394e-05 -4.45417e-05 6.4645e-05 5.15546e-06 0.000841944 -0.000367671 -2.89041e-05 0.00165765 -0.000181907 -0.000437726
internal_weight=269275 16428 13713 577 316 261 13136 252847 71448 47832 47298 19968 27330 13654 534 181399 120604 60795 35218 8472 117278 115661 64440 59421 2324 936 57097 1388 51221 16687
internal_count=269275 16428 13713 577 316 261 13136 252847 71448 47832 47298 19968 27330 13654 534 181399 120604 60795 35218 8472 117278 115661 64440 59421 2324 936 57097 1388 51221 16687
is_linear=0
shrinkage=0.05


Tree=57
num_leaves=31
num_cat=0
split_feature=7 2 4 6 4 1 6 2 7 1 0 1 2 7 6 7 0 2 7 4 3 1 6 1 4 2 2 7 2 6
split_gain=0.843712 1.40152 1.10233 0.840733 1.40296 0.612156 0.820956 0.856182 1.08212 1.02061 0.693708 0.836663 0.639514 1.03361 0.892339 0.751234 0.678681 0.618664 0.856101 0.797814 0.655449 0.62446 0.605477 0.655662 0.59007 0.961474 0.903295 0.698819 0.687068 1.22263
threshold=0.079061678468717936 0.65459219715740546 -0.10176073818146142 1.2977721653984642 0.44198032478668831 -0.051973141121421311 0.65544579512200696 -0.29919394975115426 0.044028506789199028 -0.13975089850557351 -0.0022127781475509418 -0.13975089850557351 0.029733328756107128 0.044028506789199028 1.4726051119868486 0.052946406917865098 0.052427708969265858 0.11667401317707661 0.062182765303145433 0.40732190437622123 1.0000000180025095e-35 -0.085278129224466856 1.5538313626980778 -0.086978427963726276 -0.2481743671088876 -0.043519582356536572 -0.003872246284881919 0.050417968496791338 0.189021640767469 1.2787812200896804
decision_type=10 10 10 10 10 10 8 8 10 10 10 10 10 8 10 10 10 10 10 10 2 10 10 10 10 8 10 10 10 10
left_child=5 2 -2 4 -3 6 10 8 9 -8 -1 -12 16 14 -14 -15 -9 -17 19 -19 21 -20 -16 -24 26 -26 -7 28 -27 -30
right_child=1 3 -4 -5 -6 24 7 12 -10 -11 11 -13 13 15 22 17 -18 18 20 -21 -22 -23 23 -25 25 27 -28 -29 29 -31
leaf_value=0.00067816350374835137 -0.00051179327760254899 -0.0012712245421951879 -0.0030654946211123271 -0.0019007206586969046 0.0070373121982276847 -9.7768795396793232e-05 0.0051357046324030133 -0.00013626944815020394 7.8969546504516997e-05 0.00061338366713043564 -0.002661141497808015 0.00013491476135104826 0.00083584192993440588 -0.0013749170942737394 0.0086589526092972265 -0.0010502457985721682 0.0013807608925227777 0.0035162060485476087 -9.7806017156226274e-05 -0.0020338968165194643 -0.0013351251235361582 0.0070929771855327423 0.0073770587582497257 0.00060949516339557403 0.00034531954449403912 -4.7406466183532437e-05 -0.00067243404860741732 -0.00041077553623296417 -4.4771948703996122e-05 0.00090060522862876388
leaf_weight=10640 1017 83 723 92 131 70042 277 33195 721 227 281 5588 2954 976 55 485 754 407 74 77 382 51 51 120 19362 87378 7578 11206 8722 5626
leaf_count=10640 1017 83 723 92 131 70042 277 33195 721 227 281 5588 2954 976 55 485 754 407 74 77 382 51 51 120 19362 87378 7578 11206 8722 5626
internal_value=-1.26319e-05 -0.00102411 -0.0015729 0.00209644 0.00381484 -4.88768e-06 0.000139938 1.95748e-05 0.00132144 0.00309887 0.000437445 1.04327e-06 -2.0717e-05 0.000472722 0.00106751 -0.000298661 -0.000102577 0.00041301 0.00112913 0.00263324 -0.000306733 0.00283603 0.00409563 0.00262789 -4.4431e-05 1.97813e-05 -0.000153873 -3.60317e-05 5.24961e-06 0.00032592
internal_weight=269275 2046 1740 306 214 267229 57315 40806 1225 504 16509 5869 39581 5632 3180 2452 33949 1476 991 484 507 125 226 171 209914 132294 77620 112932 101726 14348
internal_count=269275 2046 1740 306 214 267229 57315 40806 1225 504 16509 5869 39581 5632 3180 2452 33949 1476 991 484 507 125 226 171 209914 132294 77620 112932 101726 14348
is_linear=0
shrinkage=0.05


Tree=58
num_leaves=31
num_cat=0
split_feature=7 5 8 4 5 8 4 8 7 4 1 5 7 0 8 8 7 5 7 7 7 4 8 7 0 5 5 7 5 4
split_gain=0.76145 0.702998 1.14212 0.761993 0.662405 0.623618 0.664632 0.789101 1.10785 0.566654 0.563668 0.712063 0.894679 0.747488 0.963902 0.703722 1.01579 0.72953 0.60001 0.68594 0.56587 0.535311 1.47625 1.53549 0.910624 0.758895 0.533236 0.519481 1.97534 1.95459
threshold=0.079061678468717936 69.208938858797325 0.69016439974999833 -0.091872161653097195 74.079952285585975 0.13054194761524893 -0.54105483905470886 0.3604740832465238 0.084054682809110978 -0.29470393053016014 -0.035138528423186537 58.048114338556445 0.062182765303145433 0.052427708969265858 0.18723766890753532 0.45554474172630172 0.053672811631288876 68.881771044823552 0.027676272207392796 0.046375553000835915 0.0081742625780446224 -0.69248361658208812 0.16075021778074713 0.017234887523989998 -0.012559029308604195 34.635167702579885 49.112425994818118 0.054473624498138536 89.350945490958722 1.2768143495111557
decision_type=10 10 10 10 10 8 10 10 10 10 10 10 10 10 8 10 10 10 8 10 8 8 10 10 10 10 10 10 10 10
left_child=10 3 -3 5 -4 -2 -7 8 -8 -10 11 13 15 -1 -15 16 18 -17 -13 -20 -12 22 -22 24 25 -24 -16 -23 -29 -30
right_child=1 2 4 -5 -6 6 7 -9 9 -11 20 12 -14 14 26 17 -18 -19 19 -21 21 27 23 -25 -26 -27 -28 28 29 -31
leaf_value=4.2597336323012712e-05 -0.001779132528100337 -0.0029859001186589916 0.0080895758904832409 -0.0025665900953073125 0.0016100612469995786 -0.0026454652883176558 -0.0010538102708318655 -0.00075522380355665195 0.0086459544661266503 0.0024773126202489951 0.0011219757864736877 -0.00041860997547094785 -0.0012474064707693948 0.0036693672283110361 0.0010034205988144402 0.00069014735394251278 0.0050963824298358648 -0.0013011249621527714 0.0021767434550207161 -0.0010336109254624425 0.00012842811678084773 -1.9457511685379303e-05 -0.0024529501982850557 -0.0002717869130024738 -0.0031415658431119008 0.0012106018968990387 -0.0023822128239459877 -0.00047260282612739211 0.0099805522673459875 -0.0022961605504593428
leaf_weight=74763 481 97 59 737 119 118 85 197 89 64 1019 432 584 318 687 3171 185 538 1169 194 4862 165382 292 2037 1116 274 140 9926 89 51
leaf_count=74763 481 97 59 737 119 118 85 197 89 64 1019 432 584 318 687 3171 185 538 1169 194 4862 165382 292 2037 1116 274 140 9926 89 51
internal_value=-1.20003e-05 -0.000972908 0.00137909 -0.00133813 0.00375777 -0.000462517 0.000682676 0.00158548 0.00352296 0.00606561 -4.64329e-06 0.000104324 0.0006163 6.20146e-05 0.00132987 0.000807617 0.00156873 0.000401308 0.00120515 0.0017198 -5.30364e-05 -5.95426e-05 -0.000445141 -0.00119499 -0.00231305 -0.000679429 0.000430278 -4.06834e-05 -0.000389419 0.00550832
internal_weight=269275 2046 275 1771 178 1034 553 435 238 153 267229 82181 6273 75908 1145 5689 1980 3709 1795 1363 185048 184029 8581 3719 1682 566 827 175448 10066 140
internal_count=269275 2046 275 1771 178 1034 553 435 238 153 267229 82181 6273 75908 1145 5689 1980 3709 1795 1363 185048 184029 8581 3719 1682 566 827 175448 10066 140
is_linear=0
shrinkage=0.05


Tree=59
num_leaves=31
num_cat=0
split_feature=7 2 4 6 4 6 1 6 4 2 1 7 1 4 7 6 4 6 4 5 6 6 5 4 2 4 2 2 7 5
split_gain=0.687208 1.22299 0.92904 0.776552 1.22267 0.554627 0.511485 0.766816 0.762817 0.555899 0.928153 1.01043 1.2329 0.647646 0.883127 0.824527 0.936399 0.740759 0.639914 0.594471 0.590318 0.781322 0.678062 0.555054 0.591135 0.523768 0.870559 0.817601 0.594272 1.16295
threshold=0.079061678468717936 0.65459219715740546 -0.10176073818146142 1.2977721653984642 0.44198032478668831 0.43178115732243499 -0.051973141121421311 0.56692611901344858 -0.96511640687138911 -0.24067840387544062 -0.096978477157520046 0.04516356898295245 -0.15738888560099426 -0.4276029090711676 0.04275317982542725 1.1479477205935829 0.31795701776941004 0.88173167874633551 -0.82554577926733008 20.320806189805015 2.349245140747239 0.8588532387688248 23.307225878688119 -0.77020885620134005 0.028257707173133809 -0.2481743671088876 -0.043519582356536572 -0.003872246284881919 0.050417968496791338 89.350945490958722
decision_type=10 10 10 10 10 8 10 8 10 8 10 10 10 8 8 10 10 8 8 10 10 10 10 10 10 10 8 10 10 10
left_child=6 2 5 4 -3 -2 7 8 -1 10 11 12 20 17 15 -15 -17 23 19 -14 21 -9 -23 24 -11 27 -27 -8 -28 -30
right_child=1 3 -4 -5 -6 -7 25 9 -10 13 -12 -13 18 14 -16 16 -18 -19 -20 -21 -22 22 -24 -25 -26 26 28 -29 29 -31
leaf_value=0.0017394193702309196 0.0032177147405364134 -0.0011057588642081582 -0.0028071688242172271 -0.0018507891919200673 0.0066505799737611422 -0.00083320443141039193 -9.0290482912469647e-05 0.00032946222466370554 0.00036565026766880083 0.00032865431116839975 -0.0004324683627934263 -0.00012387215475168238 0.0011767107710060473 0.00049712536513518604 -4.6508088677843588e-05 0.0017300199890874759 0.0082440064090375104 -0.00037684180877611557 0.0026967584655479097 -0.0020072729757877675 -0.00065000559877850773 0.0060586162054051497 0.00065848974371202421 -0.00028363070999850264 0.00454351416403716 0.00032970533765407892 4.8998612907260456e-06 -0.00063701789026913503 -0.00044271478253478147 0.0036770608137634679
leaf_weight=1132 93 83 723 92 131 924 70042 101 9414 8605 1338 896 365 4352 8215 850 59 15644 307 245 68 369 69 5202 84 19362 101726 7578 11032 174
leaf_count=1132 93 83 723 92 131 924 70042 101 9414 8605 1338 896 365 4352 8215 850 59 15644 307 245 68 369 69 5202 84 19362 101726 7578 11032 174
internal_value=-1.14003e-05 -0.000924263 -0.00143691 0.00199077 0.00364228 -0.000462766 -4.41113e-06 0.000127972 0.00051311 4.11263e-05 0.000624303 0.00120858 0.00199197 -9.82762e-06 0.000277407 0.000783198 0.00215282 -0.000140885 0.000834921 -0.000102102 0.00373993 0.00429377 0.00520791 0.000124849 0.000369401 -4.05569e-05 1.99403e-05 -0.000143667 -3.31684e-05 -0.000378745
internal_weight=269275 2046 1740 306 214 1017 267229 57315 10546 46769 3758 2420 1524 43011 13476 5261 909 29535 917 610 607 539 438 13891 8689 209914 132294 77620 112932 11206
internal_count=269275 2046 1740 306 214 1017 267229 57315 10546 46769 3758 2420 1524 43011 13476 5261 909 29535 917 610 607 539 438 13891 8689 209914 132294 77620 112932 11206
is_linear=0
shrinkage=0.05


Tree=60
num_leaves=31
num_cat=0
split_feature=2 8 6 8 1 2 5 1 6 5 4 6 5 4 1 5 6 2 4 8 5 4 5 1 5 2 8 8 1 2
split_gain=0.62275 0.897062 0.826455 0.776626 0.658383 1.06086 0.870761 1.45009 1.41168 0.821948 1.03808 0.631048 0.603778 0.585476 0.584656 0.971315 0.730664 0.80354 3.66399 0.716093 0.930779 0.840752 0.653278 0.788791 0.687654 0.595662 0.56709 0.824216 0.680344 0.729615
threshold=0.14689145610645607 0.8609775726248089 0.35031719307178938 0.47214763640315688 0.065165902073342177 0.0026946916534994485 76.882066305004102 0.138593914159612 0.70814819812322238 29.607629306072635 -0.40719827892798205 0.44553609438665792 86.352263577446465 0.49436743298584201 -0.030775117980691043 62.169652675677099 1.2977721653984642 0.3897788632604014 0.40732190437622123 0.43822413041685687 57.840671386729639 -0.27152835850049201 63.344801609305364 -0.085278129224466856 66.705135707503814 0.16607558155650629 0.32944221471637353 0.64740024651607431 0.09310529808872571 0.076100291161981151
decision_type=10 10 8 10 8 8 10 10 10 10 10 10 10 10 10 10 10 10 10 8 10 10 10 10 10 10 10 10 10 10
left_child=1 2 13 14 -4 9 -7 8 -8 10 -6 -5 26 -1 15 19 17 25 -19 20 -2 -21 -17 -24 -25 -16 -10 28 29 -28
right_child=3 -3 4 11 5 6 7 -9 12 -11 -12 -13 -14 -15 16 22 -18 18 -20 21 -22 -23 23 24 -26 -27 27 -29 -30 -31
leaf_value=0.00064254271497862509 0.0011113768024398748 -0.00062352081580868668 -4.7687656815339401e-05 -0.0013255540228286537 0.0022665696459032761 -0.00012166279475185751 0.010763676747679711 -0.0020625545736474011 -0.0021932753618933601 0.00076392268176368175 -0.0034770735112172237 0.00014066225037195722 -0.0022425743004894009 0.005838051305512305 0.0011637764770476219 0.0089849614876915101 0.001475098169947564 0.014380696577564725 0.00038000320701836319 0.0044832759172810863 0.0077975499023783161 -0.0012788501668640005 -0.0024084855375501018 0.0013507278031173432 0.0068014732403551331 -0.00064421221048132293 0.011917346769522103 0.000760905084368487 0.0020846889882712911 0.0046608900527935473
leaf_weight=3844 203 6034 201821 754 115 14035 50 213 55 8488 249 27458 73 55 582 55 1331 53 395 75 70 406 54 107 126 2097 53 202 115 100
leaf_count=3844 203 6034 201821 754 115 14035 50 213 55 8488 249 27458 73 55 582 55 1331 53 395 75 70 406 54 107 126 2097 53 202 115 100
internal_value=7.05795e-06 -2.17344e-05 -5.91006e-06 0.000207871 -1.83855e-05 0.000230637 -2.69781e-05 0.00151646 0.0026929 0.000664148 -0.00166246 0.000101476 0.00201808 0.000715831 0.000748314 0.00178294 0.000493952 7.63297e-05 0.00203634 0.000780465 0.00282578 -0.00038039 0.00399306 0.00303643 0.00429834 -0.000251435 0.00261051 0.00317266 0.00499048 0.00717456
internal_weight=269268 235502 229468 33766 225569 23748 14896 861 648 8852 364 28212 598 3899 5554 1096 4458 3127 448 754 273 481 342 287 233 2679 525 470 268 153
internal_count=269268 235502 229468 33766 225569 23748 14896 861 648 8852 364 28212 598 3899 5554 1096 4458 3127 448 754 273 481 342 287 233 2679 525 470 268 153
is_linear=0
shrinkage=0.05


Tree=61
num_leaves=31
num_cat=0
split_feature=2 8 6 8 1 0 0 2 5 5 1 8 5 6 1 0 2 5 5 5 6 2 6 6 1 5 5 8 1 2
split_gain=0.562032 0.809599 0.745876 0.700905 0.59419 1.05424 0.917184 0.670573 0.689426 0.676721 0.66404 1.09977 0.986852 0.569521 0.527652 1.71471 1.26299 0.989806 0.81363 0.773314 0.659424 0.725195 0.734518 0.960294 0.865672 1.64488 0.54914 0.595491 0.544316 0.537585
threshold=0.14689145610645607 0.8609775726248089 0.35031719307178938 0.47214763640315688 0.065165902073342177 -0.036923076923076885 0.04413020094962717 0.0039040319771477265 76.882066305004102 29.607629306072635 0.09310529808872571 0.58459797452370255 81.358519548871314 0.44553609438665792 -0.030775117980691043 0.037228874289992782 0.25839402339364265 55.387639363571942 57.840671386729639 66.155370199676042 1.2977721653984642 0.3897788632604014 0.49741134583546187 0.88935139677679054 0.048367155720096873 68.54931819711274 57.423902378793336 0.31831738772629514 0.098675070426067282 0.16607558155650629
decision_type=10 10 8 10 8 10 10 10 10 8 10 8 10 10 10 10 10 10 10 10 10 10 10 10 10 10 10 8 10 10
left_child=1 2 -1 14 -4 -6 7 9 -9 -7 11 12 -10 -5 15 16 18 -18 -2 -19 21 29 -23 24 -24 -26 -22 -28 -25 -16
right_child=3 -3 4 13 5 6 -8 8 10 -11 -12 -13 -14 -15 20 -17 17 19 -20 -21 26 22 23 28 25 -27 27 -29 -30 -31
leaf_value=0.00068003992193141891 -0.00040246427297267691 -0.0005923447754544375 -4.5303273681359371e-05 -0.0012592763276748325 -0.00089910081457846968 -0.0014291715151903796 -0.00029358761996090151 2.9846707434171626e-05 0.0099986117880055039 0.00087476818485686565 0.00016033111806703553 0.0004888514071353711 0.0016435893941282604 0.00013362913738492122 0.0011055876554711642 -0.0048010596935386942 0.010655035429226701 0.0012240976244495571 0.0029279327353686304 0.0076181066540271253 0.0050855449675780507 -0.0032640177156713053 0.00025997493260850513 0.0039538096726083986 0.013660107423518704 0.0030174626656807959 -0.0023900847624265063 0.0014641135463765542 -0.0022726606612128242 -0.00061200159134001465
leaf_weight=3899 376 6034 201821 754 1936 331 4781 7502 86 8590 310 152 60 27458 582 93 64 131 358 74 94 59 72 52 57 100 110 1127 108 2097
leaf_count=3899 376 6034 201821 754 1936 331 4781 7502 86 8590 310 152 60 27458 582 93 64 131 358 74 94 59 72 52 57 100 110 1127 108 2097
internal_value=6.70505e-06 -2.06477e-05 -5.61456e-06 0.000197477 -1.74662e-05 0.000219105 0.000318356 0.000490143 0.000161087 0.000789284 0.00178043 0.00346578 0.00656504 9.6402e-05 0.000710899 0.00169379 0.002296 0.00522684 0.0012219 0.00353218 0.000469255 7.25133e-05 0.00193452 0.00272299 0.00479952 0.00688135 0.00140134 0.00112138 -0.000249058 -0.000238864
internal_weight=269268 235502 229468 33766 225569 23748 21812 17031 8110 8921 608 298 146 28212 5554 1096 1003 269 734 205 4458 3127 448 389 229 157 1331 1237 160 2679
internal_count=269268 235502 229468 33766 225569 23748 21812 17031 8110 8921 608 298 146 28212 5554 1096 1003 269 734 205 4458 3127 448 389 229 157 1331 1237 160 2679
is_linear=0
shrinkage=0.05


Tree=62
num_leaves=31
num_cat=0
split_feature=7 6 8 5 5 5 0 6 7 8 7 5 6 0 1 5 1 6 1 5 1 5 1 7 5 7 6 6 1 6
split_gain=0.58188 0.528799 0.496502 1.08943 1.05479 0.524487 0.742281 0.469589 0.455201 0.453909 0.77474 1.05494 0.740749 0.731483 0.712127 0.649595 0.690883 0.618839 0.896987 0.695802 0.646926 0.664907 0.6026 0.749466 0.577291 1.09752 0.860015 0.718081 0.58825 0.602159
threshold=0.079061678468717936 0.43178115732243499 0.71014492616397173 65.589279665839854 71.384803105610402 57.637337037433461 -0.028467402368874569 0.33369681696033587 0.066940537286215143 0.024168710141185466 0.020199207454447584 47.148288966063795 1.0798930969807536 -0.07805826330971298 -0.085278129224466856 62.169652675677099 -0.041804573519892467 1.0220244080744385 0.036553524804177624 84.36679887914751 0.10798492700206642 64.803739384027395 -0.0030925842535436949 0.032975736110415835 19.833660984713578 0.012907082895588661 0.82289008216108028 1.1156669296880801 -0.086978427963726276 1.571883440496052
decision_type=10 10 10 10 10 10 10 8 10 10 10 10 10 10 8 10 10 10 10 10 10 10 10 10 10 10 10 10 10 10
left_child=7 -2 5 -4 -5 -3 -7 8 -1 10 11 13 -13 -9 -15 -12 -17 19 22 -18 -20 -22 -19 -24 25 -11 -27 -26 29 -28
right_child=1 2 3 4 -6 6 -8 9 -10 24 15 12 -14 14 -16 16 17 18 20 -21 21 -23 23 -25 27 26 28 -29 -30 -31
leaf_value=0.00052784968739843325 0.0024716602610281198 -0.00084674957057825732 -0.0029616450381692756 0.0082634019244107459 0.00062547240209823943 0.00012664461881927344 -0.0043003798002693282 -0.0013385239601002117 0.0044965934606168321 -0.0023116365799875317 0.00024437439011091514 -0.00089655790410664781 -0.0040278503773487195 -0.00081249697022651155 0.00029307387951062067 0.0037584432460311887 -8.2905875486978886e-05 9.1367115451516045e-05 -0.00036386627504855697 0.0059201050093397496 0.0063380279609501905 0.0014783811835528556 0.0023830833542888286 0.0096423390475683865 -6.577351258647024e-05 0.00023282530122471041 0.00085905574627694091 0.00013125792220556503 -0.0012306946708758209 -0.0014708298590901529
leaf_weight=3055 114 1127 131 63 160 139 297 905 74 704 20641 1457 217 1698 10243 217 1396 51 448 50 82 497 64 80 150486 4287 840 66756 2575 414
leaf_count=3055 114 1127 131 63 160 139 297 905 74 704 20641 1457 217 1698 10243 217 1396 51 448 50 82 497 64 80 150486 4287 840 66756 2575 414
internal_value=6.3698e-06 -0.000836747 -0.00103349 0.000657329 0.00278327 -0.00141644 -0.00288901 1.27775e-05 0.000621709 5.56321e-06 0.000165343 -0.000121857 -0.00130247 3.19922e-05 0.000135863 0.0003426 0.00104536 0.000824698 0.00165305 0.000124667 0.00106277 0.00216662 0.00476187 0.006416 -2.13276e-05 -0.000417871 -0.000253602 -5.22799e-06 -0.000798212 8.98591e-05
internal_weight=269268 2031 1917 354 223 1563 436 267237 3129 264108 38046 14520 1674 12846 11941 23526 2885 2668 1222 1446 1027 579 195 144 226062 8820 8116 217242 3829 1254
internal_count=269268 2031 1917 354 223 1563 436 267237 3129 264108 38046 14520 1674 12846 11941 23526 2885 2668 1222 1446 1027 579 195 144 226062 8820 8116 217242 3829 1254
is_linear=0
shrinkage=0.05


Tree=63
num_leaves=31
num_cat=0
split_feature=7 6 8 5 5 4 1 6 8 7 5 5 8 8 5 0 7 7 6 5 4 7 5 7 5 8 8 7 4 0
split_gain=0.525146 0.477241 0.448093 0.983213 0.95195 0.610989 0.483187 0.510366 0.44322 1.45525 1.08481 0.839072 1.24354 0.714059 0.890091 0.727207 0.744156 0.757965 0.623314 0.647057 0.867147 0.832868 0.939395 1.46754 0.936055 1.06056 0.90316 0.779741 0.899603 0.562382
threshold=0.079061678468717936 0.43178115732243499 0.71014492616397173 65.589279665839854 71.384803105610402 0.24668851310818021 0.081445378995278608 0.95131173623803866 0.43822413041685687 0.035582665312475961 72.636242482043727 74.079952285585975 0.41751121188715407 0.28533046601786566 86.352263577446465 0.00034850307338152314 0.06094917433654435 0.046375553000835915 1.0913625314285549 44.090909069865724 0.78967278041982381 0.034048340045024515 89.350945490958722 0.056835442829510065 68.881771044823552 0.8609775726248089 0.89904761733514771 0.016175690907701008 -0.65962784368940908 -0.0096769734319120376
decision_type=10 10 10 10 10 10 10 10 10 10 10 10 8 10 10 10 8 10 10 10 10 10 10 10 10 10 10 10 10 10
left_child=8 -2 5 -4 -5 -3 -7 -8 9 -1 -11 12 -12 14 15 -13 17 -17 -10 27 -21 24 -23 26 -22 -26 -24 28 29 -20
right_child=1 2 3 4 -6 6 7 -9 18 10 11 13 -14 -15 -16 16 -18 -19 19 20 21 22 23 -25 25 -27 -28 -29 -30 -31
leaf_value=-1.6574590771043817e-05 0.002348077282914075 -0.00081557589092870757 -0.0028135627684119438 0.0078502316456583766 0.00059419871289719591 -0.0049920703392126601 0.0029101474311056677 -0.0030757363223158992 -0.00016712023493907317 0.00029131071123986223 0.00070911996994137529 -0.0031090486849818006 0.0087413744428777151 0.0031907551829292538 0.0059882748322408717 0.0015035680591912147 0.0048937496759637062 -0.0037800012548853245 -0.0028712936460241539 0.00039239693386073103 -0.00036269186020842603 -0.00062255763692229662 0.0044275448785150709 0.0080579604569356901 0.0012189323937607899 -0.00018023634609105904 -0.002592928690184665 -0.00028804226043621341 -0.00039282277211563914 -0.0082083471045579486
leaf_weight=129948 114 1214 131 63 160 180 51 118 62872 35758 93 169 100 313 61 192 87 105 124 17768 4255 7033 73 80 3182 2358 123 2242 219 82
leaf_count=129948 114 1214 131 63 160 180 51 118 62872 35758 93 169 100 313 61 192 87 105 124 17768 4255 7033 73 80 3182 2358 123 2242 219 82
internal_value=6.05131e-06 -0.000794909 -0.000981816 0.000624462 0.00264411 -0.00134562 -0.00318938 -0.00126935 1.21386e-05 6.20949e-05 0.000339305 0.0018716 0.00487091 0.00124714 0.000256346 -0.000375928 0.00082693 -0.00036436 -7.08603e-05 9.03601e-05 0.000147768 -0.000106358 -0.000510265 0.00235115 0.000195037 0.000623402 2.18395e-05 -0.000660271 -0.00262389 -0.00499575
internal_weight=269268 2031 1917 354 223 1563 349 169 267237 166826 36878 1120 193 927 614 553 384 297 100411 37539 34872 17104 7309 276 9795 5540 196 2667 425 206
internal_count=269268 2031 1917 354 223 1563 349 169 267237 166826 36878 1120 193 927 614 553 384 297 100411 37539 34872 17104 7309 276 9795 5540 196 2667 425 206
is_linear=0
shrinkage=0.05


Tree=64
num_leaves=31
num_cat=0
split_feature=2 8 0 6 6 8 2 4 2 5 6 4 5 5 6 5 8 8 0 8 5 4 6 0 8 5 8 8 6 6
split_gain=0.501159 0.712364 0.664772 0.800675 0.754109 0.759943 0.64321 2.79046 0.761905 0.693602 0.620952 0.529524 0.522279 0.693363 1.67508 0.705856 0.6795 0.815696 0.506194 0.490278 0.736636 0.4826 0.470992 0.458542 0.456439 0.470873 0.505009 0.450716 0.739852 0.43777
threshold=0.14689145610645607 0.8609775726248089 0.071774098249793319 1.6093040268207586 0.56295236189311193 0.45554474172630172 0.3897788632604014 0.40732190437622123 0.5317431461326293 72.193383674602458 0.35031719307178938 0.49436743298584201 77.611940197148598 67.314036753084238 2.1979525349369644 61.481718059717075 0.43822413041685687 0.42526503026784274 0.0088855749301288717 0.95132488019122674 79.261974704181185 0.35373948376264092 2.1343770088931624 0.020081004754210822 0.70517419753052002 80.202179339743097 0.91231343233938167 0.20227584126274714 2.2673683850001769 1.4726051119868486
decision_type=10 10 10 10 10 10 10 10 10 10 8 10 10 10 10 10 8 10 10 10 10 10 10 10 10 10 10 10 10 10
left_child=1 10 4 19 24 6 12 -8 -9 -10 11 -1 13 14 15 16 17 18 -6 -4 -21 -17 29 -20 -2 26 -26 28 -5 -15
right_child=2 -3 3 27 5 -7 7 8 9 -11 -12 -13 -14 22 -16 21 -18 -19 23 20 -22 -23 -24 -25 25 -27 -28 -29 -30 -31
leaf_value=0.00054992868208245495 6.3132848868049167e-05 -0.00055634870480493969 -0.0022467856633610231 0.0065550513853154637 0.00050738299546600391 0.00023210261820208827 0.010800399013323947 -0.0012444935135209388 -0.00074739684973008425 0.0062796821068250314 -1.6792494820408715e-05 0.0054909473577175634 -0.0013586951149746139 0.0017930916715960619 0.0093114059955741353 0.0016041164935923448 -8.1712949411715809e-05 0.0078878756310267941 0.0076374884598168005 0.0015557079414993868 -0.0031365621337249116 -0.0013759908006104136 -0.0015515804389589142 0.0021769397950265556 -0.0013132280097680419 -0.0053581943464450889 0.0018375864639956427 -0.00010097289987631414 -0.00087631296183010858 0.0045110285899835978
leaf_weight=3844 1669 6034 792 68 363 23415 87 198 58 89 225569 55 270 778 52 166 709 57 53 245 127 748 86 140 1149 64 143 1991 66 183
leaf_count=3844 1669 6034 792 68 363 23415 87 198 58 89 225569 55 270 778 52 166 709 57 53 245 127 748 86 140 1149 64 143 1991 66 183
internal_value=5.74875e-06 -2.00803e-05 0.000185894 -0.000489443 0.000258775 0.000341336 0.000974901 0.00279807 0.000780096 0.00350709 -5.97878e-06 0.000619628 0.000756424 0.000927663 0.000439969 0.000233656 0.000972324 0.00219143 0.00160744 -0.00154351 -4.6223e-05 -0.000834746 0.00199342 0.00367647 -0.000490473 -0.00117186 -0.000964492 8.79387e-05 0.00289483 0.00231066
internal_weight=269268 235502 33766 3289 30477 27452 4037 432 345 147 229468 3899 3605 3335 2288 2236 1322 613 556 1164 372 914 1047 193 3025 1356 1292 2125 134 961
internal_count=269268 235502 33766 3289 30477 27452 4037 432 345 147 229468 3899 3605 3335 2288 2236 1322 613 556 1164 372 914 1047 193 3025 1356 1292 2125 134 961
is_linear=0
shrinkage=0.05


Tree=65
num_leaves=31
num_cat=0
split_feature=7 2 1 8 2 6 1 6 7 2 2 7 4 6 7 2 7 8 7 4 6 7 6 7 4 1 8 8 7 7
split_gain=0.693994 0.779732 0.818845 1.291 1.02173 0.80596 0.764674 0.724777 0.610519 0.600592 1.23343 0.920597 0.756536 1.68165 0.953441 1.0912 0.798277 0.787822 1.48234 1.22899 1.6441 0.834981 0.754659 1.51467 1.13353 1.04316 0.822235 0.766056 0.754052 0.736105
threshold=0.06094917433654435 -0.18948242230727122 -0.15738888560099426 0.17569641369710343 -0.32084279149985417 1.6505494143082171 -0.23808310028742327 0.31108502795383225 0.016625215924970689 0.063182897862232759 0.0051465002353683351 0.032390809754010451 0.5843916806097863 0.92563592641101933 0.01849279906403763 0.225079449382973 0.033275881399993615 0.73557485070685813 0.016781138874814996 0.85193201255003093 1.2049747868104068 0.017955990406416902 2.2673683850001769 0.028749857779281091 1.2768143495111557 0.2068991669203544 0.31831738772629514 0.96074607427254322 0.02662810260383033 0.011187909012920107
decision_type=10 8 10 8 10 10 10 10 10 10 10 10 10 10 10 10 10 8 10 10 10 10 10 10 10 10 10 10 10 10
left_child=1 2 3 4 -1 6 -6 -2 -4 10 11 28 13 -11 17 16 -16 18 -14 -20 -21 -22 25 24 -24 27 -27 -17 -3 -19
right_child=7 9 8 -5 5 -7 -8 -9 -10 12 -12 -13 14 -15 15 22 -18 29 19 20 21 -23 23 -25 -26 26 -28 -29 -30 -31
leaf_value=0.0053813295474919006 0.0033092789402594152 1.740126836577885e-05 -0.0022915263004182431 -0.0018974593851052734 -0.0027322835670108158 -0.00066809939470624101 0.0031235293685635437 -0.0004318745022741724 0.00028910183888751056 3.5570387026781276e-05 -0.0003019716328886048 0.00025606158458386214 0.00053745398297265273 0.00080923342574601301 -6.9738254311094714e-05 0.00015774274433149658 -0.00070414369980890002 0.0033934956410709726 0.0015857690464908957 0.014289977356653522 0.0018087500536109605 0.0095268076011801473 0.0097423385713626166 0.000826767525136446 0.00085015651149054374 0.0029864434671958871 -0.0018332354600484554 0.0017565873556018457 -0.00030015500470501912 -0.00051219658804454624
leaf_weight=210 131 84381 233 227 62 289 553 11008 14002 20469 39116 30994 954 10693 12198 6104 8355 136 250 54 112 51 89 1243 60 98 912 854 24014 1068
leaf_count=210 131 84381 233 227 62 289 553 11008 14002 20469 39116 30994 954 10693 12198 6104 8355 136 250 54 112 51 89 1243 60 98 912 854 24014 1068
internal_value=-1.47527e-06 1.52216e-05 0.000358132 0.00153929 0.00223959 0.00150977 0.00253319 -0.000387877 0.000246862 -6.83072e-06 -5.38648e-05 1.57601e-05 0.000124972 0.000301047 -4.36573e-05 -0.000123835 -0.00032763 0.000870007 0.00166733 0.00397548 0.0067286 0.0042236 0.000323664 0.00139781 0.00616159 0.000136013 -0.00136558 0.000353979 -5.29507e-05 -7.10221e-05
internal_weight=268920 257781 15576 1341 1114 904 615 11139 14235 242205 178505 139389 63700 31162 32538 29913 20553 2625 1421 467 217 163 9360 1392 149 7968 1010 6958 108395 1204
internal_count=268920 257781 15576 1341 1114 904 615 11139 14235 242205 178505 139389 63700 31162 32538 29913 20553 2625 1421 467 217 163 9360 1392 149 7968 1010 6958 108395 1204
is_linear=0
shrinkage=0.05


Tree=66
num_leaves=31
num_cat=0
split_feature=1 6 2 8 4 0 2 4 6 1 8 0 0 6 4 6 6 0 6 2 0 2 6 4 1 8 4 6 1 0
split_gain=0.592554 0.635812 0.783796 1.17077 0.91195 1.18154 1.12529 1.15461 0.865537 1.0327 0.74673 0.660903 0.586707 0.526128 0.678082 0.525988 0.508162 0.558783 0.702942 0.672964 0.789317 0.717941 0.708102 0.723557 0.663104 0.616364 0.930281 0.836871 0.553856 0.631038
threshold=-0.026582193079394464 1.2202166521143678 0.17480451732844984 0.76130113397639287 0.97647239300175082 0.045613811873003514 0.225079449382973 0.82609845294226092 2.349245140747239 0.2068991669203544 0.48901098845122398 0.059174224623200218 0.0097301672739283935 1.6722418876634639 1.0889217266561968 1.5043727894306957 1.8689944477999509 -0.018548287706632079 0.50210660955191655 -0.11788454893370102 -0.062339272320136634 -0.23318461280970601 1.1897040002484742 -1.0384766367224652 -0.094794384716213473 0.28191930370458645 -1.3229231923792539 1.236330386394894 -0.027190098960917394 0.15039605358095179
decision_type=10 10 10 10 10 10 10 10 10 10 10 10 10 10 10 10 10 8 8 8 10 10 8 10 10 8 10 10 8 10
left_child=16 -2 -3 4 5 -4 -7 15 9 -5 13 -11 -10 -6 -15 -8 17 18 -1 20 21 25 23 24 -22 26 -20 -28 -19 -30
right_child=1 2 3 8 10 6 7 -9 12 11 -12 -13 -14 14 -16 -17 -18 28 19 -21 22 -23 -24 -25 -26 -27 27 -29 29 -31
leaf_value=0.0010877716379778873 -0.0001165596678832934 -5.1109263967379665e-06 0.0014035989963716979 0.00013308549959115676 -0.00067491435701038044 0.0010016315567161656 0.0071387700217945332 0.0022882048424647805 0.0037145688960096134 -0.00065606527475996158 -0.00077811011503164202 -0.0033846713564780057 0.00076962744940034652 0.0074986543506383903 0.001740803385507201 0.013792721443395647 -0.00055518612830281146 -1.0806793675642477e-05 0.00046059540114087714 4.6996836740364329e-05 0.00070652683011251157 0.00071191648278392909 -0.0004005692676611544 0.00033865910671482876 0.0026483712586801559 0.00012957195384212986 0.0087569557999696342 0.0031710458938542709 0.00091661746609872439 -0.0043221578222967811
leaf_weight=2450 124419 37018 1665 3930 177 125 66 77 194 571 761 363 1319 60 346 54 2900 55921 121 22111 1139 775 2332 6616 716 130 124 146 2235 59
leaf_count=2450 124419 37018 1665 3930 177 125 66 77 194 571 761 363 1319 60 346 54 2900 55921 121 22111 1139 775 2332 6616 716 130 124 146 2235 59
internal_value=-1.4015e-06 -5.75004e-05 9.97589e-05 0.000499643 0.00125938 0.00193979 0.0047123 0.00706679 0.000102798 -0.000222085 0.000253449 -0.00171654 0.00114723 0.00159996 0.00259172 0.010133 9.67938e-05 0.000116723 0.000269633 0.000211041 0.000510832 0.00167681 0.000370953 0.000583347 0.00145605 0.00311211 0.00410375 0.00573643 2.04295e-05 0.00078188
internal_weight=268920 171145 46726 9708 3331 1987 322 197 6377 4864 1344 934 1513 583 406 120 97775 94875 36660 34210 12099 1296 10803 8471 1855 521 391 270 58215 2294
internal_count=268920 171145 46726 9708 3331 1987 322 197 6377 4864 1344 934 1513 583 406 120 97775 94875 36660 34210 12099 1296 10803 8471 1855 521 391 270 58215 2294
is_linear=0
shrinkage=0.05


Tree=67
num_leaves=31
num_cat=0
split_feature=7 2 0 0 7 1 1 4 5 4 5 2 7 8 2 7 1 7 4 7 4 8 2 7 1 8 2 2 7 5
split_gain=0.637599 0.67252 1.12872 0.689832 0.700081 0.674833 0.661192 1.25771 0.976648 0.777101 0.644225 0.600245 0.583686 0.561463 0.53184 0.828274 0.809117 0.912789 0.79722 1.138 0.854641 0.729563 0.768218 0.765497 0.831114 0.537134 0.526465 0.513973 1.30277 1.22181
threshold=0.06094917433654435 -0.18948242230727122 -0.070991281012234661 0.027667376662952717 0.049831260130964027 -0.13975089850557351 0.040221756848450536 -0.40719827892798205 25.444552398323193 -0.48589683967967445 22.894895672215231 -0.20102062680521168 0.019229021810945501 0.13320996694719225 0.14689145610645607 0.022913603576878383 0.063716578234004909 0.022693076900447157 0.64977701337552107 0.022044759013178344 0.99555540874825887 0.51933701571380653 0.5317431461326293 0.041827604897578967 -0.059815160984455377 0.91946033832292196 -0.2204671338228493 0.30648267736161167 0.027329101590553163 73.576251344163992
decision_type=10 8 10 10 10 10 10 10 10 10 10 10 10 10 10 10 10 10 10 10 10 10 10 10 10 10 10 10 8 10
left_child=1 2 -1 6 5 -5 9 8 -8 12 -7 13 -4 -11 25 16 17 18 -16 20 -20 22 23 24 -17 -3 -6 -23 -29 -30
right_child=-2 14 3 4 26 10 7 -9 -10 11 -12 -13 -14 -15 15 21 -18 -19 19 -21 -22 27 -24 -25 -26 -27 -28 28 29 -31
leaf_value=0.0023776868766472769 -0.000371700277480645 -2.4740213543927736e-05 -0.0012636331601290096 0.0052917042065140172 -0.0032077914387574078 -0.0010847694539256633 0.00033840931061169377 0.00032151109400277173 0.007781463543518035 -0.001787894347911576 0.0019427409015015933 0.000788262059864784 0.00031948657043367931 0.00029884334649592383 0.00029572066011713708 0.0050682039837738561 -0.00022186069713513114 0.0081668321316226804 0.0015168685076100011 0.0096068410494885709 0.0081869336948902516 -0.00013236790817173233 0.0057679534468748801 -0.00013754084411416595 0.00094541036254799362 -0.00078422432321738334 0.002633672573601534 0.0061959173569448474 0.0011957641073908416 -0.00031514708495803388
leaf_weight=647 11139 210866 618 120 135 219 69 499 122 1253 889 459 10058 434 507 128 597 58 434 59 54 16728 73 2044 2717 2354 54 96 2310 3180
leaf_count=647 11139 210866 618 120 135 219 69 499 122 1253 889 459 10058 434 507 128 597 58 434 59 54 16728 73 2044 2717 2354 54 96 2310 3180
internal_value=-1.33143e-06 1.46726e-05 0.000333137 0.000244529 0.00129407 0.00173008 0.000134464 0.00164221 0.00509261 5.33263e-05 0.00134434 -0.000814875 0.000227845 -0.00125106 -5.80755e-06 0.000195146 0.00126295 0.00206009 0.00172405 0.00304793 0.00225495 0.000128242 0.00067661 0.000600588 0.0011309 -3.31251e-05 -0.0015388 6.3012e-06 0.000421564 0.000320592
internal_weight=268920 257781 15576 14929 1417 1228 13512 690 191 12822 1108 2146 10676 1687 242205 28985 1709 1112 1054 547 488 27276 4962 4889 2845 213220 189 22314 5586 5490
internal_count=268920 257781 15576 14929 1417 1228 13512 690 191 12822 1108 2146 10676 1687 242205 28985 1709 1112 1054 547 488 27276 4962 4889 2845 213220 189 22314 5586 5490
is_linear=0
shrinkage=0.05


Tree=68
num_leaves=31
num_cat=0
split_feature=7 2 0 0 4 1 4 5 4 2 7 7 7 1 5 1 1 5 2 2 7 5 4 7 7 2 5 7 5 7
split_gain=0.575433 0.606949 1.01867 0.622573 0.646054 0.596726 1.13509 0.881425 0.709119 0.667684 0.570243 0.519584 0.508606 0.721342 0.628228 0.507795 0.781286 0.746263 0.505885 1.09508 0.826755 1.19938 0.699335 1.16739 0.867801 0.932961 0.865631 0.914828 0.749936 0.722512
threshold=0.06094917433654435 -0.18948242230727122 -0.070991281012234661 0.027667376662952717 -0.26383113010512238 0.040221756848450536 -0.40719827892798205 25.444552398323193 -0.57765621859008365 -0.29919394975115426 0.041538599729037541 0.016625215924970689 0.043696133150102102 -0.13975089850557351 22.894895672215231 0.0013683635398149543 0.0071303173583411325 41.534475409655847 0.063182897862232759 0.0051465002353683351 0.032390809754010451 66.433854731003393 0.5843916806097863 0.044028506789199028 0.018358435625879813 0.225079449382973 70.622972347479006 0.036494476576477579 89.350945490958722 0.033275881399993615
decision_type=10 8 10 10 10 10 10 10 10 10 10 8 10 10 10 10 10 8 10 10 10 10 10 10 10 10 10 10 10 10
left_child=1 2 -1 5 12 8 7 -7 11 -10 -11 -4 13 -5 -15 -12 -17 -18 19 20 -3 -22 23 -20 -24 29 -27 28 -28 -26
right_child=-2 18 3 4 -6 6 -8 -9 9 10 15 -13 -14 14 -16 16 17 -19 22 -21 21 -23 24 -25 25 26 27 -29 -30 -31
leaf_value=0.0022588025326399299 -0.00035311526028846448 -4.8194494106020564e-05 -0.0020833212325103686 0.0063775881602270339 -0.0014673564882173196 0.00032148873433470728 0.00030543552969162537 0.0073923903983205627 -0.0025692321540181137 -0.00065913794094950426 -2.0133826038176322e-05 0.0003497589418950011 -0.00016094229959599284 -0.00070268844378961609 0.0025206673989733408 0.0081861646619962331 0.0036988999345339835 -0.0025584601258081176 0.00046068910630720411 -0.00028246219111552573 0.00019513177469958725 0.0021985348005601111 0.00084014005799157461 -0.00024753407580063892 -6.5629412316222876e-05 0.0010383847372769327 0.0010021560002890972 -0.00047792145400258907 -0.0020413968347375877 -0.00066837873892114537
leaf_weight=647 11139 108395 225 94 192 69 499 122 362 2623 505 8853 294 198 639 52 125 77 23420 39116 30228 766 2543 7742 12278 2746 2292 4102 222 8355
leaf_count=647 11139 108395 225 94 192 69 499 122 362 2623 505 8853 294 198 639 52 125 77 23420 39116 30228 766 2543 7742 12278 2746 2292 4102 222 8355
internal_value=-1.26486e-06 1.3939e-05 0.00031648 0.000232303 0.00122937 0.00012774 0.0015601 0.00483798 5.06599e-05 -0.00052834 -0.000309889 0.000289455 0.00165204 0.00222456 0.00175815 0.000897067 0.00272064 0.00131367 -5.51717e-06 -4.86839e-05 1.69201e-05 0.000244645 0.000115448 0.000284736 -4.66809e-05 -0.000121866 0.000292109 -1.76364e-05 0.000733394 -0.000309703
internal_weight=268920 257781 15576 14929 1417 13512 690 191 12822 3744 3382 9078 1225 931 837 759 254 202 242205 178505 139389 30994 63700 31162 32538 29995 9362 6616 2514 20633
internal_count=268920 257781 15576 14929 1417 13512 690 191 12822 3744 3382 9078 1225 931 837 759 254 202 242205 178505 139389 30994 63700 31162 32538 29995 9362 6616 2514 20633
is_linear=0
shrinkage=0.05


Tree=69
num_leaves=31
num_cat=0
split_feature=7 6 1 5 6 0 7 7 6 5 4 8 7 5 6 8 6 7 0 5 8 5 8 1 4 0 7 7 6 4
split_gain=0.519328 0.676286 0.578171 0.723881 0.659707 0.832696 0.575459 1.10181 0.735526 0.654515 0.564141 1.367 1.13726 1.03833 1.02461 0.77176 0.664448 0.56056 0.556467 0.544781 0.5327 1.50647 0.877721 1.45099 0.979125 1.26952 0.706899 0.620773 0.497504 1.31515
threshold=0.06094917433654435 0.45188364337852277 -0.043185890150658816 55.805379334986419 0.41664128979638942 -0.0091639620278571848 0.044783073190515534 0.052946406917865098 1.4310490402666254 67.609507282816807 -0.62723556309173689 0.2177029679116855 0.017540173128895536 34.179375695294873 0.43899117070756927 0.41751121188715407 0.45806781455587359 0.0093581203945442993 -0.07805826330971298 44.284125602012338 0.15783037525820851 40.937392309191949 0.3604740832465238 0.14460248547869184 -0.021092574274438173 0.003136483142144542 0.056835442829510065 0.011187909012920107 1.3170401682373623 -0.081634386871794737
decision_type=10 10 10 10 8 10 10 10 10 10 10 10 10 10 8 10 8 10 10 10 8 10 10 10 10 10 10 10 10 10
left_child=2 -2 3 28 5 -5 8 -8 -6 -9 11 16 13 14 -13 -15 -4 -16 -18 -20 21 -12 23 -22 -25 -26 -27 -24 -1 -30
right_child=1 -3 10 4 6 -7 7 9 -10 -11 20 12 -14 15 17 -17 18 -19 19 -21 22 -23 27 24 25 26 -28 -29 29 -31
leaf_value=0.00014413400672400744 0.0010775231942249464 -0.00044288003415268403 0.0013274967850467933 0.0073714106965514772 0.00075362828225940303 0.00085600517875301192 -0.001373370066488828 0.0018563284111051501 0.0038916444505339128 -0.0024110089102759961 0.00010359564933746905 0.0033890606676626103 -0.00034712295355537664 0.00083753003076474293 0.00056867034515679482 -0.0017419628884307236 -0.0038930861685609365 -0.0033162763240562262 2.0334377457109119e-05 -0.0010134432572111568 0.00016050151031854446 -0.00068796829743173794 0.00087305868610586246 0.0071917147969361404 -0.0010567265106450831 0.0020928094178283142 0.0075434608348587066 -7.1840312900658864e-05 -0.00038772064940714024 0.004266388147981132
leaf_weight=53062 787 10352 863 82 3584 122 903 623 197 105 15072 66 3837 505 101 681 96 1151 13904 1403 49678 9998 1772 80 353 843 64 91152 7329 155
leaf_count=53062 787 10352 863 82 3584 122 903 623 197 105 15072 66 3837 505 101 681 96 1151 13904 1403 49678 9998 1772 80 353 843 64 91152 7329 155
internal_value=-1.20161e-06 -0.000335459 1.3242e-05 0.000140677 0.000683713 0.00347494 0.0005785 -0.000206509 0.000917127 0.00124085 -3.07585e-05 -0.000265333 -0.000888055 -0.00171695 -0.00268279 -0.000643612 -2.2577e-05 -0.00300287 -9.8219e-05 -7.4419e-05 6.1821e-07 -0.000212083 3.76638e-05 0.000204295 0.00182786 0.0014873 0.00247742 -5.38217e-05 9.03069e-05 -0.00029133
internal_weight=268920 11139 257781 66162 5616 204 5412 1631 3781 728 191619 22607 6341 2504 1318 1186 16266 1252 15403 15307 169012 25070 143942 51018 1340 1260 907 92924 60546 7484
internal_count=268920 11139 257781 66162 5616 204 5412 1631 3781 728 191619 22607 6341 2504 1318 1186 16266 1252 15403 15307 169012 25070 143942 51018 1340 1260 907 92924 60546 7484
is_linear=0
shrinkage=0.05


Tree=70
num_leaves=31
num_cat=0
split_feature=1 0 6 6 7 2 1 8 6 6 7 2 9 3 7 7 6 0 2 7 8 1 2 8 2 2 0 2 6 2
split_gain=0.495318 1.11333 0.651464 0.53036 0.574947 0.568915 0.562223 0.682347 0.624156 0.564415 0.563425 0.755657 1.1104 0.790194 0.525147 0.505425 0.475641 0.552497 1.31373 0.752097 0.775724 0.60882 0.470551 0.808199 0.522045 0.910011 0.478169 1.03412 0.46814 0.466039
threshold=-0.026582193079394464 -0.07805826330971298 1.8034516744201159 1.8689944477999509 0.066940537286215143 -0.095852632071626462 0.10798492700206642 0.94246965447869058 2.1343770088931624 2.080172437363955 0.033123585838905116 0.24887111530462872 1.0000000180025095e-35 1.0000000180025095e-35 0.032677986316878328 0.032677986316878328 2.1343770088931624 -0.059310384195960013 -0.22651167371318895 0.058752616110890658 0.082514538216454145 -0.032602569338200042 0.1619513799135415 0.43822413041685687 0.25839402339364265 0.17937159640724534 0.064879818699374772 -0.079817201887150344 1.0070122301200986 -0.036595513977725584
decision_type=8 10 10 8 10 8 8 10 8 10 8 10 2 2 10 10 10 8 8 10 8 10 10 8 10 10 10 8 10 10
left_child=16 2 -2 -3 5 14 8 10 9 -7 11 15 -13 -14 -5 -8 17 18 19 20 -1 -20 26 24 25 -24 -19 -28 -22 -11
right_child=1 3 -4 4 -6 6 7 -9 -10 29 -12 12 13 -15 -16 -17 -18 22 21 -21 28 -23 23 -25 -26 -27 27 -29 -30 -31
leaf_value=0.0051419823677241417 -0.0019864548240019833 -7.4720822980284347e-05 0.0011151363079843577 0.00048358102636411788 -0.0016550051970830729 0.00026186205124292008 0.00087375149267970094 -0.00083622240731480121 -0.00029267045913846111 0.0058964681739702689 0.0004261877778268038 0.010119296011704384 0.0056789255625012127 -0.0017288124340767456 0.0033662906320613807 0.0053219183086619173 -0.00073350111973050818 4.1178340721033098e-05 0.00015305287807000029 -0.0003559422074408175 0.0034537142322265679 0.0035505700695632626 0.0070572853860953319 0.0004078417644975713 0.0075559503889896656 7.3127437283361112e-05 0.0038469496438640408 -0.00053593476872616493 -0.0014039297346669704 0.0014821803584132663
leaf_weight=317 1103 152478 200 375 408 2637 1363 837 7514 70 5343 59 72 72 273 67 1733 85053 3513 156 105 137 66 3885 55 159 255 285 94 410
leaf_count=317 1103 152478 200 375 408 2637 1363 837 7514 70 5343 59 72 72 273 67 1733 85053 3513 156 105 137 66 3885 55 159 255 285 94 410
internal_value=-3.9098e-06 -5.43523e-05 -0.00151039 -4.33206e-05 0.00020221 0.000241899 0.000190739 0.000512753 -4.59175e-05 0.000548918 0.000674607 0.00148741 0.0043421 0.00197506 0.00169806 0.00108216 8.73172e-05 0.000102437 0.000654617 0.00268624 0.00360597 0.000280576 7.58486e-05 0.000594826 0.00318923 0.00212181 5.05949e-05 0.00153376 0.00115915 0.00212593
internal_weight=269094 173281 1303 171978 19500 19092 18444 7813 10631 3117 6976 1633 203 144 648 1430 95813 94080 4322 672 516 3650 89758 4165 280 225 85593 540 199 480
internal_count=269094 173281 1303 171978 19500 19092 18444 7813 10631 3117 6976 1633 203 144 648 1430 95813 94080 4322 672 516 3650 89758 4165 280 225 85593 540 199 480
is_linear=0
shrinkage=0.05


Tree=71
num_leaves=31
num_cat=0
split_feature=5 7 7 2 0 4 7 8 2 8 3 5 2 4 8 6 4 6 7 8 0 2 2 6 7 4 2 8 7 4
split_gain=0.474788 0.737441 4.07047 0.849902 0.662383 0.587578 0.82394 1.35353 1.08429 1.77743 0.922275 0.904136 0.766541 0.576782 0.574645 0.841079 0.565852 0.673133 0.553937 0.539346 0.590692 0.524231 0.927035 0.903861 0.902467 1.4942 1.04995 1.02388 0.871703 0.867
threshold=84.36679887914751 0.057757133189171216 0.059819200537251725 0.46454772059302524 -0.011476182614509776 0.8658097108469397 0.033417484923777406 0.9058488064324447 0.30648267736161167 0.94246965447869058 1.0000000180025095e-35 68.881771044823552 0.03265089671744293 0.80164327893500864 0.33333333014833016 0.87776125432104735 1.1485950055336345 2.349245140747239 0.020077338584401107 0.35238095186156998 0.076313887081616474 0.072432156697544894 -0.01377161909206087 0.81262377010659892 0.059819200537251725 -0.021092574274438173 0.5317431461326293 0.83677729463455208 0.035399379558920398 0.81380051105069662
decision_type=10 10 10 8 10 10 8 8 10 8 2 10 10 10 10 10 10 10 10 10 10 10 8 10 10 10 10 8 10 10
left_child=5 3 -3 4 -2 21 8 12 10 -10 11 14 19 -4 15 -7 -5 -18 -16 -8 -21 22 28 -23 -25 -26 27 -27 -1 -28
right_child=1 2 13 16 -6 6 7 -9 9 -11 -12 -13 -14 -15 18 -17 17 -19 -20 20 -22 23 -24 24 25 26 29 -29 -30 -31
leaf_value=-1.9210771540399722e-05 0.0043001185291446746 0.015989100890699773 0.0053926071130554198 -0.00037900003861930025 0.00055286825887225987 0.0067642506719990218 -0.0019393798967803804 8.6629800173615844e-05 0.00073956753984684984 0.011881295639090241 -0.0006073549698040622 0.00094727555782529976 -0.0013546950826582385 -0.0005235834642209941 0.00071537862689552108 0.00040983073675862061 -0.0069415455387006027 -0.00035493815018396293 -0.0010910795199364834 0.00079076067982508701 0.006163708190105751 -9.3378529387337772e-05 -0.00018118748166097369 0.00044516597910568577 0.0029630550207573598 -0.00068003564372906978 0.00042339557645517393 -0.0031967839541890797 0.00028503023242493593 0.00722496461667964
leaf_weight=104518 125 50 50 342 2085 55 107 3676 126 50 4429 3091 4586 234 555 979 87 70 1803 183 71 20079 64457 24274 274 1307 404 585 30389 53
leaf_count=104518 125 50 50 342 2085 55 107 3676 126 50 4429 3091 4586 234 555 979 87 70 1803 183 71 20079 64457 24274 274 1307 404 585 30389 53
internal_value=-3.71431e-06 0.000617297 0.00283403 0.000343989 0.000764817 -1.08172e-05 -0.000273501 -0.000640074 1.15783e-05 0.00390483 -5.12161e-05 0.000328722 -0.00118007 0.000517999 -0.000234942 0.000747832 -0.0015198 -0.00400484 -0.000665895 0.00103828 0.00229265 1.02015e-05 -2.52046e-05 0.000160464 0.00034996 -0.000531099 -0.000938676 -0.00145821 4.93222e-05 0.0012122
internal_weight=269094 3043 334 2709 2210 266051 19711 8623 11088 176 10912 6483 4947 284 3392 1034 499 157 2358 361 254 246340 199364 46976 26897 2623 2349 1892 134907 457
internal_count=269094 3043 334 2709 2210 266051 19711 8623 11088 176 10912 6483 4947 284 3392 1034 499 157 2358 361 254 246340 199364 46976 26897 2623 2349 1892 134907 457
is_linear=0
shrinkage=0.05


Tree=72
num_leaves=31
num_cat=0
split_feature=1 5 7 2 3 2 5 6 1 7 4 1 7 7 7 7 7 7 4 5 2 7 2 2 1 7 7 2 2 5
split_gain=0.436536 0.951094 0.751783 0.749093 0.553595 0.585302 0.49201 0.647221 0.876312 1.16631 0.761095 1.11822 1.48789 1.0327 0.720127 0.738707 0.680476 1.15361 0.857279 0.508917 0.497409 0.520697 1.75908 1.27562 0.723706 0.529423 0.479669 1.11183 0.475143 0.850273
threshold=-0.026582193079394464 58.048114338556445 0.06094917433654435 0.15443695257483639 1.0000000180025095e-35 0.3897788632604014 84.36679887914751 2.2673683850001769 0.32037338840207635 0.058752616110890658 1.2252736199753029 0.09310529808872571 0.0292149956623305 0.057757133189171216 0.050417968496791338 0.044401498149700465 0.052946406917865098 0.068895718469190556 0.90901025542326297 86.352263577446465 0.3897788632604014 0.035399379558920398 0.19973999517365862 0.09502747050501216 0.15147380262110979 0.033716780539192116 0.054473624498138536 0.32268664290448762 -0.20524185014866811 30.641346612582129
decision_type=8 10 10 10 2 10 10 10 10 10 10 10 10 10 10 10 8 8 10 10 10 10 10 10 10 10 10 10 8 10
left_child=1 28 -3 -4 5 -5 26 8 16 -10 11 -9 -13 14 15 19 20 18 -18 -12 21 25 23 -23 -24 -8 27 -2 -1 -30
right_child=6 2 3 4 -6 -7 7 10 9 -11 13 12 -14 -15 -16 -17 17 -19 -20 -21 -22 22 24 -25 -26 -27 -28 -29 29 -31
leaf_value=0.00035751117110584854 -5.9464367089813339e-05 0.00076328986898743616 -0.0031347967415301056 0.00018821687200197988 -0.00066026336837659324 0.0061768810697899693 0.00031719812905747226 -0.001729728010679154 -0.007551900219887768 0.00056788516446128299 0.0029250333337623577 0.013606514451559635 0.0033277656415383484 0.0062544820251475494 -0.0054358387395534351 0.0061516449199989437 0.0077594228084437045 -0.0021882345143239947 0.00032358061111832073 -0.00210311864941082 -0.001426125618966437 0.0026363366516306999 -0.0036595171680981471 0.012055214050904674 0.0025748182898836145 -0.004497858541047511 -0.00039520885558884167 0.00089871941291011243 -0.00023967605526570759 0.00011022497350285116
leaf_weight=10006 156994 7409 240 102 581 68 1176 57 82 96 73 50 119 70 59 50 113 76 59 162 394 92 106 59 83 60 10164 3087 26294 51113
leaf_count=10006 156994 7409 240 102 581 68 1176 57 82 96 73 50 119 70 59 50 113 76 59 162 394 92 106 59 83 60 10164 3087 26294 51113
internal_value=-3.52859e-06 8.21143e-05 0.000590295 -0.000703066 7.4052e-05 0.00258368 -5.08835e-05 0.000580027 0.000202722 -0.00317269 0.00199256 0.00432626 0.00636882 0.000718608 -0.000407878 0.000632998 0.000473608 0.00294194 0.00520876 -0.000541182 0.000162874 0.000560124 0.00229295 0.00631656 -0.000921687 8.34575e-05 -6.21346e-05 -4.09868e-05 3.32804e-05 -8.63117e-06
internal_weight=269094 95813 8400 991 751 170 173281 3036 2396 178 640 226 169 414 344 285 2218 248 172 235 1970 1576 340 151 189 1236 170245 160081 87413 77407
internal_count=269094 95813 8400 991 751 170 173281 3036 2396 178 640 226 169 414 344 285 2218 248 172 235 1970 1576 340 151 189 1236 170245 160081 87413 77407
is_linear=0
shrinkage=0.05


Tree=73
num_leaves=31
num_cat=0
split_feature=2 2 4 6 8 2 1 1 4 0 1 1 8 2 0 2 6 1 1 8 8 6 4 0 1 1 6 4 4 8
split_gain=0.421604 0.754362 0.834465 1.36918 0.817181 1.51817 1.04965 0.790168 0.683634 0.61732 1.11527 0.638195 0.78388 0.606728 0.583528 0.503504 0.758327 0.495297 0.832634 0.720576 0.469172 0.752635 0.61396 0.594666 0.699374 0.690937 0.671292 0.64779 0.629819 0.658333
threshold=-0.046906596475218269 0.063182897862232759 0.5843916806097863 0.91309043372232235 0.36455017861569655 0.3897788632604014 0.042140418973867562 -0.0086583911464632717 -0.27152835850049201 0.089574882243653522 0.017857142857142908 0.12324540571616761 0.62431416532479123 0.09277924207872125 -0.001980198019802037 0.25839402339364265 0.71483680743428968 -0.086978427963726276 -0.043862143593844265 0.33333333014833016 0.032297688241028778 1.2202166521143678 -0.8689956971575773 0.027027027027027088 -0.11447863701864362 -0.15738888560099426 0.45188364337852277 -0.81681277957259724 -0.11083968852092306 0.45122353838458956
decision_type=8 10 10 10 10 10 10 10 10 10 10 10 10 10 10 10 10 10 10 8 10 8 10 10 10 10 10 10 10 10
left_child=9 -2 3 4 5 7 -7 13 -6 11 -11 20 -13 14 -3 -9 -17 -15 -19 -20 21 22 -1 28 25 -25 -26 -28 -22 -30
right_child=1 2 -4 -5 8 6 -8 15 -10 10 -12 12 -14 17 -16 16 -18 18 19 -21 23 -23 -24 24 26 -27 27 -29 29 -31
leaf_value=0.00073792812858405638 -0.00014668363708282567 0.00098005619833373245 -0.00010325523819264071 0.00066970530566295289 -0.0012815301519025313 0.0027199479378168692 0.011202531549896972 -0.00066782780986042196 -5.2470870883677067e-05 0.0053564691003937757 8.3352910731033703e-05 0.0017037082691778987 -0.004498367743670113 -0.0015433937290006063 0.0034827080698974448 0.0051497884934657923 -0.0021744926901240097 0.0022935391479491844 0.0016401237840871178 -0.0016102103613141511 -0.00010115303532944077 -0.00036414560481963282 0.000164329034004184 0.00022285390695829814 0.0053095095192089289 0.0042769021302644563 -0.0028737589988264362 0.00031049959280309513 0.00059250902285431812 -0.00062894180969032308
leaf_weight=7353 93414 585 34506 12234 1212 128 51 1543 17014 155 284 901 54 275 387 93 57 534 283 429 64440 4169 12762 198 66 224 163 7936 6307 1337
leaf_count=7353 93414 585 34506 12234 1212 128 51 1543 17014 155 284 901 54 275 387 93 57 534 283 429 64440 4169 12762 198 66 224 163 7936 6307 1337
internal_value=-3.35216e-06 -5.39443e-05 7.10092e-05 0.000243677 1.29648e-05 0.000627455 0.00513677 0.000434629 -0.000134201 7.40686e-05 0.00194516 6.63129e-05 0.00135301 0.00100073 0.00197648 -0.000398981 0.00236656 0.00037718 0.000801063 -0.000318294 5.4605e-05 0.000247283 0.000374007 -3.39604e-06 0.000389924 0.00237477 0.00028734 0.000246413 -5.02503e-05 0.000378867
internal_weight=269094 162745 69331 34825 22591 4365 179 4186 18226 106349 439 105910 955 2493 972 1693 150 1521 1246 712 104955 24284 20115 80671 8587 422 8165 8099 72084 7644
internal_count=269094 162745 69331 34825 22591 4365 179 4186 18226 106349 439 105910 955 2493 972 1693 150 1521 1246 712 104955 24284 20115 80671 8587 422 8165 8099 72084 7644
is_linear=0
shrinkage=0.05


Tree=74
num_leaves=31
num_cat=0
split_feature=5 6 0 1 4 2 0 5 9 0 2 2 6 1 4 2 2 4 2 2 5 6 6 5 6 2 6 1 4 2
split_gain=0.393206 0.578767 0.962865 0.794731 0.503809 0.475767 0.470828 0.446979 0.449924 0.525758 0.421352 0.877787 0.782955 0.701521 0.665248 0.550151 0.509021 0.485825 0.487542 1.37554 0.597407 1.03506 0.666225 0.469401 1.08997 0.49651 0.452471 0.721797 0.642075 0.736044
threshold=84.36679887914751 2.2673683850001769 0.0097301672739283935 0.32037338840207635 0.8658097108469397 0.0051465002353683351 0.038285554059660616 66.433854731003393 1.0000000180025095e-35 0.016777753787406761 0.063182897862232759 -0.0088701955150441974 0.94255675828893604 0.071906364990049113 0.45134855145007935 0.30648267736161167 0.11155108089510725 0.85193201255003093 0.3897788632604014 0.46454772059302524 63.821138200031818 0.60441262499964477 0.73492640369554352 75.099602289294651 1.0320920183646733 -0.062288871659726013 0.61814667560551106 0.12775959273898144 -0.74118881183265917 -0.024645537140768444
decision_type=10 10 10 10 10 8 10 10 2 10 10 10 10 10 10 10 10 10 10 10 10 10 10 10 8 10 8 10 10 10
left_child=4 3 -3 -2 10 -6 -4 -7 9 -9 11 23 13 17 15 16 -14 18 -12 20 22 -22 -20 26 -25 -26 27 28 -1 -30
right_child=1 2 6 -5 5 7 -8 8 -10 -11 12 -13 14 -15 -16 -17 -18 -19 19 -21 21 -23 -24 24 25 -27 -28 -29 29 -31
leaf_value=0.00056093795907634651 0.00046328261424697417 0.0075229075661113979 -0.0015113391050296586 -0.0030087342658119405 0.0010197567769792753 -0.00062909460250098711 0.0019802512298182549 -6.7159273219390904e-05 0.00017840423274039581 -0.0010259289050071486 -8.7968116853830369e-06 -0.00021141302828799817 0.00042909956176706272 -0.00078484919311666991 0.00016802503849497937 -0.00088710492752881124 0.0012914362162738488 0.0041787767763131521 -0.00079775569503437037 -0.00053751325840963938 0.0096210013680522247 0.0027220421398335415 0.0047111692907448564 -0.00077463547834225044 0.0027772787296087994 0.0083870430920920253 -1.7065963302126428e-05 0.0048181684856813053 -2.8135047237889748e-05 0.00086579629552788542
leaf_weight=8322 2225 68 123 178 708 6695 449 3818 6204 2286 25435 47210 3367 2791 14459 478 3480 71 162 639 72 222 83 195 119 59 112539 84 24006 2547
leaf_count=8322 2225 68 123 178 708 6695 449 3818 6204 2286 25435 47210 3367 2791 14459 478 3480 71 162 639 72 222 83 195 119 59 112539 84 24006 2547
internal_value=-3.18455e-06 0.00056196 0.00189812 0.000206096 -9.64849e-06 -0.000252888 0.00122944 -0.000300303 -0.000121455 -0.000426227 9.8144e-06 -2.37055e-05 0.000137384 -3.06104e-05 0.00036469 0.000752893 0.000867384 4.82788e-05 3.72592e-05 0.00103169 0.00289201 0.00441158 0.00106853 3.62229e-05 0.00180772 0.0046367 3.17431e-05 0.000188868 0.000177718 5.76121e-05
internal_weight=269094 3043 640 2403 266051 19711 572 19003 12308 6104 246340 195081 51259 29475 21784 7325 6847 26684 26613 1178 539 294 245 147871 373 178 147498 34959 34875 26553
internal_count=269094 3043 640 2403 266051 19711 572 19003 12308 6104 246340 195081 51259 29475 21784 7325 6847 26684 26613 1178 539 294 245 147871 373 178 147498 34959 34875 26553
is_linear=0
shrinkage=0.05


Tree=75
num_leaves=31
num_cat=0
split_feature=7 6 2 8 2 7 8 2 1 6 8 7 6 7 5 8 7 5 2 0 5 8 2 8 8 7 8 5 5 8
split_gain=0.403392 0.4828 0.495413 0.445132 0.424744 0.986833 3.77442 0.758185 0.716306 0.915554 0.856129 1.84714 0.965611 0.780407 0.849286 0.735569 1.09794 0.702587 0.890256 0.682393 0.662345 0.650578 0.642954 0.634064 0.603031 0.594337 1.6697 0.592087 0.586979 0.55354
threshold=0.079061678468717936 0.43178115732243499 0.65459219715740546 0.59353702287685184 0.24887111530462872 0.075517149084893084 0.39668932116089489 0.3897788632604014 0.19168037263172447 3.1031203251961537 0.87359775149466901 0.068895718469190556 1.3588892404331807 0.054473624498138536 70.622972347479006 0.79849641347406208 0.033123585838905116 77.611940197148598 0.25839402339364265 0.061806535162411642 84.36679887914751 0.55369438885340105 0.5317431461326293 0.38041764916219395 0.78756700837013283 0.070843092138759015 0.66623571998419873 81.358519548871314 79.261974704181185 0.94246965447869058
decision_type=10 10 10 8 10 10 10 10 10 10 10 10 10 10 10 10 10 10 10 10 10 8 10 8 8 10 8 10 10 10
left_child=4 3 -3 -2 25 8 -7 -8 10 15 12 13 17 14 -12 21 -17 19 -19 23 28 -10 -20 -6 -25 29 -27 -18 -15 -1
right_child=1 2 -4 -5 5 6 7 -9 9 -11 11 -13 -14 20 -16 16 27 18 22 -21 -22 -23 -24 24 -26 26 -28 -29 -30 -31
leaf_value=1.2936731313275745e-05 0.0056978618247773161 -0.0012381134360032022 0.00098926787188640861 -0.00058067017977511323 0.0043427248289019151 0.012844216027607522 -0.0041982977109885702 0.0018490793830795871 -0.004666762449888443 0.0014222755157483229 0.002493319948845153 0.0096452192354710697 0.0012142856441483968 -0.0008412682702655538 0.00064993795412178999 0.0043593297780544901 -0.00099432080484167609 0.0046058748239794604 -0.0028733357138506299 -0.0028060102845880799 0.0044211223794549124 0.0011719220895653837 0.0013776243497389106 -0.00049724027213462053 0.00065064650957999263 -0.00014474241499999002 -0.0036838456828263591 -0.0030568767756754375 -0.0059850277013790152 -0.00070671892993487081
leaf_weight=249029 55 1594 296 58 87 75 74 173 53 479 867 61 1474 378 2237 74 803 52 553 209 51 478 106 2472 2130 1709 414 614 65 2701
leaf_count=249029 55 1594 296 58 87 75 74 173 53 479 867 61 1474 378 2237 74 803 52 553 209 51 478 106 2472 2130 1709 414 614 65 2701
internal_value=7.46069e-06 -0.000699464 -0.000889275 0.00247525 1.27557e-05 0.000285352 0.00302029 3.73146e-05 0.000218853 -0.000543247 0.000396288 0.00101734 7.54618e-05 0.000871059 0.00116483 -0.00100887 -0.00157798 -0.000223812 -0.00169258 -1.06043e-05 -0.000974795 0.000589153 -0.00218957 0.000113994 3.40502e-05 -1.8109e-06 -0.000834893 -0.00188805 -0.001596 5.21501e-06
internal_weight=269421 2003 1890 113 267418 13565 322 247 13243 2501 10742 3659 7083 3598 3104 2022 1491 5609 711 4898 494 531 659 4689 4602 253853 2123 1417 443 251730
internal_count=269421 2003 1890 113 267418 13565 322 247 13243 2501 10742 3659 7083 3598 3104 2022 1491 5609 711 4898 494 531 659 4689 4602 253853 2123 1417 443 251730
is_linear=0
shrinkage=0.05


Tree=76
num_leaves=31
num_cat=0
split_feature=6 7 7 6 5 0 1 8 8 5 1 0 6 5 0 0 5 1 8 3 6 7 0 5 8 0 5 8 5 7
split_gain=0.402193 0.397496 0.751149 1.06811 0.725673 0.850927 0.594823 0.554837 0.797063 0.942521 1.03008 0.820266 0.812808 0.832561 0.64528 0.524035 0.47588 0.673938 0.52401 0.474497 0.468685 0.789556 0.595467 0.54201 0.541294 0.513535 0.486481 0.470174 0.598751 0.58887
threshold=0.27650921227003539 0.054473624498138536 0.052946406917865098 0.37777817132217473 89.350945490958722 0.048838080306593652 0.018543991081803716 0.12512729655249896 0.25785105679588655 36.551724114403498 -0.031382048643769304 0.017553620632659975 0.70486642919293763 53.050397863208779 -0.017311450145031045 -0.062339272320136634 44.661070926672998 0.050584170450210249 0.70517419753052002 1.0000000180025095e-35 1.2125205212079571 0.065185274809158783 0.054494406694063253 70.261214397015564 0.80382359519951585 0.0024447885420285646 40.735411799272448 0.83104930563871315 54.027952861603573 0.055227318600763041
decision_type=8 8 10 10 10 10 10 10 10 10 10 10 10 10 10 10 10 10 8 2 10 8 10 8 8 10 8 10 10 10
left_child=-1 2 15 -4 6 -6 -3 14 -9 -10 11 12 13 -11 -5 -2 -12 18 -18 -14 22 25 23 -8 -23 -22 -24 28 -27 -29
right_child=1 4 3 7 5 -7 20 8 9 10 16 -13 19 -15 -16 -17 17 -19 -20 -21 21 24 26 -25 -26 27 -28 29 -30 -31
leaf_value=0.00096120634890658877 0.00060999410607089945 -1.9862122672838786e-05 0.0073261356483271811 0.001680961521760508 0.0075199443825774582 0.00024769280887959361 -0.00091068319138912072 0.0042706988651138129 -0.0032593757941592203 0.012017591001655338 0.0045784559998390895 -0.0017980972671362222 -0.00066282287482696952 0.0032946411392414106 -0.0025985241404888602 6.0996981768727061e-06 -0.0034275529513251969 0.0011161960541733887 0.00043374500039786699 0.0045530558379358755 -0.00049527054835006492 5.8398508908180671e-05 0.0023978083852737673 8.7413649969743579e-05 -0.0020299352932344229 -0.00048569611891658993 -0.0021395600466778499 0.0044121277085702182 0.0030402380564121434 -0.0004838307339641788
leaf_weight=1100 3648 17034 64 142 66 103 3688 183 132 59 62 61 71 51 232 235487 192 571 162 113 611 637 63 2155 605 159 948 71 496 455
leaf_count=1100 3648 17034 64 142 66 103 3688 183 132 59 62 61 71 51 232 235487 192 571 162 113 611 637 63 2155 605 159 948 71 496 455
internal_value=7.08766e-06 3.17618e-06 2.35703e-05 0.000966213 -0.000178422 0.00308774 -0.000198925 0.000765802 0.00115842 0.000772026 0.00116856 0.00347835 0.00457313 0.00797331 -0.000973693 1.53121e-05 0.00033778 5.354e-05 -0.00166052 0.00254041 -0.000507396 9.99643e-06 -0.000736426 -0.000542568 -0.000958866 0.000681496 -0.00185682 0.00129031 0.00218432 0.000177031
internal_weight=269421 268321 241230 2095 27091 169 26922 2031 1657 1474 1342 355 294 110 374 239135 987 925 354 184 9888 3034 6854 5843 1242 1792 1011 1181 655 526
internal_count=269421 268321 241230 2095 27091 169 26922 2031 1657 1474 1342 355 294 110 374 239135 987 925 354 184 9888 3034 6854 5843 1242 1792 1011 1181 655 526
is_linear=0
shrinkage=0.05


Tree=77
num_leaves=31
num_cat=0
split_feature=6 7 7 6 8 8 0 3 8 1 4 6 0 0 6 7 0 6 8 8 1 4 4 8 1 4 4 8 8 0
split_gain=0.362979 0.35874 0.677912 0.970123 0.551258 0.752191 0.696569 0.605677 1.61293 0.524644 0.710486 0.50599 0.608866 0.587122 0.545255 0.656616 0.485912 0.536044 0.763748 0.733952 0.439686 0.52119 0.43658 0.875667 0.432498 0.426924 0.425324 0.704668 0.534547 0.43357
threshold=0.27650921227003539 0.054473624498138536 0.052946406917865098 0.38899516842181386 0.12512729655249896 0.25785105679588655 -0.017311450145031045 1.0000000180025095e-35 0.50224926047455021 -0.088746941272430643 0.55687220843679142 0.64523003444401839 -0.07805826330971298 0.059174224623200218 1.5361869485606656 0.084054682809110978 -0.07805826330971298 1.8689944477999509 0.21165644106853862 0.6804973471060507 -0.13278317838299639 -0.80890933023551481 -0.47951290906693039 0.4763019474533613 0.26006599770700684 -0.33103940139176152 -0.29470393053016014 0.96074607427254322 0.60225195820188426 -0.070991281012234661
decision_type=8 8 10 10 10 10 10 2 10 8 10 10 8 10 10 8 10 10 8 10 8 8 10 10 8 10 10 8 8 10
left_child=-1 2 16 -4 6 -6 25 22 -9 -10 -11 12 -3 20 26 -16 17 18 -2 -20 21 -14 23 -7 -15 -5 28 -28 -13 -29
right_child=1 11 3 4 5 7 -8 8 9 10 -12 14 13 24 15 -17 -18 -19 19 -21 -22 -23 -24 -25 -26 -27 27 29 -30 -31
leaf_value=0.0009131460373371904 0.0034155314012210476 -0.0016071141289494982 0.0065805635679742867 -0.00040537591959381925 0.0041552037448248785 -0.00097606854098904433 -0.002723585350094768 0.010201991070061922 0.0058228711560972179 -0.0009834209370178865 0.0022865536081644144 -0.00031810426930719128 0.00238176562226982 -0.0019765580213479943 0.00044597542152701179 -0.0030143227122707999 8.9488112990054695e-06 -0.000215332993390894 -0.00038538417716835096 0.005184584737593389 0.00029633947634464766 -0.0012106179621801418 -0.00094756375212813159 0.0072316432986759913 0.00034704712339856937 0.0052872368314672473 -0.00049531913406621953 0.0017261700719736223 0.0015363527814023482 -0.0018634101749850582
leaf_weight=1100 376 534 73 87 180 84 230 52 54 323 342 2733 114 556 2515 145 237669 607 414 69 11090 883 564 53 313 53 6131 89 453 1535
leaf_count=1100 376 534 73 87 180 84 230 52 54 323 342 2733 114 556 2515 145 237669 607 414 69 11090 883 564 53 313 53 6131 89 453 1535
internal_value=6.73327e-06 3.01737e-06 2.23918e-05 0.000917902 0.000713464 0.00110417 -0.001031 0.000731084 0.00169818 0.00108316 0.00069828 -0.000169501 4.7473e-05 0.000115669 -0.000384705 0.00025735 1.45465e-05 0.000922046 0.00172576 0.000410326 0.00020592 -0.000799854 -0.00033258 0.00219918 -0.00113963 0.00174968 -0.000540802 -0.00074062 -5.44291e-05 -0.00166669
internal_weight=269421 268321 241230 2095 2022 1652 370 1472 771 719 665 27091 13490 12956 13601 2660 239135 1466 859 483 12087 997 701 137 869 140 10941 7755 3186 1624
internal_count=269421 268321 241230 2095 2022 1652 370 1472 771 719 665 27091 13490 12956 13601 2660 239135 1466 859 483 12087 997 701 137 869 140 10941 7755 3186 1624
is_linear=0
shrinkage=0.05


Tree=78
num_leaves=31
num_cat=0
split_feature=0 4 0 2 4 5 1 5 5 6 4 6 6 1 4 6 6 4 4 5 1 4 4 5 5 2 0 6 1 2
split_gain=0.340898 1.55523 0.6717 0.603289 0.850988 0.824701 0.722286 0.995598 0.85416 1.16801 1.06863 0.895337 0.77645 0.744623 0.641041 0.59232 0.591214 1.04403 0.65202 0.595297 0.555493 0.537909 0.661283 0.689421 0.777679 0.50622 0.571272 0.491188 0.474374 0.425136
threshold=0.071774098249793319 -0.061446170109221036 0.10082579029278151 0.3897788632604014 0.51183061292236742 68.218354287684932 0.049419211333010978 63.594842475318643 70.622972347479006 0.67846876292485037 0.46919306990026333 0.85146481948946462 0.72172921347597752 -0.025957859745837083 0.28215517691900677 0.48697091873904857 0.88552461309724451 0.89317498498260806 0.75481095787642116 81.358519548871314 0.15147380262110979 0.65998057755851236 0.85193201255003093 74.584855952004844 71.384803105610402 0.46454772059302524 0.010611230953767927 1.1827272614234292 0.077482595617676245 0.42303513137429588
decision_type=10 8 10 10 10 10 10 10 10 10 10 10 10 10 10 10 10 10 10 10 10 8 10 10 10 10 10 10 10 10
left_child=3 2 -2 -1 6 20 7 14 9 13 -10 -11 -8 -9 29 -7 17 18 19 25 -6 -18 23 24 -23 -17 -27 -13 -25 -5
right_child=1 -3 -4 4 5 15 12 8 10 11 -12 27 -14 -15 -16 16 21 -19 -20 -21 -22 22 -24 28 -26 26 -28 -29 -30 -31
leaf_value=6.3152530643730074e-06 0.0010545462899523876 -0.00057498040715875777 0.0047233257688805933 0.0040758679442614602 -0.00068243671726122559 -0.0047885196713300859 0.0003454709563542296 0.01291545442050287 -0.0020965765809287896 -0.002236228229673076 0.0058615661695820553 0.0062469785744548988 0.0079293243255880146 0.0043696756567806012 -0.003003197698707476 0.0061016210370843172 -0.0018003660005515333 0.0066779542497563543 -0.0018647054324654685 -0.0012710632035123127 -0.0047708651410582345 0.0006646398045787854 -0.00019082590975955818 0.0036530191995699729 0.0076101033298886919 -0.00024943334684081255 0.0057780182924410655 0.00059511237717554749 -0.00044816416252299921 -0.00022422607707563719
leaf_weight=258029 593 6596 158 79 256 52 54 52 148 74 59 114 90 50 159 102 295 98 140 96 123 70 1046 99 95 122 58 58 245 211
leaf_count=258029 593 6596 158 79 256 52 54 52 148 74 59 114 90 50 159 102 295 98 140 96 123 70 1046 99 95 122 58 58 245 211
internal_value=6.39661e-06 -0.000329514 0.00182641 1.58136e-05 0.000621706 0.000165177 0.00177377 0.0012988 0.00271499 0.00422781 0.000171686 0.00236257 0.00508538 0.00872635 -0.00045173 0.000492469 0.000603828 0.00194548 0.00105015 0.00212973 -0.00200929 0.000157093 0.000528443 0.00200655 0.00466354 0.00328745 0.00169275 0.00434112 0.000732118 0.000947179
internal_weight=269421 7347 751 262074 4045 2897 1148 1004 555 348 207 246 144 102 449 2518 2466 616 518 378 379 1850 1555 509 165 282 180 172 344 290
internal_count=269421 7347 751 262074 4045 2897 1148 1004 555 348 207 246 144 102 449 2518 2466 616 518 378 379 1850 1555 509 165 282 180 172 344 290
is_linear=0
shrinkage=0.05


Tree=79
num_leaves=31
num_cat=0
split_feature=7 6 2 4 2 7 8 2 7 5 8 4 7 4 5 6 4 6 8 6 5 8 0 4 6 3 7 4 5 6
split_gain=0.334546 0.432792 0.445994 0.493421 0.392092 0.902063 3.41988 0.678609 0.589349 0.739379 1.20108 0.941303 0.917887 1.56855 1.38739 0.82217 0.64638 0.876907 0.69741 0.757834 0.802182 0.745829 0.597614 0.597001 1.26635 0.828886 0.591605 0.55044 0.540148 0.66004
threshold=0.079061678468717936 0.49203054622952808 0.65459219715740546 0.57521814977149266 0.24887111530462872 0.075517149084893084 0.39668932116089489 0.3897788632604014 0.040435130959160917 73.138336581420717 0.70008446889021692 0.60248127982763122 0.034367111798127327 0.75481095787642116 77.611940197148598 1.2444221120988184 0.82609845294226092 2.1343770088931624 0.61989833219557444 3.1031203251961537 82.721296622103907 0.95132488019122674 0.011206670128427356 0.87946274317831652 1.3588892404331807 1.0000000180025095e-35 0.034697562260999779 1.4264144945704402 76.882066305004102 0.88552461309724451
decision_type=10 10 10 10 10 10 10 10 10 10 10 10 10 10 10 10 10 10 8 10 10 10 10 10 10 2 10 10 10 10
left_child=4 -2 3 -3 -1 8 -7 -8 9 15 22 -12 23 14 -14 -6 17 -10 -18 28 27 -22 -11 -13 -25 -26 -24 -21 -20 -30
right_child=1 2 -4 -5 5 6 7 -9 16 10 11 12 13 -15 -16 -17 18 -19 19 20 21 -23 26 24 25 -27 -28 -29 29 -31
leaf_value=-3.0966832606877414e-06 0.0015690417480218458 -0.00093793599996641228 0.00091742077217176312 -0.0040538429021502714 0.0008182084800033556 0.012238790840531389 -0.0039589567827312535 0.001762274573045659 0.00023717283416867355 -0.0043114734530675719 -0.0023965690482924754 0.00050070948642066721 0.0091721645493856377 -0.0013628156693837263 1.956719488395933e-05 0.0033062242565410336 -0.0040017460296607526 0.0054776846934224905 -5.9785209515199031e-05 -0.0029029238516011754 0.0064875461898015506 -0.00020271744793997362 -0.0023426363666091336 0.0061042631411497182 0.0051886111280120013 0.00026498237491580156 0.0030020497034853088 0.001926024390559178 0.0020272746264934543 -0.0017880467205305412
leaf_weight=253853 200 1374 289 140 1149 75 74 173 5509 193 227 440 74 657 94 467 141 81 1537 111 116 65 154 209 112 361 78 126 125 1217
leaf_count=253853 200 1374 289 140 1149 75 74 173 5509 193 227 440 74 657 94 467 141 81 1537 111 116 65 154 209 112 361 78 126 125 1217
internal_value=6.07678e-06 -0.000637703 -0.000882489 -0.00122606 1.08988e-05 0.000272807 0.00288764 4.82215e-05 0.000209229 0.000697386 0.000175204 0.000650448 0.0010057 -0.000260352 0.00405107 0.00153721 -1.86828e-05 0.000313109 -0.000558158 -0.000410889 0.00157855 0.00408497 -0.00225581 0.00193662 0.00286301 0.00143083 -0.000545716 -0.000335635 -0.000699734 -0.00143267
internal_weight=269421 2003 1803 1514 267418 13565 322 247 13243 4215 2599 2174 1947 825 168 1616 9028 5590 3438 3297 418 181 425 1122 682 473 232 237 2879 1342
internal_count=269421 2003 1803 1514 267418 13565 322 247 13243 4215 2599 2174 1947 825 168 1616 9028 5590 3438 3297 418 181 425 1122 682 473 232 237 2879 1342
is_linear=0
shrinkage=0.05


Tree=80
num_leaves=31
num_cat=0
split_feature=2 8 4 4 5 0 2 1 5 5 1 4 4 5 5 0 1 8 0 8 5 0 1 1 0 4 1 3 5 0
split_gain=0.447809 0.684447 1.05704 2.77192 0.792773 0.479141 0.474443 0.612302 1.10935 0.963422 0.797201 0.771122 0.676829 1.80105 1.43999 0.408203 0.581149 0.526652 0.459873 0.401772 1.21763 0.650871 0.64921 0.789839 0.463007 0.724918 0.412439 0.386979 0.650798 0.613454
threshold=0.3897788632604014 0.54474552975359469 0.40732190437622123 0.31795701776941004 84.36679887914751 -0.0091639620278571848 0.5317431461326293 0.018543991081803716 63.594842475318643 73.138336581420717 0.045230039706666177 0.5027545543433326 0.45134855145007935 69.208938858797325 66.705135707503814 -0.03774230354245716 0.079401972898997544 0.93449328868463766 -0.0083869749076860827 0.91946033832292196 73.576251344163992 -0.050461122088397641 0.14460248547869184 0.22843713725094186 -0.018883496768789473 0.81380051105069662 0.32037338840207635 1.0000000180025095e-35 58.048114338556445 0.059174224623200218
decision_type=10 10 10 10 10 10 10 10 10 10 10 10 10 10 10 10 10 10 10 10 10 10 10 10 10 10 10 2 10 10
left_child=27 2 3 5 -4 -2 7 8 -3 12 -9 -11 14 -14 -10 -12 17 18 -17 21 -21 -8 -22 -24 25 -23 -25 28 -1 -30
right_child=1 6 4 -5 -6 -7 19 10 9 11 15 -13 13 -15 -16 16 -18 -19 -20 20 22 24 23 26 -26 -27 -28 -29 29 -31
leaf_value=-1.515465691904013e-05 0.0041396321724592282 -0.00076677347513839228 0.00011816133135702176 0.01483161525212158 0.0055810158464501235 -0.0025222118910432812 0.0018889147721364828 -0.0027148203512367148 0.0088864122658516426 -0.0047677618884481498 -0.001831116065942894 0.0027882104168191709 0.0021997598104243135 0.014950698087725542 -0.00072812048721396802 0.0053299902449743669 0.00040736875152093226 0.007430075059420671 -9.342614084896985e-06 0.0069171407260000713 -0.0031588792329081371 -0.0017205039466357535 0.0041543859496502387 -0.0031350276014284017 -0.00088635385314517656 -0.0081433550752394029 0.0007781306607465879 -0.00012554688224276122 0.00027099695808707335 -0.00048468632376583555
leaf_weight=173810 55 238 483 53 77 53 167 208 66 50 163 104 58 53 95 61 1400 54 119 68 137 157 124 104 717 61 191 52722 35117 2908
leaf_count=173810 55 238 483 53 77 53 167 208 66 50 163 104 58 53 95 61 1400 54 119 68 137 157 124 104 717 61 191 52722 35117 2908
internal_value=4.6282e-06 0.00046796 0.00189582 0.00546632 0.000869304 0.000870394 0.000233719 0.000651481 0.00196747 0.00349505 0.000215663 0.000334973 0.00528421 0.00828805 0.00321324 0.000554861 0.000792875 0.00309932 0.0018001 -0.000412287 0.000601479 -0.000986326 -0.00017094 0.000806024 -0.00149987 -0.00351772 -0.000601423 -4.3317e-06 2.58366e-05 0.000213205
internal_weight=269673 5116 721 161 560 108 4395 2669 664 426 2005 154 272 111 161 1797 1634 234 180 1726 624 1102 556 419 935 218 295 264557 211835 38025
internal_count=269673 5116 721 161 560 108 4395 2669 664 426 2005 154 272 111 161 1797 1634 234 180 1726 624 1102 556 419 935 218 295 264557 211835 38025
is_linear=0
shrinkage=0.05


Tree=81
num_leaves=31
num_cat=0
split_feature=2 4 3 7 7 4 7 5 6 1 6 5 5 7 5 0 1 3 2 5 4 6 7 7 4 4 7 4 2 7
split_gain=0.404147 0.591184 0.732245 2.60386 2.72734 1.04513 1.23524 0.63781 0.632808 0.580238 0.551015 0.767783 0.486311 0.471594 1.23331 0.924179 0.649908 0.64654 0.949968 0.844084 0.569916 0.692336 0.928253 0.639088 0.671484 0.616414 0.455885 1.27329 2.01348 1.13442
threshold=0.3897788632604014 0.51183061292236742 1.0000000180025095e-35 0.079061678468717936 0.070843092138759015 0.43331768183003605 0.073071248271039071 68.881771044823552 0.77830666538725168 -0.094794384716213473 2.349245140747239 82.721296622103907 64.554992302937606 0.055227318600763041 78.431372505959288 -0.03774230354245716 0.2068991669203544 1.0000000180025095e-35 0.5317431461326293 78.431372505959288 0.67967603969500423 1.0913625314285549 0.041264316431061085 0.051045454732637836 1.0889217266561968 0.547560690697113 0.070843092138759015 0.031979087282105065 0.25839402339364265 0.079061678468717936
decision_type=10 10 2 10 10 10 10 10 10 10 10 10 10 10 10 10 10 2 10 10 10 10 10 10 10 10 10 10 10 10
left_child=26 2 3 4 -2 7 8 9 -7 -4 13 -12 -11 14 15 -3 -16 18 -15 -20 25 22 -22 24 -23 -17 -1 28 -28 -30
right_child=1 10 5 -5 -6 6 -8 -9 -10 12 11 -13 -14 17 16 20 -18 -19 19 -21 21 23 -24 -25 -26 -27 27 -29 29 -31
leaf_value=3.9269797123616813e-06 0.0025287034158444793 -0.0041974629171128422 0.0035763467037809439 -0.0028189609463088743 0.016145290550775827 -0.0018691400919958732 0.0092137715943595953 -0.0035601011635334858 0.0037136635746777297 -0.0014129048107110614 -0.00036282712755150639 0.0034852879748919863 0.0024487195079299535 -0.0014542042386561994 9.2118734731606218e-05 -0.00023266057297587395 -0.0027959920256261537 -0.0012206151805771162 0.00079361453552286476 0.0076328797661400858 0.0051645274656840559 0.0035169419999368113 -0.0019603901059140815 0.0069554335036998427 -0.0025538539870467503 0.0061469243269246555 -0.00026874361589983151 -0.0019766812197397551 0.01155740108256313 0.0021033772690376889
leaf_weight=260644 95 58 116 92 60 85 68 122 126 315 246 274 110 176 662 50 276 1279 107 78 59 158 203 81 64 156 2677 1106 55 75
leaf_count=260644 95 58 116 92 60 85 68 122 126 315 246 274 110 176 662 50 276 1279 107 78 59 158 203 81 64 156 2677 1106 55 75
internal_value=4.39679e-06 0.000444562 0.00142136 0.00384453 0.00779964 0.000785986 0.00335334 -0.000294392 0.00146467 0.000442052 0.000148811 0.00166483 -0.000413426 -8.25753e-05 0.000484149 0.00188927 -0.000757688 -0.000693186 0.00117546 0.0036772 0.00234715 0.00152632 -0.000355924 0.00315386 0.0017668 0.00459848 -4.11511e-06 -0.000539797 2.63569e-05 0.00610316
internal_weight=269673 5116 1189 247 155 942 279 663 211 541 3927 520 425 3407 1767 829 938 1640 361 185 771 565 262 303 222 206 264557 3913 2807 130
internal_count=269673 5116 1189 247 155 942 279 663 211 541 3927 520 425 3407 1767 829 938 1640 361 185 771 565 262 303 222 206 264557 3913 2807 130
is_linear=0
shrinkage=0.05


Tree=82
num_leaves=31
num_cat=0
split_feature=7 2 6 6 6 7 5 1 1 2 0 6 5 5 7 7 7 6 2 7 5 6 5 6 6 2 7 5 5 5
split_gain=0.399393 0.371389 0.476775 0.975642 0.739823 0.697465 0.668891 0.526775 0.659453 0.91047 0.659293 0.504792 0.643817 0.478417 0.99567 0.703636 0.542795 0.618591 0.493629 0.568021 0.467941 0.453695 0.738957 0.417378 0.605266 0.603305 0.405207 1.00303 0.548285 0.426055
threshold=0.0081742625780446224 0.3897788632604014 0.87001530317950981 0.8549958365832514 0.92996735694619359 0.035934833858425629 89.350945490958722 0.018543991081803716 -0.0081078119972283185 0.46454772059302524 0.020981237474649198 3.4582492346713782 81.358519548871314 76.882066305004102 0.056835442829510065 0.052946406917865098 0.051045454732637836 1.6722418876634639 0.5317431461326293 0.066940537286215143 69.897354001669427 1.381807549578892 89.350945490958722 0.56295236189311193 0.61167366341554874 0.46454772059302524 0.070843092138759015 54.995216471685168 32.802547756075285 13.654556564743389
decision_type=8 10 10 10 10 8 10 10 10 10 10 10 10 10 10 10 10 8 10 10 10 10 10 10 10 10 10 10 10 10
left_child=-1 26 3 23 -4 6 -6 8 10 -10 -7 13 -13 14 16 -15 17 20 19 -16 -9 -17 -23 -3 25 -25 -2 28 29 -28
right_child=1 2 4 -5 5 7 -8 11 9 -11 -12 12 -14 15 18 21 -18 -19 -20 -21 -22 22 -24 24 -26 -27 27 -29 -30 -31
leaf_value=0.00098449002669642348 -1.7942696188198388e-07 -0.00059375512868800303 -0.002389933521192069 0.0062835234203964642 0.0048371083595412576 0.0019289005789256027 -0.0012844026303066621 0.0059084566396477665 0.0096215480686673398 0.00091106658166443763 -0.003387967660892173 -0.0019110216035707192 0.0046357811997407693 -0.0021851517634533554 -0.00040965386319919816 -0.0016174296104145469 0.004702272817503279 -0.0027682069043593505 0.0007525650199813413 -0.0043713859657291331 0.00082426495048113987 0.0001488384399016178 0.0055694535650361926 0.0080528066428862833 0.00086889709167132134 0.0016283564143971111 0.0011167935735080391 -0.0018837008305741055 0.00061647504485414254 -0.0011592468444368007
leaf_weight=1035 259609 381 276 87 153 215 63 66 55 66 80 56 114 633 228 240 151 79 293 150 144 364 76 62 995 89 250 995 1510 1158
leaf_count=1035 259609 381 276 87 153 215 63 66 55 66 80 56 114 633 228 240 151 79 293 150 144 364 76 62 995 89 250 995 1510 1158
internal_value=4.17695e-06 4.00034e-07 0.000422334 0.00113333 9.46497e-05 0.000307218 0.00305167 0.000110274 0.001762 0.00487038 0.000487038 -0.000154613 0.00247919 -0.000339327 0.000424302 -0.000985475 0.00227274 0.00100334 -0.00078779 -0.00198177 0.00242215 0.000131283 0.00108513 0.000839902 0.00131654 0.00426621 -7.79136e-06 -0.000512807 -4.53503e-05 -0.00075512
internal_weight=269673 268638 5116 1614 3502 3226 216 3010 416 121 295 2594 170 2424 1111 1313 440 289 671 378 210 680 440 1527 1146 151 263522 3913 2918 1408
internal_count=269673 268638 5116 1614 3502 3226 216 3010 416 121 295 2594 170 2424 1111 1313 440 289 671 378 210 680 440 1527 1146 151 263522 3913 2918 1408
is_linear=0
shrinkage=0.05


Tree=83
num_leaves=31
num_cat=0
split_feature=6 7 7 2 4 5 5 4 5 2 0 6 6 4 5 6 5 4 0 4 7 5 5 4 6 3 0 5 0 7
split_gain=0.378549 0.35369 0.347535 0.352982 0.512054 0.719434 1.19292 1.38183 1.08138 2.12507 1.35485 0.547407 0.620461 0.824135 0.489789 0.473429 0.647821 0.441844 0.435958 0.448592 0.484606 0.860459 0.643518 0.598921 0.755626 0.57238 0.505666 0.462277 0.430841 0.4066
threshold=0.31108502795383225 0.068895718469190556 0.0081742625780446224 0.3897788632604014 0.51183061292236742 73.138336581420717 63.821138200031818 0.45134855145007935 68.218354287684932 0.5317431461326293 -0.022387377803962601 0.65544579512200696 0.92563592641101933 0.3272388760345209 69.208938858797325 2.349245140747239 82.721296622103907 0.18431927773931786 -0.01791180333820452 1.1173375469307762 0.055227318600763041 78.431372505959288 75.64042598981753 0.62999704921725597 1.0688447200318305 1.0000000180025095e-35 0.019646473239131827 89.350945490958722 0.0013867488772997263 0.054473624498138536
decision_type=8 10 8 10 10 10 10 10 10 10 10 10 10 10 10 10 10 10 10 10 10 10 10 10 10 2 10 10 10 8
left_child=1 -1 -2 29 5 6 11 8 9 10 -8 17 13 -13 -9 18 -17 -5 -6 20 21 23 -22 -20 -25 -24 -26 -21 -27 -4
right_child=2 -3 3 4 15 -7 7 14 -10 -11 -12 12 -14 -15 -16 16 -18 -19 19 27 22 -23 25 24 26 28 -28 -29 -30 -31
leaf_value=0.00055415823804710093 0.00091486812152925887 0.0044163775546323574 6.9702410478271075e-06 0.0010908992004891236 -0.0012421569645445696 -0.0021913260951315844 0.0028459084727592877 0.0053763395670922733 -0.0013117624128600965 -0.0025560636148863549 0.012758518322567705 0.00070277644712200382 -0.0013054266602765504 0.0069050312962338142 0.01169468778728818 -0.0003256664531777719 0.0032090643769849001 -0.0037858097202365945 0.0058948125704904805 -0.00046489568399499839 -0.001384022709789736 -4.6279088541059991e-05 0.0054306683797778477 -0.00012709331074195991 0.0077662901081625496 0.0037462950199590745 0.0024032957932837804 -0.0044752421604772642 -0.00056879452805865102 -0.00020823678551563281
leaf_weight=2099 1031 61 237189 75 655 130 67 71 146 74 71 151 140 83 54 246 274 122 111 437 584 671 67 240 62 74 151 86 265 24186
leaf_count=2099 1031 61 237189 75 655 130 67 71 146 74 71 151 140 83 54 246 274 122 111 437 584 671 67 240 62 74 151 86 265 24186
internal_value=3.9681e-06 0.00066323 -1.35502e-06 -4.89983e-06 0.000406782 0.00131812 0.00175097 0.00357991 0.00199962 0.0042801 0.00794587 0.000203898 0.00132748 0.00290272 0.00810587 0.000131732 0.00153686 -0.00192919 -8.29815e-05 0.000193314 0.000503037 0.00116371 -0.000321131 0.00260324 0.0017967 0.00120776 0.00396436 -0.00112434 0.000373142 -1.29437e-05
internal_weight=269673 2160 267513 266482 5107 1184 1054 483 358 212 138 571 374 234 125 3923 520 197 3403 2748 2225 1235 990 564 453 406 213 523 339 261375
internal_count=269673 2160 267513 266482 5107 1184 1054 483 358 212 138 571 374 234 125 3923 520 197 3403 2748 2225 1235 990 564 453 406 213 523 339 261375
is_linear=0
shrinkage=0.05


Tree=84
num_leaves=31
num_cat=0
split_feature=6 7 7 2 8 7 4 7 5 7 5 7 6 0 6 6 5 8 7 4 5 7 7 6 8 7 4 6 4 6
split_gain=0.341641 0.319205 0.31365 0.318566 0.572704 1.27314 2.13999 2.14456 0.651677 0.506968 0.59211 0.828758 0.771979 0.614556 0.553878 0.566916 0.529625 0.494637 2.34373 0.654903 0.693208 0.492135 0.48475 0.455901 0.468439 0.44558 0.431692 0.422817 0.403969 0.385668
threshold=0.31108502795383225 0.068895718469190556 0.0081742625780446224 0.3897788632604014 0.54474552975359469 0.084054682809110978 0.40732190437622123 0.073071248271039071 84.36679887914751 0.036494476576477579 73.576251344163992 0.055933224678610928 2.4440655663061612 -0.01791180333820452 0.60441262499964477 0.95131173623803866 80.202179339743097 0.91231343233938167 0.068895718469190556 0.59353057351098115 63.594842475318643 0.03503896545610883 0.043054602623442122 1.047165219241738 0.88622776003250536 0.070843092138759015 0.78967278041982381 1.0220244080744385 0.64977701337552107 0.5819273057482256
decision_type=8 10 8 10 10 10 10 10 10 10 10 10 10 10 10 10 10 10 10 10 10 10 10 10 10 10 10 10 10 10
left_child=1 -1 -2 -4 5 6 7 -5 29 21 11 14 13 26 -11 28 22 19 -19 20 -13 -6 -15 -17 -25 -24 -12 -21 -16 -8
right_child=2 -3 3 4 9 -7 8 -9 -10 10 12 17 -14 16 15 23 -18 18 -20 27 -22 -23 25 24 -26 -27 -28 -29 -30 -31
leaf_value=0.00052645032982117995 0.00086912471127836518 0.004195558711061957 -1.2296481068989256e-05 0.0023083980082966656 0.00091812740329738803 -0.0028902981327846647 -0.0030630456093842023 0.016481079318213698 0.0055389056379596402 0.006431976382979581 -0.0014442803351221098 -0.0010819998279002904 0.0015396811195483009 0.0037137428998214751 0.0015867472908428035 0.0072956341763281019 -0.0013197906411628638 -0.0014279266216492812 0.011591361762024462 -0.004760527161540397 0.0018543585712472808 0.005414742581070827 -0.00058967822602246523 -0.00023595451071545828 0.0045328939198113335 0.0033948943375967581 -0.0050267239740868618 -0.00094029282980666654 -0.0029821445909896643 0.0011345715551583113
leaf_weight=2099 1031 61 261375 56 228 125 65 51 75 72 223 400 380 103 118 55 853 112 50 112 404 83 486 102 104 82 135 205 82 346
leaf_count=2099 1031 61 261375 56 228 125 65 51 75 72 223 400 380 103 118 55 853 112 50 112 404 83 486 102 104 82 135 205 82 346
internal_value=3.7697e-06 0.000630069 -1.28727e-06 -4.65483e-06 0.000386443 0.00169554 0.0026622 0.0090636 0.00125284 0.000172286 2.38859e-05 0.000696299 -0.000515947 -0.000931004 0.0023535 0.00171652 -0.000493089 7.84269e-06 0.00259037 -0.000365369 0.000393484 0.00211819 0.000557844 0.00325139 0.00217162 -1.44406e-05 -0.0027952 -0.00229003 -0.000286498 0.000470715
internal_weight=269673 2160 267513 266482 5107 718 593 107 486 4389 4078 1816 2262 1882 533 461 1524 1283 162 1121 804 311 671 261 206 568 358 317 200 411
internal_count=269673 2160 267513 266482 5107 718 593 107 486 4389 4078 1816 2262 1882 533 461 1524 1283 162 1121 804 311 671 261 206 568 358 317 200 411
is_linear=0
shrinkage=0.05


Tree=85
num_leaves=31
num_cat=0
split_feature=2 4 8 5 0 0 2 0 1 8 8 1 4 1 4 0 5 0 4 1 4 5 8 0 2 4 8 0 4 1
split_gain=0.322545 0.952935 0.815007 0.714967 0.705729 0.810656 0.672399 0.665771 0.884207 0.645235 0.635898 0.73622 0.588014 0.580954 0.995226 0.736743 0.564034 0.529681 0.678104 0.80105 0.539801 0.519159 0.541369 0.518452 0.495642 0.490878 0.602712 0.484816 0.843051 0.639937
threshold=-0.056168967307077759 -0.41411456341770297 1.0000000180025095e-35 38.378700507953454 -0.01419307015493154 0.01376597836774829 0.09277924207872125 0.026394237177683414 -0.092688042175225235 0.27146047174202975 0.19925112418734295 -0.15738888560099426 -0.75569551344728014 -0.09063966622234286 -0.50431547642153474 -0.01200718287694824 37.990490990513585 -0.062339272320136634 -1.1482418154195815 -0.14738400708105606 -0.63355011249446469 39.172821064648438 0.57600180401789769 0.010611230953767927 -0.063462852808195511 -0.47322528666232105 0.19303797430174457 -0.01791180333820452 -0.25611048898464672 -0.034521534890796339
decision_type=8 8 10 10 10 10 10 10 10 10 10 10 10 10 10 10 8 10 10 10 10 10 10 10 10 10 10 10 10 10
left_child=2 4 3 -1 -2 -6 -7 9 10 17 11 -9 -10 14 15 -5 23 18 -4 -20 -21 22 27 -3 -19 -26 -27 29 -29 -11
right_child=1 16 7 13 5 6 -8 8 12 21 -12 -13 -14 -15 -16 -17 -18 24 19 20 -22 -23 -24 -25 25 26 -28 28 -30 -31
leaf_value=0.00021796336249949044 -7.571361037058021e-06 0.0008515768131459457 -5.5453267746292882e-05 0.0029505842693632457 -0.00070071744898739718 0.00045570155598669449 -0.0046263995882707522 0.00016681391887528741 -0.002166786879967993 0.00035794048058385109 -0.00073256565742574786 0.004222318155002131 0.00036619717640817601 0.00095442057278007509 -0.0018924865973531269 0.0092109705537924882 -1.627050727263261e-05 -3.0087543243360809e-06 0.0047408169169621652 0.00028495436396974114 0.0034149419127022145 1.9020595026705944e-05 0.00087345960939895061 -0.000152333423731971 0.00010052337187039276 0.000605623502425047 0.0028615004456980968 -0.0010044685051095079 0.0013878504686860597 -0.0011841637784444738
leaf_weight=5744 10243 3619 934 139 12841 2277 67 161 236 2232 147 367 7859 2480 68 71 140355 57771 191 531 186 8057 656 1995 1744 862 451 6081 392 963
leaf_count=5744 10243 3619 934 139 12841 2277 67 161 236 2232 147 367 7859 2480 68 71 140355 57771 191 531 186 8057 656 1995 1744 862 451 6081 392 963
internal_value=-4.40769e-06 -4.58205e-05 6.77833e-05 0.000535682 -0.000328292 -0.000544633 0.000310437 2.34944e-05 0.000437325 -2.12835e-05 0.00217594 0.0029857 0.000292351 0.00119738 0.00336482 0.00506719 3.38636e-06 5.51184e-05 0.000890441 0.00186342 0.00109692 -0.000281776 -0.000516522 0.000494826 2.98231e-05 0.000650277 0.00138049 -0.000610836 -0.000859591 -0.000106863
internal_weight=269720 171397 98323 8502 25428 15185 2344 89821 8770 81051 675 528 8095 2758 278 210 145969 62670 1842 908 717 18381 10324 5614 60828 3057 1313 9668 6473 3195
internal_count=269720 171397 98323 8502 25428 15185 2344 89821 8770 81051 675 528 8095 2758 278 210 145969 62670 1842 908 717 18381 10324 5614 60828 3057 1313 9668 6473 3195
is_linear=0
shrinkage=0.05


Tree=86
num_leaves=31
num_cat=0
split_feature=6 2 4 8 5 6 0 1 6 6 8 0 2 0 2 0 0 1 2 6 8 0 6 5 0 4 1 2 4 6
split_gain=0.544879 0.300491 0.973423 0.792578 0.706977 0.679776 0.664134 0.793132 0.832716 0.683089 0.644877 0.634944 1.84144 1.02704 1.14093 0.626426 0.762145 0.591749 0.588725 0.643138 0.560889 0.517396 1.26554 0.513657 0.50985 0.498277 0.76164 0.571782 0.475084 0.464908
threshold=0.27650921227003539 -0.057288446166372069 -0.41411456341770297 1.0000000180025095e-35 38.378700507953454 0.63865565767639387 0.026394237177683414 -0.092688042175225235 1.9830753495502627 0.5470240719216215 0.14142193538900344 0.0067297290593709711 -0.074726995266080495 0.016777753787406761 -0.11632211591706552 -0.01419307015493154 0.01310043668122274 -0.09063966622234286 0.09277924207872125 0.75099143627373122 0.27146047174202975 -0.062339272320136634 1.8345948309903883 37.990490990513585 0.010611230953767927 -1.0983818404969325 -0.14738400708105606 -0.2204671338228493 -0.75569551344728014 0.55513649611655225
decision_type=8 8 8 10 10 10 10 10 10 10 10 10 10 10 10 10 10 10 10 10 10 10 10 8 10 10 10 10 10 8
left_child=-1 3 15 4 -2 11 20 8 10 -9 -8 -6 13 14 -13 -3 -17 -7 19 -18 21 22 25 24 -4 27 -27 -5 -11 -22
right_child=1 2 23 6 5 17 7 9 -10 28 -12 12 -14 -15 -16 16 18 -19 -20 -21 29 -23 -24 -25 -26 26 -28 -29 -30 -31
leaf_value=0.0011135226726001039 0.00020953159787953976 -3.2284378044402895e-05 0.00082709834077422661 0.0028025455352182183 0.0013913610885710522 0.0035726335992176945 0.0040417465389662142 0.00302307065633087 -0.0023120731100319857 -0.0020172066238680572 0.00057793437598176059 0.0015172076519005574 0.012723690037519726 -0.00079939458762492825 0.010871482441767253 -0.00069237018896907594 0.0012201788735083634 0.00019606550073820512 -0.0043326874984733667 -0.00039578684170787118 0.00020891757463834183 1.8803768276292763e-05 -0.00090393486367886563 -1.724103803043939e-05 -0.00016545577323941502 0.0064358399196174747 0.0019691583666241828 -0.00041877089456986057 0.00028477074738854992 -0.00040769303180720535
leaf_weight=1086 5636 10380 3599 222 834 143 370 223 93 231 211 78 51 131 56 12786 1189 1401 68 1277 3908 60061 649 140475 2020 119 482 363 7541 14037
leaf_count=1086 5636 10380 3599 222 834 143 370 223 93 231 211 78 51 131 56 12786 1189 1401 68 1277 3908 60061 649 140475 2020 119 482 363 7541 14037
internal_value=-4.18731e-06 -8.70585e-06 -4.84093e-05 6.17281e-05 0.000527998 0.00119425 1.78457e-05 0.000433498 0.00208066 0.000294637 0.0027838 0.00211455 0.0040232 0.00234877 0.00542646 -0.000332179 -0.000535372 0.000508792 0.000256807 0.000383363 -2.72851e-05 4.40718e-05 0.000871115 1.50979e-06 0.000470281 0.00184245 0.00285358 0.000803677 0.000216351 -0.00027341
internal_weight=269720 268634 171794 96840 8330 2694 88510 8669 674 7995 581 1150 316 265 134 25700 15320 1544 2534 2466 79841 61896 1835 146094 5619 1186 601 585 7772 17945
internal_count=269720 268634 171794 96840 8330 2694 88510 8669 674 7995 581 1150 316 265 134 25700 15320 1544 2534 2466 79841 61896 1835 146094 5619 1186 601 585 7772 17945
is_linear=0
shrinkage=0.05


Tree=87
num_leaves=31
num_cat=0
split_feature=6 4 1 2 5 2 4 0 6 0 0 2 6 5 0 2 1 0 0 4 4 6 2 4 2 1 3 1 4 6
split_gain=0.491754 0.289043 0.901577 0.35627 0.286606 0.271193 0.878514 0.565415 0.572741 0.56535 0.687836 0.532668 0.598034 0.463576 0.46014 0.427214 0.749821 0.7972 0.662897 0.564878 0.68364 0.66981 0.546054 0.585904 0.519513 0.542573 0.580553 0.519248 0.506963 0.46532
threshold=0.27650921227003539 -0.59635219167300624 -0.028947850571830854 -0.062288871659726013 32.094594583209684 -0.057288446166372069 -0.41411456341770297 0.089574882243653522 1.2881132953148915 -0.01419307015493154 0.01310043668122274 0.088469689641684571 0.90902863172469661 37.990490990513585 0.010611230953767927 0.070482478648025051 0.085967762479124979 0.017553620632659975 -0.07805826330971298 0.5843916806097863 0.62118419287325011 0.91309043372232235 -0.01377161909206087 1.0166187260216664 0.086456866001647717 0.0192318259825679 1.0000000180025095e-35 -0.086978427963726276 0.15692228949156242 0.79546734343051129
decision_type=8 10 10 8 10 8 8 8 10 10 10 10 10 8 10 10 8 10 8 10 10 10 8 10 10 10 2 10 10 10
left_child=1 2 -1 4 -3 7 9 -2 -9 -7 -11 12 -12 14 -8 16 17 -15 -18 21 -21 24 23 28 25 26 -17 -19 -20 -29
right_child=5 3 -4 -5 -6 6 13 8 -10 10 11 -13 -14 15 -16 19 18 27 22 20 -22 -23 -24 -25 -26 -27 -28 29 -30 -31
leaf_value=0.0011927252623539525 5.1159465284370693e-05 0.0006864396901177576 0.0084719704635208472 0.0013479387221563084 -0.0025244958628837084 -3.0670163155084132e-05 0.00078574342651899882 0.0060116023543135581 0.0010425254386918457 -0.00065775168160960126 0.00092433349991507369 -0.0039651348797783053 -0.00072478263673704827 -6.319003433776116e-05 -0.0001571829961817412 0.0017599680180246321 -0.0019742248766024709 -0.0023616289419627649 0.003004004935637601 -0.00088328174123806103 -7.4933872747486748e-07 0.00054636156890474968 0.00021140969694779678 0.0064320530937178634 -5.0193788409740995e-05 -0.00075085454524786489 0.00021042952284430714 0.00011892859742881686 0.00064033454264076598 -0.00057644424630106338
leaf_weight=285 96470 140 50 473 138 10380 3599 72 298 12786 1632 73 829 51889 2020 1217 307 357 273 2362 30916 11006 7825 52 16594 549 1201 3039 1342 11546
leaf_count=285 96470 140 50 473 138 10380 3599 72 298 12786 1632 73 829 51889 2020 1217 307 357 273 2362 30916 11006 7825 52 16594 549 1201 3039 1342 11546
internal_value=-3.97794e-06 0.00105785 0.00227918 0.000513044 -0.000907478 -8.27056e-06 -4.59889e-05 5.86417e-05 0.00200948 -0.00031557 -0.000508603 0.000243967 0.000368821 1.4343e-06 0.000446766 -1.6379e-05 -9.59688e-05 -0.000155858 0.000312489 7.91487e-05 -6.33896e-05 0.000234329 0.000386449 0.00120809 5.87635e-05 0.000668146 0.000990325 -0.000477667 0.00103989 -0.000431553
internal_weight=269720 1086 335 751 278 268634 171794 96840 370 25700 15320 2534 2461 146094 5619 140475 76630 66831 9799 63845 33278 30567 9492 1667 19561 2967 2418 14942 1615 14585
internal_count=269720 1086 335 751 278 268634 171794 96840 370 25700 15320 2534 2461 146094 5619 140475 76630 66831 9799 63845 33278 30567 9492 1667 19561 2967 2418 14942 1615 14585
is_linear=0
shrinkage=0.05


Tree=88
num_leaves=31
num_cat=0
split_feature=7 9 6 8 6 5 4 4 7 5 2 8 7 7 6 4 8 5 5 3 6 7 7 8 5 5 7 7 4 7
split_gain=0.594468 0.814595 0.619981 0.56142 0.436336 0.396336 0.764008 0.517913 0.521487 0.430404 0.306479 0.701047 0.855729 0.644613 0.904998 1.33043 0.827186 0.831761 0.698578 1.4969 0.877746 1.23157 0.667932 0.603713 0.622979 0.72049 0.634351 0.58212 0.679117 1.112
threshold=0.079061678468717936 1.0000000180025095e-35 0.43178115732243499 0.089797525915072243 0.27650921227003539 77.611940197148598 0.57521814977149266 0.42480299560766693 0.084054682809110978 66.155370199676042 0.11667401317707661 0.4935107756377779 0.054473624498138536 0.044783073190515534 0.93852309894547736 0.5843916806097863 0.15783037525820851 80.202179339743097 89.350945490958722 1.0000000180025095e-35 1.381807549578892 0.056835442829510065 0.033123585838905116 0.8609775726248089 67.910447716849561 65.327271836664991 0.019837181231831005 0.010729015863647379 0.5027545543433326 0.018358435625879813
decision_type=10 2 10 10 8 10 10 10 10 10 10 10 10 10 10 10 10 10 10 2 10 10 10 10 10 10 10 10 10 10
left_child=4 2 3 -2 -1 6 7 9 -9 -4 11 -6 27 14 -12 -16 17 -17 -15 -20 -21 -22 23 24 25 26 -18 -13 29 -29
right_child=1 -3 5 -5 10 -7 -8 8 -10 -11 13 12 -14 18 15 16 22 -19 19 20 21 -23 -24 -25 -26 -27 -28 28 -30 -31
leaf_value=0.001008039327025641 -0.0008576921279594865 0.0041605698359676478 -0.0010805116234648489 0.0065283158747479328 2.4749030383372128e-05 0.0025490753201831305 -0.0042936974035424416 0.005756080155778262 -0.00070617569837014423 -0.0046863490254591775 -9.0555547768407147e-05 0.00095650031733195183 -0.0012026370314951859 -0.00018933578250537249 0.0013416174711031893 0.0028592188217131196 0.0057959191532710851 -0.0032462052527874236 0.0090059490605758942 -0.0047234885083973326 -0.0024227238865569233 0.0077079652901738882 -0.00024870512105032411 -7.3952965144737892e-05 0.0012390025093565475 -0.0016045177120751425 0.00044286520444761441 -0.00068249980921529464 -0.00044709201124935199 7.7736554116502021e-05
leaf_weight=1075 53 78 1389 50 170300 66 202 54 74 88 11025 1175 1981 14633 3619 487 59 63 65 61 60 60 5324 2950 3130 478 893 5760 15303 29165
leaf_count=1075 53 78 1389 50 170300 66 202 54 74 88 11025 1175 1981 14633 3619 487 59 63 65 61 60 60 5324 2950 3130 478 893 5760 15303 29165
internal_value=-3.77905e-06 -0.000851151 -0.00104898 0.00272775 2.72346e-06 -0.00125667 -0.00139568 -0.00103094 0.00202009 -0.00129535 -1.33037e-06 -2.48102e-05 -0.000182909 0.000121075 0.000262279 0.000491062 0.000261074 0.00215987 -0.000144914 0.00249743 0.00016012 0.00264262 0.000179701 0.000483408 0.000843982 -2.06445e-05 0.00077462 -0.00014361 -0.000169345 -4.76453e-05
internal_weight=269720 2054 1976 103 267666 1873 1807 1605 128 1477 266591 223684 53384 42907 28028 17003 13384 550 14879 246 181 120 12834 7510 4560 1430 952 51403 50228 34925
internal_count=269720 2054 1976 103 267666 1873 1807 1605 128 1477 266591 223684 53384 42907 28028 17003 13384 550 14879 246 181 120 12834 7510 4560 1430 952 51403 50228 34925
is_linear=0
shrinkage=0.05


Tree=89
num_leaves=31
num_cat=0
split_feature=7 9 6 6 5 4 4 1 1 5 2 7 4 1 5 4 4 7 1 4 2 1 5 7 4 7 6 1 4 1
split_gain=0.536507 0.735172 0.559533 0.393793 0.357693 0.689517 0.467417 0.679472 0.40587 0.38844 0.298182 0.613138 0.630929 0.612885 0.928825 1.07509 0.682152 0.610214 0.51235 0.475713 0.945786 0.575658 0.536784 0.528506 0.573849 0.771332 0.487803 0.455564 1.02062 1.15399
threshold=0.079061678468717936 1.0000000180025095e-35 0.43178115732243499 0.27650921227003539 77.611940197148598 0.57521814977149266 0.42480299560766693 0.019906505293905589 0.22843713725094186 66.155370199676042 -0.17344976801515857 0.016482506386382087 -0.021092574274438173 0.05944845259693899 29.332769766351905 -0.38020637909664418 -0.40719827892798205 0.066940537286215143 0.11884665435543708 -0.48589683967967445 -0.2204671338228493 0.0095087163232964195 20.320806189805015 0.038753739887981066 -0.41411456341770297 0.044028506789199028 2.0291419757811746 0.0083053923607457909 -0.36674309410159772 -0.043185890150658816
decision_type=10 2 10 8 10 10 10 10 10 10 8 8 10 10 10 10 10 10 10 10 10 10 10 10 10 10 10 10 10 10
left_child=3 2 -2 -1 5 6 9 -8 -7 -4 11 -5 13 19 16 -16 -15 18 -17 21 23 26 -23 -21 25 -25 -13 28 -22 -30
right_child=1 -3 4 10 -6 8 7 -9 -10 -11 -12 12 -14 14 15 17 -18 -19 -20 20 27 22 -24 24 -26 -27 -28 -29 29 -31
leaf_value=0.00095763735761977744 0.0025913612249090327 0.0039525414273763699 -0.001026486050183155 -0.0017666472669892906 0.0024216215526614566 -0.0055878794705997749 -0.0026309350058436394 0.0048357630291810403 -0.00074992530599480407 -0.004452031608459286 -1.7469304108554445e-05 0.00031273844363417065 -0.0022334528785331923 0.0023624591605925084 0.0070320894231554118 0.0014326415776082443 -0.0030532837201508877 -0.0035446409715754832 0.0058652314323131951 -0.0020841735352612281 -3.0347430209348227e-05 -0.001136411037625435 0.0026870079727748155 0.0048424210343420366 -0.0010871813551511173 -0.00013372820553242141 -0.0010172282490648564 -0.00037116524537745193 0.0084227125028662978 0.0017689086483169655
leaf_weight=1075 103 78 1389 401 66 139 50 78 63 88 243703 15293 262 92 110 397 158 52 78 761 923 116 440 104 1032 310 722 1104 76 457
leaf_count=1075 103 78 1389 401 66 139 50 78 63 88 243703 15293 262 92 110 397 158 52 78 761 923 116 440 104 1032 310 722 1104 76 457
internal_value=-3.59009e-06 -0.000808593 -0.000996533 2.58729e-06 -0.00119384 -0.00132589 -0.000979393 0.00191908 -0.00407901 -0.00123058 -1.26385e-06 0.000171286 0.000205844 0.0002346 0.00152242 0.00253604 -0.00106029 0.00159758 0.00216052 0.000181067 -0.0002591 0.00030769 0.00188932 -0.00101761 -0.000456304 0.00111632 0.00025278 0.00039482 0.000975623 0.00271767
internal_weight=269720 2054 1976 267666 1873 1807 1605 128 202 1477 266591 22888 22487 22225 887 637 250 527 475 21338 4767 16571 556 2207 1446 414 16015 2560 1456 533
internal_count=269720 2054 1976 267666 1873 1807 1605 128 202 1477 266591 22888 22487 22225 887 637 250 527 475 21338 4767 16571 556 2207 1446 414 16015 2560 1456 533
is_linear=0
shrinkage=0.05


Tree=90
num_leaves=31
num_cat=0
split_feature=7 4 2 3 8 7 6 8 4 4 7 2 8 0 4 0 4 4 7 2 8 7 2 3 2 8 1 4 2 7
split_gain=0.495838 0.599643 1.06368 1.05966 0.804627 0.696683 0.865084 0.681803 1.04751 0.868598 0.727028 1.00115 0.727483 0.700313 0.634123 1.02308 0.60873 0.586921 0.582993 0.557677 0.64924 0.631251 1.06987 1.53057 1.11582 1.32703 0.994967 0.894886 0.59625 1.09166
threshold=0.054473624498138536 -0.42105923336609474 0.10912155185054385 1.0000000180025095e-35 0.44274895869817826 0.079061678468717936 0.87776125432104735 0.53249094879544756 -0.26383113010512238 -0.27152835850049201 0.084054682809110978 0.23999290991948866 0.7665064055682691 0.036250854993160171 0.77773351498630372 0.038285554059660616 0.95870618515884576 0.36266919428038813 0.068895718469190556 -0.25731976722325567 0.0076205593874229217 0.052946406917865098 -0.01004470472925467 1.0000000180025095e-35 -0.025826837682047295 0.33333333014833016 -0.088746941272430643 -0.27959274318879307 -0.32084279149985417 0.036124634949462442
decision_type=10 10 10 2 8 10 10 8 10 10 10 10 10 10 10 10 10 10 10 8 8 10 10 2 10 10 10 10 10 10
left_child=19 -2 4 7 17 -6 -7 9 -9 -4 11 12 -10 -11 15 -13 18 -3 -16 20 28 -21 24 -24 25 27 -25 -23 29 -1
right_child=1 2 3 -5 5 6 -8 8 10 13 -12 14 -14 -15 16 -17 -18 -19 -20 21 -22 22 23 26 -26 -27 -28 -29 -30 -31
leaf_value=0.010700239532377089 0.00025311019267669135 -0.00058376317537807843 -0.0028636536646214593 -0.00047196126151608598 -0.0017444783868943185 -0.0014597136084415505 0.006042021259781905 0.0051766204595496169 -0.0013756993470122499 0.0040727747841697486 -0.0026114833603636256 0.0031394244594889274 0.0031093060601657882 -0.00060386153496687725 -0.0051285943594810215 -0.0013526383586577142 0.0011405718960495984 0.0018841289236634249 0.0013032306018950683 1.6163816635803755e-06 0.00038523540919350725 0.0022875873123606046 -0.0014585908985178711 0.0077214603758420713 0.0096731372645458679 -0.0014278485591156347 0.0012072735768417166 0.0081636368620380817 0.0013403473814878884 0.00082125496061554923
leaf_weight=54 4484 2384 71 5566 2631 92 66 107 796 372 221 610 102 102 95 160 304 268 56 245246 3432 225 722 64 53 177 697 91 317 58
leaf_count=54 4484 2384 71 5566 2631 92 66 107 796 372 221 610 102 102 95 160 304 268 56 245246 3432 225 722 64 53 177 697 91 317 58
internal_value=-2.03545e-07 -0.000250113 -0.000411254 -6.38635e-05 -0.00095791 -0.00155082 0.00167392 0.000694305 0.000338628 0.00229387 0.000117781 0.000401892 -0.000866267 0.00306641 0.00133153 0.00220601 -0.000148355 -0.000334368 -0.00274328 1.81932e-05 0.000614469 8.88281e-06 0.000887179 0.00019052 0.00277939 0.00203827 0.00175512 0.00397974 0.00244834 0.00558434
internal_weight=269623 18487 14003 8562 5441 2789 158 2996 2451 545 2344 2123 898 474 1225 770 455 2652 151 251136 3861 247275 2029 1483 546 493 761 316 429 112
internal_count=269623 18487 14003 8562 5441 2789 158 2996 2451 545 2344 2123 898 474 1225 770 455 2652 151 251136 3861 247275 2029 1483 546 493 761 316 429 112
is_linear=0
shrinkage=0.05


Tree=91
num_leaves=31
num_cat=0
split_feature=7 5 7 4 2 1 3 0 8 4 0 7 5 4 7 2 2 4 8 2 5 1 4 8 7 8 7 5 5 7
split_gain=0.447494 1.02985 0.955536 0.622493 0.830045 0.884833 0.968814 0.861255 0.712558 0.700536 0.781148 0.639086 0.611179 0.749482 1.10938 0.850202 1.00861 0.60642 0.664503 0.503303 0.616814 0.997096 0.955421 0.763389 0.70045 0.624952 0.738446 0.585624 0.5825 0.57277
threshold=0.054473624498138536 89.350945490958722 0.062182765303145433 -0.42105923336609474 0.10912155185054385 0.098675070426067282 1.0000000180025095e-35 0.03527687718704265 0.44274895869817826 1.4264144945704402 0.15039605358095179 0.084054682809110978 66.705135707503814 0.36266919428038813 0.066940537286215143 0.25839402339364265 0.29362218294380887 0.57521814977149266 0.48901098845122398 -0.25731976722325567 30.143540663125858 -0.032602569338200042 -0.62723556309173689 0.099464225958486488 0.04516356898295245 0.16666666638175887 0.028507910920793807 9.7108334254666762 18.76197877986878 0.052946406917865098
decision_type=10 10 10 10 10 10 2 10 8 10 10 10 10 10 10 10 10 10 10 8 10 10 10 10 10 8 10 8 10 10
left_child=19 3 -3 -2 8 6 7 12 -5 -7 -11 17 13 15 -15 -6 -17 -10 -19 20 22 -22 24 -23 25 26 -1 -21 -26 -29
right_child=1 2 -4 4 5 9 -8 -9 11 10 -12 -13 -14 14 -16 16 -18 18 -20 27 21 23 -24 -25 28 -27 -28 29 -30 -31
leaf_value=0.0006763762047138468 0.00024045468880794165 0.0083262920574243404 0.00034141104777946193 -0.00033172071515321668 0.00087543545954162257 -0.0010947861163212204 -0.00024527057648053742 -0.00081378767598812318 -0.0019231664999135017 0.0056551930812619089 -0.00019789536223363351 0.0027664454224746848 0.0037098025221134791 0.0013064850896230169 -0.0050220347619701726 0.0091445101655554025 0.0024063290328902049 -0.0033841719909105451 0.0013580987878037073 -0.00099588846091958646 -0.0023431341109262046 -0.00096885275068623602 -0.00040178619955292757 0.0040551726641294 -0.0028978210800386325 0.00027008373246738309 0.0031762510767382973 7.3801320973087204e-06 0.0013655366025837892 0.00085197820738217933
leaf_weight=431 4484 67 85 2650 625 2584 3603 439 2304 82 187 86 303 193 108 75 214 98 300 1443 412 158 989 145 154 466 939 243808 167 2024
leaf_count=431 4484 67 85 2650 625 2584 3603 439 2304 82 187 86 303 193 108 75 214 98 300 1443 412 158 989 145 154 466 939 243808 167 2024
internal_value=-1.93367e-07 -0.000237607 0.00386106 -0.000271586 -0.00043735 -0.000126161 0.000241155 0.0011367 -0.000918783 -0.000841994 0.00158632 -0.00147679 0.00170078 0.00119976 -0.000964213 0.00191241 0.00415499 -0.00161184 0.000190404 1.72835e-05 0.000583745 -0.000741888 0.000885026 0.00143538 0.00147504 0.00185178 0.00238979 8.43867e-06 -0.000679813 1.43339e-05
internal_weight=269623 18487 152 18335 13851 8413 5560 1957 5438 2853 269 2788 1518 1215 301 914 289 2702 398 251136 3861 715 3146 303 2157 1836 1370 247275 321 245832
internal_count=269623 18487 152 18335 13851 8413 5560 1957 5438 2853 269 2788 1518 1215 301 914 289 2702 398 251136 3861 715 3146 303 2157 1836 1370 247275 321 245832
is_linear=0
shrinkage=0.05


Tree=92
num_leaves=31
num_cat=0
split_feature=1 7 7 8 2 8 4 6 2 1 2 4 4 1 4 4 7 6 1 7 8 1 6 8 7 2 2 2 8 7
split_gain=0.420343 0.482704 0.6795 1.06961 1.00646 0.895163 0.842068 0.815464 0.875924 0.707421 0.720128 1.58517 0.651576 0.626845 0.593074 0.567516 0.635084 0.741591 0.600393 0.543807 0.540615 1.25985 1.52853 1.0184 0.681122 0.532723 0.529163 0.528058 0.543412 0.653005
threshold=-0.13975089850557351 0.049831260130964027 0.041538599729037541 0.42526503026784274 0.14049137795938263 0.82545314673190862 0.39838769196475304 4.1205965995928295 0.074287807193514813 0.22843713725094186 0.32268664290448762 0.45134855145007935 0.77773351498630372 -0.11843624673773361 -0.47951290906693039 0.85193201255003093 0.042420322669416401 2.349245140747239 0.066761192556678242 0.042130702872240168 0.45982675126958616 -0.040418564691342689 0.64201297156590253 0.34486160919123793 0.058752616110890658 -0.087657895193063926 -0.073446805743991025 0.063182897862232759 0.16369984880702096 0.030846398290682961
decision_type=10 10 10 10 10 10 10 10 10 10 10 10 10 10 10 10 10 10 10 10 10 10 10 10 10 10 10 10 10 10
left_child=-1 2 27 4 -4 13 -6 8 -7 10 12 -12 -10 -5 20 16 18 -18 26 -13 23 -22 -23 -3 -25 -26 -15 -2 29 -29
right_child=1 14 3 5 6 7 -8 -9 9 -11 11 19 -14 15 -16 -17 17 -19 -20 -21 21 22 -24 24 25 -27 -28 28 -30 -31
leaf_value=0.00034303635155450151 -5.6685322354687407e-05 0.00048399421133285558 0.00083570528710785589 -0.0032587794354839482 -0.0034460775355552469 0.0039901096356167861 2.9385132742778508e-05 0.0060580421178399223 -0.0009926460526670771 -0.0019501273600229373 0.01002459538550201 -0.003373931107205986 0.00099713939918502181 0.0056325659428943234 -0.0003339361404181031 -0.0015598673889794248 -0.00037465734121578103 0.0045321098674554749 -0.0018116574730718126 0.0016204763716290268 0.00043705548433354126 0.011335255247332268 0.0010383515889817575 -0.0037474106882252503 0.0035014644074820088 -0.0019753665348797036 0.0011813063054163036 -0.00021186638685062785 9.6319855445720646e-05 0.0015967545644989486
leaf_weight=8635 170940 2498 8641 178 244 175 610 69 812 300 55 59 834 73 19915 757 6031 78 156 715 450 67 78 262 74 111 782 801 43899 1324
leaf_count=8635 170940 2498 8641 178 244 175 610 69 812 300 55 59 834 73 19915 757 6031 78 156 715 450 67 78 262 74 111 782 801 43899 1324
internal_value=-1.83699e-07 -1.15394e-05 9.8282e-06 0.000284485 0.000673872 -4.93808e-05 -0.000963604 0.000684913 0.000559237 0.000342875 0.000620815 0.0018226 1.55441e-05 -0.000324593 -0.000227933 -0.000258288 -0.000119904 -0.000312008 0.00104089 0.00123977 0.000368409 0.00174307 0.00579623 9.06753e-05 -0.00210734 0.000215366 0.00156136 -1.62103e-05 0.00013412 0.000915011
internal_weight=269623 260988 237533 20569 9495 11074 854 3019 2950 2775 2475 829 1646 8055 23455 7877 7120 6109 1011 774 3540 595 145 2945 447 185 855 216964 46024 2125
internal_count=269623 260988 237533 20569 9495 11074 854 3019 2950 2775 2475 829 1646 8055 23455 7877 7120 6109 1011 774 3540 595 145 2945 447 185 855 216964 46024 2125
is_linear=0
shrinkage=0.05


Tree=93
num_leaves=31
num_cat=0
split_feature=1 5 6 7 7 2 7 5 5 7 5 4 7 4 2 1 8 3 7 7 2 5 5 4 8 7 1 8 4 4
split_gain=0.37936 0.756191 0.913339 0.780641 1.34604 1.05472 0.475011 0.489879 0.445124 0.435757 0.954598 0.903784 1.50219 0.483072 0.648421 0.753261 0.730723 0.694484 0.785462 1.11744 1.62059 1.30242 0.950609 0.632233 0.564184 0.497555 0.675999 0.491138 0.670444 0.475515
threshold=-0.13975089850557351 18.20754993687834 2.4440655663061612 0.025502230703826016 0.036669205911247595 -0.18948242230727122 0.033123585838905116 25.113122166642793 12.499999998266235 0.054473624498138536 89.350945490958722 1.2768143495111557 0.062182765303145433 -0.46666744766572466 0.10912155185054385 0.098675070426067282 0.44274895869817826 1.0000000180025095e-35 0.079061678468717936 0.075517149084893084 0.25839402339364265 66.705135707503814 46.778681694580179 1.4264144945704402 0.72508888121756854 0.079061678468717936 -0.018534445772651727 0.84274905879301187 -0.12021761019656536 0.57521814977149266
decision_type=10 8 10 8 8 10 8 10 10 10 10 10 10 10 10 10 8 2 10 10 10 10 10 10 10 10 10 8 10 10
left_child=1 2 3 -1 -5 8 7 -3 -6 -2 13 12 -12 -11 16 17 -15 18 19 21 -21 27 -20 -17 -25 29 -27 28 -16 -18
right_child=9 6 -4 4 5 -7 -8 -9 -10 10 11 -13 -14 14 15 23 25 -19 22 20 -22 -23 -24 24 -26 26 -28 -29 -30 -31
leaf_value=-0.0019741829287690613 5.8367501683289091e-06 0.00027590079904904875 -0.0026391732881964388 0.0043218631858316899 -0.0020456648558041359 0.0064255864838404318 0.00025329576952977276 -0.0025445462778774281 0.0010533662758449968 0.00032933952752255721 0.012593137186020613 -0.0016619073459878564 0.00033675355277955538 -0.00026340244067378054 -0.001121589706274965 -0.0010233500082909989 -0.0018415613260376286 -0.00020508914161098313 0.0029121908032581868 -0.00027619841229170562 0.012007216802960793 0.0038528721748255996 -0.0034491843878487619 0.0056643397610131952 0.00025738580141089934 -0.0022575398647239893 0.0044582975219094722 -0.00084948671088116371 0.002278548478562049 4.9856931854708067e-05
leaf_weight=117 244460 295 123 466 188 70 6752 322 302 2598 50 52 50 2852 213 2584 2246 3382 85 50 58 327 190 63 206 69 82 527 454 390
leaf_count=117 244460 295 123 466 188 70 6752 322 302 2598 50 52 50 2852 213 2584 2246 3382 85 50 58 327 190 63 206 69 82 527 454 390
internal_value=-1.74513e-07 0.000325885 0.00145475 0.0018953 0.00233656 0.000684505 0.000131945 -0.00119603 -0.00013565 -1.09624e-05 -0.000259434 0.00368471 0.00646495 -0.000296043 -0.000413966 -0.000128456 -0.000826054 0.000224926 0.000988746 0.001406 0.00632045 0.00105705 -0.00148294 -0.000783197 0.0015237 -0.00140183 0.00138947 0.000291359 0.00119275 -0.00156172
internal_weight=269623 8635 1266 1143 1026 560 7369 617 490 260988 16528 152 100 16376 13778 8139 5639 5286 1904 1629 108 1521 275 2853 269 2787 151 1194 667 2636
internal_count=269623 8635 1266 1143 1026 560 7369 617 490 260988 16528 152 100 16376 13778 8139 5639 5286 1904 1629 108 1521 275 2853 269 2787 151 1194 667 2636
is_linear=0
shrinkage=0.05


Tree=94
num_leaves=31
num_cat=0
split_feature=1 5 6 7 7 7 4 7 6 7 5 7 6 4 7 1 5 6 8 6 5 7 4 7 3 1 6 5 6 7
split_gain=0.342372 0.68975 0.970776 0.762361 1.16638 0.603754 0.438432 0.72536 0.720197 0.460535 0.542641 0.416434 0.47828 0.401888 0.39597 0.454317 0.361714 0.71384 0.34794 0.326188 0.631374 0.460356 0.436422 0.556603 0.854016 1.17625 1.72272 0.442133 0.808426 0.678882
threshold=-0.13975089850557351 20.320806189805015 2.4440655663061612 0.04516356898295245 0.02662810260383033 0.033123585838905116 -1.0384766367224652 0.030846398290682961 0.92563592641101933 0.032975736110415835 15.508353125118299 0.084054682809110978 0.50210660955191655 -0.92919963281544626 0.051045454732637836 -0.19254923072727534 9.7108334254666762 0.77138318546841 0.032297688241028778 1.7462420465785153 20.785020217558074 0.075517149084893084 0.76603336843422387 0.018616823402175933 1.0000000180025095e-35 0.03563853062781553 0.88552461309724451 58.048114338556445 0.95131173623803866 0.031804127038711529
decision_type=10 8 10 8 10 8 10 10 10 10 10 10 10 10 8 10 8 8 10 10 10 8 10 8 2 10 10 8 10 8
left_child=1 2 3 4 -1 -3 9 -8 -9 -6 -11 16 -13 -10 -5 -16 17 -2 -19 22 -21 -22 27 24 25 -24 -27 -18 29 -29
right_child=11 5 -4 14 6 -7 7 8 13 10 -12 12 -14 -15 15 -17 19 18 -20 20 21 -23 23 -25 -26 26 -28 28 -30 -31
leaf_value=-0.0010744079256571992 0.00044757028384827561 -0.0015475456413724669 -0.0026210903460524193 -0.0025371141282188809 0.0030063356430452717 0.0002274922914319473 0.006086523752931631 -0.0019862923762554944 0.0005300504759174939 0.0094287062290965076 0.0037437824337461659 0.0019392685865828492 -0.0015639149013961741 0.0055286560450254173 -0.00010454620877815198 0.0038875377952291446 -3.6340470260953267e-05 -0.00083311405210478829 -0.0027007131094552912 -0.0014477105821168131 0.00025693930722577274 -0.0024441921318011394 -0.0003377697505724973 -0.00035135690345597837 -0.00077868904881241163 0.0086869740057289781 0.0016346094339832263 -0.00028348317406162997 0.00040301893229978338 0.00019097934396825663
leaf_weight=184 770 517 147 112 210 6527 89 122 78 82 86 112 749 83 305 93 170592 644 407 573 19911 159 663 16488 852 99 691 13637 17780 16861
leaf_count=184 770 517 147 112 210 6527 89 122 78 82 86 112 749 83 305 93 170592 644 407 573 19911 159 663 16488 852 99 691 13637 17780 16861
internal_value=-1.65788e-07 0.00030959 0.00124988 0.00164394 0.00249288 9.7212e-05 0.00336806 0.00214945 0.000911289 0.00456733 0.00651857 -1.04143e-05 -0.00110822 0.00310697 8.92111e-05 0.000828277 -6.78068e-06 -0.000708999 -0.00155634 -1.8302e-06 0.000188817 0.00023554 -1.83895e-05 -0.000249616 0.000478152 0.00121513 0.00251839 1.46446e-06 0.000135049 -2.11738e-05
internal_weight=269623 8635 1591 1444 934 7044 750 372 283 378 168 260988 861 161 510 398 260127 1821 1051 258306 20643 20070 237663 18793 2305 1453 790 218870 48278 30498
internal_count=269623 8635 1591 1444 934 7044 750 372 283 378 168 260988 861 161 510 398 260127 1821 1051 258306 20643 20070 237663 18793 2305 1453 790 218870 48278 30498
is_linear=0
shrinkage=0.05


Tree=95
num_leaves=31
num_cat=0
split_feature=7 2 2 7 4 8 5 1 8 7 1 7 8 1 7 5 4 1 7 2 7 7 8 7 5 8 1 5 7 5
split_gain=0.377716 0.294291 0.896164 0.839923 0.915716 1.11139 0.707017 0.566149 0.532664 0.687413 0.752921 0.686221 0.567638 0.580679 1.10389 0.713438 0.521362 0.671108 1.49645 0.639206 0.817525 0.520969 0.747992 1.85841 0.533447 0.507514 0.99452 0.745844 0.495293 0.526922
threshold=0.0081742625780446224 0.066765643919805676 -0.016212406910081297 0.035223353549260199 0.87946274317831652 0.83677729463455208 82.721296622103907 -0.10212174007070439 0.23809523601662891 0.039236893248547962 -0.023616824905202557 0.015461389638638223 0.55369438885340105 0.039293704698151417 0.06361128722715019 66.433854731003393 0.77773351498630372 0.073663531254306705 0.02169689937894281 0.049704069032557537 0.038753739887981066 0.062182765303145433 0.84274905879301187 0.055933224678610928 70.622972347479006 0.84906492955078761 0.095790315152338282 79.261974704181185 0.035223353549260199 29.607629306072635
decision_type=8 10 10 10 10 8 10 10 10 10 10 10 10 10 8 10 10 10 10 10 10 10 10 10 10 10 10 10 10 10
left_child=-1 2 28 7 -5 6 -6 -3 9 11 -11 -4 13 -10 15 -15 19 -18 -19 20 -17 22 23 -7 -24 -9 -27 -28 -2 -30
right_child=1 3 8 4 5 21 -8 25 12 10 -12 -13 -14 14 -16 16 17 18 -20 -21 -22 -23 24 -25 -26 26 27 -29 29 -31
leaf_value=0.00094561906602369278 -1.9534521203752418e-05 0.0044606743809708863 -0.0012965798089566646 4.4651235299820193e-05 -0.0017109230182976135 0.00058643023981030874 0.0014133421136869996 0.00035701844893878102 -9.4828933781528223e-05 -0.00035188907515310513 -0.002333372524878201 -0.00017787003086724699 -0.00031398425022507624 0.00013947604851940893 0.0073981856216529494 0.00082062117277042666 -0.00067534314907524273 0.0090212179964189159 0.00082831054675004006 0.0076666634005960084 0.0076092290137471132 -0.0014063460926548911 0.00056646023521095745 0.0086090461712846744 -0.00068371509852950801 -0.00045617305793538938 0.00011333995058531614 0.0020321138666083822 -0.0001281815734456608 0.00033570318315741048
leaf_weight=1042 111221 80 1592 26454 2241 554 197 25648 18832 946 972 9865 20731 4737 57 229 378 68 309 64 55 716 1349 83 2322 5621 1424 786 8458 22161
leaf_count=1042 111221 80 1592 26454 2241 554 197 25648 18832 946 972 9865 20731 4737 57 229 378 68 309 64 55 716 1349 83 2322 5621 1424 786 8458 22161
internal_value=-4.49673e-06 -8.18877e-06 -3.85623e-05 8.2144e-05 -9.33332e-05 -0.00058251 -0.00145847 0.000259488 -0.000202621 -0.000479983 -0.00135606 -0.00033332 -0.000121017 4.07531e-05 0.000473733 0.000406148 0.00155141 0.000813392 0.00230608 0.00315258 0.00213532 -0.000157433 5.01396e-05 0.00163176 -0.000224307 0.000249449 -0.000102862 0.000795764 2.94889e-05 0.000207563
internal_weight=269192 268150 200675 67475 33916 7462 2438 33559 58835 13375 1918 11457 45460 24729 5897 5840 1103 755 377 348 284 5024 4308 637 3671 33479 7831 2210 141840 30619
internal_count=269192 268150 200675 67475 33916 7462 2438 33559 58835 13375 1918 11457 45460 24729 5897 5840 1103 755 377 348 284 5024 4308 637 3671 33479 7831 2210 141840 30619
is_linear=0
shrinkage=0.05


Tree=96
num_leaves=31
num_cat=0
split_feature=6 0 1 4 8 4 4 1 2 2 4 6 4 1 0 0 4 6 4 0 2 4 4 6 2 8 1 1 8 4
split_gain=0.430677 0.458392 0.540707 0.692855 0.518673 0.802595 0.523061 0.423007 0.408809 0.747901 0.537633 1.01758 0.6967 0.458833 1.02162 0.62699 0.538326 0.434805 0.899383 0.731767 0.640872 0.764298 0.514344 0.511114 0.635879 0.488585 0.464144 0.461952 0.45157 0.444782
threshold=0.45806781455587359 -0.035445352229960862 -0.13975089850557351 -0.96511640687138911 0.028140288459488415 -0.59010351914078651 -0.60868456164142337 0.0095087163232964195 0.066765643919805676 0.0039040319771477265 0.5843916806097863 0.91309043372232235 0.62118419287325011 0.066761192556678242 -0.042307153507199317 0.056741931854283674 -0.040999722760166786 0.88173167874633551 -0.96511640687138911 0.022921502073827597 -0.29919394975115426 -0.74118881183265917 -0.44766326763838243 1.1412876407726744 -0.12809683200220565 0.10704082939066545 -0.094794384716213473 0.062290126087848792 0.27146047174202975 0.031979087282105065
decision_type=8 10 10 10 10 10 10 10 10 10 10 8 10 8 10 10 10 8 10 10 8 8 10 10 8 8 10 10 10 10
left_child=1 4 -3 -4 6 -6 -1 -5 9 13 11 -10 -12 17 16 -16 -15 18 -2 -20 22 -22 -19 26 25 -25 -23 -26 -27 -21
right_child=8 2 3 7 5 -7 -8 -9 10 -11 12 -13 -14 14 15 -17 -18 20 19 29 21 23 -24 24 27 28 -28 -29 -30 -31
leaf_value=-0.0022825503515513006 0.00064592857760158119 -0.002208440348060647 0.0022374878270125763 0.00030619038728390397 0.0075973150237710618 0.00088620651654447576 0.0030927659262244295 -0.00037588150882026441 1.4861200196759832e-05 -0.00024805791039821898 -0.00088126308719794751 0.00060440195906220657 1.1655890541198915e-05 -0.00075230203032741337 0.00060105706733924345 -0.00044172709953358064 -0.0044325559599743729 0.0013385983409119765 -4.4926268445260144e-05 0.00080629781195170171 -0.00041651762753230784 -0.00096508078055534442 -0.0010972533454791616 7.9990296693831272e-05 6.3791782716563451e-05 0.0016425537112724699 -0.00012332548105417106 -0.0017801154390410332 -0.00018686289310126621 -0.00077002514749240265
leaf_weight=101 5853 229 422 12694 81 99 82 2769 19371 40510 2348 11765 31381 1124 9327 1705 109 1210 61822 3871 18981 1765 264 1505 14193 1635 22697 348 425 506
leaf_count=101 5853 229 422 12694 81 99 82 2769 19371 40510 2348 11765 31381 1124 9327 1705 109 1210 61822 3871 18981 1765 264 1505 14193 1635 22697 348 425 506
internal_value=-4.27189e-06 0.000243408 0.000203826 0.000238601 0.00200051 0.00390621 0.000126061 0.00018405 -2.04206e-05 -5.77899e-05 8.78013e-05 0.000237624 -5.05035e-05 -5.47716e-06 0.000287336 0.000439894 -0.00107764 -3.2065e-05 5.18339e-05 -6.93147e-07 -0.000127984 -0.000152658 0.000902326 -3.50034e-05 0.000166379 0.000764809 -0.00018406 1.96628e-05 0.00126513 0.000624068
internal_weight=269192 16477 16114 15885 363 180 183 15463 252715 187850 64865 31136 33729 147340 12265 11032 1233 135075 72052 66199 63023 61549 1474 42568 18106 3565 24462 14541 2060 4377
internal_count=269192 16477 16114 15885 363 180 183 15463 252715 187850 64865 31136 33729 147340 12265 11032 1233 135075 72052 66199 63023 61549 1474 42568 18106 3565 24462 14541 2060 4377
is_linear=0
shrinkage=0.05


Tree=97
num_leaves=31
num_cat=0
split_feature=7 7 2 4 2 8 2 8 4 0 8 2 4 4 8 2 4 2 1 7 4 7 7 8 0 8 7 7 1 2
split_gain=0.345668 0.274167 0.54724 0.550542 0.612435 0.413266 1.12951 0.403341 0.800329 0.634196 0.378306 0.306506 0.462708 0.289552 0.267922 0.564096 1.08766 0.516838 0.499801 0.953804 0.945113 0.565019 0.895289 0.447006 0.43662 0.462777 0.639968 0.431174 0.948687 0.990883
threshold=0.0081742625780446224 0.079061678468717936 0.65459219715740546 -0.10176073818146142 0.25839402339364265 0.38853297847854912 -0.078576079247292138 0.87359775149466901 0.49436743298584201 0.00778314780241507 0.36455017861569655 0.080079439350605588 0.29087327050483608 0.48583506881752903 0.46798820932055607 0.42303513137429588 0.53019978575856863 -0.1705184062372789 0.14460248547869184 0.066940537286215143 -0.021092574274438173 0.055933224678610928 0.057757133189171216 0.36842105117728546 0.017553620632659975 0.39668932116089489 0.038103135004358808 0.035934833858425629 -0.03836812497862007 0.063182897862232759
decision_type=8 10 10 10 10 10 10 10 10 10 8 10 10 10 10 10 10 10 10 8 10 10 10 10 10 8 10 10 10 10
left_child=-1 14 3 4 5 6 -3 8 -4 -10 -8 12 -5 -13 15 18 -17 -16 -2 20 -20 24 -23 -24 25 -22 -27 28 -19 -30
right_child=1 2 7 11 -6 -7 10 -9 9 -11 -12 13 -14 -15 17 16 -18 27 19 -21 21 22 23 -25 -26 26 -28 -29 29 -31
leaf_value=0.00090485708750540289 1.8337946839189028e-05 -0.00095173028469573533 -0.00077413305290974677 -0.0019080128265794077 0.0039969585608851943 -0.0029386809679369133 0.0072460538499789055 -0.0014618312191628825 0.0019957443871177162 0.0093650792594417009 0.001845004020316236 -0.0017596474496538745 0.0038880773887321283 -0.0041923623003936742 -0.0019701312603231675 0.0065378302187430867 0.00048051644953543124 0.00055645498467666763 0.0060731834898303666 -0.00074190792903409161 0.0010911716154033246 0.0086603996036085287 -4.4041928938693472e-05 0.005543396490626038 0.0013882320296830027 0.0015876824401337736 -0.0029956948547966451 -0.00020815247687635876 -0.00027068472645720536 0.00016297708777037546
leaf_weight=1042 169352 630 100 106 81 150 56 90 65 53 77 391 51 178 357 96 325 7155 98 820 325 59 126 50 971 112 238 33337 26748 25953
leaf_count=1042 169352 630 100 106 81 150 56 90 65 53 77 391 51 178 357 96 325 7155 98 820 325 59 126 50 971 112 238 33337 26748 25953
internal_value=-4.0583e-06 -7.59024e-06 -0.000586745 -0.000934311 -0.000169813 -0.000539483 -6.78188e-05 0.0013542 0.00251679 0.0053057 0.00411913 -0.00198102 -2.52065e-05 -0.00252067 -3.17675e-06 3.3761e-05 0.00186176 -7.1316e-05 2.92906e-05 0.000691976 0.00128611 0.0010367 0.00333015 0.0015433 0.000709264 -0.000267443 -0.00152901 -6.40421e-05 1.62207e-05 -5.71247e-05
internal_weight=269192 268150 2028 1720 994 913 763 308 218 118 133 726 157 569 266122 172572 421 93550 172151 2799 1979 1881 235 176 1646 675 350 93193 59856 52701
internal_count=269192 268150 2028 1720 994 913 763 308 218 118 133 726 157 569 266122 172572 421 93550 172151 2799 1979 1881 235 176 1646 675 350 93193 59856 52701
is_linear=0
shrinkage=0.05


Tree=98
num_leaves=31
num_cat=0
split_feature=7 5 7 2 8 1 5 5 5 5 5 5 1 8 0 2 1 7 8 2 2 7 1 5 5 8 2 2 7 8
split_gain=0.311965 0.288514 0.247436 0.493884 0.39271 0.500199 0.681511 0.441987 0.368002 0.478058 0.310415 0.308609 0.51803 0.333194 0.306053 0.343101 0.290968 0.32006 0.276984 0.254513 0.765126 0.633046 0.655095 0.731895 0.679866 0.614644 0.602422 0.543538 0.532278 0.512041
threshold=0.0081742625780446224 67.008265075488623 0.079061678468717936 0.65459219715740546 0.87359775149466901 0.11159149277058301 80.202179339743097 67.008265075488623 68.54931819711274 71.384803105610402 13.654556564743389 29.878048761358574 -0.23808310028742327 0.63822425733608601 0.010910108500135853 0.04010228923712756 -0.064642782621717396 0.084054682809110978 0.71509932806643828 0.066765643919805676 -0.016212406910081297 0.035223353549260199 0.079401972898997544 89.350945490958722 67.910447716849561 0.66623571998419873 0.13107358875951461 0.15813196578469771 0.035223353549260199 0.23809523601662891
decision_type=8 10 10 10 8 10 10 10 10 10 10 10 10 8 10 10 10 10 10 10 10 10 10 10 10 10 10 10 10 10
left_child=1 -1 19 8 7 -6 -7 -5 10 -10 -4 16 -13 -14 15 -15 17 -12 -16 20 28 -21 27 24 -24 -25 -26 -23 -2 -22
right_child=2 -3 3 4 5 6 -8 -9 9 -11 11 12 13 14 18 -17 -18 -19 -20 21 29 22 23 25 26 -27 -28 -29 -30 -31
leaf_value=0.00045915143007896103 -1.8329383409966519e-05 0.0025881424659204718 0.0022849495352963997 0.00011463652897093977 -0.0044809614084478392 0.0050994961900392276 -0.0025756939466704022 0.0057453919787150932 -0.0072958720549941075 -0.00077076164252503081 -0.0018880188765347397 0.0032822522568269914 2.5750391641759353e-05 0.00094470502731812042 -0.0013587535883953724 -0.0034811073262625588 -0.00077544195347548149 -0.0064413262058336009 0.0027894682151002469 0.00023449261292613676 -0.00045510882643296549 -0.00018885514867206975 -5.3405950418392778e-06 0.0069368272833526135 -0.0024217044466343617 0.00099383894767640017 -0.00064676459265115285 0.0003193631210529008 0.00021959529988253105 -0.00010278454584392174
leaf_weight=846 111221 196 83 63 51 61 55 78 50 64 95 85 602 53 143 252 172 65 56 33559 13343 9579 4834 50 521 335 5799 11671 29807 45403
leaf_count=846 111221 196 83 63 51 61 55 78 50 64 95 85 602 53 143 252 172 65 56 33559 13343 9579 4834 50 521 335 5799 11671 29807 45403
internal_value=-3.85538e-06 0.000859614 -7.21073e-06 -0.000557408 0.00128649 -0.00035403 0.0014604 0.00322952 -0.000887595 -0.00363265 -0.000692741 -0.000855018 -0.000479234 -0.000768318 -0.00171679 -0.00271203 -0.00220308 -0.0037378 -0.000191415 -3.01791e-06 -3.11971e-05 8.18298e-05 -7.4418e-05 -0.000377705 -0.000451687 0.00176566 -0.000793085 9.02703e-05 3.19572e-05 -0.000182808
internal_weight=269192 1042 268150 2028 308 167 116 141 1720 114 1606 1523 1191 1106 504 305 332 160 199 266122 199774 66348 32789 11539 11154 385 6320 21250 141028 58746
internal_count=269192 1042 268150 2028 308 167 116 141 1720 114 1606 1523 1191 1106 504 305 332 160 199 266122 199774 66348 32789 11539 11154 385 6320 21250 141028 58746
is_linear=0
shrinkage=0.05


Tree=99
num_leaves=31
num_cat=0
split_feature=6 1 7 4 8 2 2 5 1 8 5 8 2 2 2 7 4 8 6 5 2 8 1 5 9 7 8 7 6 6
split_gain=0.385007 0.404914 0.385839 0.436264 0.565381 0.485977 0.355665 0.37717 0.424428 0.425121 0.338814 0.561163 0.387602 0.639214 0.334859 0.630401 0.772186 1.03787 0.650034 0.628934 0.614349 0.475986 0.891637 0.667731 0.4728 0.453375 0.684175 1.66293 0.604135 0.549544
threshold=0.45806781455587359 0.10170033609193742 0.059819200537251725 -1.0059685273863292 0.022222221893004001 -0.082479211422832363 0.14049137795938263 52.454968652640595 0.0192318259825679 0.77695416947184071 48.710601712684358 0.6564396703211085 0.3897788632604014 0.13393093473493159 0.066765643919805676 0.035223353549260199 0.87946274317831652 0.83677729463455208 0.57828628043297392 82.721296622103907 0.0039040319771477265 0.84906492955078761 0.095790315152338282 79.261974704181185 1.0000000180025095e-35 0.062182765303145433 0.84274905879301187 0.055933224678610928 0.84062132502054177 1.3701567292387469
decision_type=8 10 8 10 10 10 10 10 10 10 10 10 8 10 10 10 10 8 10 10 10 10 10 10 2 10 10 10 10 10
left_child=1 2 3 4 -1 -6 7 8 9 -5 -4 12 13 -12 20 21 18 19 -17 -18 -2 -16 -23 -24 -21 26 27 29 -27 -19
right_child=14 -3 10 6 5 -7 -8 -9 -10 -11 11 -13 -14 -15 15 16 17 25 -20 24 -22 22 23 -25 -26 28 -28 -29 -30 -31
leaf_value=-0.0013101474126375728 -5.3395434112689384e-06 -0.0024279276204203638 0.00060633799941692181 0.00017659616781763086 0.0053640513938071942 0.00074567952759417837 -0.00080445196480518797 0.000852854148885382 -0.00082098565095737675 0.0042958628166363472 0.0022472606136962172 -0.0020186739678527891 0.00081426590197756262 0.0083902937415169208 0.00033990346709801967 -0.00066820123681739219 -0.0016089431604913379 -0.0010376579945207624 0.00014707762498390503 -0.0011746630355143376 -0.00022519720800451157 -0.00044806638546784948 9.3851994345812184e-05 0.0019100518891547571 0.0037258975525930674 0.0036078622775927091 -0.00018170501454897414 0.0082409936946067144 -0.0017169124242113094 0.0021205632993668488
leaf_weight=92 147340 142 834 10793 129 102 921 1961 1122 63 99 56 89 74 24952 2751 2240 264 21974 96 40510 5530 1421 786 101 58 3669 82 653 288
leaf_count=92 147340 142 834 10793 129 102 921 1961 1122 63 99 56 89 74 24952 2751 2240 264 21974 96 40510 5530 1421 786 101 58 3669 82 653 288
internal_value=-3.66262e-06 0.000230517 0.000253627 0.000186691 0.00200461 0.00332477 0.000147176 0.000210054 0.000104817 0.000200501 0.00113582 0.00252448 0.00349554 0.00487492 -1.89311e-05 7.90146e-05 -7.80968e-05 -0.000524293 5.63665e-05 -0.00137074 -5.2752e-05 0.000233661 -0.000108975 0.000740673 0.00133781 -0.000112888 8.03779e-05 0.00159707 -0.00128254 0.00061011
internal_weight=269192 16477 16335 15183 323 231 14860 13939 11978 10856 1152 318 262 173 252715 64865 32176 7451 24725 2437 187850 32689 7737 2207 197 5014 4303 634 711 552
internal_count=269192 16477 16335 15183 323 231 14860 13939 11978 10856 1152 318 262 173 252715 64865 32176 7451 24725 2437 187850 32689 7737 2207 197 5014 4303 634 711 552
is_linear=0
shrinkage=0.05


Tree=100
num_leaves=31
num_cat=0
split_feature=7 7 8 5 5 1 8 4 2 2 4 5 5 8 7 1 2 5 7 1 4 7 4 8 2 7 8 1 4 1
split_gain=0.326485 0.56744 1.57167 0.70534 0.675115 0.723655 1.13463 0.687474 0.597237 0.502012 1.17403 0.711914 0.544829 0.525927 0.777954 0.491762 0.487923 0.753127 0.564247 0.713974 1.22851 1.26324 0.67605 0.513294 0.465634 0.463289 0.629488 0.5493 0.517681 0.455905
threshold=0.045550372314020794 0.044401498149700465 0.42968295946104235 28.780845954188944 44.090909069865724 -0.094794384716213473 0.070410074079722218 0.51183061292236742 0.051295473787753683 -0.28142985723929298 -0.62723556309173689 26.099290774959027 9.7108334254666762 0.11740844322310992 0.023993180992825356 -0.10774410774410774 0.14689145610645607 53.248969405813519 0.022913603576878383 0.060833618136249663 0.65998057755851236 0.022044759013178344 0.97647239300175082 0.87359775149466901 -0.3627475075192157 0.026277775721614698 0.73557485070685813 0.138593914159612 -0.040999722760166786 -0.02300327746476671
decision_type=10 10 10 10 10 10 10 10 10 8 10 10 8 8 10 10 10 10 10 10 10 10 10 10 10 10 10 10 10 10
left_child=1 9 3 -3 5 6 -5 -6 -9 10 11 13 -11 14 -1 -4 -14 23 19 20 -19 22 -22 -18 -12 26 -20 -28 -27 -7
right_child=-2 2 15 4 7 29 -8 8 -10 12 24 -13 16 -15 -16 -17 17 18 25 -21 21 -23 -24 -25 -26 28 27 -29 -30 -31
leaf_value=-0.0028702438432866568 -0.00013267019359003849 -0.00055429884319073972 -0.0046226405807269309 0.011774239779287389 0.0004030213036809165 0.00089474494446524977 0.00252503182073789 0.007888274278033465 0.0019855307105845258 -0.00090355752681580282 -0.005338881821424531 -0.001689020069502294 -3.050710440637615e-08 0.00032806212271383151 0.0034835677361449062 -0.00018616684993048694 0.0013105890491049291 0.00013806427783232981 0.00046513684355174256 -0.00023833051200992735 0.0017900565407577983 0.0093021434744558779 0.0078200145202847026 0.0063606356828526224 -0.00049189031927235197 0.0050807297885141992 -0.0017611662346609651 0.0019754537336374505 0.00017623461078028206 0.0042893502178748015
leaf_weight=52 34932 249 65 63 518 192 70 63 134 1600 55 125 208301 245 655 1600 994 504 766 642 378 82 53 53 500 54 1007 109 14812 204
leaf_count=52 34932 249 65 63 518 192 70 63 134 1600 55 125 208301 245 655 1600 994 504 766 642 378 82 53 53 500 54 1007 109 14812 204
internal_value=9.92135e-06 3.11945e-05 0.000696889 0.00187483 0.00236104 0.00371521 0.00690624 0.00135914 0.00387321 2.20933e-05 0.000895924 0.00185862 1.58755e-05 0.00232443 0.00301624 -0.000359363 2.23346e-05 0.000261806 0.000187609 0.00106718 0.00189131 0.0036138 0.00253156 0.00156623 -0.000972223 0.000100482 -0.000638616 -0.00139621 0.00019405 0.00264348
internal_weight=269077 234145 3158 1493 1244 529 133 715 197 230987 1632 1077 229355 952 707 1665 227755 19454 18407 1659 1017 513 431 1047 555 16748 1882 1116 14866 396
internal_count=269077 234145 3158 1493 1244 529 133 715 197 230987 1632 1077 229355 952 707 1665 227755 19454 18407 1659 1017 513 431 1047 555 16748 1882 1116 14866 396
is_linear=0
shrinkage=0.05


Tree=101
num_leaves=31
num_cat=0
split_feature=6 7 7 2 6 5 3 2 4 5 5 6 2 5 6 7 2 7 6 7 4 2 6 5 0 2 0 7 7 7
split_gain=0.345429 0.311847 0.48494 0.582389 0.527104 0.469722 0.464607 0.461997 1.08178 0.661861 0.533668 0.758231 0.435271 0.634755 1.03878 0.508134 0.464716 0.452988 0.448 0.582257 0.58629 0.510954 0.513722 0.504281 0.47343 0.464936 0.786977 0.642021 0.509205 0.455493
threshold=0.27650921227003539 0.045550372314020794 0.044401498149700465 0.066765643919805676 2.5603091509611668 28.780845954188944 1.0000000180025095e-35 -0.28142985723929298 -0.62723556309173689 26.099290774959027 9.7108334254666762 1.6505494143082171 0.14689145610645607 53.248969405813519 0.89705518832092135 0.022913603576878383 0.2688814819575725 0.022693076900447157 1.0913625314285549 0.030206774574356474 0.68978436022049339 0.32268664290448762 0.96930806793349611 89.350945490958722 0.017553620632659975 0.189021640767469 0.054494406694063253 0.025397247701499374 0.039236893248547962 0.028507910920793807
decision_type=8 8 10 10 10 10 2 10 10 10 10 10 10 10 10 10 10 10 10 10 10 10 10 10 10 10 10 10 10 10
left_child=-1 2 7 5 -5 -4 -7 8 9 -2 11 -9 -12 14 -14 16 17 -15 19 -17 -21 -22 -23 25 -24 28 27 -27 -20 -29
right_child=1 -3 3 4 -6 6 -8 10 -10 -11 12 -13 13 15 -16 18 -18 -19 23 20 21 22 24 -25 -26 26 -28 29 -30 -31
leaf_value=0.00088686933932610604 0.0022339830521156691 -0.00011666160785103783 -0.0006540406758013444 -0.00032917246240220509 0.0044625072697332749 0.0019650075144858822 -0.00056366075422254586 -0.00051936422470833378 -0.0009528968583093529 -0.0016505224356097321 -9.3445120966363522e-07 -0.0040409267281617317 0.00038149391806696208 0.00098838518752517187 0.0037929482811999218 -0.00086617329426161554 -0.002831985567385952 0.0046409205585304231 0.00019824024014883474 0.00041939732325325604 -0.0011353780060367952 0.0018699403660032592 -0.0043628558486652298 -0.0016923488600957782 0.0012395910025663572 -0.0013649839472931289 -0.00030994722832587555 0.00259908988542895 -0.0016237913065621761 0.0010063775886050119
leaf_weight=1117 948 43558 273 1321 60 1269 212 1373 544 124 198691 172 712 1494 325 2188 75 90 2468 4126 1386 328 78 292 73 254 1416 524 454 3132
leaf_count=1117 948 43558 273 1321 60 1269 212 1373 544 124 198691 172 712 1494 325 2188 75 90 2468 4126 1386 328 78 292 73 254 1416 524 454 3132
internal_value=9.42528e-06 5.76763e-06 2.9532e-05 0.000647036 -0.000120989 0.00125174 0.00160304 2.0783e-05 0.000863104 0.00178466 1.45859e-05 -0.000911409 2.11454e-05 0.000247108 0.00145066 0.000179196 0.00101382 0.00119592 9.63776e-05 -0.000168096 8.68515e-05 -0.00064885 0.000758931 0.000349672 -0.00165439 0.000421964 0.00070002 0.00106578 -8.48543e-05 0.00123465
internal_weight=269077 267960 224402 3135 1381 1754 1481 221267 1616 1072 219651 1545 218106 19415 1037 18378 1659 1584 16719 8179 5991 1865 479 8540 151 8248 5326 3910 2922 3656
internal_count=269077 267960 224402 3135 1381 1754 1481 221267 1616 1072 219651 1545 218106 19415 1037 18378 1659 1584 16719 8179 5991 1865 479 8540 151 8248 5326 3910 2922 3656
is_linear=0
shrinkage=0.05


Tree=102
num_leaves=31
num_cat=0
split_feature=6 1 4 2 8 2 5 8 5 1 8 4 5 1 5 2 8 2 6 5 2 6 5 2 1 1 5 8 6 5
split_gain=0.314924 0.353639 0.802045 1.06679 0.856273 0.923173 0.721456 0.650291 0.514974 0.468608 0.452243 0.625444 0.550286 0.764848 0.559503 0.740342 0.637976 0.694534 0.744821 0.574092 0.565718 0.567258 0.580174 0.465066 0.526267 0.440921 0.546 0.431458 0.423425 0.391721
threshold=0.39910471140893738 0.043139448846459046 -0.40719827892798205 -0.14373222694830176 0.14142193538900344 0.0026946916534994485 34.41083267532246 0.25785105679588655 26.099290774959027 0.10170033609193742 0.35238095186156998 0.85193201255003093 74.584855952004844 0.065165902073342177 46.00370341198559 -0.20991807387696423 0.23129939643694131 -0.082479211422832363 0.77830666538725168 54.995216471685168 -0.070965198014776229 0.67194574199141255 51.282051236028927 -0.11158987858232959 0.083618479208987254 0.1047995612843813 63.821138200031818 0.14142193538900344 1.7202531394024461 68.54931819711274
decision_type=8 8 8 10 8 8 10 10 10 10 8 10 10 10 10 10 10 10 10 10 10 10 10 10 10 10 10 8 10 10
left_child=-1 -2 3 8 28 6 9 -5 -3 -6 12 -12 14 -14 -8 -16 -17 18 -18 23 -19 22 -22 24 -20 29 -27 -10 -4 -13
right_child=1 2 4 7 5 -7 10 -9 27 -11 11 25 13 -15 15 16 17 20 19 -21 21 -23 -24 -25 -26 26 -28 -29 -30 -31
leaf_value=0.00031134742858095036 -3.2402413661856287e-05 0.00096156942367874639 -0.00085201059329125754 -0.0024913099378414722 -0.00034906788669407737 1.8771538527488067e-06 0.0013750261469741812 0.004013157536915969 0.0068520440717135395 -0.00333179979039129 0.00014659603378215787 -0.00031659885698584895 0.0089264918148546715 0.00041841405753595087 -0.0038182200995506722 -0.00030041290545788457 -0.00062616085824556647 -0.0022045445689156356 -0.0007767425543883851 0.0010573456090367664 -0.00028563874206980166 0.00060175959746306058 0.0062950584211688664 0.0073418842043313313 0.0059717620645936293 0.0079598511627292264 0.0017419372921456051 0.0028506967515759723 -0.0037290540322949591 0.0043154515684422695
leaf_weight=8343 201185 148 1210 166 945 43362 2574 50 121 153 6045 173 50 56 100 1432 125 164 52 123 53 1663 91 127 65 62 82 152 143 62
leaf_count=8343 201185 148 1210 166 945 43362 2574 50 121 153 6045 173 50 56 100 1432 125 164 52 123 53 1663 91 127 65 62 82 152 143 62
internal_value=8.95402e-06 -7.22003e-07 0.00010631 0.00187098 8.72286e-05 0.000116454 0.000466409 -0.000985646 0.00333662 -0.000764694 0.000569604 0.000270129 0.000857817 0.00443166 0.000800148 0.000429751 0.000538813 0.00102674 0.00270727 0.00384263 0.000607251 0.000862445 0.003873 0.00524669 0.00297243 0.00224046 0.00441909 0.00462419 -0.00115609 0.000905474
internal_weight=269077 260734 59549 637 58912 57559 14197 216 421 1098 13099 6424 6675 106 6569 3995 3895 2463 492 367 1971 1807 144 244 117 379 144 273 1353 235
internal_count=269077 260734 59549 637 58912 57559 14197 216 421 1098 13099 6424 6675 106 6569 3995 3895 2463 492 367 1971 1807 144 244 117 379 144 273 1353 235
is_linear=0
shrinkage=0.05


Tree=103
num_leaves=31
num_cat=0
split_feature=6 1 2 0 8 1 8 4 5 8 2 5 6 5 8 2 4 2 6 8 6 4 0 0 5 2 8 1 2 1
split_gain=0.300543 0.261663 0.649809 0.633776 0.552483 0.461784 0.451617 0.738369 0.485364 0.565941 0.479511 0.630993 0.421979 0.668985 0.445529 0.438191 0.413838 0.453378 0.405792 0.393798 0.380653 0.928547 0.470679 0.432401 0.391787 0.695534 0.603022 0.585577 0.683683 1.36615
threshold=0.27650921227003539 0.043139448846459046 0.0090351903878718182 -0.10995113925832838 0.23809523601662891 0.046287056575604175 0.15244112247509006 -0.41411456341770297 34.41083267532246 0.3604740832465238 -0.15025865227091237 25.444552398323193 1.8034516744201159 54.027952861603573 0.6564396703211085 0.0026946916534994485 -0.21559474687226379 -0.056168967307077759 0.4247346127170098 0.12244188096538418 1.228362115022344 0.83884699754025072 0.048838080306593652 -0.001244813492331964 72.636242482043727 0.2688814819575725 0.96074607427254322 0.32037338840207635 0.24887111530462872 0.077482595617676245
decision_type=8 8 8 8 8 10 8 10 10 8 10 10 10 10 10 10 10 10 10 10 10 10 10 10 10 8 10 10 10 10
left_child=-1 -2 6 -4 -5 -6 7 10 16 -10 11 -3 -11 14 -14 -15 18 -18 -8 -13 22 -22 23 -7 27 26 -26 28 -23 -30
right_child=1 2 3 4 5 20 8 -9 9 12 -12 19 13 15 -16 -17 17 -19 -20 -21 21 24 -24 -25 25 -27 -28 -29 29 -31
leaf_value=0.00082695851201520793 -2.1417229099088237e-05 -0.00018550809344870377 -0.0028224426777986576 -0.001183173952372105 0.0005619399202805266 -0.00039465017479229449 -0.0039673790743108839 -0.0007918563242743583 0.00085165652431511683 6.5807713952032953e-05 -0.0016963550729477512 0.0073435247094154436 -0.0011101096418503901 0.0030700348315697654 0.0038020136613610062 -0.00060696027366793719 -0.00098696653211900265 -0.0054542214833199982 0.00027268344404965243 0.0018265728441172473 0.00068935924962267069 -0.00042907499540171287 -0.0009540090011029448 0.00012628262870124883 0.00083162693439683348 -0.00043000228599495024 -0.0012494695974031942 -0.0038419114178897627 0.0071219500750192401 0.00041049578445586971
leaf_weight=1117 208057 91 199 955 3756 7059 60 1609 6991 6083 70 83 318 427 54 100 234 75 948 53 5424 6892 1795 9143 3544 2575 386 116 84 779
leaf_count=1117 208057 91 199 955 3756 7059 60 1609 6991 6083 70 83 318 427 54 100 234 75 948 53 5424 6892 1795 9143 3544 2575 386 116 84 779
internal_value=8.50632e-06 5.09457e-06 9.71762e-05 -7.32053e-06 5.85839e-06 3.31856e-05 0.000356698 -0.000369046 0.000447167 0.000533654 0.00192153 0.00303718 0.000215241 0.00122637 -0.000397059 0.00237231 -0.000470429 -0.00207125 2.02988e-05 0.00519354 -1.93583e-05 0.000131919 -0.000185791 -0.000100681 -7.84009e-05 0.000208722 0.000627224 -0.000315694 -0.000262948 0.00106375
internal_weight=269077 267960 59903 42707 42508 41553 17196 1906 15290 13973 297 227 6982 899 372 527 1317 309 1008 136 37797 19800 17997 16202 14376 6505 3930 7871 7755 863
internal_count=269077 267960 59903 42707 42508 41553 17196 1906 15290 13973 297 227 6982 899 372 527 1317 309 1008 136 37797 19800 17997 16202 14376 6505 3930 7871 7755 863
is_linear=0
shrinkage=0.05


Tree=104
num_leaves=31
num_cat=0
split_feature=6 0 8 1 1 0 8 5 8 1 1 2 0 8 1 8 2 0 0 0 0 0 5 8 6 5 5 1 5 8
split_gain=0.27732 0.475427 0.396678 0.446119 0.32988 0.361517 0.660111 0.660832 0.472725 0.389268 0.290482 0.644375 0.571558 0.500583 0.423547 0.393299 0.694203 0.37638 0.900996 0.761707 0.617763 0.442557 0.369342 0.495464 0.383263 0.489183 0.369418 0.783323 0.428434 0.698117
threshold=0.39910471140893738 0.022412765753629164 0.56703283408178051 -0.032602569338200042 0.079401972898997544 -0.012291541159651807 0.57600180401789769 59.497830432370478 0.028140288459488415 0.0053775246358926951 0.043139448846459046 0.0090351903878718182 -0.10995113925832838 0.23809523601662891 0.046287056575604175 0.15244112247509006 -0.16774193548387098 -0.01791180333820452 -0.026121467069455225 -0.034701010940929415 0.01376597836774829 0.00075652504039702706 34.41083267532246 0.3604740832465238 2.6997656663647489 55.586624745675188 74.584855952004844 0.063716578234004909 45.614035079909208 0.23129939643694131
decision_type=8 10 8 10 10 10 10 10 10 10 8 8 8 8 10 8 10 10 10 10 10 10 10 8 10 10 10 10 10 10
left_child=1 4 -3 -4 5 6 7 8 9 -1 -2 15 -13 -14 17 16 -12 18 19 -15 21 -19 -17 26 -25 -26 28 -28 -24 -30
right_child=10 2 3 -5 -6 -7 -8 -9 -10 -11 11 12 13 14 -16 22 -18 20 -20 -21 -22 -23 23 24 25 -27 27 -29 29 -31
leaf_value=-0.00073238082120230693 -2.9711431895892907e-05 0.0048299105086838474 -0.0026754794271916828 0.0036100147045137173 -0.0024893519628412008 8.1558879132028684e-05 -0.0014648795413086191 0.0057092105613172628 0.0016242646853120342 0.0038012206408344559 0.0010588781315300441 -0.0026813203699409438 -0.0011295974108913032 -8.2685963275320768e-05 -1.9733601659161222e-05 -0.00037486549941676223 -0.00098838472302555493 0.00079759496331657819 -0.0032253543421393266 0.0037588894569863273 0.00011766669147618814 0.0027340381799866673 0.0012880627243663321 0.00015011640848982362 -0.0005608872993021082 0.0042974298544568084 0.0082578692354681894 3.4324329436770573e-05 -0.00042278976096070398 0.00092075891745936026
leaf_weight=444 201185 104 55 58 110 6135 260 79 1045 53 613 199 951 1007 37659 1270 1276 614 200 148 1200 568 2497 6701 88 126 51 67 1463 2851
leaf_count=444 201185 104 55 58 110 6135 260 79 1045 53 613 199 951 1007 37659 1270 1276 614 200 148 1200 568 2497 6701 88 126 51 67 1463 2851
internal_value=8.081e-06 0.000291847 0.00260157 0.000550703 0.000230167 0.000267486 0.000873899 0.00124903 0.00102052 -0.000248918 -9.98975e-07 9.60054e-05 -7.97115e-06 4.59164e-06 3.06476e-05 0.000356182 -0.000324027 0.000538356 -0.000126952 0.000409568 0.000916817 0.00172814 0.000441197 0.00051606 0.000216637 0.00229962 0.000814877 0.00358857 0.000766824 0.000465123
internal_weight=269077 8343 217 113 8126 8016 1881 1621 1542 497 260734 59549 42546 42347 41396 17003 1889 3737 1355 1155 2382 1182 15114 13844 6915 214 6929 118 6811 4314
internal_count=269077 8343 217 113 8126 8016 1881 1621 1542 497 260734 59549 42546 42347 41396 17003 1889 3737 1355 1155 2382 1182 15114 13844 6915 214 6929 118 6811 4314
is_linear=0
shrinkage=0.05


Tree=105
num_leaves=31
num_cat=0
split_feature=1 7 6 5 4 7 5 7 7 1 2 2 2 1 5 7 2 7 5 2 2 1 7 7 1 7 7 1 6 4
split_gain=0.222197 0.833734 0.486434 0.635602 0.372832 0.955863 0.436741 0.782072 0.889189 0.597434 0.59428 0.583701 0.75099 0.564082 0.560833 0.545964 0.647958 0.498736 2.18929 3.03636 0.768804 0.820753 0.655385 0.647717 0.504385 0.516772 0.692005 0.444028 0.410892 0.438539
threshold=0.050584170450210249 0.018737311889327295 0.8161330962061798 63.821138200031818 0.51183061292236742 0.011187909012920107 59.295989284251469 0.032103619945936163 0.048218597682754084 -0.17162639202663535 0.1619513799135415 -0.075981132634322532 -0.095852632071626462 -0.083475550740549784 74.584855952004844 0.044028506789199028 0.054573968210210551 0.073071248271039071 65.589279665839854 0.5317431461326293 0.2688814819575725 -0.0053333334050270067 0.052946406917865098 0.055933224678610928 -0.066742900730086083 0.06094917433654435 0.055227318600763041 -0.022432729349975807 1.6293135691175762 0.38914920008888487
decision_type=8 8 8 10 10 8 10 8 8 10 8 10 10 10 10 10 10 10 8 10 10 10 10 10 10 10 10 10 10 10
left_child=4 2 3 -2 6 -6 -1 11 13 -10 -11 12 -8 15 -13 16 -9 20 -19 -20 21 22 -12 -24 25 26 -22 -26 -15 -30
right_child=1 -3 -4 -5 5 -7 7 8 9 10 17 14 -14 28 -16 -17 -18 18 19 -21 24 -23 23 -25 27 -27 -28 -29 29 -31
leaf_value=-7.5026093501206219e-06 0.0017921341199287821 7.0549912485862645e-05 0.00085115973593586497 0.0083413365308661024 0.0012693716910134266 -0.00026604151401516849 -0.00025659790674389222 -0.00019785566694753348 -0.0054509580628398589 -0.0008940762010164389 0.00039324246666767632 -2.8288574265575659e-05 0.004939097206983151 0.00073913694401401588 -0.0016257184804197786 -0.00039114571762966774 0.00626846520042616 -0.0011485495391665376 0.016658347190017454 0.0010603420406532212 -0.00021600865102449403 -0.00088722549266338584 0.0072272980969481093 0.0023737413862871762 -0.0029221553902965321 -0.0010666220486813855 0.0074121378835868739 -0.0004186927731678729 0.0053383511570651125 0.0002517605653313333
leaf_weight=172664 143 50873 1853 50 1063 21831 147 53 51 1213 291 10119 132 5920 581 79 144 187 52 78 61 328 91 281 309 129 58 415 101 73
leaf_count=172664 143 50873 1853 50 1063 21831 147 53 51 1213 291 10119 132 5920 581 79 144 187 52 78 61 328 91 281 309 129 58 415 101 73
internal_value=1.85089e-05 0.00011035 0.00109997 0.00348882 -3.94487e-06 -0.00019475 1.86237e-05 0.000234536 0.000556458 -7.83839e-05 5.90606e-08 -5.61575e-05 0.00220158 0.000909657 -0.000115028 0.00312055 0.0045288 0.000475755 0.00231597 0.00729954 0.000178583 0.00115856 0.00217065 0.00356104 -0.000820546 0.00112554 0.00350191 -0.00148716 0.000809525 0.00320432
internal_weight=269370 52919 2046 193 216451 22894 193557 20893 9914 3544 3493 10979 279 6370 10700 276 197 2280 317 130 1963 991 663 372 972 248 119 724 6094 174
internal_count=269370 52919 2046 193 216451 22894 193557 20893 9914 3544 3493 10979 279 6370 10700 276 197 2280 317 130 1963 991 663 372 972 248 119 724 6094 174
is_linear=0
shrinkage=0.05


Tree=106
num_leaves=31
num_cat=0
split_feature=8 5 7 2 8 7 1 7 0 4 2 8 7 2 7 1 1 8 5 5 8 1 5 8 9 1 5 1 0 5
split_gain=0.269669 0.66803 0.976927 1.43568 0.65644 0.498597 0.478352 0.537122 0.421474 0.466947 0.419259 0.501785 0.590836 0.669095 0.958735 1.15865 0.691062 0.636334 0.862622 0.627049 0.660599 0.708652 1.055 0.635963 0.57172 0.555866 0.519635 0.634459 0.660307 0.708608
threshold=0.35238095186156998 39.172821064648438 0.014116087967836826 -0.035411610418662191 0.39668932116089489 0.011187909012920107 -0.03771210438557359 0.0093581203945442993 -0.0068722899911839988 -0.51708818195280837 0.21807114913014361 0.9058488064324447 0.030331016218215278 0.088469689641684571 0.025292673691645704 0.066761192556678242 0.016543769061207251 0.73557485070685813 76.882066305004102 84.36679887914751 0.70008446889021692 0.22843713725094186 64.803739384027395 0.49791393420316898 1.0000000180025095e-35 0.13273324462366434 68.54931819711274 0.032962389578208191 0.019646473239131827 82.721296622103907
decision_type=10 10 10 10 10 10 10 10 10 10 10 10 10 10 10 10 10 10 10 10 10 10 10 10 2 10 10 10 10 10
left_child=-1 2 3 6 -5 -3 -2 -8 9 -7 11 12 13 14 15 -10 -16 18 -17 20 21 -14 -23 -21 -25 -18 -15 -28 29 -29
right_child=1 5 -4 4 -6 8 7 -9 10 -11 -12 -13 19 26 16 17 25 -19 -20 23 -22 22 -24 24 -26 -27 27 28 -30 -31
leaf_value=6.2890145450012389e-05 -0.00042728997261826785 0.00083327648675365809 -0.00022840634627943935 0.0054441812620819388 -0.00023051917952605957 0.00067354087584679465 0.00059444894458153368 -0.0041448885543683032 -0.00043602595994504564 6.9859963273197491e-05 0.00019997425236807721 -0.00063838374335815613 -0.00057240812988491483 6.6905876549508878e-05 0.00098723077692082907 0.0012592898410844521 -0.00022035528218539927 -0.00070058578717995998 0.0071053866397784056 0.0061920578084401282 6.2090149153163436e-05 0.0056020014310713137 -0.00155301593244695 -0.0021515594344929836 0.004480439827575366 0.0027079264872315293 3.8274646676317968e-06 0.0026450686228414212 0.00044550490807214124 -0.00045005562035272924
leaf_weight=147992 143 1793 13855 58 420 3539 67 555 14536 33766 10990 4595 13483 4369 2958 1084 3101 407 67 73 7267 114 94 84 53 171 1350 1083 1080 223
leaf_count=147992 143 1793 13855 58 420 3539 67 555 14536 33766 10990 4595 13483 4369 2958 1084 3101 407 67 73 7267 114 94 84 53 171 1350 1083 1080 223
internal_value=1.75835e-05 -3.76573e-05 -0.000348875 -0.00169167 0.000458043 6.55383e-06 -0.00303489 -0.00363438 -7.63275e-06 0.000127129 -8.24637e-05 -0.000137703 -9.31143e-05 4.80053e-05 -9.32682e-05 -0.000297134 0.000433381 0.000998712 0.00159959 -0.000295974 -0.000323214 -0.000527729 0.00236848 0.00242263 0.000414105 -6.73186e-05 0.000437122 0.000870064 0.00136018 0.00211657
internal_weight=269370 121378 15098 1243 478 106280 765 622 104487 37305 67182 56192 51597 30429 22324 16094 6230 1558 1151 21168 20958 13691 208 210 137 3272 8105 3736 2386 1306
internal_count=269370 121378 15098 1243 478 106280 765 622 104487 37305 67182 56192 51597 30429 22324 16094 6230 1558 1151 21168 20958 13691 208 210 137 3272 8105 3736 2386 1306
is_linear=0
shrinkage=0.05


Tree=107
num_leaves=31
num_cat=0
split_feature=7 5 0 1 4 6 1 0 1 1 1 1 5 1 6 6 4 7 7 0 0 7 4 1 7 0 5 0 5 7
split_gain=0.197099 0.328407 0.206831 0.421422 0.43132 0.499439 0.896288 0.56535 0.424185 0.370409 0.440489 0.358427 0.833569 0.373966 0.34912 0.649353 0.578279 0.574901 0.51803 0.464588 0.593588 0.437142 0.473465 0.419939 0.613662 0.77996 0.417342 0.405056 0.374335 0.494916
threshold=0.0081742625780446224 67.609507282816807 -0.0068722899911839988 inf -0.63355011249446469 0.60808690248371111 -0.13278317838299639 0.015626208803961043 0.19168037263172447 0.081445378995278608 0.11159149277058301 0.12775959273898144 74.079952285585975 0.26006599770700684 1.1346497903137316 1.1479477205935829 0.49436743298584201 0.029092281587469383 0.084054682809110978 0.0035908044237208396 0.0045159671754365647 0.030846398290682961 0.75481095787642116 -0.051973141121421311 0.059819200537251725 0.038285554059660616 72.636242482043727 -0.0017453653629572739 36.111111093278431 0.031523882146400194
decision_type=8 10 10 8 10 8 10 10 10 10 10 10 10 10 10 10 10 10 8 10 10 10 10 10 10 10 10 10 10 10
left_child=1 -1 -2 4 5 6 -4 8 -7 -9 -11 -12 13 -13 16 17 -6 26 23 -18 -21 -19 -23 24 27 -26 -16 -17 29 -29
right_child=2 -3 3 -5 14 7 -8 9 -10 10 11 12 -14 -15 15 18 19 21 -20 20 -22 22 -24 -25 25 -27 -28 28 -30 -31
leaf_value=0.00029096320982662627 6.61292254421279e-05 0.0026051813919630443 -0.0028195393483343417 0.0010451894269153893 1.5560591180352397e-05 -0.00056846239791611742 0.00027024895112366464 0.00023950227540304181 0.0036813243998656585 -0.0030956890425574562 0.0029490955614795288 -0.00091644169090596855 -0.0066628921478283851 0.0027259054370612529 -0.00013577464126700642 0.0057165405124923671 -0.0006571351429735451 0.0067714939376206278 -0.0026008693771953488 0.0014824664865328921 -0.00019795198924032291 0.0031102858175878515 -0.0006048599282522225 7.9489289277140149e-05 0.0020171887546232693 -0.0062937479325698631 0.004558169993106276 -0.00027535557910277135 0.00073396738846736556 0.0055117491186995595
leaf_weight=872 111375 186 244 918 69271 12227 6164 4490 59 185 75 265 53 96 530 58 6064 56 178 549 12288 307 119 41876 55 58 52 57 538 105
leaf_count=872 111375 186 244 918 69271 12227 6164 4490 59 185 75 265 53 96 530 58 6064 56 178 549 12288 307 119 41876 55 58 52 57 538 105
internal_value=1.67043e-05 0.000697811 1.40186e-05 -2.29632e-05 -2.92481e-05 -0.000224914 0.000152598 -0.000363544 -0.000548054 7.54341e-05 -0.00101754 -0.000231332 -0.000807496 5.21603e-05 6.07393e-06 0.000121127 -5.13262e-05 0.0013413 9.08822e-05 -0.000296462 -0.000126086 0.00261843 0.00207249 0.000102091 0.00118873 -0.0022486 0.000283616 0.00170115 0.00136845 0.00347555
internal_weight=269370 1058 268312 156937 156019 23858 6408 17450 12286 5164 674 489 414 361 132161 43989 88172 1064 42925 18901 12837 482 426 42747 871 113 582 758 700 162
internal_count=269370 1058 268312 156937 156019 23858 6408 17450 12286 5164 674 489 414 361 132161 43989 88172 1064 42925 18901 12837 482 426 42747 871 113 582 758 700 162
is_linear=0
shrinkage=0.05


Tree=108
num_leaves=31
num_cat=0
split_feature=8 6 5 8 7 7 7 6 1 5 5 8 7 0 1 8 5 7 6 6 1 5 1 5 1 1 7 5 0 1
split_gain=0.243272 0.621685 0.647423 0.654677 0.950101 0.563163 0.50567 0.534125 0.488504 0.762636 0.625503 0.470395 0.451931 0.395532 0.380294 0.50827 0.495617 1.00034 0.50396 0.437485 0.410848 0.648392 0.388222 0.383258 0.378924 0.372018 0.804154 1.15398 0.783419 0.713167
threshold=0.35238095186156998 1.236330386394894 44.466808129063992 0.56703283408178051 0.062182765303145433 0.06361128722715019 0.025292673691645704 1.2444221120988184 0.05944845259693899 78.431372505959288 74.584855952004844 0.4763019474533613 0.016175690907701008 -0.010434782608695624 0.1047995612843813 0.91946033832292196 76.882066305004102 0.035399379558920398 0.90902863172469661 1.0974429876554652 0.17857975875780266 68.54931819711274 -0.17162639202663535 74.584855952004844 0.037486143618059915 0.14460248547869184 0.062182765303145433 49.919022670565589 -0.07805826330971298 0.26006599770700684
decision_type=10 10 10 10 10 10 10 10 10 10 10 10 10 10 10 10 10 10 10 10 10 10 10 10 10 8 8 10 8 10
left_child=25 14 5 4 6 12 8 -8 13 10 -10 -11 -3 24 22 -16 20 19 -19 -18 23 -22 -2 -17 -4 -1 -27 28 -28 -30
right_child=1 2 3 -5 -6 -7 7 -9 9 11 -12 -13 -14 -15 15 16 17 18 -20 -21 21 -23 -24 -25 -26 26 27 -29 29 -31
leaf_value=4.4707208069648131e-05 -0.0017889529294028367 -0.0023147845422576401 0.0011961402186033301 6.7593008604043369e-05 0.004116791575678915 0.0038542833590907034 0.0041405183197985888 0.00011986849142006618 0.0020459510210340311 -0.005490481823354083 0.0069265960068959328 0.0011758612399254079 -0.0004467999347463089 0.00025790869308193169 -0.00079013626391151936 -0.00068692384383711724 0.0070613869610487634 0.0027316653332872015 -0.0013427984665449241 0.0014897342018749832 -0.0017004575815928334 0.0041993763597311402 -7.316744651892127e-05 -0.0048542530059219446 0.0046927381495428877 0.001540860417194089 -0.0020671470074482973 -0.0021222979595137584 0.00055345087631727041 0.0042389432697811525
leaf_weight=143395 331 380 491 21867 186 69 84 4963 744 51 72 55 2189 1887 4004 444 95 117 216 56 85 103 82734 63 92 1325 272 503 2358 139
leaf_count=143395 331 380 491 21867 186 69 84 4963 744 51 72 55 2189 1887 4004 444 95 117 216 56 85 103 82734 63 92 1325 272 503 2358 139
internal_value=1.58691e-05 -3.65984e-05 0.000148085 0.000213097 0.000581995 -0.00060338 0.000504086 0.000186786 0.0009762 0.00195831 0.0024766 -0.00203153 -0.000723108 0.000609599 -0.000105932 -0.000521455 0.000391011 0.00161946 8.87699e-05 0.00499508 -0.000464482 0.0015319 -8.00046e-05 -0.00120476 0.00174792 5.89012e-05 0.000501656 8.08284e-05 0.000481035 0.00075861
internal_weight=269370 121378 33130 30492 8625 2638 8439 5047 3392 922 816 106 2569 2470 88248 5183 1179 484 333 151 695 188 83065 507 583 147992 4597 3272 2769 2497
internal_count=269370 121378 33130 30492 8625 2638 8439 5047 3392 922 816 106 2569 2470 88248 5183 1179 484 333 151 695 188 83065 507 583 147992 4597 3272 2769 2497
is_linear=0
shrinkage=0.05


Tree=109
num_leaves=31
num_cat=0
split_feature=8 5 6 8 5 7 5 6 4 8 7 7 1 5 5 8 7 1 7 1 7 6 8 7 6 3 7 4 1 6
split_gain=0.219893 0.345196 0.316543 0.198561 0.581952 0.863995 0.669436 0.49014 0.506894 0.481116 1.32758 0.49837 0.537301 0.678718 0.66603 0.460919 0.845131 0.681857 0.64917 0.598714 0.446575 0.427802 0.421789 0.397208 0.564124 0.39698 0.395951 0.390229 0.378349 0.498605
threshold=1.0000000180025095e-35 19.306490255620954 0.57458531573014604 0.35238095186156998 39.172821064648438 0.014116087967836826 34.179375695294873 1.236330386394894 -0.4408389889780297 0.57142857020581539 0.062182765303145433 0.02518101193495003 0.05944845259693899 78.431372505959288 74.584855952004844 0.52376905140679997 0.030454395172624913 -0.042499468763280916 0.02616633882716456 -0.0058426653965632505 0.027329101590553163 0.93440859701951429 0.48045796536565066 0.010145335452347465 0.66530768196051415 1.0000000180025095e-35 0.014116087967836826 -0.52923370498518085 -0.0030925842535436949 0.67846876292485037
decision_type=8 10 10 10 10 10 10 10 10 10 10 10 10 10 10 10 10 10 10 10 10 8 10 10 8 2 10 10 10 10
left_child=1 -1 -3 -2 5 6 21 8 15 10 11 12 -9 14 -14 16 17 -6 -17 20 -20 -5 -15 -8 -25 -12 -10 -21 -7 -30
right_child=3 2 -4 4 7 28 23 9 26 -11 25 -13 13 22 -16 18 -18 -19 19 27 -22 -23 -24 24 -26 -27 -28 -29 29 -31
leaf_value=-0.00060749458121127429 5.1618734431937351e-05 0.0048927192339703208 0.0011249263326804373 -0.0015891651797659114 0.0017689998959260602 -0.00036952228207319982 0.0038653125083727537 0.0004758290150739925 0.00046216037980331009 4.31230947232663e-05 0.0059372996727861194 7.680890794300206e-05 0.0018967217987929529 -0.0052470628914888951 0.0068666912004905385 1.021037214548284e-05 -0.00093193294234481341 -0.00014191035016562003 0.0041419331138259022 0.0076059882017615876 0.00093627343189392346 -0.0040025311232165118 0.0010711076346654278 0.0029659722381417623 -0.0016258005945548025 0.0016769964396659348 -0.0001292084606081201 0.0023248722203212178 0.00092273737343201857 -0.00025963890490025523
leaf_weight=277 147168 63 484 513 802 10160 57 2806 2959 22164 137 5601 757 50 74 1367 1485 1117 118 61 1370 286 56 86 301 91 65183 82 1503 2192
leaf_count=277 147168 63 484 513 802 10160 57 2806 2959 22164 137 5601 757 50 74 1367 1485 1117 118 61 1370 286 56 86 301 91 65183 82 1503 2192
internal_value=1.50757e-05 0.000830619 0.00155888 1.25733e-05 -3.47685e-05 -0.000325244 -0.00158804 6.49613e-06 -6.35645e-05 0.00017106 0.000467299 0.000375317 0.000822003 0.00185868 0.00233929 0.00036181 -3.63385e-05 0.000656709 0.000813878 0.00148746 0.00119049 -0.00245302 -0.00190916 -3.1463e-05 -0.000605407 0.00423692 -0.000103529 0.00457766 -0.000211952 0.000221311
internal_weight=269370 824 547 268546 121378 15098 1243 106280 74544 31736 9572 9344 3743 937 831 6402 3404 1919 2998 1631 1488 799 106 444 387 228 68142 143 13855 3695
internal_count=269370 824 547 268546 121378 15098 1243 106280 74544 31736 9572 9344 3743 937 831 6402 3404 1919 2998 1631 1488 799 106 444 387 228 68142 143 13855 3695
is_linear=0
shrinkage=0.05


Tree=110
num_leaves=31
num_cat=0
split_feature=2 2 5 0 0 5 5 6 0 5 2 2 7 7 7 6 6 0 0 7 8 8 0 7 2 7 7 6 5 5
split_gain=0.29711 0.677467 0.667571 0.564457 0.504243 0.686332 0.501797 0.634638 0.719966 0.702881 0.882821 0.880196 0.623209 0.589423 0.561163 0.606083 0.553571 0.733945 0.552302 0.813894 0.60716 0.505784 0.489531 0.83536 0.772767 0.472143 0.50208 0.467726 0.466065 0.800213
threshold=0.0039040319771477265 0.059678156735150541 51.474543740160591 0.036250854993160171 -0.07805826330971298 70.622972347479006 52.454968652640595 0.88173167874633551 0.027027027027027088 19.833660984713578 -0.28142985723929298 -0.14373222694830176 0.047742006227164728 0.022260992922864185 0.032103619945936163 2.4440655663061612 2.1343770088931624 -0.039379130652040677 -0.01644265621884133 0.025721836794511042 0.73557485070685813 0.11468531458506546 -0.017311450145031045 0.070843092138759015 -0.25731976722325567 0.049831260130964027 0.03503896545610883 1.0580973143771388 49.310932991630523 46.00370341198559
decision_type=8 8 10 10 10 10 10 8 10 10 10 10 10 10 10 10 10 10 10 10 10 10 10 10 10 10 10 10 10 10
left_child=6 2 -2 -4 5 -3 7 8 18 10 16 22 -8 -10 21 -16 17 -9 19 -1 -21 -12 -11 24 25 26 -24 -26 29 -29
right_child=1 4 3 -5 -6 -7 12 9 13 11 14 -13 -14 -15 15 -17 -18 -19 -20 20 -22 -23 23 -25 27 -27 -28 28 -30 -31
leaf_value=0.00071915467527738572 -0.00049956184319292286 -0.0010602524435343718 7.6704868935574132e-06 -0.00080173867820929577 3.3306122641719469e-05 0.003423781876012476 0.00036057711487445598 0.0031666245606464453 0.0032352194706344335 -4.2821314872550853e-05 -0.00044543910147890818 -0.00017884535391382008 -0.00063336656180131739 0.00064715946232283661 -0.0017881022071735205 -0.0073938131963726707 -0.0026590355740803979 0.00016396595189192785 -1.9969046541534872e-05 7.5920407726350232e-05 -0.0048839178887353611 -0.0018394539192205382 0.00072911659008241265 -0.0016046627387313727 -1.5583205516766223e-06 0.00071777501751984899 0.0050205363281643359 0.001047701206196894 0.0054770998084884993 -0.0041176558194028863
leaf_weight=7070 15083 1647 21321 2396 78935 90 17947 289 239 4625 3734 36687 1729 2767 663 52 112 688 53761 12894 62 788 96 385 1915 204 235 2858 57 77
leaf_count=7070 15083 1647 21321 2396 78935 90 17947 289 239 4625 3734 36687 1729 2767 663 52 112 688 53761 12894 62 788 96 385 1915 204 235 2858 57 77
internal_value=-8.98765e-06 -6.781e-05 -0.000239493 -7.40997e-05 1.47625e-05 -0.000827919 3.78838e-05 2.33289e-06 9.44212e-05 -0.000129936 -0.000624818 -6.35231e-05 0.000273236 0.00085293 -0.000894166 -0.00219579 0.000670479 0.00105216 6.35204e-05 0.000287653 5.21855e-05 -0.000688359 0.000341263 0.000646119 0.000805353 0.00260981 0.00377589 0.000608616 0.000999153 0.000912188
internal_weight=269406 119472 38800 23717 80672 1737 149934 130258 76793 53465 6326 47139 19676 3006 5237 715 1089 977 73787 20026 12956 4522 10452 5827 5442 535 331 4907 2992 2935
internal_count=269406 119472 38800 23717 80672 1737 149934 130258 76793 53465 6326 47139 19676 3006 5237 715 1089 977 73787 20026 12956 4522 10452 5827 5442 535 331 4907 2992 2935
is_linear=0
shrinkage=0.05


Tree=111
num_leaves=31
num_cat=0
split_feature=7 5 2 4 8 5 6 4 2 7 4 6 2 5 7 7 8 5 6 5 8 7 8 5 8 7 5 7 8 7
split_gain=0.270382 0.269254 0.267851 0.682456 0.486632 0.433151 0.567237 1.04698 0.720718 0.755211 0.706259 0.660434 0.641772 0.936615 0.63613 1.01133 1.17225 0.975972 0.872259 0.646861 0.607095 0.932491 0.735173 0.596139 0.657383 0.585824 0.5662 0.554379 0.614984 0.552844
threshold=0.0081742625780446224 67.609507282816807 0.0039040319771477265 -0.11083968852092306 0.087315702480606286 52.454968652640595 0.88173167874633551 -0.96511640687138911 -0.11632211591706552 0.022260992922864185 -0.77783010811878517 0.49741134583546187 -0.12809683200220565 19.833660984713578 0.066940537286215143 0.035582665312475961 0.32211996020547135 49.509235899387157 1.085577884666143 42.708653762831922 0.11987291577668219 0.016327559054624002 0.3604740832465238 36.111111093278431 0.52376905140679997 0.015461389638638223 44.848633864416499 0.049245603936570334 0.10195031188011575 0.047742006227164728
decision_type=8 10 8 8 8 10 8 10 10 10 10 10 10 10 10 10 10 10 10 10 10 10 10 10 10 10 10 10 10 10
left_child=1 -1 5 -4 -5 6 7 8 9 11 20 -2 13 -12 15 17 18 19 26 -15 -8 23 -23 -22 -25 -13 -17 28 -20 -7
right_child=2 -3 3 4 -6 29 10 -9 -10 -11 12 25 -14 14 -16 16 -18 -19 27 -21 21 22 -24 24 -26 -27 -28 -29 -30 -31
leaf_value=0.00041328900395945067 0.0076283263222825144 0.0024868623437896533 -0.00037260750808722855 -0.0039187452324131308 -1.7585483807014794e-05 0.00033463069061221454 -0.00019163318467543995 3.1920161869445737e-05 0.00023578482043689226 0.00081292518109003428 -0.00072463937330068617 -0.00083787840873507467 -0.00012689464187288458 0.00038457770862719158 -0.0010483257411428189 0.001281457255623351 -0.0011521762253464411 0.0057689304002997233 0.0014945632108085028 -0.001592269294859873 -0.0028961631503027466 -0.00098496643042472222 0.00038735148331486466 0.00092106187462507357 -0.0044845929131815242 0.0029450792882468931 -0.002475120060787405 0.00095441059223907955 0.0043264548362094068 -0.00060169823374848347
leaf_weight=848 62 192 15892 80 103055 17870 12545 70266 3524 1985 1675 126 25663 4473 561 785 349 80 275 456 764 2733 1518 245 73 545 115 289 633 1729
leaf_count=848 62 192 15892 80 103055 17870 12545 70266 3524 1985 1675 126 25663 4473 561 785 349 80 275 456 764 2733 1518 245 73 545 115 289 633 1729
internal_value=-8.53827e-06 0.000796103 -1.16565e-05 -6.76086e-05 -2.06115e-05 3.29388e-05 -1.57791e-07 8.70486e-05 0.000707628 0.00131939 -0.000125496 0.00269093 4.01505e-06 0.000350681 0.000575376 0.000697562 0.00153094 0.000290608 0.00197748 0.000201692 -0.000381605 -0.000828483 -0.000494922 -0.00213899 -0.000319859 0.00223472 0.00080145 0.00286172 0.00346878 0.000252029
internal_weight=269406 1040 268366 119027 103135 149339 129740 76508 6242 2718 53232 733 35354 9691 8016 7455 2446 5009 2097 4929 17878 5333 4251 1082 318 671 900 1197 908 19599
internal_count=269406 1040 268366 119027 103135 149339 129740 76508 6242 2718 53232 733 35354 9691 8016 7455 2446 5009 2097 4929 17878 5333 4251 1082 318 671 900 1197 908 19599
is_linear=0
shrinkage=0.05


Tree=112
num_leaves=31
num_cat=0
split_feature=2 7 4 0 2 4 1 6 0 2 2 6 5 4 7 7 5 6 1 6 6 1 6 6 0 0 6 4 7 0
split_gain=0.245794 0.520573 0.516663 0.608097 0.681673 0.562462 0.527156 0.491519 0.586859 0.478579 0.456717 0.416988 0.657 0.741619 1.05129 0.900735 0.540105 0.514676 0.707331 0.686079 0.490558 0.476388 0.708273 0.637153 0.604675 0.471267 0.526147 0.881378 0.62283 0.589898
threshold=-0.046906596475218269 0.010729015863647379 -0.41411456341770297 0.024010049408489612 0.076100291161981151 -0.72697674998527051 -0.014680604026845621 0.92114602670131396 -0.0086493679308050613 0.20525490716530362 0.03700576850888327 3.4582492346713782 82.721296622103907 1.3422113471485175 0.035582665312475961 0.049831260130964027 76.882066305004102 1.2202166521143678 0.12775959273898144 1.1681325104058418 1.0070122301200986 0.090780493495887696 1.8345948309903883 2.080172437363955 -0.07805826330971298 0.071774098249793319 1.6949258391604467 0.81380051105069662 0.030331016218215278 0.0047595009762844151
decision_type=8 8 8 10 10 10 10 10 10 10 8 10 10 10 10 10 10 8 10 10 10 10 10 10 10 10 10 10 10 10
left_child=-1 -2 3 7 5 -5 -4 -3 -9 -8 -7 16 -13 -14 -15 -16 17 18 19 -11 -20 23 -23 24 -19 26 -18 -28 29 -29
right_child=1 2 6 4 -6 10 9 8 -10 11 -12 12 13 14 15 -17 25 21 20 -21 -22 22 -24 -25 -26 -27 27 28 -30 -31
leaf_value=5.1067817833748996e-05 0.00060021812249090687 -0.00019984942696568399 0.00013712174292457833 -0.0036228649783879522 -0.0045675141181038955 0.0013597477964563728 -0.00013053091627433243 -0.00042200597559724072 -0.0015847135198847452 0.00038511948603410289 0.0056932854148821644 4.2946314351866022e-05 0.0083221250272893909 -0.0038514415942859561 0.0089310554422485505 0.00096435657613439842 -0.00044718240153672484 -0.003326000645081097 -0.0018595697552348065 -0.002167782927377643 0.00020359233713801753 -0.00038206133135366423 0.0012899720043722668 -0.0013974169427893183 0.001974435775219933 -0.0014545766505056682 0.0056552198159889409 0.0072499015843495735 -0.00048595774849731716 0.0012966271947598511
leaf_weight=106256 3052 14140 36948 52 51 657 86243 3636 1547 5664 67 360 58 57 59 89 2982 56 742 276 471 1508 1092 179 1374 784 88 50 620 248
leaf_count=106256 3052 14140 36948 52 51 657 86243 3636 1547 5664 67 360 58 57 59 89 2982 56 742 276 471 1508 1092 179 1374 784 88 50 620 248
internal_value=-8.11136e-06 -4.66534e-05 -5.8985e-05 -0.0002957 0.00103201 0.00140002 -2.49022e-05 -0.000352525 -0.000769046 -8.30232e-05 0.00176078 0.000161484 0.00143077 0.00333046 0.00191818 0.00414027 0.000112472 0.000299954 4.18146e-05 0.0002665 -0.00105846 0.000738651 0.000320193 0.00141484 0.00176687 -0.000333919 -0.000113609 0.000875173 0.000416955 0.0022955
internal_weight=269406 163150 160098 20150 827 776 139948 19323 5183 103000 724 16757 623 263 205 148 16134 11362 7153 5940 1213 4209 2600 1609 1430 4772 3988 1006 918 298
internal_count=269406 163150 160098 20150 827 776 139948 19323 5183 103000 724 16757 623 263 205 148 16134 11362 7153 5940 1213 4209 2600 1609 1430 4772 3988 1006 918 298
is_linear=0
shrinkage=0.05


Tree=113
num_leaves=31
num_cat=0
split_feature=7 5 8 4 8 1 7 6 5 5 4 8 7 7 7 6 5 8 7 8 4 7 5 5 8 7 4 6 4 5
split_gain=0.226933 0.242044 0.244814 0.235305 0.224917 0.222844 0.494146 0.743484 1.23988 0.454055 1.03631 0.617987 0.467037 0.827759 0.44264 0.435723 0.425677 0.453645 0.428034 0.446456 0.69938 0.723295 0.680418 1.0868 0.556599 0.477348 0.886861 1.56558 1.63097 0.654963
threshold=0.0081742625780446224 67.609507282816807 0.11218260928264435 -0.52324214812199099 0.13603785811251509 0.050584170450210249 0.018616823402175933 1.0320920183646733 75.64042598981753 29.607629306072635 -0.30299248606751245 0.11987291577668219 0.034862502756522674 0.044783073190515534 0.028035940640548769 0.62174119467419764 49.702161390374222 0.23809523601662891 0.030087733250814895 0.83104930563871315 0.87946274317831652 0.058752616110890658 82.721296622103907 84.36679887914751 0.40489359352560911 0.058752616110890658 0.48583506881752903 1.0798930969807536 0.35373948376264092 71.003441841506728
decision_type=8 10 8 10 10 8 8 8 10 8 8 8 10 10 10 10 8 8 10 8 10 10 10 10 10 10 10 10 10 10
left_child=1 2 3 -1 -4 -2 7 8 -7 14 12 -12 -11 15 -8 -14 -13 -18 -19 20 22 24 -20 -24 -22 -21 27 28 -27 -28
right_child=5 -3 4 -5 -6 6 9 -9 -10 10 11 16 13 -15 -16 -17 17 18 19 25 21 -23 23 -25 -26 26 29 -29 -30 -31
leaf_value=0.00082887144749728989 -3.3146678973296258e-05 0.0023325083038556 -0.0027024281386606951 0.0046412020846868475 0.00022700770103548782 0.0016619116600868258 -0.0044399070828872664 0.00032300953211231317 0.0096638303923166618 0.00024805848701505697 -0.0020778439525866812 0.00040563232821818159 0.0014829417797071595 0.00074071253464576237 -0.00072503328241153441 0.0061319470869946394 -0.00080577613252269227 0.00023133302303559114 -0.00011696992201904505 0.00027192930469996591 0.00033460985505035022 0.0019779112980232156 0.0090126645022054318 0.0004158229547222921 -0.0012701135932572031 4.4813946905461226e-05 -0.0019443481623940004 -0.0039098036558195748 0.012013256675721604 -2.7949451735820699e-05
leaf_weight=146 215435 192 74 56 572 404 93 1511 55 279 342 7359 70 245 582 180 1704 15655 8762 9460 649 215 53 120 3228 55 828 57 59 966
leaf_count=146 215435 192 74 56 572 404 93 1511 55 279 342 7359 70 245 582 180 1704 15655 8762 9460 649 215 53 120 3228 55 828 57 59 966
internal_value=-7.70579e-06 0.000729455 0.000366499 0.00188576 -0.000108562 -1.05625e-05 8.13575e-05 0.000858371 0.00262075 5.13205e-05 6.86121e-05 4.02324e-05 0.00188403 0.00280612 -0.00123686 0.00483023 5.49646e-05 -6.75513e-06 2.71924e-05 -0.000103505 -0.000303588 -0.000844945 -5.56598e-05 0.00304954 -0.00100149 0.000124632 -0.000584494 0.00285607 0.00623901 -0.000912441
internal_weight=269406 1040 848 202 646 268366 52931 1970 459 50961 50286 49512 774 495 675 250 49170 41811 40107 24452 13027 4092 8935 173 3877 11425 1965 171 114 1794
internal_count=269406 1040 848 202 646 268366 52931 1970 459 50961 50286 49512 774 495 675 250 49170 41811 40107 24452 13027 4092 8935 173 3877 11425 1965 171 114 1794
is_linear=0
shrinkage=0.05


Tree=114
num_leaves=31
num_cat=0
split_feature=2 4 1 1 1 8 7 7 6 4 5 8 2 7 6 5 6 1 7 7 6 4 5 4 2 8 2 7 5 4
split_gain=0.241841 0.624708 0.51106 0.508597 0.673261 0.487568 0.840356 0.657442 0.483728 0.944943 0.909046 0.668451 0.644746 0.681578 0.603144 0.532863 0.552124 0.738125 0.887198 0.496347 0.449815 0.871797 0.56596 0.456775 0.652624 0.903311 0.429587 0.464326 0.418263 0.611929
threshold=0.0039040319771477265 -0.030882502787409859 0.050584170450210249 -0.014124096270364815 -0.13278317838299639 0.23809523601662891 0.033884834145942809 0.042130702872240168 0.88173167874633551 -0.96511640687138911 57.034183011470525 0.84906492955078761 -0.11632211591706552 0.022260992922864185 0.56295236189311193 11.189191036564852 2.1343770088931624 -0.17162639202663535 0.037487772843979549 0.015284114862724163 0.7015131783344527 0.29995240434532638 64.803739384027395 0.24668851310818021 0.21807114913014361 0.74568449334108189 -0.14373222694830176 0.015825986897744664 29.607629306072635 -0.30299248606751245
decision_type=8 8 10 10 8 8 10 10 8 10 10 8 10 10 10 10 10 10 10 10 10 8 8 10 10 10 10 10 10 10
left_child=2 -2 8 4 -3 6 -5 -8 9 12 15 -12 13 14 -1 16 17 18 -10 -16 21 23 -23 -7 -25 -26 27 -17 -4 -30
right_child=1 3 28 5 -6 20 7 -9 10 -11 11 -13 -14 -15 19 26 -18 -19 -20 -21 -22 22 -24 24 25 -27 -28 -29 29 -31
leaf_value=0.0058464733969308758 -0.00032140830715897276 -0.0010738489757818731 -0.00092456671291060277 -0.00028762474196105959 0.00026240779573065312 7.3476476315817381e-05 -0.0034596217866158861 0.00018587429873481267 0.0064678668698346991 3.4068397460611569e-05 0.00084107169946611273 -0.0020612617605365812 0.00022981855892513964 0.00077138287163985712 -0.0010803626351584431 -0.0018195878339538948 -0.0041649182712443916 -0.0011927952136199739 -0.0013010721165430271 0.0025994753769953693 1.4565573093546799e-05 -0.00094928540567470489 -0.00021054827134223044 0.00086171551184746869 0.00090720441352698164 0.0099728799820877623 -0.00021939185788969525 0.00016473389707309305 0.0017652508081522106 0.00030359043020013361
leaf_weight=117 19233 987 635 2588 20971 2690 416 176 73 75117 3319 211 3559 1985 112 302 133 1224 74 504 60995 4507 6104 694 61 50 37304 12379 761 12125
leaf_count=117 19233 987 635 2588 20971 2690 416 176 73 75117 3319 211 3559 1985 112 302 133 1224 74 504 60995 4507 6104 694 61 50 37304 12379 761 12125
internal_value=-7.3205e-06 -6.03904e-05 3.49672e-05 -1.03086e-05 0.000202344 -6.9958e-05 -0.000676372 -0.00237583 5.90478e-06 8.33158e-05 -0.000108616 0.000667589 0.000672661 0.00125253 0.00255549 -0.000161831 -0.00108912 -0.000790741 0.00255697 0.00193041 -4.42807e-05 -0.000298735 -0.000524325 0.00038617 0.00143107 0.00499084 -0.00013393 0.000117477 0.000328178 0.000389911
internal_weight=269406 119472 149934 100239 21958 78281 3180 592 136413 81394 55019 3530 6277 2718 733 51489 1504 1371 147 616 75101 14106 10611 3495 805 111 49985 12681 13521 12886
internal_count=269406 119472 149934 100239 21958 78281 3180 592 136413 81394 55019 3530 6277 2718 733 51489 1504 1371 147 616 75101 14106 10611 3495 805 111 49985 12681 13521 12886
is_linear=0
shrinkage=0.05


Tree=115
num_leaves=31
num_cat=0
split_feature=4 7 1 6 6 2 6 4 6 2 1 7 7 7 7 7 7 2 7 6 7 4 4 7 3 1 7 6 6 1
split_gain=0.323821 0.58582 0.612915 0.553626 0.48656 0.480264 0.474519 0.813212 0.499458 0.469608 0.683858 0.563945 0.503872 0.462006 0.456009 0.744414 0.967383 0.399742 0.606978 1.10688 1.31916 0.519357 0.963433 0.913506 0.842068 1.20062 0.7994 0.604809 0.867638 0.577061
threshold=1.1173375469307762 0.033123585838905116 0.098675070426067282 1.0913625314285549 2.1979525349369644 0.026812013978577246 1.7737832070643782 1.2768143495111557 3.1031203251961537 0.36249146008198335 0.22843713725094186 0.048732584943597293 0.035582665312475961 0.065185274809158783 0.057757133189171216 0.050417968496791338 0.04516356898295245 0.3897788632604014 0.036669205911247595 1.5361869485606656 0.032677986316878328 0.51183061292236742 0.44198032478668831 0.073071248271039071 1.0000000180025095e-35 -0.0081078119972283185 0.051045454732637836 0.4813804502166108 0.61167366341554874 -0.11843624673773361
decision_type=10 8 10 8 10 8 10 10 10 10 10 8 10 10 10 10 10 10 10 10 10 10 10 10 2 10 10 10 10 10
left_child=17 2 3 -2 5 -3 -4 8 -8 11 -11 12 -6 14 15 16 -12 -1 19 20 -19 22 24 26 25 -20 -24 -23 -29 -26
right_child=1 4 6 -5 9 -7 7 -9 -10 10 13 -13 -14 -15 -16 -17 -18 18 21 -21 -22 27 23 -25 29 -27 -28 28 -30 -31
leaf_value=1.1307958192154265e-05 0.0031899200663853358 0.0033418697312961078 -0.00047291153301930769 -0.00070062362070062332 -0.0018840215399570299 -0.0013939651213881717 0.0020757345638748328 0.00032906698225324666 0.0062720544498352827 -0.0026923919306392529 0.00067903067366304728 -0.0020628012042057452 0.00070968110191738164 -0.00085233779217250966 0.0066815101102912335 -0.0011821326820857148 0.0097978098317980777 -0.0044913777796965508 0.00072054524606625955 0.008583277039643792 0.0037332546487851507 -0.0048074592418897036 0.0072908110125868954 0.008524826172584047 0.0040718274087143637 0.0091256175415407193 0.00010846981887071808 0.0037928508206056689 -0.00015028371050167033 -0.00088047264583555711
leaf_weight=257128 96 55 624 1925 250 2008 455 1021 84 91 66 457 746 97 69 99 52 72 140 63 151 65 53 75 65 61 144 148 2431 619
leaf_count=257128 96 55 624 1925 250 2008 455 1021 84 91 66 457 746 97 69 99 52 72 140 63 151 65 53 75 65 61 144 148 2431 619
internal_value=9.39669e-06 -0.000300089 0.000111706 -0.000515818 -0.000734073 -0.00126771 0.000692396 0.00115852 0.00272971 -0.000162778 0.00120382 -0.000608591 5.86513e-05 0.00212955 0.00314089 0.00201507 0.00469748 1.91061e-05 0.000509713 0.00273108 0.00107777 0.00034257 0.00122609 0.00382866 0.000426209 0.00327134 0.00204077 -4.40555e-05 7.59993e-05 -0.000409859
internal_weight=269410 8195 4205 2021 3990 2063 2184 1560 539 1927 474 1453 996 383 286 217 118 261215 4087 286 223 3801 1157 272 885 201 197 2644 2579 684
internal_count=269410 8195 4205 2021 3990 2063 2184 1560 539 1927 474 1453 996 383 286 217 118 261215 4087 286 223 3801 1157 272 885 201 197 2644 2579 684
is_linear=0
shrinkage=0.05


Tree=116
num_leaves=31
num_cat=0
split_feature=4 7 1 6 8 6 5 5 5 6 8 4 7 6 4 6 5 6 1 6 5 7 7 4 7 5 7 8 0 5
split_gain=0.292248 0.528702 0.553156 0.499647 0.459268 0.439121 0.584787 0.572557 1.01764 0.544814 0.527899 0.508137 0.472916 0.431872 0.753026 0.879998 0.498325 0.42182 0.397151 0.387329 0.37155 0.606416 0.317182 0.306299 0.331149 0.453956 0.387094 0.315256 0.669348 0.704324
threshold=1.1173375469307762 0.033123585838905116 0.098675070426067282 1.0913625314285549 0.97168590762528517 2.1979525349369644 76.882066305004102 82.721296622103907 84.36679887914751 3.4582492346713782 0.9058488064324447 1.4264144945704402 0.04516356898295245 1.7737832070643782 1.2252736199753029 3.1031203251961537 86.352263577446465 0.92114602670131396 0.26006599770700684 2.349245140747239 80.202179339743097 0.028749857779281091 0.03125647285141462 1.0889217266561968 0.037053957192947101 67.314036753084238 0.058752616110890658 0.80916595075554609 0.022921502073827597 74.584855952004844
decision_type=10 8 10 8 10 10 10 10 10 10 8 10 10 10 10 10 10 10 10 10 10 10 10 10 10 10 10 8 10 10
left_child=23 2 3 -2 13 6 10 -7 -9 11 18 12 -10 -4 15 19 20 -12 -3 -15 22 -22 -16 -1 25 -25 27 -26 -29 -30
right_child=1 5 4 -5 -6 7 -8 8 9 -11 17 -13 -14 14 16 -17 -18 -19 -20 -21 21 -23 -24 24 26 -27 -28 28 29 -31
leaf_value=1.4707816681737617e-05 0.0030304240456492455 -0.0022164068878286771 -0.00031299507421896457 -0.00066559244983959212 -0.0017116591298527346 -0.00059644684545430784 -0.0025585338482557313 0.0069569326235427408 -0.0033059687816098127 0.0025568171406599796 -0.0034929967126683206 -0.0056217198128337567 0.0029025902119006069 0.0036617401900983764 0.00013675871081377642 0.0089290994748283739 -0.0029608503350213736 0.00045443044536816826 0.0019712076901221682 -0.00012292500773290976 0.0055163510775795054 -0.00037027153962602218 0.0028079377873368549 -0.0014656711238323682 0.00032585600784331803 0.0012012508175410759 -0.0016595216637581651 0.0079851038819144186 0.0050333954582863251 -0.001887120688678062
leaf_weight=260163 96 559 550 1925 187 1526 575 71 54 152 74 53 71 178 703 59 86 792 63 109 105 75 132 252 91 435 58 67 83 66
leaf_count=260163 96 559 550 1925 187 1526 575 71 54 152 74 53 71 178 703 59 86 792 63 109 105 75 132 252 91 435 58 67 83 66
internal_value=8.92685e-06 -0.000285084 0.000106121 -0.000490027 0.000657776 -0.000697369 -0.00120432 -0.000154639 0.00152666 0.000358323 -0.00068102 -0.00151904 0.000220493 0.000879651 0.00133297 0.00336765 0.000693554 0.000117121 -0.00179226 0.00222436 0.00100319 0.00306359 0.000559029 1.81508e-05 0.0008696 0.000222991 0.00208664 0.00279439 0.00383437 0.00196793
internal_weight=269410 8195 4205 2021 2184 3990 2063 1927 401 330 1488 178 125 1997 1447 346 1101 866 622 287 1015 180 835 261215 1052 687 365 307 216 149
internal_count=269410 8195 4205 2021 2184 3990 2063 1927 401 330 1488 178 125 1997 1447 346 1101 866 622 287 1015 180 835 261215 1052 687 365 307 216 149
is_linear=0
shrinkage=0.05


Tree=117
num_leaves=31
num_cat=0
split_feature=4 7 1 6 8 1 2 4 6 6 7 5 5 4 7 2 7 6 7 5 8 1 7 4 7 4 8 7 7 1
split_gain=0.263754 0.477154 0.499223 0.450932 0.414489 0.423766 1.02872 0.429688 0.430186 0.397165 0.468697 0.445969 0.367177 0.361519 0.448201 0.359655 0.547615 0.997375 1.19054 0.481314 0.970427 1.49322 0.927412 0.772575 1.47185 0.434543 1.62157 2.11762 4.67878 0.453547
threshold=1.1173375469307762 0.033123585838905116 0.098675070426067282 1.0913625314285549 0.97168590762528517 0.1047995612843813 0.15080085516008138 1.1485950055336345 1.7202531394024461 1.7202531394024461 0.075517149084893084 84.36679887914751 73.576251344163992 1.2768143495111557 0.03125647285141462 0.3897788632604014 0.036669205911247595 1.5361869485606656 0.032677986316878328 76.882066305004102 0.78243504923787188 0.12775959273898144 0.045942379692413306 0.61186367619012305 0.04275317982542725 0.53019978575856863 0.87359775149466901 0.079061678468717936 0.068895718469190556 -0.11843624673773361
decision_type=10 8 10 8 10 10 10 10 10 10 8 10 10 10 10 10 10 10 10 10 10 10 10 10 10 10 8 10 10 10
left_child=15 2 3 -2 5 6 -4 12 -9 11 -11 -3 -7 -10 -15 -1 17 18 -17 22 21 -21 23 24 -18 26 29 28 -28 -24
right_child=1 9 4 -5 -6 7 -8 8 13 10 -12 -13 -14 14 -16 16 19 -19 -20 20 -22 -23 25 -25 -26 -27 27 -29 -30 -31
leaf_value=9.8464541741167335e-06 0.0028789028088795025 -0.0010748719598377419 0.00071657148025584881 -0.00063231281430007702 -0.0016260761156114646 0.00038178072059772127 0.0088465482227250269 -0.0012145857059452656 0.0020060181194369274 -0.00023238078033886939 -0.0049372165409968822 -0.0041374252395725399 0.0050336703602321606 -0.00030637927249169383 0.0026847926717771362 -0.0042675443004150616 0.000988649175163697 0.0081477276448692609 0.0035458564988577615 -0.0017910041559677852 -0.0010903782223771043 0.0070107475370168697 0.0038381276173970187 0.0014070204314701061 0.012664649502883825 -0.00029170044742854581 5.7543008412277806e-05 -0.0024903750323784957 0.01720623851225183 -0.00025662047466690278
leaf_weight=257128 96 1119 133 1925 187 76 55 346 406 2684 54 133 96 734 151 72 55 63 151 93 1042 100 74 187 53 1183 86 69 74 785
leaf_count=257128 96 1119 133 1925 187 76 55 346 406 2684 54 133 96 734 151 72 55 63 151 93 1042 100 74 187 53 1183 86 69 74 785
internal_value=8.48051e-06 -0.00027083 0.000100815 -0.000465526 0.000624887 0.000835668 0.00309502 0.000600866 0.00035108 -0.000662501 -0.000325172 -0.00140021 0.00297818 0.000770693 0.000203979 1.72432e-05 0.0004826 0.00259255 0.00102314 0.000323841 -0.000487176 0.00276949 0.000714179 0.00335158 0.00671854 0.000371584 0.00109278 0.00483133 0.00798881 9.61285e-05
internal_weight=269410 8195 4205 2021 2184 1997 188 1809 1637 3990 2738 1252 172 1291 885 261215 4087 286 223 3801 1235 193 2566 295 108 2271 1088 229 160 859
internal_count=269410 8195 4205 2021 2184 1997 188 1809 1637 3990 2738 1252 172 1291 885 261215 4087 286 223 3801 1235 193 2566 295 108 2271 1088 229 160 859
is_linear=0
shrinkage=0.05


Tree=118
num_leaves=31
num_cat=0
split_feature=6 7 0 0 1 8 1 0 6 8 7 8 6 5 0 0 5 5 8 8 5 7 8 0 0 1 7 7 7 5
split_gain=0.241789 0.590416 0.428472 0.476426 0.530459 0.558252 0.556672 0.579301 0.503901 0.462725 0.745973 0.396198 0.331247 0.644681 0.588538 0.444939 0.395219 0.388681 0.401397 0.485358 0.342115 0.660777 0.330362 0.34716 0.320208 0.513768 0.317806 0.43921 0.300097 0.344491
threshold=0.62858974848366278 0.014116087967836826 0.022921502073827597 -0.020216614783719052 -0.13278317838299639 0.054054054030392575 -0.080369444355017514 0.016394919509673537 0.48697091873904857 0.6804973471060507 0.06361128722715019 0.64740024651607431 0.46422611227298244 38.193107859860582 -0.027027027027027025 -0.029931256787467827 46.20134157461041 35.482077584025596 0.42526503026784274 0.50224926047455021 52.263145240974545 0.04275317982542725 0.036731370677270919 0.0029158432110074632 0.02903361850930786 -0.10774410774410774 0.052946406917865098 0.062182765303145433 0.031958304682792045 62.872817551059583
decision_type=8 10 10 10 10 10 10 10 10 8 10 10 10 10 10 10 10 10 10 10 10 10 8 10 10 10 10 10 10 10
left_child=1 11 3 8 22 6 7 -6 9 12 -11 -1 17 15 -15 -14 -16 18 -3 -20 -19 -22 -5 -24 26 -26 -4 -28 -27 -30
right_child=-2 2 24 4 5 -7 -8 -9 -10 10 -12 -13 13 14 16 -17 -18 20 19 -21 21 -23 23 -25 25 28 27 -29 29 -31
leaf_value=0.00064553809857402077 -1.6684051316212474e-05 0.0013693033622573395 0.00096476001136099163 -0.0041499933607146607 0.0011669585664070001 -9.9696976314730005e-05 0.0002003322156259418 0.0066296526988712592 0.00012239690824132019 -0.00070876957491019079 0.0038323293607876018 0.0029265811732435854 0.0037563520744394435 0.0018642455119118894 0.01053568347916007 -0.00098711385419678489 0.0042799301956798512 -0.00032913681747880259 0.0080280729556559682 0.0011915423229802401 -0.00080768155718320299 0.0059768105940961776 -6.839076202351036e-05 -0.0027277648734087704 -0.0042054343553900256 0.0019471559179252045 0.0058601336331949349 0.00069994237733843898 -0.00033950100291721121 0.0023770711782610796
leaf_weight=2508 211666 583 1039 97 1003 35081 7142 51 5988 652 105 206 78 93 50 135 51 575 54 50 76 68 357 187 64 248 84 81 904 134
leaf_count=2508 211666 583 1039 97 1003 35081 7142 51 5988 652 105 206 78 93 50 135 51 575 54 50 76 68 357 187 64 248 84 81 904 134
internal_value=8.05648e-06 9.87452e-05 6.32393e-05 3.24598e-05 -3.40449e-05 -1.28966e-05 0.000358632 0.00143128 0.000373749 0.000959389 -7.88946e-05 0.000818675 0.00139291 0.00264907 0.0047342 0.00074993 0.00737684 0.00102929 0.00187976 0.00474128 0.00021667 0.00239611 -0.00146187 -0.000982551 0.000695653 0.000166937 0.00128848 0.00332695 0.000384536 1.11933e-05
internal_weight=269410 57744 55030 52476 43918 43277 8196 1054 8558 2570 757 2714 1813 407 194 213 101 1406 687 104 719 144 641 544 2554 1350 1204 165 1286 1038
internal_count=269410 57744 55030 52476 43918 43277 8196 1054 8558 2570 757 2714 1813 407 194 213 101 1406 687 104 719 144 641 544 2554 1350 1204 165 1286 1038
is_linear=0
shrinkage=0.05


Tree=119
num_leaves=31
num_cat=0
split_feature=4 7 1 6 6 5 5 5 6 4 7 0 6 6 4 6 5 7 7 5 4 7 5 1 5 1 7 0 0 3
split_gain=0.236015 0.430896 0.450545 0.406987 0.370767 0.522255 0.919721 0.506553 0.489634 0.458148 0.429537 0.368476 0.40788 0.362637 0.619958 0.858724 0.318166 0.301098 0.355815 0.285987 0.27699 0.301415 0.413774 0.402727 0.573961 0.910588 0.35042 0.30942 0.453803 0.660901
threshold=1.1173375469307762 0.033123585838905116 0.098675070426067282 1.0913625314285549 2.1979525349369644 82.721296622103907 84.36679887914751 76.882066305004102 3.4582492346713782 1.4264144945704402 0.04516356898295245 0.15039605358095179 0.8588532387688248 1.7737832070643782 1.2252736199753029 3.1031203251961537 86.352263577446465 0.035582665312475961 0.045550372314020794 84.36679887914751 1.0889217266561968 0.037053957192947101 68.881771044823552 0.098675070426067282 77.611940197148598 0.073663531254306705 0.058752616110890658 0.081793937462988034 0.036250854993160171 1.0000000180025095e-35
decision_type=10 8 10 8 10 10 10 10 10 10 10 10 10 10 10 10 10 10 10 10 10 10 10 10 10 10 10 10 10 2
left_child=20 2 3 -2 7 17 -7 11 9 10 -8 12 -3 -4 15 -15 19 -6 -19 -16 -1 22 -22 24 25 -24 27 28 29 -23
right_child=1 4 13 -5 5 6 8 -9 -10 -11 -12 -13 -14 14 16 -17 -18 18 -20 -21 21 26 23 -25 -26 -27 -28 -29 -30 -31
leaf_value=1.2668712196190809e-05 0.0027358783108259862 -0.0052239155337470127 -0.0004242326427349606 -0.00059986297820990321 -0.00222779098426384 0.006638105657659996 -0.0031238607264606768 -0.0023549677766808918 0.0024491677062063611 -0.0053104263923640527 0.002793106753510279 0.0020984069065889343 -0.00066694195530592193 0.0017404721652007884 0.0005096387090499176 0.0083233456226002624 -0.0023119914446093999 0.00064078811834442854 -0.0010204349345132545 0.0043088758440437509 -0.00112475438327122 -0.0006086933785506214 0.0014062079338028151 -0.00040759392956637644 -0.0012895663120836053 0.0097091500013549298 -0.0015775418316479773 0.0060207410470216674 -0.00038317706022443699 0.0066070357783852771
leaf_weight=260163 96 51 624 1925 228 71 54 575 152 53 71 116 1321 309 1044 59 96 596 702 52 315 51 85 175 58 54 58 56 116 84
leaf_count=260163 96 51 624 1925 228 71 54 575 152 53 71 116 1321 309 1044 59 96 596 702 52 315 51 85 175 58 54 58 56 116 84
internal_value=7.65366e-06 -0.000256561 9.66096e-05 -0.000441411 -0.000628763 -0.000130059 0.00147568 -0.00109459 0.000364979 -0.00141478 0.000236977 -0.00060755 -0.000836334 0.000594476 0.00100196 0.00279588 0.000448132 -0.000552013 -0.000257655 0.000689894 1.59428e-05 0.000825631 0.000208734 0.0013379 0.00288846 0.00463181 0.00198675 0.00266013 0.00191035 0.00388109
internal_weight=269410 8195 4205 2021 3990 1927 401 2063 330 178 125 1488 1372 2184 1560 368 1192 1526 1298 1096 261215 1052 687 372 197 139 365 307 251 135
internal_count=269410 8195 4205 2021 3990 1927 401 2063 330 178 125 1488 1372 2184 1560 368 1192 1526 1298 1096 261215 1052 687 372 197 139 365 307 251 135
is_linear=0
shrinkage=0.05


Tree=120
num_leaves=31
num_cat=0
split_feature=3 7 7 6 4 8 5 0 8 4 7 4 7 4 6 7 1 1 7 6 4 7 5 0 8 6 4 5 8 5
split_gain=0.363716 0.708804 0.529321 0.583127 0.630913 1.16939 0.667644 0.560065 0.513376 0.832188 0.683642 1.02003 0.568693 0.498394 0.686604 0.645219 0.583435 0.757161 0.589489 1.06584 0.818387 1.04031 0.564246 0.535609 0.486077 0.483985 0.470046 0.468218 0.671629 0.651078
threshold=1.0000000180025095e-35 0.012907082895588661 0.013436842382080084 0.52990710852304213 -0.42105923336609474 0.38041764916219395 37.377506774094108 -0.0010334850877372623 0.60682228875209776 0.66926294623214633 0.024959169904222034 -0.18263252436617203 0.034532214767357947 0.73182799324622916 1.0913625314285549 0.031391716260991791 0.043139448846459046 0.048367155720096873 0.033884834145942809 2.6997656663647489 0.83884699754025072 0.032975736110415835 78.431372505959288 -0.0091639620278571848 0.91231343233938167 0.92996735694619359 1.0620545557555838 73.138336581420717 0.82545314673190862 72.636242482043727
decision_type=2 10 8 8 10 10 10 10 10 10 10 10 10 10 10 10 10 10 10 10 10 10 10 10 8 10 10 10 8 10
left_child=2 -2 3 -1 5 -5 -7 -8 9 10 11 -3 -11 14 -10 -15 -17 -18 19 20 21 23 -22 -19 -6 -9 -24 28 -20 -30
right_child=1 8 -4 4 24 6 7 25 13 12 -12 -13 -14 15 -16 16 17 18 27 -21 22 -23 26 -25 -26 -27 -28 -29 29 -31
leaf_value=0.0010122300096693877 0.0010175478770106132 0.0017935663486412696 4.3440189206441873e-05 -0.00044040827578705833 0.00010061119612512591 -0.0034218324622916638 0.00062090867349658824 -0.00063380140378805142 -9.374035142314935e-05 -0.001457404613771283 -0.00062134535506994028 -0.00033429975316820281 -0.0053898609464190167 -0.00069581199215112434 0.00045822923971939889 -0.0014140926308791784 0.0038063469641902315 0.0057410715978738723 -0.0010095344293882104 -0.0042940148963006566 3.0879644066385343e-06 0.0088017503965203085 0.00073692766376412836 -0.00072618500088601442 -0.0031774831162504694 -0.0068100967857954581 0.0062621104932699574 -0.00056792941047128836 0.00048287214112775713 0.0045922824939189011
leaf_weight=771 1342 813 201710 4597 4499 582 255 70 22393 333 7143 1833 127 6250 7528 698 135 51 805 81 501 82 78 86 116 58 76 3248 2667 100
leaf_count=771 1342 813 201710 4597 4499 582 255 70 22393 333 7143 1833 127 6250 7528 698 135 51 805 81 501 82 78 86 116 58 76 3248 2667 100
internal_value=-4.86956e-06 -0.000117789 2.50624e-05 -0.000313536 -0.000413975 -0.000772579 -0.00235495 -0.000733734 -0.000145477 -0.000464699 -0.000367032 0.0003195 -0.0025431 -7.2414e-05 4.51329e-05 -0.00030913 -2.83716e-05 9.39082e-05 2.94479e-05 0.0011929 0.00170141 0.00434743 0.000816714 0.00168133 1.82149e-05 -0.00343244 0.00346364 -0.000133469 0.000261583 0.000631387
internal_weight=269028 56370 212658 10948 10177 5562 965 383 55028 10249 9789 2646 460 44779 29921 14858 8608 7910 7775 955 874 219 655 137 4615 128 154 6820 3572 2767
internal_count=269028 56370 212658 10948 10177 5562 965 383 55028 10249 9789 2646 460 44779 29921 14858 8608 7910 7775 955 874 219 655 137 4615 128 154 6820 3572 2767
is_linear=0
shrinkage=0.05


Tree=121
num_leaves=31
num_cat=0
split_feature=6 0 5 7 1 7 4 6 5 4 6 1 2 6 5 7 0 6 7 7 1 1 0 4 2 0 0 7 0 6
split_gain=0.235642 0.512073 0.6223 0.752749 0.502122 0.522702 0.509032 0.725011 0.454293 0.35791 0.350215 0.379386 0.426352 0.399983 0.561468 0.40716 0.349522 0.332919 0.413769 0.392864 0.3215 0.316674 0.4585 0.319055 0.547271 0.362877 0.340072 0.560212 0.30209 0.297229
threshold=0.50210660955191655 0.021426348320916725 39.756949441393317 0.053672811631288876 -0.051196305378714606 0.015284114862724163 -0.22397619115681436 0.33369681696033587 36.762584847071828 -0.15634765943150178 0.48697091873904857 0.0036589828572110021 -0.11632211591706552 0.49741134583546187 47.341772144907331 0.027563969432362691 -0.020568957016377728 0.49203054622952808 0.027329101590553163 0.036669205911247595 -0.03836812497862007 -0.12716893308091839 -0.03403253894659513 -0.96511640687138911 -0.068477072458424201 -0.0026996220626285812 0.012437810945273743 0.044028506789199028 0.0091743119266055623 0.43178115732243499
decision_type=8 10 10 8 10 10 10 10 10 10 10 10 10 10 10 10 10 10 10 10 10 10 10 10 8 10 10 10 10 10
left_child=1 4 3 8 6 20 21 -8 -3 -9 -7 12 -12 16 15 -15 -14 18 -13 -20 29 22 -1 24 25 -23 -25 -28 -24 -6
right_child=-2 2 -4 -5 5 10 7 9 -10 -11 11 17 13 14 -16 -17 -18 -19 19 -21 -22 23 28 26 -26 -27 27 -29 -30 -31
leaf_value=0.0022796172059464212 -1.9504931849597646e-05 0.00089941446378012885 1.1211970344388124e-05 0.0068148004864890359 0.0010414532941802846 -0.00021465997599410844 0.0060449219572481262 0.003247332683964441 0.0055597454572336811 0.00057758116910795981 -0.00157616409120692 0.00021975095694823466 0.0028608492486243853 0.0020662697688253089 -0.00033391992888882535 0.0072334327806358144 -0.00054127419613661369 0.00069854392624703863 0.0077619524184064786 0.0023254832279173123 0.00064763909765139271 0.0034574726061495291 -0.0010028671596670642 0.00016596996545917284 -0.0010812700956843661 -0.00012190513804485587 0.00066435575312464201 0.0052539588681464995 -0.0048593087401843215 0.0056279476774348455
leaf_weight=98 244327 334 488 85 76 13816 83 158 62 611 320 78 86 99 133 62 618 435 61 73 1119 287 408 4384 140 94 282 87 58 66
leaf_count=98 244327 334 488 85 76 13816 83 158 62 611 320 78 86 99 133 62 618 435 61 73 1119 287 408 4384 140 94 282 87 58 66
internal_value=-4.62608e-06 0.000142546 0.00126918 0.00254546 9.65446e-05 -4.75541e-05 0.00046362 0.00160529 0.00162906 0.00112611 -0.00012583 0.000498739 1.19691e-05 0.00052119 0.00207014 0.00405611 -0.000125674 0.00149033 0.003115 0.00480029 0.000932041 0.000297003 -0.000829091 0.000417428 0.00159205 0.00257437 0.000288671 0.00174646 -0.00148285 0.0031732
internal_weight=269028 24701 969 481 23732 17042 6690 852 396 769 15781 1965 1318 998 294 161 704 647 212 134 1261 5838 564 5274 521 381 4753 369 466 142
internal_count=269028 24701 969 481 23732 17042 6690 852 396 769 15781 1965 1318 998 294 161 704 647 212 134 1261 5838 564 5274 521 381 4753 369 466 142
is_linear=0
shrinkage=0.05


Tree=122
num_leaves=31
num_cat=0
split_feature=3 7 2 5 0 7 6 5 7 7 7 6 5 5 8 5 2 8 2 6 2 5 8 2 7 6 8 8 2 6
split_gain=0.326644 0.639081 0.493067 0.6802 1.0693 1.02485 0.703946 0.610466 0.586329 0.582549 0.482638 0.499401 0.401411 0.400424 0.516729 0.922074 0.563742 0.55272 0.65416 0.395663 0.526725 0.36794 0.44807 0.493643 1.09063 1.06133 0.771306 0.613099 0.737518 0.770448
threshold=1.0000000180025095e-35 0.012907082895588661 0.10668881640329421 52.655202969134379 0.022921502073827597 0.052306130992699713 0.47010975810972544 51.282051236028927 0.058752616110890658 0.070843092138759015 0.013436842382080084 0.52990710852304213 69.208938858797325 19.306490255620954 0.17569641369710343 34.179375695294873 -0.024645537140768444 0.38041764916219395 -0.063462852808195511 0.89705518832092135 0.30648267736161167 66.433854731003393 0.22447098423516193 -0.0088701955150441974 0.054473624498138536 1.0220244080744385 0.2645894821151285 0.24462538673989251 -0.079817201887150344 1.9032115473160072
decision_type=2 10 10 10 10 10 10 10 10 10 8 8 10 10 8 10 10 10 8 10 10 10 8 8 10 10 10 10 10 10
left_child=10 -2 8 4 6 7 -4 -6 12 -10 11 -1 -3 -13 16 17 -15 18 -16 20 -8 -12 -23 24 25 26 -24 -27 -29 -30
right_child=1 2 3 -5 5 -7 19 -9 9 -11 21 13 -14 14 15 -17 -18 -19 -20 -21 -22 22 23 -25 -26 27 -28 28 29 -31
leaf_value=0.00092755031923460118 0.00096664698749185623 -0.00019987870968715224 -0.0019204879474131781 -7.0012333580602749e-05 0.0071479898285915977 -0.00061975789790534802 -3.010362259775621e-05 0.0012721313887478543 -0.0025139631145355231 0.0010210762203662445 2.0698201386304711e-05 -0.0013077678468185752 -0.00094006839740785973 0.00055717822059528073 -0.0025907435713796701 -0.00025386447125072309 -0.00099067490188501414 -0.0031491817210716195 0.0004951731175414577 0.0019210545282580772 0.0036704559386929584 -0.00098170467374161211 0.0034986063405151738 0.00023632357934156944 -0.0031231603700675012 -0.00066610778075531683 -0.00044581602707044243 0.010178310538292863 0.0025389283674704874 0.0092580664373349917
leaf_weight=771 1342 22625 283 27356 154 102 1142 62 535 149 184199 1069 1993 2603 319 4582 760 472 372 522 105 697 165 15596 126 67 498 50 261 51
leaf_count=771 1342 22625 283 27356 154 102 1142 62 535 149 184199 1069 1993 2603 319 4582 760 472 372 522 105 697 165 15596 126 67 498 50 261 51
internal_value=-4.39478e-06 -0.000111405 -0.000137696 3.86927e-07 0.000812979 0.00351084 0.000394889 0.0054614 -0.000299923 -0.0017439 2.39708e-05 -0.000299352 -0.000259802 -0.000392301 -0.000284853 -0.000572996 0.000207381 -0.00183032 -0.00092944 0.000765297 0.000281491 4.15194e-05 0.000260539 0.000312034 0.00128148 0.00178971 0.000535828 0.00372752 0.00454071 0.00363725
internal_weight=269028 56370 55028 29726 2370 318 2052 216 25302 684 212658 10948 24618 10177 9108 5745 3363 1163 691 1769 1247 201710 17511 16814 1218 1092 663 429 362 312
internal_count=269028 56370 55028 29726 2370 318 2052 216 25302 684 212658 10948 24618 10177 9108 5745 3363 1163 691 1769 1247 201710 17511 16814 1218 1092 663 429 362 312
is_linear=0
shrinkage=0.05


Tree=123
num_leaves=31
num_cat=0
split_feature=3 8 4 8 6 4 6 8 5 2 1 8 8 1 2 2 1 8 2 1 1 2 6 8 2 5 2 1 2 6
split_gain=0.294796 0.496691 0.774716 0.519366 0.513578 0.44547 0.562426 0.4688 0.440493 0.93117 0.65362 0.835642 1.03154 0.728321 0.661672 1.14813 1.16954 0.774488 1.63682 0.561541 0.994991 0.464938 0.487992 0.458793 0.418215 0.502774 0.432165 0.425128 0.415847 0.410925
threshold=1.0000000180025095e-35 0.60682228875209776 0.29995240434532638 0.56703283408178051 0.98785225238545293 0.73182799324622916 1.0913625314285549 0.71014492616397173 52.065370752628233 0.25839402339364265 -0.016893621152957058 0.21165644106853862 0.57142857020581539 0.046287056575604175 -0.12809683200220565 -0.081104630092150951 0.034735411492758279 0.27497765384613809 -0.097092977454388205 -0.018534445772651727 -0.080369444355017514 0.061497740600699798 1.4726051119868486 0.38440111380459507 0.065049367460316768 71.384803105610402 0.11409632928692905 -0.017997004887968345 0.054573968210210551 0.8338100589495191
decision_type=2 10 10 10 10 10 10 10 10 10 10 8 8 8 10 10 10 10 10 10 10 8 8 10 10 10 10 10 10 10
left_child=8 2 4 -4 -2 6 -3 -7 9 -1 24 -12 14 21 -13 16 17 18 -16 20 -11 22 -14 -19 -10 27 -27 29 -6 -26
right_child=1 5 3 -5 28 7 -8 -9 10 19 11 12 13 -15 15 -17 -18 23 -20 -21 -22 -23 -24 -25 25 26 -28 -29 -30 -31
leaf_value=-2.6744112029813489e-05 -0.00043394657189690873 -4.9811758684462606e-05 -0.0018002520910062867 -0.00025334108790358916 -4.3000950372771116e-05 -0.0014228869606414025 0.0004424889959958529 -0.0001901380191282069 0.00027379954386176424 -0.00016779296938329938 -0.00053753200213427243 -0.0019748117785308174 -0.00076848909023709494 9.8037652727710596e-05 0.001996768451971474 0.00029748465200406336 0.00054111918472511862 0.00062427743096193369 0.012623739055469369 0.00061709231203196631 0.0088677081249606531 -0.00021204390425911434 -0.0025408593918057462 0.0056288766179522368 0.00053121129412992535 -0.0039226208942838839 0.00023679149955711969 0.0045117680680575884 0.0013719776734041999 0.0016923049971996605
leaf_weight=153520 5909 22909 1453 866 1497 815 7769 14357 7048 50 5200 308 2465 10052 74 25201 446 129 71 124 78 3860 461 71 1788 90 204 90 795 1328
leaf_count=153520 5909 22909 1453 866 1497 815 7769 14357 7048 50 5200 308 2465 10052 74 25201 446 129 71 124 78 3860 461 71 1788 90 204 90 795 1328
internal_value=-4.17504e-06 -0.000105835 -0.000415684 -0.00122258 -0.000187519 -3.47417e-05 7.48601e-05 -0.000256358 2.27723e-05 -2.17591e-05 0.000139059 6.12436e-05 0.000133422 -0.000172151 0.000329058 0.000356359 0.00223207 0.00441805 0.00720032 0.00301512 0.00533822 -0.000572377 -0.00104773 0.00240091 0.000495663 0.000942433 -0.0010365 0.00112391 0.000447797 0.00102605
internal_weight=269028 56370 10520 2319 8201 45850 30678 15172 212658 153772 58886 48338 43138 16838 26300 25992 791 345 145 252 128 6786 2926 200 10548 3500 294 3206 2292 3116
internal_count=269028 56370 10520 2319 8201 45850 30678 15172 212658 153772 58886 48338 43138 16838 26300 25992 791 345 145 252 128 6786 2926 200 10548 3500 294 3206 2292 3116
is_linear=0
shrinkage=0.05


Tree=124
num_leaves=31
num_cat=0
split_feature=3 7 2 5 0 7 5 7 7 8 4 7 7 7 7 8 4 8 2 5 0 5 2 2 8 8 8 2 2 4
split_gain=0.266053 0.578732 0.436874 0.611488 0.964714 0.924612 0.550846 0.529744 0.532202 0.475916 0.43784 0.746133 0.540914 0.484028 0.427902 0.419363 0.414442 1.03981 0.760062 0.671047 0.518323 0.499729 0.446113 0.53388 0.429137 0.413166 0.404596 0.546184 0.398705 0.395191
threshold=1.0000000180025095e-35 0.012907082895588661 0.10668881640329421 52.655202969134379 0.022921502073827597 0.052306130992699713 51.282051236028927 0.058752616110890658 0.065185274809158783 0.60682228875209776 0.5389050432709187 0.045942379692413306 0.038330976880495846 0.0230266142525954 0.013436842382080084 0.76130113397639287 -0.42105923336609474 0.17569641369710343 -0.024645537140768444 35.262275908707522 0.020530856433820691 53.248969405813519 -0.1146997533716284 -0.016212406910081297 0.54474552975359469 0.012871287119155065 0.51103205056543077 0.051295473787753683 -0.040055635513874081 0.27303798695973497
decision_type=2 10 10 10 10 10 10 10 10 10 10 10 10 10 8 10 10 10 10 10 10 10 10 10 8 10 10 10 10 10
left_child=14 -2 7 4 29 6 -6 10 26 -10 -3 12 13 -12 16 -13 17 22 20 28 21 24 -1 -24 -18 -20 27 -9 -19 -4
right_child=1 2 3 -5 5 -7 -8 8 9 -11 11 15 -14 -15 -16 -17 18 19 25 -21 -22 -23 23 -25 -26 -27 -28 -29 -30 -31
leaf_value=-0.0012935324376188208 0.00092534575033514075 -0.00010816980282278571 -1.7653513484394112e-05 -6.2334105318217475e-05 0.0067922420175511745 -0.00058599575628143024 0.0012106815191556611 -0.0084891699718326209 0.0018687044796473408 -0.0021298390851168534 -0.0010565222156056801 -0.00066056691009450607 -0.0022362740331189975 -0.00015963638550789221 3.8157251075589079e-05 0.0031650393257277214 0.0012157073385244744 -0.0025980914713990958 -0.0044091094827248918 -0.00035478288144128291 -0.0031960944685338558 0.0038009797032120536 0.00036749027822151098 -0.0021233408975855003 -0.0021120936799115526 -0.00025769299534241836 -0.0018347827363298737 -0.0014903691725339742 -0.00064070511611067109 0.0015954141472241214
leaf_weight=606 1342 17690 1549 27356 154 102 62 63 154 144 2705 111 521 3389 201710 202 1024 1022 61 921 68 171 2958 232 107 3429 273 50 349 503
leaf_count=606 1342 17690 1549 27356 154 102 62 63 154 144 2705 111 521 3389 201710 202 1024 1022 61 921 68 171 2958 232 107 3429 273 50 349 503
internal_value=-3.96629e-06 -0.000100543 -0.000125562 4.41473e-06 0.000774871 0.00333741 0.00519013 -0.000278265 -0.0016508 -6.34776e-05 -0.000240129 -0.000577076 -0.000689947 -0.000557745 2.16336e-05 0.00180835 -0.000282803 -0.000557666 6.151e-05 -0.00139861 0.00105951 0.00128176 -4.99103e-05 0.000186339 0.000900876 -0.000330254 -0.00287625 -0.00539236 -0.00209982 0.000377752
internal_weight=269028 56370 55028 29726 2370 318 216 25302 684 298 24618 6928 6615 6094 212658 313 10948 6088 4860 2292 1370 1302 3796 3190 1131 3490 386 113 1371 2052
internal_count=269028 56370 55028 29726 2370 318 216 25302 684 298 24618 6928 6615 6094 212658 313 10948 6088 4860 2292 1370 1302 3796 3190 1131 3490 386 113 1371 2052
is_linear=0
shrinkage=0.05


Tree=125
num_leaves=31
num_cat=0
split_feature=1 7 4 3 6 0 6 8 7 1 4 7 4 7 6 6 6 0 0 7 0 7 4 7 7 8 0 6 0 6
split_gain=0.222603 0.751933 0.530874 0.527766 0.672551 0.440526 0.44423 0.438478 0.423117 0.47354 1.09039 0.529733 0.418408 0.549069 0.394896 0.39127 0.373161 0.366099 0.358493 0.346116 0.514661 0.618278 0.487491 0.320703 0.81065 1.28323 0.502903 0.546032 0.490845 1.00243
threshold=0.051809658994896764 0.02157882318536683 -0.36674309410159772 1.0000000180025095e-35 3.4582492346713782 -0.07805826330971298 1.8034516744201159 0.11987291577668219 0.020890698557700361 0.090780493495887696 0.95870618515884576 0.021000936247644649 0.74308898190729644 0.022913603576878383 0.63201327747901304 0.5165069115141131 2.5603091509611668 -0.070991281012234661 0.016394919509673537 0.018616823402175933 0.0045159671754365647 0.016781138874814996 0.71088751332961142 0.04516356898295245 0.044028506789199028 0.10195031188011575 -0.08895198320300883 2.4440655663061612 -0.019538279110054176 0.67517867182735014
decision_type=8 8 8 2 10 8 10 8 10 10 10 10 10 8 10 10 10 8 10 10 10 10 10 10 10 10 10 8 10 10
left_child=12 3 15 8 -5 6 -4 14 19 10 11 -10 23 -14 -7 -3 -8 -9 -15 20 21 -2 -23 24 26 28 27 -1 29 -26
right_child=1 2 5 4 -6 7 16 17 9 -11 -12 -13 13 18 -16 -17 -18 -19 -20 -21 -22 22 -24 -25 25 -27 -28 -29 -30 -31
leaf_value=0.0026405863385778193 0.00073816416732456894 -0.00211193624721921 -0.0021209140209178232 -0.00043415060958196564 0.005277066713487902 0.0024272460428765045 0.0044591344040730658 0.0023650158544564074 0.0062453000576452138 -0.00057847396353092749 0.0086127558830254806 0.00096801440403479228 1.7303278163900744e-05 -0.0014754863239942043 -0.0023590902959724123 0.0018680163870504612 -0.0014199648865244607 4.0407585094032138e-05 -0.0004401159941814952 0.00026078103366241592 0.00076791988072704071 0.0026968704844445093 0.0076666768239516681 -0.0001780796402397244 -0.0041538601855101095 0.00032329173723038358 1.4753334502946574e-07 -0.00013091283533770527 0.0046046116466346631 0.0037603633527467104
leaf_weight=376 168 69 431 1135 54 50 53 170 58 106 75 264 3971 1362 312 588 55 45766 2165 1385 924 114 87 23938 58 1589 183214 337 284 129
leaf_count=376 168 69 431 1135 54 50 53 170 58 106 75 264 3971 1362 312 588 55 45766 2165 1385 924 114 87 23938 58 1589 183214 337 284 129
internal_value=3.27537e-06 9.63536e-05 3.86041e-05 0.000723986 -0.000174768 1.88055e-05 -0.00140237 3.53508e-05 0.00105992 0.0023905 0.00318322 0.00191858 -1.89275e-05 -0.000385937 -0.00169799 0.00145003 0.00146515 4.90105e-05 -0.000839939 0.000810006 0.00139831 0.00297684 0.00484798 -5.81881e-06 1.63525e-05 0.00100271 5.30522e-06 0.00133064 0.00329485 0.00130568
internal_weight=269287 51864 47494 4370 1189 46837 539 46298 3181 503 397 322 217423 7498 362 657 108 45936 3527 2678 1293 369 201 209925 185987 2060 183927 713 471 187
internal_count=269287 51864 47494 4370 1189 46837 539 46298 3181 503 397 322 217423 7498 362 657 108 45936 3527 2678 1293 369 201 209925 185987 2060 183927 713 471 187
is_linear=0
shrinkage=0.05


Tree=126
num_leaves=31
num_cat=0
split_feature=4 2 5 2 6 2 7 7 2 6 7 5 7 5 2 6 7 4 3 9 5 5 2 7 6 5 1 2 7 6
split_gain=0.224893 0.888555 0.797789 0.683623 0.904485 0.571064 0.533887 0.514443 0.973838 0.562473 0.712346 0.506299 0.552213 0.684627 0.403788 0.401884 0.575967 0.516469 0.459188 0.499247 0.473968 0.511628 0.457476 0.635142 1.15805 1.29991 0.58098 0.547031 0.479985 0.869139
threshold=-0.19105873671764081 -0.18265794825493178 42.904110266833079 0.25839402339364265 0.54273377100787001 -0.003872246284881919 0.051045454732637836 0.033123585838905116 -0.11158987858232959 1.2125205212079571 0.040970522754318658 34.41083267532246 0.034532214767357947 38.967239739451657 0.09502747050501216 0.83007034150033909 0.084054682809110978 0.87946274317831652 1.0000000180025095e-35 1.0000000180025095e-35 54.027952861603573 55.805379334986419 0.3897788632604014 0.070843092138759015 0.76459429255538369 65.589279665839854 0.079401972898997544 0.65459219715740546 0.068895718469190556 0.45188364337852277
decision_type=8 8 8 10 10 8 10 10 10 10 10 10 10 10 10 10 8 10 2 2 10 10 10 10 10 10 10 10 10 10
left_child=3 -2 6 5 -5 -1 7 14 9 10 -9 -10 13 -13 -3 22 17 -17 20 -20 -19 -22 26 -24 25 -25 28 -27 -4 -30
right_child=1 2 15 4 -6 -7 -8 8 11 -11 -12 12 -14 -15 -16 16 -18 18 19 -21 21 -23 23 24 -26 27 -28 -29 29 -31
leaf_value=-9.4385760677103712e-06 -0.0015414857927701479 0.00033262602738543461 -3.8620452901875989e-05 0.0083324192848522223 -0.00091977176856016744 -0.00033573090340729533 -0.00084484823319214055 0.0030461658349068949 -0.0017055244514115114 0.00080464526239786428 0.0085880779386074708 0.0069193354796837359 0.00068585074417761038 0.0012889929685564534 0.0029040437005608561 0.00017267665061555256 -0.0017507963852070364 0.0035531578140716642 -0.00074062930037445038 -8.3762597781879331e-06 -0.0029034395809990395 0.00011918966079901544 0.000130203978829285 -0.0014575957950135625 0.0082370072671943094 0.0082158924110417222 -0.0006656709485810125 0.0018927212515977066 0.0047700521638616919 -0.0021407830115154273
leaf_weight=110946 876 5533 44417 56 50 15253 651 170 179 121 88 85 1216 148 157 63205 421 99 4668 4643 142 9935 982 189 72 66 4293 71 50 505
leaf_count=110946 876 5533 44417 56 50 15253 651 170 179 121 88 85 1216 148 157 63205 421 99 4668 4643 142 9935 982 189 72 66 4293 71 50 505
internal_value=3.11161e-06 4.60573e-05 5.58436e-05 -4.55045e-05 0.00396818 -4.88758e-05 0.00053006 0.000646347 0.00133462 0.00361731 0.00493643 0.000803206 0.00111312 0.00334298 0.000403577 2.62471e-05 9.39013e-05 0.000103293 -0.000121749 -0.000375486 0.000110419 7.65963e-05 -8.47794e-05 0.000813095 0.00249802 0.00123051 -0.00010993 0.00493892 -5.68798e-05 -0.00151819
internal_weight=269287 142982 142106 126305 106 126199 8348 7697 2007 379 258 1628 1449 233 5690 133758 83113 82692 19487 9311 10176 10077 50645 1380 398 326 49265 137 44972 555
internal_count=269287 142982 142106 126305 106 126199 8348 7697 2007 379 258 1628 1449 233 5690 133758 83113 82692 19487 9311 10176 10077 50645 1380 398 326 49265 137 44972 555
is_linear=0
shrinkage=0.05


Tree=127
num_leaves=31
num_cat=0
split_feature=2 4 1 5 1 7 2 7 6 4 7 0 0 1 7 4 2 1 7 7 5 4 6 5 7 2 5 6 0 4
split_gain=0.220093 0.642913 0.508581 0.522379 0.70488 0.825078 0.560211 0.627417 0.53889 0.574957 0.554821 0.419078 0.817493 0.644811 0.394005 0.514975 0.399673 0.675308 1.24795 0.410573 0.381081 0.715412 0.356812 0.425539 0.333195 0.781232 0.458565 0.496493 0.286925 0.37078
threshold=0.24887111530462872 -0.071356982140794847 -0.14738400708105606 81.358519548871314 0.1047995612843813 0.030590131061354067 0.65459219715740546 0.04728594744409189 2.6997656663647489 1.1856484800993001 0.028507910920793807 -0.026121467069455225 0.015253724747256283 -0.058817529345273671 0.045550372314020794 0.18431927773931786 0.3897788632604014 0.019906505293905589 0.041264316431061085 0.036494476576477579 57.840671386729639 0.53019978575856863 1.1681325104058418 76.882066305004102 0.070843092138759015 0.10193517940598885 55.387639363571942 1.0270328941827052 0.038285554059660616 0.92415200677590736
decision_type=10 10 10 10 10 10 10 10 10 10 10 10 10 10 10 10 10 10 10 10 10 10 10 10 10 10 10 10 10 10
left_child=24 11 -3 14 6 8 7 -5 9 10 -6 -2 13 -13 15 -4 20 18 -18 -19 21 -17 -21 -24 -1 -26 27 -27 -7 -30
right_child=1 2 3 4 5 28 -8 -9 -10 -11 -12 12 -14 -15 -16 16 17 19 -20 22 -22 -23 23 -25 25 26 -28 -29 29 -31
leaf_value=-1.13077103298648e-06 -2.4073441154146367e-05 -0.003440832805092808 -0.0027513796607223908 -0.0014740421667037359 -0.0026178449911710162 -0.0010672259137900256 0.0029228039605576281 -0.0053855399498402567 0.0067594315452104217 0.0058845468507990103 0.003817458598839365 0.010457017777038606 -0.00071026069864663967 0.0027248271167851414 7.7419075376248007e-05 0.00042378216839069022 0.00016417100384198832 0.004396867749306782 0.01101458386192977 0.0018219377496279778 0.00047573633442305027 0.0075214221545528356 0.0010464547942590683 -0.003966898423794947 -0.00013371590817959179 -0.0017562200837941166 -0.0036512503204102725 0.0031465147359056342 0.0038297486545365135 -5.3461499984107368e-05
leaf_weight=251600 92 98 107 485 91 800 56 130 61 52 53 56 56 52 6832 97 53 82 53 224 3741 56 94 77 2738 309 268 62 67 745
leaf_count=251600 92 98 107 485 91 800 56 130 61 52 53 56 56 52 6832 97 53 82 53 224 3741 56 94 77 2738 309 268 62 67 745
internal_value=2.95603e-06 0.000193764 0.000148532 0.000173736 -0.000474782 2.42947e-05 -0.00186491 -0.00230086 0.00265534 0.00137805 -0.000249296 0.00267693 0.00419213 0.00673411 0.000318028 0.000676633 0.000758562 0.0019795 0.00558938 0.0011773 0.000575767 0.00302161 0.000508936 -0.00121102 -7.75262e-06 -0.000501107 -0.00207531 -0.000936895 -0.000395171 0.000266951
internal_weight=269287 14310 14054 13956 2540 1869 671 615 257 196 144 256 164 108 11416 4584 4477 583 106 477 3894 153 395 171 254977 3377 639 371 1612 812
internal_count=269287 14310 14054 13956 2540 1869 671 615 257 196 144 256 164 108 11416 4584 4477 583 106 477 3894 153 395 171 254977 3377 639 371 1612 812
is_linear=0
shrinkage=0.05


Tree=128
num_leaves=31
num_cat=0
split_feature=1 7 4 6 4 6 1 0 1 5 0 1 7 7 6 7 4 7 6 5 7 4 5 4 5 7 7 4 7 6
split_gain=0.202118 0.624814 0.408673 0.535911 0.614771 0.48996 0.40143 0.385363 0.640909 0.733205 0.497924 0.638701 0.675688 0.502851 0.414666 0.411476 0.369154 0.446009 0.422807 0.400204 0.352033 0.384605 0.350118 0.40007 0.342406 0.664085 0.928004 0.539299 0.806573 0.525915
threshold=0.045230039706666177 0.018616823402175933 0.90901025542326297 0.70814819812322238 -0.41411456341770297 0.68535354957685657 0.070181745785140151 0.0097301672739283935 0.075422496016705157 69.897354001669427 0.025781599822981453 0.051809658994896764 0.032103619945936163 0.035582665312475961 0.55513649611655225 0.035582665312475961 0.74308898190729644 0.022913603576878383 1.1479477205935829 68.218354287684932 0.027793719009288748 -0.28731303670844915 89.350945490958722 0.82609845294226092 58.048114338556445 0.030206774574356474 0.045550372314020794 0.56585695329037422 0.030454395172624913 0.72172921347597752
decision_type=8 8 8 10 10 10 8 10 10 10 10 10 8 10 10 10 10 8 10 10 8 10 10 10 8 10 10 10 10 8
left_child=16 -2 3 5 -5 7 -4 20 9 10 11 -9 -13 -14 -12 -10 24 19 -19 -18 21 -3 -6 -24 -1 29 27 -27 -29 -26
right_child=1 2 6 4 22 -7 -8 8 15 -11 14 12 13 -15 -16 -17 17 18 -20 -21 -22 -23 23 -25 25 26 -28 28 -30 -31
leaf_value=-3.985867209461508e-05 0.00085165213906319244 -0.0043257931010726759 -0.00074115100902671027 0.002287709382988275 0.00022556391490459582 -0.0015439068167073799 -4.9103249324825292e-05 -0.0010789808115051732 0.0016621454693739762 0.005865317588375712 -0.0051199455384858981 0.0004426585187059409 0.0089533705721367846 0.0033165056939626972 0.00030410465510692777 -0.0015083405577967131 -0.00051727065247718915 -0.0016458771557325729 -0.00037451362215431552 0.0005880897814924649 -0.0001215471015645018 -0.00089737053175862442 -0.0042455906180777596 0.00036747059840560361 -0.00048920362152890312 0.00080243155751508655 -0.00015223765828144124 0.0056535226805135607 -0.00022285123590672407 8.1546825035791809e-05
leaf_weight=166177 2544 92 2386 361 29395 681 17208 139 138 88 51 156 54 148 114 396 1799 1082 1653 1503 3193 738 94 94 5317 8887 5804 60 2181 16754
leaf_count=166177 2544 92 2386 361 29395 681 17208 139 138 88 51 156 54 148 114 396 1799 1082 1653 1503 3193 738 94 94 5317 8887 5804 60 2181 16754
internal_value=2.80822e-06 8.54221e-05 5.03162e-05 0.000150485 0.000236834 -0.000281323 -0.000133375 -0.000119306 0.00063487 0.00157747 0.00100748 0.00179759 0.00291447 0.00482339 -0.00137242 -0.000689001 -1.99048e-05 -0.000405264 -0.000877481 -1.41341e-05 -0.000360013 -0.00127739 0.000211808 -0.00193906 -8.56643e-06 0.000124758 0.000360312 0.00062764 -6.55186e-05 -5.59494e-05
internal_weight=269287 58070 55526 35932 29944 5988 19594 5307 1284 750 662 497 358 202 165 534 211217 6037 2735 3302 4023 830 29583 188 205180 39003 16932 11128 2241 22071
internal_count=269287 58070 55526 35932 29944 5988 19594 5307 1284 750 662 497 358 202 165 534 211217 6037 2735 3302 4023 830 29583 188 205180 39003 16932 11128 2241 22071
is_linear=0
shrinkage=0.05


Tree=129
num_leaves=31
num_cat=0
split_feature=2 4 8 1 1 6 8 1 0 6 7 2 4 8 4 7 0 0 4 9 0 4 7 8 8 2 6 6 6 7
split_gain=0.197488 0.581519 0.615013 0.457141 0.412346 0.590581 0.574566 0.863443 0.665952 0.672763 0.641292 0.622024 0.698297 0.655149 0.586164 0.58351 2.38755 0.544302 0.518565 0.514215 0.57241 0.46124 0.606598 1.25524 0.459407 0.450121 0.428354 0.870601 0.515142 0.427688
threshold=0.24887111530462872 -0.071356982140794847 0.74058871629573042 -0.14738400708105606 0.19168037263172447 2.1979525349369644 0.91946033832292196 0.17857975875780266 0.089574882243653522 2.2673683850001769 0.084054682809110978 0.2688814819575725 0.5389050432709187 0.36842105117728546 0.83884699754025072 0.073071248271039071 0.025188916876574322 -0.027506920253740293 0.97647239300175082 1.0000000180025095e-35 -0.010954471309434275 1.0166187260216664 0.035582665312475961 0.92707669363633938 0.88622776003250536 0.46454772059302524 1.3588892404331807 1.1753735957338798 1.0913625314285549 0.033123585838905116
decision_type=10 10 8 10 10 10 8 10 10 10 10 10 10 10 10 10 10 10 10 2 10 10 10 8 10 10 10 10 10 10
left_child=-1 2 -2 -3 6 29 8 10 9 11 15 12 -5 -13 26 21 -17 -11 -7 20 -20 22 23 -8 -22 -9 27 28 -15 -6
right_child=1 3 -4 4 5 18 7 25 -10 17 -12 13 -14 14 -16 16 -18 -19 19 -21 24 -23 -24 -25 -26 -27 -28 -29 -30 -31
leaf_value=-7.4760245689045899e-06 0.0013226798211548069 -0.003262612693919325 0.0074584620916307454 -0.00014153217888942829 0.0028100020894844548 0.0055617916268529376 0.0052978977057136951 0.0023550442844918629 -0.0022661481486125788 -0.00097159059257374131 -0.0034200510901388941 0.0052972559825601902 0.0022117439864144505 -7.7968350339184159e-05 -0.0013861752327012393 0.0087854088854025288 -0.0034080944671902968 0.0041349069372645219 0.0017150868328072403 0.0010338226648387726 -0.005363465855659273 0.0018236383420261735 0.00073628766308488948 -0.0021996825156177691 0.00039242929823768251 0.0077471978260174159 0.0011761498290914039 -0.0020494593889236134 0.0019757307329905213 -0.0010995299241654476
leaf_weight=254977 205 98 51 606 73 50 64 103 294 73 93 55 657 3677 870 96 69 183 82 679 104 628 1711 437 52 62 690 538 333 1677
leaf_count=254977 205 98 51 606 73 50 64 103 294 73 93 55 657 3677 870 96 69 183 82 679 104 628 1711 437 52 62 690 538 333 1677
internal_value=2.66781e-06 0.000183412 0.00254504 0.000140394 0.00016429 -0.000388474 0.000297919 0.000856852 6.92579e-05 0.000158637 0.000669146 7.17596e-05 0.00108262 -0.000135398 -0.000184317 0.0007957 0.00368631 0.00267876 0.000603204 0.000332834 -0.00166705 0.00062776 0.000288242 -0.00124191 -0.00344483 0.00438119 1.53041e-05 -0.000160814 9.25757e-05 -0.000936447
internal_weight=269287 14310 256 14054 13956 2717 11239 3263 7976 7682 3098 7426 1263 6163 6108 3005 165 256 967 917 238 2840 2212 501 156 165 5238 4548 4010 1750
internal_count=269287 14310 256 14054 13956 2717 11239 3263 7976 7682 3098 7426 1263 6163 6108 3005 165 256 967 917 238 2840 2212 501 156 165 5238 4548 4010 1750
is_linear=0
shrinkage=0.05


Tree=130
num_leaves=31
num_cat=0
split_feature=0 0 4 5 6 4 7 0 7 4 2 7 4 4 6 7 2 7 5 5 5 6 4 5 7 6 6 7 7 4
split_gain=0.245149 0.374873 0.517391 0.535842 0.417627 0.398699 0.410161 0.372084 0.321862 0.414672 0.515031 0.42124 0.410652 0.348195 0.387132 0.530734 0.339603 0.327821 0.318987 0.369004 0.317788 0.315733 0.328249 0.313881 0.649719 0.411143 0.358989 0.307234 0.356352 0.302672
threshold=-0.0091639620278571848 0.0042688235492990287 -0.63355011249446469 34.840396242969689 0.49203054622952808 -0.59635219167300624 0.03503896545610883 0.0045159671754365647 0.014116087967836826 0.47742145887718607 0.42303513137429588 0.023566217017557092 1.1485950055336345 -0.091872161653097195 0.79213668923321945 0.03125647285141462 -0.048041102870407019 0.02662810260383033 52.655202969134379 51.873198831565766 38.578680197660347 0.75425518290187721 -0.8689956971575773 84.36679887914751 0.057757133189171216 1.5361869485606656 0.97398537477434799 0.028979321979119455 0.027676272207392796 -1.1779966872946057
decision_type=10 10 8 10 8 10 10 10 8 8 10 8 10 10 10 10 10 10 10 10 10 8 10 10 10 8 10 10 10 10
left_child=23 2 21 4 5 6 -4 -3 16 10 13 12 -11 17 20 -16 -5 -10 19 -17 -15 22 29 -1 25 26 -25 28 -23 -2
right_child=1 7 3 8 -6 -7 -8 -9 9 11 -12 -13 -14 14 15 18 -18 -19 -20 -21 -22 27 -24 24 -26 -27 -28 -29 -30 -31
leaf_value=4.0309634017706557e-05 -0.0030780583302239106 0.00092716651320019826 0.00038385471713470198 0.0016789988452964343 0.00046718769698050395 -0.00062599264927504065 0.0053212885119137358 -5.6777629332293522e-06 -0.00055019776111569954 -8.6852538324373659e-05 0.0035084877831089976 -0.00068386758105920043 0.0042286741834167132 0.0026808667714453343 0.0007217887002022509 -0.00088372318435411216 0.00012020607564660826 -1.9160081194783105e-05 0.0001677821516330451 -0.0051511244289680954 -0.00018356535444864026 -0.0008161288783567755 -0.00041890170552790341 0.0019819201209578916 0.006630798148129273 0.0036058340609949817 -0.002767078684790212 4.6528960261907648e-05 -0.0032489325559417457 0.00044411873843414957
leaf_weight=101487 63 1080 169 386 6710 1713 56 104604 6293 3527 99 7135 56 98 3769 531 3686 5400 1037 56 8096 4288 5501 67 54 76 98 1058 156 1916
leaf_count=101487 63 1080 169 386 6710 1713 56 104604 6293 3527 99 7135 56 98 3769 531 3686 5400 1037 56 8096 4288 5501 67 54 76 98 1058 156 1916
internal_value=-1.61555e-05 -5.33471e-05 -0.00015117 -7.6564e-05 0.000280454 -0.000366079 0.00161273 3.85511e-06 -0.000153427 -0.000200963 -9.08329e-05 -0.000461739 -1.94036e-05 -0.000104928 6.72166e-05 0.000396197 0.00026797 -0.000304957 -0.00035944 -0.00129083 -0.000149307 -0.000431716 -0.000220236 4.50436e-05 0.00167363 0.000562898 -0.000838697 -0.000719223 -0.000901529 0.000331993
internal_weight=269265 167483 61799 48817 8648 1938 225 105684 40169 36097 25379 10718 3583 25280 13587 5393 4072 11693 1624 587 8194 12982 7480 101782 295 241 165 5502 4444 1979
internal_count=269265 167483 61799 48817 8648 1938 225 105684 40169 36097 25379 10718 3583 25280 13587 5393 4072 11693 1624 587 8194 12982 7480 101782 295 241 165 5502 4444 1979
is_linear=0
shrinkage=0.05


Tree=131
num_leaves=31
num_cat=0
split_feature=1 6 8 6 5 8 5 1 7 8 6 7 8 8 5 0 7 5 8 1 6 6 1 7 7 8 7 7 0 5
split_gain=0.2638 0.552919 0.557119 0.512034 0.567961 0.518055 0.637297 0.457458 0.499724 0.463384 0.45818 0.803291 0.653578 0.697645 0.477288 0.426486 0.391808 0.372946 0.508465 0.667385 0.578123 0.386138 0.353019 0.386134 0.409299 0.44841 0.413223 0.444863 0.625045 0.412368
threshold=-0.030775117980691043 1.8345948309903883 0.97168590762528517 2.0291419757811746 22.894895672215231 0.81468972556365615 53.630997389788085 0.068448214997069115 0.084054682809110978 0.57142857020581539 1.9830753495502627 0.041827604897578967 0.76130113397639287 0.58893448791481096 55.387639363571942 0.068097587217287772 0.04682658472744345 52.263145240974545 0.97168590762528517 0.2068991669203544 1.4582995398390131 0.94699432623376933 0.26006599770700684 0.079061678468717936 0.062182765303145433 0.4763019474533613 0.051698813434739997 0.045942379692413306 0.031156928875494375 78.431372505959288
decision_type=10 10 10 10 10 10 10 10 8 8 10 10 8 10 10 10 10 8 10 10 10 8 10 10 10 10 10 10 10 10
left_child=3 15 7 5 -5 -1 -7 9 10 -3 11 -9 13 14 -13 22 -14 21 -19 20 -20 -17 -2 24 26 -26 27 28 -24 -28
right_child=1 2 -4 4 -6 6 -8 8 -10 -11 -12 12 16 -15 -16 17 -18 18 19 -21 -22 -23 23 -25 25 -27 29 -29 -30 -31
leaf_value=6.3459382845830196e-05 -7.0236503661325438e-05 0.00031854898872400272 -0.0012247341918777772 -0.0019181691065094939 -0.00013305660078516388 0.0066179153452216952 0.0010344675670396805 0.00060627939672625736 -0.0040128802865122756 -0.00055383629726324065 0.00039767918404462455 -0.00058793673545799469 0.0042105875036213547 0.0089017695643426268 0.005616966884871814 0.0027375199396131237 -8.8597496023852464e-05 -0.0011798344828870982 0.00065816681423875245 -0.0019882418622512855 0.0059079108176210635 -0.00016352552582705589 0.003908018840447767 0.0049209420274780582 0.0026899414119095758 -0.0027635730199692568 0.0017729766299363133 -0.0025149835113395928 -0.0019847480751599908 0.0069944676731459113
leaf_weight=88079 158696 3863 628 675 1311 59 382 1040 60 2512 7022 55 80 79 71 131 157 2364 156 135 79 922 120 59 52 137 121 93 72 55
leaf_count=88079 158696 3863 628 675 1311 59 382 1040 60 2512 7022 55 80 79 71 131 157 2364 156 135 79 922 120 59 52 137 121 93 72 55
internal_value=-1.53477e-05 -5.05623e-05 0.000234155 5.42048e-05 -0.000739779 7.20183e-05 0.00178146 0.000295483 0.000534202 -2.5205e-05 0.000566284 0.00136517 0.00315078 0.00521809 0.00290848 -7.77217e-05 0.0013626 -0.000602138 -0.000910074 0.000813477 0.00242297 0.000197383 -6.5263e-05 0.00104795 0.0006964 -0.00126314 0.00149977 0.000323393 0.00169823 0.00340469
internal_weight=269265 178759 15567 90506 1986 88520 441 14939 8564 6375 8504 1482 442 205 126 163192 237 3787 2734 370 235 1053 159405 709 650 189 461 285 192 176
internal_count=269265 178759 15567 90506 1986 88520 441 14939 8564 6375 8504 1482 442 205 126 163192 237 3787 2734 370 235 1053 159405 709 650 189 461 285 192 176
is_linear=0
shrinkage=0.05


Tree=132
num_leaves=31
num_cat=0
split_feature=0 8 7 5 8 7 6 2 5 6 7 2 5 8 2 0 2 8 8 5 0 2 6 5 2 6 8 6 0 6
split_gain=0.215445 0.39353 0.451456 0.761687 0.72827 0.505864 0.540933 0.420384 0.657801 0.618869 1.02356 0.719242 0.643391 0.845351 0.986504 0.661916 0.640082 0.498677 0.662368 0.539468 0.506116 0.422002 0.414913 0.443234 0.569142 0.424383 0.369303 0.363268 0.451038 0.441262
threshold=-0.0091639620278571848 0.47214763640315688 0.039694704981381605 30.641346612582129 0.46798820932055607 0.040701661468941046 0.95131173623803866 -0.003872246284881919 55.805379334986419 0.99235458943258958 0.073071248271039071 -0.0076144379253527119 45.614035079909208 0.23129939643694131 -0.11158987858232959 0.10082579029278151 -0.20524185014866811 0.17254817583601204 0.31831738772629514 34.635167702579885 0.04413020094962717 -0.22651167371318895 1.0524965452748547 57.423902378793336 -0.031834898696943885 1.7462420465785153 0.3604740832465238 1.0743782764191436 0.10082579029278151 1.012095369895573
decision_type=10 8 10 10 10 10 10 10 10 10 10 10 10 10 10 10 10 10 10 10 10 10 10 10 10 10 10 10 10 10
left_child=-1 2 -2 5 7 6 -4 9 -9 11 12 -5 15 -14 -15 16 21 -18 19 -19 -21 -11 -16 24 25 -24 -20 29 -29 -10
right_child=1 -3 3 4 -6 -7 -8 8 27 10 -12 -13 13 14 22 -17 17 18 26 20 -22 -23 23 -25 -26 -27 -28 28 -30 -31
leaf_value=4.2791494390688027e-05 -2.0726194181847283e-05 -0.00013119143819203085 0.00049513837134353925 0.00028110367129660939 0.0053974333467179695 -0.00056480936974846524 0.0061570416553877296 -0.00072752257570667502 0.0011282740825903003 0.00332012757886764 -0.0017078567711775708 0.0062059082874419309 -0.0012283645409160884 -0.0023430080135585741 0.0073727717885049065 0.0072378466058963618 -0.00020564166604474722 -0.00051203517031601887 -0.003502116038876955 0.0069159256768287396 0.0023052791381046826 0.0082805904457927682 0.0036345438086965048 5.7233503120469642e-05 0.00026916692598349891 0.0090333541888477555 0.0018159468192607165 -0.00060791327932980871 0.002936831387225264 0.0052100722202576694
leaf_weight=101782 77710 78352 171 3429 77 2724 56 1450 712 139 224 52 306 100 52 76 238 55 53 141 103 62 104 116 76 56 85 585 106 73
leaf_count=101782 77710 78352 171 3429 77 2724 56 1450 712 139 224 52 306 100 52 76 238 55 53 141 103 62 104 116 76 56 85 585 106 73
internal_value=-1.45803e-05 -4.94461e-05 2.24135e-05 0.000315942 0.000556959 -0.000375831 0.00189191 0.000512551 2.88563e-05 0.00077143 0.00147573 0.00036961 0.00188045 0.000844642 0.00210325 0.00276176 0.00237343 0.00163589 0.00263883 0.0039613 0.00496963 0.00485022 0.00320381 0.00258794 0.00383185 0.00552413 -0.000226498 0.000771911 -6.41464e-05 0.00150786
internal_weight=269265 167483 89131 11421 8470 2951 227 8393 2926 5467 1986 3481 1762 810 504 952 876 675 437 299 244 201 404 352 236 160 138 1476 691 785
internal_count=269265 167483 89131 11421 8470 2951 227 8393 2926 5467 1986 3481 1762 810 504 952 876 675 437 299 244 201 404 352 236 160 138 1476 691 785
is_linear=0
shrinkage=0.05


Tree=133
num_leaves=31
num_cat=0
split_feature=1 6 6 5 7 0 4 4 6 7 1 7 4 7 4 4 7 5 7 4 6 0 5 4 6 1 0 5 0 7
split_gain=0.23088 0.499149 0.464584 0.510138 0.390241 0.384469 0.449621 0.433732 0.386425 0.339166 0.319336 0.356599 0.393022 0.348538 0.3907 0.425406 0.321627 0.308293 0.418738 0.603812 0.298421 0.388422 0.552391 0.514427 0.286218 0.481745 0.431295 0.363199 0.575373 0.390147
threshold=-0.030775117980691043 1.8345948309903883 2.0291419757811746 22.894895672215231 0.084054682809110978 0.068097587217287772 0.20231661901130507 0.37129417159447992 1.4310490402666254 0.017955990406416902 0.26006599770700684 0.084054682809110978 0.57521814977149266 0.079061678468717936 0.90901025542326297 1.0166187260216664 0.055933224678610928 53.248969405813519 0.052306130992699713 0.12927267209324225 1.0743782764191436 0.15039605358095179 69.208938858797325 1.4264144945704402 2.1343770088931624 0.0077176603067186109 -0.050461122088397641 82.721296622103907 -0.0051204141508056069 0.056835442829510065
decision_type=10 10 10 10 8 10 8 8 10 10 10 10 10 10 8 8 10 10 10 10 10 10 10 10 10 10 10 10 10 10
left_child=2 5 -1 -4 24 10 17 8 -8 -5 11 -2 -13 14 -12 16 -16 18 19 -7 -9 23 -23 -22 25 -3 -27 -26 -29 -30
right_child=1 4 3 9 -6 6 7 20 -10 -11 13 12 -14 -15 15 -17 -18 -19 -20 -21 21 22 -24 -25 27 26 -28 28 29 -31
leaf_value=6.8184938480134679e-05 -6.1903055844842009e-05 -0.00064435390331509109 -0.0018218794388963875 0.0025954710822995932 -0.0033503791687268716 -0.00049821105219792223 -0.0012166399235815028 -0.001504829845348064 -0.0052862163289741741 -0.00036737384052172416 -0.0014376609727994286 -0.00086998785010771449 -0.0051846999987901661 0.0046776211882696758 0.0010496545399431712 0.00053933569820463273 0.0063075701673479872 -0.0029152101089787341 0.0028402856683837005 0.0046580923080909997 -0.00037035452577384529 0.0052224972036552346 -0.00052285994336541213 -0.0042700478520795049 -2.4502619568501989e-05 0.0035631315036880554 0.00062305674318861078 0.0057931204032452815 0.00026594961696149163 0.003325585691856744
leaf_weight=88520 158331 771 675 105 76 503 142 777 99 1206 165 301 64 59 52 367 66 62 182 64 1698 73 98 89 8768 128 4894 59 750 121
leaf_count=88520 158331 771 675 105 76 503 142 777 99 1206 165 301 64 59 52 367 66 62 182 64 1698 73 98 89 8768 128 4894 59 750 121
internal_value=-1.38513e-05 -4.67954e-05 5.12169e-05 -0.000705084 0.000223724 -7.26005e-05 -0.000570515 -0.000854921 -0.00288837 -0.000130075 -6.07715e-05 -6.55017e-05 -0.00162654 0.000998002 0.000664006 0.00137901 0.00399052 0.000473128 0.000753604 8.38056e-05 -0.000675739 -0.000346728 0.00192984 -0.000564575 0.000241259 0.000519338 0.000697993 7.51509e-05 0.00101468 0.000690997
internal_weight=269265 178759 90506 1986 15567 163192 3787 2976 241 1311 159405 158696 365 709 650 485 118 811 749 567 2735 1958 171 1787 15491 5793 5022 9698 930 871
internal_count=269265 178759 90506 1986 15567 163192 3787 2976 241 1311 159405 158696 365 709 650 485 118 811 749 567 2735 1958 171 1787 15491 5793 5022 9698 930 871
is_linear=0
shrinkage=0.05


Tree=134
num_leaves=31
num_cat=0
split_feature=1 0 2 0 5 7 2 2 2 2 5 5 7 0 5 7 7 5 2 0 2 4 2 5 2 7 5 4 0 5
split_gain=0.208369 0.372857 0.641627 0.436311 0.347692 0.858407 0.731816 0.542525 0.477499 0.41885 0.288333 0.449291 0.379271 0.368474 0.28491 0.29632 0.576768 0.364626 0.304712 0.262071 0.260651 0.253733 0.706822 0.377076 0.56553 0.587768 0.541789 0.516867 0.536532 0.547732
threshold=-0.030775117980691043 0.10082579029278151 0.17041651231208924 0.15039605358095179 37.588304605188654 0.017234887523989998 -0.01004470472925467 -0.046906596475218269 0.21807114913014361 -0.25731976722325567 33.266059503258496 26.439040657847737 0.03630989795466992 0.021898991201666943 28.493462143451811 0.04275317982542725 0.033275881399993615 31.617647055772178 0.04010228923712756 -0.043478260869565126 0.04645050168100729 -0.70674008885377249 -0.067262014085127317 18.20754993687834 -0.10557471541276413 0.020317250938672465 36.762584847071828 -0.11083968852092306 0.022412765753629164 43.103448271854823
decision_type=10 10 8 10 10 8 10 10 10 8 10 10 10 10 10 10 10 10 10 10 10 8 10 8 8 10 8 10 10 8
left_child=1 4 -3 -4 6 7 -1 -6 10 -7 11 -8 -12 14 20 16 18 -18 -16 -14 -13 22 -2 24 25 -23 -25 28 -28 -30
right_child=21 2 3 -5 5 9 8 -9 -10 -11 12 13 19 -15 15 -17 17 -19 -20 -21 -22 23 -24 26 -26 -27 27 -29 29 -31
leaf_value=3.1242549265275065e-07 0.00014977672882490327 0.0060482294533202169 0.0024492816203168003 -0.0027754855161504963 0.0024433016335916775 -0.0018438046116974545 -0.0017067711427378657 0.00061986151489504618 0.0033527170985259793 0.00011444074091793052 -0.00078549916476258015 0.00018113995334715583 8.3182183094322694e-05 0.0036042513878988165 -0.0017666802189487498 -0.0023101035516799218 0.00034417429365117991 0.005018755652010441 0.0021922821058602683 -0.0031376310920604739 0.0040378345109934018 -0.0027364205951526466 -0.00092567576727924723 0.00018583120076637406 0.00077737203362857174 -0.00058725817944090832 -0.00032520437638797298 -1.1121454466358832e-05 0.00077812766240012627 -0.00023960005756280784
leaf_weight=46621 3219 70 99 67 593 275 501 1307 66 38783 676 120 75 71 300 186 94 75 58 400 69 421 2908 25898 514 1302 27611 111553 2422 2911
leaf_count=46621 3219 70 99 67 593 275 501 1307 66 38783 676 120 75 71 300 186 94 75 58 400 69 421 2908 25898 514 1302 27611 111553 2422 2911
internal_value=-1.31587e-05 4.8656e-05 0.00203346 0.00034049 4.3467e-05 0.000151139 -4.59641e-05 0.00118897 -0.000847695 0.000100653 -0.000953305 -0.000490241 -0.00154632 0.000136153 -0.000136834 -0.000594351 1.12094e-05 0.00241869 -0.00112528 -0.00262908 0.00158914 -4.44557e-05 -0.000360655 -3.32332e-05 -0.000678173 -0.00111239 -2.47662e-05 -6.25113e-05 -0.000236525 0.000222604
internal_weight=269265 90506 236 166 90270 40958 49312 1900 2691 39058 2625 1474 1151 973 902 713 527 169 358 475 189 178759 6127 172632 2237 1723 170395 144497 32944 5333
internal_count=269265 90506 236 166 90270 40958 49312 1900 2691 39058 2625 1474 1151 973 902 713 527 169 358 475 189 178759 6127 172632 2237 1723 170395 144497 32944 5333
is_linear=0
shrinkage=0.05


Tree=135
num_leaves=31
num_cat=0
split_feature=7 7 8 2 1 4 8 2 2 4 4 0 2 4 0 1 0 8 0 6 2 6 2 2 2 2 1 1 6 6
split_gain=0.32642 0.594189 1.63951 0.746678 0.789662 0.718623 0.559211 0.644467 0.629097 0.625905 0.569234 0.564583 0.557189 0.910597 0.865944 0.739703 0.491359 0.479691 0.463014 0.436205 0.449664 0.511777 0.975182 0.435113 0.400917 0.394952 0.378608 0.395494 0.52916 1.40506
threshold=0.045550372314020794 0.043696133150102102 0.41342056129146593 0.21138725944221473 0.13273324462366434 0.28215517691900677 0.23129939643694131 0.11943287493974721 -0.15725568967531342 -0.85086216309341711 -0.92919963281544626 -0.024859771932116356 -0.25731976722325567 -0.4408389889780297 0.04036654509629601 0.043139448846459046 0.027667376662952717 0.7200823421257091 0.012437810945273743 1.2698664334211114 -0.17344976801515857 0.64201297156590253 -0.2204671338228493 0.2688814819575725 -0.017382021007636746 0.42303513137429588 0.016543769061207251 -0.15738888560099426 0.84794815975670168 1.0974429876554652
decision_type=10 10 10 10 10 10 8 10 10 10 10 10 8 10 10 10 10 10 10 10 10 10 10 10 10 10 10 10 10 10
left_child=1 12 6 -4 5 -5 9 8 11 10 -3 -8 13 14 26 -15 18 -7 -10 20 21 -11 -23 -9 -20 -6 27 28 -1 -30
right_child=-2 2 3 4 25 17 7 23 16 19 -12 -13 -14 15 -16 -17 -18 -19 24 -21 -22 22 -24 -25 -26 -27 -28 -29 29 -31
leaf_value=-0.0013104768309858629 -0.00014089782683068304 0.0014840826304862277 -0.00080782235736403618 -0.0026482837886670869 3.0150695067063412e-05 -0.00069221283302751892 -0.0032092675354253117 -0.0014948778223371501 0.0032113404165062323 -0.001527559614080199 0.0075926416940143657 0.0020343888372594079 1.9673135794622941e-06 -0.003271553867361865 0.0057697925990406462 0.0031913676307621327 0.00084054943550685053 0.0034667814872293592 0.0093017134138790435 0.0028533780882539959 -0.0013529218963783251 -0.0013348987050255242 0.007230329162310427 0.0038007252439856533 0.0035877989905479888 -0.004360361988716698 0.0045172116116259193 0.00039401796039796767 0.0078668315777333797 0.001076412665124442
leaf_weight=100 35011 136 1944 71 153 84 77 173 640 91 53 154 226503 227 91 55 179 397 64 115 469 61 73 50 59 77 67 2015 101 310
leaf_count=100 35011 136 1944 71 153 84 77 173 640 91 53 154 226503 227 91 55 179 397 64 115 469 61 73 50 59 77 67 2015 101 310
internal_value=1.51521e-06 2.27695e-05 0.000555498 -0.00028298 0.00102174 0.00204735 0.00151026 0.00215638 0.0026248 0.000606454 0.00319706 0.000286503 1.08831e-05 0.000691748 0.000975723 -0.00201105 0.0031982 0.00274047 0.00375131 1.2304e-06 -0.000471388 0.00136612 0.00333123 -0.000307523 0.00656089 -0.00143972 0.000807478 0.00070908 0.00195145 0.0027451
internal_weight=269600 234589 5120 2726 782 552 2394 1396 1173 998 189 231 229469 2966 2684 282 942 481 763 809 694 225 134 223 123 230 2593 2526 511 411
internal_count=269600 234589 5120 2726 782 552 2394 1396 1173 998 189 231 229469 2966 2684 282 942 481 763 809 694 225 134 223 123 230 2593 2526 511 411
is_linear=0
shrinkage=0.05


Tree=136
num_leaves=31
num_cat=0
split_feature=2 8 8 6 6 4 4 0 6 8 8 4 4 2 2 4 8 6 6 6 5 8 8 6 2 6 0 0 4 5
split_gain=0.247585 0.754731 0.574706 0.980843 0.975168 0.371342 0.463635 0.450127 0.647752 0.379672 0.355386 1.02481 0.515009 0.660994 0.705565 0.623062 0.587389 0.491024 0.40091 0.740279 0.395692 0.5096 0.430122 0.336447 0.337464 0.334604 0.570493 0.54594 0.435238 0.422314
threshold=-0.046906596475218269 0.097048649989857641 0.26132687509649116 2.080172437363955 2.1343770088931624 -0.97799571533919716 -0.88835271336717858 -0.022026783297179272 0.52136975593460977 0.53667481635254954 0.57600180401789769 -0.32365395198717517 0.13807316171583817 -0.14373222694830176 -0.082479211422832363 0.17498659047189266 0.31454765996620376 0.85146481948946462 0.55922452491745478 0.49203054622952808 54.801442114025576 0.49791393420316898 0.29241979326276563 0.8588532387688248 -0.11006045212671516 1.8689944477999509 0.089574882243653522 -0.062339272320136634 -1.1482418154195815 21.642745471086872
decision_type=8 8 10 10 10 10 10 10 10 10 10 10 10 8 10 10 10 10 10 10 10 10 10 10 10 8 10 10 10 10
left_child=2 -2 25 5 -5 -4 7 -7 -9 -10 12 -12 -8 -14 15 -15 17 -17 19 -13 21 -16 -22 24 -20 26 27 28 -1 -27
right_child=1 -3 3 4 -6 6 10 8 9 -11 11 18 13 14 20 16 -18 -19 23 -21 22 -23 -24 -25 -26 29 -28 -29 -30 -31
leaf_value=2.1171554551771799e-06 -0.00067324631937477973 -1.9120837910470541e-05 0.00046484663656402809 0.007812929604320772 0.0011933505104865954 2.0231551159204488e-05 -0.00035739080556016303 0.00086513155706336548 -0.0029983786783229164 0.00067262555196066385 0.0012849330876100189 -0.0011990362860566422 -0.0037885019848064323 0.0058358075056397889 0.0014846203639034235 0.00020922740859875702 0.00014800220861953893 0.0062632473756541289 -0.0056072691041562294 0.0046808555320637883 -0.0033510365510664997 -0.0024205436718832589 -0.0001665756831299849 -0.00021997366970298864 -0.0014462541002823476 -0.0013317873031689729 0.0035636210006844923 0.00012231855039153156 0.0016864361584332601 -2.8354952236240044e-05
leaf_weight=618 4536 158386 2005 63 476 518 17117 174 589 80 1425 121 87 97 602 53 299 91 54 96 128 97 618 735 499 848 122 75729 1011 2326
leaf_count=618 4536 158386 2005 63 476 518 17117 174 589 80 1425 121 87 97 602 53 299 91 54 96 128 97 618 735 499 848 122 75729 1011 2326
internal_value=1.43945e-06 -3.73327e-05 6.06535e-05 -0.000143653 0.00196707 -0.000188294 -0.000244067 -0.00113977 -0.00185255 -0.00255939 -0.000188953 0.000323943 -0.000267269 0.000477241 0.000664203 0.00220624 0.00141151 0.00403503 -0.000585964 0.00140221 8.79393e-05 0.000942702 -0.000712971 -0.000920927 -0.00185257 0.000126575 0.000147188 0.0001418 0.00104745 -0.000376594
internal_weight=269600 162922 106678 26024 539 25485 23480 1361 843 669 22119 2930 19189 2072 1985 540 443 144 1505 217 1445 699 746 1288 553 80654 77480 77358 1629 3174
internal_count=269600 162922 106678 26024 539 25485 23480 1361 843 669 22119 2930 19189 2072 1985 540 443 144 1505 217 1445 699 746 1288 553 80654 77480 77358 1629 3174
is_linear=0
shrinkage=0.05


Tree=137
num_leaves=31
num_cat=0
split_feature=7 5 7 8 5 2 5 4 4 2 5 8 8 2 4 0 1 8 8 2 2 5 0 0 0 0 4 8 2 4
split_gain=0.296863 0.599785 0.535732 1.47077 1.07997 0.672573 1.63572 1.10541 0.690301 0.902985 1.00663 0.665786 0.498675 0.492919 0.821184 0.782795 0.667632 0.456364 0.450185 0.743867 0.671636 0.708577 0.434662 0.392459 0.38209 0.612192 0.517256 0.660186 1.63271 0.508009
threshold=0.045550372314020794 86.352263577446465 0.043696133150102102 0.41342056129146593 29.607629306072635 0.21138725944221473 73.576251344163992 0.35373948376264092 1.0889217266561968 0.36249146008198335 61.245538605282285 0.075006808784901222 0.40085287789502083 -0.25731976722325567 -0.4408389889780297 0.04036654509629601 0.043139448846459046 0.85517241207292927 0.23129939643694131 -0.17344976801515857 0.11943287493974721 71.384803105610402 -0.027027027027027025 -0.0044079679287278286 0.027667376662952717 -0.01391395982061888 0.52096637638537691 0.40085287789502083 -0.064729683113820088 -0.33860593480708395
decision_type=10 10 10 10 10 10 10 10 10 10 10 8 10 8 10 10 10 10 8 10 10 10 10 10 10 10 10 8 10 8
left_child=2 -2 13 4 -4 -5 7 -7 9 10 -9 22 -3 14 15 -1 -16 -12 19 23 24 -22 -6 -13 25 -20 27 29 -29 -27
right_child=1 12 3 5 11 6 -8 8 -10 -11 17 18 -14 -15 16 -17 -18 -19 20 -21 21 -23 -24 -25 -26 26 -28 28 -30 -31
leaf_value=0.00076045327465441154 -0.00016000408703409106 0.0061893005689713535 -0.00081871480826454547 -0.00076479270231216354 0.0025519732436367192 -0.0017619093565390178 -0.0017906578028430075 0.007636135578399799 0.0096073748078197244 0.0090337732690386474 -0.0015572389642212301 0.00087114470375871116 0.0010313068144465502 1.9642919059988532e-06 -0.003113452516371048 0.0054785108727218772 0.0030265555971048098 0.0034474474201690304 0.0017552678188401749 -0.00045826478143728234 -0.0018259210580740624 0.0048847628241477942 0.0078037297866928078 0.0066099293859532247 0.0007814792030840181 -0.00096553896991757773 0.0086541164471782405 0.011896121843518424 0.0011350415981518972 0.0039209846267476683
leaf_weight=2593 34485 52 436 1944 83 101 318 61 50 56 124 55 474 226503 227 91 55 72 380 443 172 51 75 65 200 84 64 70 71 145
leaf_count=2593 34485 52 436 1944 83 101 318 61 50 56 124 55 474 226503 227 91 55 72 380 443 172 51 75 65 200 84 64 70 71 145
internal_value=1.36747e-06 -0.000134445 2.16367e-05 0.000527481 0.00143177 -0.000266675 0.000971612 0.00286472 0.00415202 0.00328056 0.00202694 0.0019329 0.00154122 1.03501e-05 0.000650744 0.000920417 -0.00191593 0.000281217 0.00165974 0.00048765 0.00219319 -0.000291191 0.0050449 0.00397965 0.00273956 0.00322066 0.00450373 0.00378582 0.00647742 0.00212855
internal_weight=269600 35011 234589 5120 2394 2726 782 464 363 313 257 1958 526 229469 2966 2684 282 196 1800 563 1237 223 158 120 1014 814 434 370 141 229
internal_count=269600 35011 234589 5120 2394 2726 782 464 363 313 257 1958 526 229469 2966 2684 282 196 1800 563 1237 223 158 120 1014 814 434 370 141 229
is_linear=0
shrinkage=0.05


Tree=138
num_leaves=31
num_cat=0
split_feature=7 5 7 5 2 0 5 2 5 2 4 0 4 2 4 6 4 0 6 2 2 0 6 6 4 6 0 7 6 4
split_gain=0.267919 0.541306 0.483498 0.739953 1.55912 1.36272 1.05592 0.768443 0.694745 0.444859 0.741118 0.706472 0.434577 0.977906 0.432156 0.752993 0.379935 0.482899 0.46159 0.374743 0.681038 0.372506 0.37019 0.412097 0.325635 0.409473 0.461638 0.399232 0.593244 0.47776
threshold=0.045550372314020794 86.352263577446465 0.043696133150102102 73.576251344163992 0.30648267736161167 -0.01644265621884133 68.218354287684932 0.051295473787753683 28.780845954188944 -0.25731976722325567 -0.4408389889780297 0.04036654509629601 1.0889217266561968 0.19427002954183406 0.85193201255003093 1.381807549578892 1.5441925810724568 0.031932773109243702 2.2673683850001769 -0.19327307726062062 -0.2204671338228493 0.0091743119266055623 0.90108005266228075 0.72519234197989169 -1.2140863899834828 1.7462420465785153 -0.022387377803962601 0.032975736110415835 0.94255675828893604 -0.60225581489961588
decision_type=10 10 10 10 10 10 10 10 10 8 10 10 10 10 10 10 10 10 10 10 10 10 10 10 10 10 10 10 10 10
left_child=2 -2 9 4 7 -6 -7 8 -4 10 11 24 -9 -14 -3 -16 17 -17 -19 20 -10 -12 23 -5 -1 27 -27 29 -29 -26
right_child=1 14 3 22 5 6 -8 12 19 -11 21 -13 13 -15 15 16 -18 18 -20 -21 -22 -23 -24 -25 25 26 -28 28 -30 -31
leaf_value=0.0034635622881558866 -0.00015200388042372058 0.0043339095295717323 -0.00076776711603888882 -0.0015949637508743467 -0.00094424599249448105 0.013047553483419669 0.0032989001212020718 -0.00050596805407945367 0.00097736019076260388 1.8660768340975003e-06 -0.0033615922536871326 0.0052045853596160213 -0.0020429041377395731 0.007302732682754204 -0.0026005859781677524 -0.00025508833361527651 -0.0016320266012501503 0.0020347267234295061 0.0073403763624618912 0.0011913414783815499 0.0067294031695536013 0.00032222563444273705 -0.0022062006796152839 0.0040071694630245533 0.0019137818238798366 -0.0042226203403722389 0.0017560117866606544 -0.0006363487938066875 0.0018135532543422249 -0.00060089552460309377
leaf_weight=104 34485 105 443 74 56 61 51 1637 122 226503 164 91 55 57 120 80 56 89 76 2064 89 118 352 59 946 88 51 813 355 236
leaf_count=104 34485 105 443 74 56 61 51 1637 122 226503 164 91 55 57 120 80 56 89 76 2064 89 118 352 59 946 88 51 813 355 236
internal_value=1.2991e-06 -0.000127723 2.05549e-05 0.000501107 0.000695546 0.00542421 0.00860843 0.000517705 0.00104377 9.83258e-06 0.000618207 0.000874396 -0.000299813 0.00271336 0.00146416 0.000748429 0.00208358 0.00293287 0.00447854 0.00139652 0.00340358 -0.00182014 -0.00135709 0.000890193 0.000722431 0.000607896 -0.00202902 0.000763866 0.00010827 0.0014117
internal_weight=269600 35011 234589 5120 4635 168 112 4467 2718 229469 2966 2684 1749 112 526 421 301 245 165 2275 211 282 485 133 2593 2489 139 2350 1168 1182
internal_count=269600 35011 234589 5120 4635 168 112 4467 2718 229469 2966 2684 1749 112 526 421 301 245 165 2275 211 282 485 133 2593 2489 139 2350 1168 1182
is_linear=0
shrinkage=0.05


Tree=139
num_leaves=31
num_cat=0
split_feature=7 5 7 5 2 0 2 5 4 4 2 2 4 0 1 4 1 5 1 4 1 1 7 4 1 2 1 7 0 2
split_gain=0.241797 0.488529 0.436357 0.667845 1.50731 1.35592 0.700074 0.629916 0.530025 0.417383 0.851043 0.401486 0.668859 0.657101 0.595694 0.505329 0.431719 0.530126 0.678496 0.637369 0.40006 0.39163 0.390998 0.390021 0.768836 0.362234 0.474421 0.380662 0.359798 0.336474
threshold=0.045550372314020794 86.352263577446465 0.043696133150102102 73.138336581420717 0.30648267736161167 -0.01644265621884133 0.051295473787753683 28.780845954188944 0.62999704921725597 1.0889217266561968 0.19427002954183406 -0.25731976722325567 -0.4408389889780297 0.025188916876574322 0.043139448846459046 -0.77020885620134005 0.010731513435961017 29.878048761358574 -0.056993682890651036 -0.57765621859008365 -0.076159483882691267 0.0042157775487722269 0.03630989795466992 0.85193201255003093 0.095790315152338282 0.42303513137429588 0.32037338840207635 0.057757133189171216 0.10082579029278151 -0.19327307726062062
decision_type=10 10 10 10 10 10 10 10 10 10 10 8 10 10 10 10 10 10 10 10 10 10 10 10 10 10 10 10 10 10
left_child=2 -2 11 4 6 -6 7 20 -7 -8 -11 12 13 16 -14 -15 17 19 -19 -1 -4 -22 -17 24 -3 -25 -27 -28 -29 -9
right_child=1 23 3 -5 5 8 9 29 -10 10 -12 -13 14 15 -16 22 -18 18 -20 -21 21 -23 -24 25 -26 26 27 28 -30 -31
leaf_value=0.0010731252463089265 -0.00014440368319494374 3.7817483429204336e-05 0.0010368241841284564 -0.0012445703019135024 -0.00095180028964850043 0.012465280140982943 -0.0004926696764012764 0.0032333984175449797 0.0053826908510278115 -0.0018217759739787586 0.006937596044021152 1.772773760086577e-06 -0.0028602932783542202 0.0077735429575953351 0.002939490658146414 -0.00029148919289056439 0.0042128573669469914 -0.003658082704211787 0.0021493459749664808 -0.0013834488862092069 -0.0030261099517188673 0.0017329113168472595 0.0046070573474571571 0.0035236628526925211 0.0086045502983033654 -0.0026654167256007595 -0.001477311562242297 0.0055623481486470686 0.00046818052724120209 0.0011369724166557646
leaf_weight=1850 34485 55 186 508 55 50 1626 211 56 54 57 226503 227 52 55 83 80 157 74 308 202 55 80 90 50 114 78 66 73 2060
leaf_count=1850 34485 55 186 508 55 50 1626 211 56 54 57 226503 227 52 55 83 80 157 74 308 202 55 80 90 50 114 78 66 73 2060
internal_value=1.23415e-06 -0.000121337 1.95271e-05 0.000476052 0.000665574 0.0054183 0.00049366 0.000995319 0.00872353 -0.000290163 0.00267628 9.34096e-06 0.000587296 0.000830677 -0.00172913 0.00348184 0.000599814 0.000478825 -0.00179769 0.000722511 -0.000729379 -0.00200764 0.00211271 0.00139095 0.00411721 0.000711007 -5.37633e-05 0.00131826 0.00288699 0.00133175
internal_weight=269600 35011 234589 5120 4612 161 4451 2714 106 1737 111 229469 2966 2684 282 215 2469 2389 231 2158 443 257 163 526 105 421 331 217 139 2271
internal_count=269600 35011 234589 5120 4612 161 4451 2714 106 1737 111 229469 2966 2684 282 215 2469 2389 231 2158 443 257 163 526 105 421 331 217 139 2271
is_linear=0
shrinkage=0.05


Tree=140
num_leaves=31
num_cat=0
split_feature=1 7 5 1 4 7 5 5 1 7 2 7 7 2 2 3 1 5 2 6 5 6 7 2 5 6 7 1 6 4
split_gain=0.293689 0.348261 0.83364 0.453572 0.357588 0.305211 0.405868 0.454174 0.632257 0.290161 0.27086 0.98705 0.969181 0.643143 0.948493 0.799655 0.650047 0.661269 0.569865 0.518516 0.504412 0.429094 0.586908 0.471907 0.494738 0.572184 0.421094 0.53646 0.538232 0.419741
threshold=-0.03836812497862007 0.012621321768486548 27.049180323557731 -0.07237934035368225 -0.82554577926733008 0.079061678468717936 12.499999998266235 32.802547756075285 -0.23808310028742327 0.084054682809110978 0.020990036973622232 0.044028506789199028 0.052946406917865098 0.1619513799135415 0.19973999517365862 1.0000000180025095e-35 -0.076159483882691267 62.393883041702011 0.007670901056846314 1.4582995398390131 39.172821064648438 0.56692611901344858 0.025832622043519066 -0.081104630092150951 31.855226679379232 0.5165069115141131 0.068895718469190556 -0.11843624673773361 0.76808371994810398 -1.0983818404969325
decision_type=10 8 10 10 10 10 10 10 10 10 10 10 10 10 10 2 10 10 10 10 10 8 8 10 10 10 10 10 10 10
left_child=1 2 3 -1 -4 10 -7 9 -9 -8 18 19 -13 -14 26 16 -16 -18 21 -12 -20 22 23 29 25 -25 27 -15 -29 -3
right_child=-2 5 4 -5 -6 6 7 8 -10 -11 11 12 13 14 15 -17 17 -19 20 -21 -22 -23 -24 24 -26 -27 -28 28 -30 -31
leaf_value=-0.0061591480172386304 -1.8788795675766458e-05 0.0042089336771823586 0.00034545292643490898 -0.0014891469616978195 0.0043880659943522976 0.0034869292681553189 -0.0013734159802411203 0.0039517637696117169 -0.00094416967133442188 -0.0049047725351276591 0.0005610146034872441 -0.0010624283049806905 -0.00036712596394048867 0.00032805002119857819 0.00023314850147025998 -0.00034500225926836753 0.0026126239662566646 0.009455182145421322 -0.0022170146475494071 0.0024311520209144856 -0.0003195054876194679 3.8165767647275713e-05 0.00014324726277025029 -0.0021609377560465625 0.00087220419416393592 0.0018831546644293468 -0.00053988021830389022 0.0033424782463743427 0.008706119069281747 0.0012460335169873396
leaf_weight=57 191395 128 298 592 67 52 132 75 546 104 8285 2080 1558 60 149 853 110 52 459 388 1478 48950 7854 338 1002 118 51 104 85 1807
leaf_count=57 191395 128 298 592 67 52 132 75 546 104 8285 2080 1558 60 149 853 110 52 459 388 1478 48950 7854 338 1002 118 51 104 85 1807
internal_value=1.4513e-05 9.64049e-05 -0.000824163 -0.0018993 0.00108752 0.000108556 -0.000802202 -0.00106245 -0.000352873 -0.00292961 0.000119463 0.000320055 -0.000231779 0.000339945 0.00109242 0.000446315 0.00261671 0.004809 7.49916e-05 0.000644678 -0.000769148 0.000102154 0.000380649 0.000930177 0.000250867 -0.00111444 0.00359929 0.00444707 0.0057547 0.00144203
internal_weight=269227 77832 1014 649 365 76818 909 857 621 236 75909 13775 5102 3022 1464 1164 311 162 62134 8673 1937 60197 11247 3393 1458 456 300 249 189 1935
internal_count=269227 77832 1014 649 365 76818 909 857 621 236 75909 13775 5102 3022 1464 1164 311 162 62134 8673 1937 60197 11247 3393 1458 456 300 249 189 1935
is_linear=0
shrinkage=0.05


Tree=141
num_leaves=31
num_cat=0
split_feature=7 8 4 4 8 2 0 5 2 7 8 5 8 2 7 7 7 5 9 8 7 8 2 8 7 0 8 5 7 7
split_gain=0.183799 0.391875 0.37668 0.768129 0.413208 0.744025 0.400672 0.302765 0.250762 0.718674 0.973838 1.12868 1.03689 0.257851 0.530889 0.578637 0.577489 0.340765 0.524012 0.857529 0.373023 0.344727 0.329055 0.315641 0.317003 0.297314 0.457253 0.657477 0.833086 0.379185
threshold=0.084054682809110978 0.72508888121756854 -0.12923078058444573 -0.47951290906693039 0.36455017861569655 0.034107964581856616 0.076313887081616474 65.589279665839854 0.3897788632604014 0.075517149084893084 0.60682228875209776 69.208938858797325 0.83104930563871315 0.42303513137429588 0.031804127038711529 0.036494476576477579 0.03503896545610883 64.304637370408599 1.0000000180025095e-35 0.85517241207292927 0.054473624498138536 0.87359775149466901 0.46454772059302524 0.7200823421257091 0.044028506789199028 0.10082579029278151 0.94246965447869058 71.769045585759457 0.058752616110890658 0.041538599729037541
decision_type=10 10 10 10 10 10 10 10 10 10 10 10 10 10 10 10 10 10 2 10 10 8 10 10 10 10 8 10 10 8
left_child=8 2 3 -2 5 -5 -4 -3 -1 13 -11 -12 -13 17 -15 16 22 21 20 -20 23 -10 -16 -19 -25 26 -17 -28 29 -29
right_child=1 7 6 4 -6 -7 -8 -9 9 10 11 12 -14 14 15 25 -18 18 19 -21 -22 -23 -24 24 -26 -27 27 28 -30 -31
leaf_value=9.9197960209391917e-06 -0.0025044487906927047 -0.0011196676806909691 -0.0027977415131644695 0.00076870501466029788 -0.0013115657226313861 0.0076945975784148126 0.0018243052479293611 0.0031393807823338581 0.0013408764753150247 0.0068175113619623811 -0.0024119441694832253 0.0086226517768492085 0.00073491767629882149 -0.0050314456273134476 0.003997121711727232 -0.00028192078193581174 0.007441788405645639 -0.0031235130003618976 0.0077597432423142003 0.0006984855421552701 -0.0025676138907964408 0.0060151917153527428 -0.001454580181668843 -0.00043238796502480226 0.0027271640407278727 -0.0012970453231374824 -0.0011496977444742649 0.0040702628968678515 0.0052407726605287605 -7.2258394351495684e-05
leaf_weight=263547 188 68 356 117 78 58 54 108 119 95 135 66 113 52 50 1967 50 54 57 175 146 59 62 174 146 439 207 70 155 262
leaf_count=263547 188 68 356 117 78 58 54 108 119 95 135 66 113 52 50 1967 50 54 57 175 146 59 62 174 146 439 207 70 155 262
internal_value=1.37874e-05 -0.000653828 -0.001098 -8.37037e-05 0.00171511 0.00306414 -0.00218898 0.00149384 1.63438e-05 0.000380203 0.00238189 0.0010399 0.00364324 0.000187298 -1.91598e-05 6.07417e-05 0.00297384 0.000923 0.000457353 0.00243336 -0.000424252 0.00289023 0.000979215 0.000412462 0.00100916 -9.1491e-05 0.000107396 0.00121083 0.00221418 0.000801165
internal_weight=269227 1027 851 441 253 175 410 176 268200 4653 409 314 179 4244 3314 3262 162 930 752 232 520 178 112 374 320 3100 2661 694 487 332
internal_count=269227 1027 851 441 253 175 410 176 268200 4653 409 314 179 4244 3314 3262 162 930 752 232 520 178 112 374 320 3100 2661 694 487 332
is_linear=0
shrinkage=0.05


Tree=142
num_leaves=31
num_cat=0
split_feature=1 7 5 8 1 2 7 5 5 1 8 0 2 0 5 7 6 2 1 7 0 0 0 0 8 6 8 7 7 1
split_gain=0.268123 0.314489 0.75236 0.579069 0.532466 0.45223 0.263434 0.365629 0.427069 0.554089 0.3913 0.277064 0.46368 0.302871 0.259427 0.899243 0.606245 0.520483 0.487405 0.731159 0.468199 0.705642 0.404863 0.382672 0.558654 0.415096 0.419751 0.48505 1.05169 0.743726
threshold=-0.03836812497862007 0.012621321768486548 27.049180323557731 0.12512729655249896 -0.070068077206283316 -0.07729918596037065 0.079061678468717936 13.654556564743389 32.802547756075285 -0.23808310028742327 0.10704082939066545 0.10082579029278151 0.084338468494076571 0.15039605358095179 49.509235899387157 0.040701661468941046 0.33369681696033587 0.25839402339364265 -0.10212174007070439 0.031958304682792045 -0.026121467069455225 -0.016138086568087847 0.052427708969265858 0.033538536309326579 0.69487750502626466 0.8588532387688248 0.79849641347406208 0.032526501253455693 0.03630989795466992 -0.058817529345273671
decision_type=10 8 10 10 10 10 10 10 10 10 10 10 8 10 10 8 8 10 10 10 10 10 10 10 8 10 8 10 10 10
left_child=1 2 3 4 -1 -5 11 -8 -9 -10 -11 14 -13 -14 17 18 -17 22 19 -16 -21 -22 -3 25 -25 26 -20 -28 29 -29
right_child=-2 6 -4 5 -6 -7 7 8 9 10 -12 12 13 -15 15 16 -18 -19 23 20 21 -23 -24 24 -26 -27 27 28 -30 -31
leaf_value=-0.0049930256878724325 -1.8721341274703473e-05 4.3271652424406417e-05 0.0010326495572242069 -0.0070394298648064181 -0.00035022345552202698 -0.0013542285687137457 0.003097889448339441 -0.0028455366523754176 0.0037063941929955033 -0.002884704508254626 1.5446345687402837e-05 0.0059251366843926477 0.0023956710311160371 -0.0021562663207371391 0.0062855081421083828 0.0041719261822850693 -0.00023828594940593245 0.0037813138128716135 0.00017103657569733164 -0.0010628975725612017 0.0077560752961569682 0.00096079517494318783 0.0011846702496992754 0.00018341115191605124 -0.0055635322313455325 0.0010706891605132575 -2.1102587320777762e-05 0.011339523306116463 6.3690480407482643e-05 0.0032283500657201963
leaf_weight=72 191395 60628 365 82 434 61 58 230 75 168 378 54 89 62 90 79 5719 94 4434 135 52 144 787 133 62 2914 198 50 120 65
leaf_count=72 191395 60628 365 82 434 61 58 230 75 168 378 54 89 62 90 79 5719 94 4434 135 52 144 787 133 62 2914 198 50 120 65
internal_value=1.3098e-05 9.13443e-05 -0.000783451 -0.00180483 -0.00101086 -0.00461427 0.000102892 -0.000743243 -0.00100504 -0.000323369 -0.000876908 0.000113024 0.0019487 0.000526664 0.000108053 0.000300726 -0.000178195 6.35883e-05 0.000631413 0.00228949 0.00120296 0.00276362 5.78981e-05 0.000543895 -0.00164382 0.000598721 0.000316141 0.00180204 0.00333814 0.00675495
internal_weight=269227 77832 1014 649 506 143 76818 909 851 621 546 75909 205 151 75704 14195 5798 61509 8397 421 331 196 61415 7976 195 7781 4867 433 235 115
internal_count=269227 77832 1014 649 506 143 76818 909 851 621 546 75909 205 151 75704 14195 5798 61509 8397 421 331 196 61415 7976 195 7781 4867 433 235 115
is_linear=0
shrinkage=0.05


Tree=143
num_leaves=31
num_cat=0
split_feature=1 7 1 2 4 8 4 1 6 0 0 7 8 2 2 7 2 8 8 0 0 0 8 2 4 1 7 8 4 7
split_gain=0.241981 0.283826 0.501766 0.31502 0.294458 0.375509 0.259513 0.748566 0.408675 0.424617 0.716594 0.27513 0.272494 0.538644 0.296186 0.266245 0.361384 1.23765 0.313922 0.405809 0.312509 0.310382 0.43204 0.538654 0.505233 0.382219 0.324874 0.612226 0.58407 0.804919
threshold=-0.03836812497862007 0.012621321768486548 -0.070068077206283316 -0.14802652256159152 -0.81681277957259724 0.12512729655249896 0.45134855145007935 -0.076159483882691267 0.60808690248371111 0.016008878677544417 0.03272600367994339 0.079061678468717936 0.81468972556365615 0.1619513799135415 0.46454772059302524 0.065185274809158783 0.24887111530462872 0.52376905140679997 0.0058939096232452906 -0.032086348602651908 -0.018235517947656429 0.052427708969265858 0.19020337004840268 -0.1763616358492183 -0.65962784368940908 -0.15738888560099426 0.04516356898295245 0.26132687509649116 -0.38676948585315718 0.044783073190515534
decision_type=10 8 10 8 10 8 10 10 10 10 10 10 10 10 10 10 10 10 10 10 10 10 8 10 10 8 10 10 10 10
left_child=1 2 -1 -4 5 -5 11 -8 -9 -10 -11 12 14 -14 15 21 18 -18 19 -17 -19 26 23 24 -23 -24 28 -28 29 -3
right_child=-2 6 3 4 -6 -7 7 8 9 10 -12 -13 13 -15 -16 16 17 20 -20 -21 -22 22 25 -25 -26 -27 27 -29 -30 -31
leaf_value=-0.0045191301015654103 -1.7785275145717804e-05 2.7278219788285254e-05 -0.0041233264085248165 0.00023871135119350571 0.002230818983992894 -0.0021128615185898167 -0.0032687460508896041 0.006192824329185647 0.00020644186361096217 0.007562691857310711 0.0005753326891694045 -0.00078592520117506514 0.0047588048651169114 -0.00041504005716929028 -0.0024183523759612035 0.0010903280001730309 0.0070451985289211108 0.0023846485221119072 0.00073001828602442011 -0.0021771368894499179 -0.0020843765577004156 0.001457182163236818 -0.0039408552176319065 0.00037804003988735775 0.007134311209124145 0.00058549133710697715 0.00025718940563765889 -0.00058792786908208876 0.00043734350251236682 0.0032706734619296187
leaf_weight=81 191395 51729 54 516 110 253 80 51 256 64 86 886 92 111 117 160 92 67 1553 234 94 72 50 152 86 694 3827 4870 11203 192
leaf_count=81 191395 51729 54 516 110 253 80 51 256 64 86 886 92 111 117 160 92 67 1553 234 94 72 50 152 86 694 3827 4870 11203 192
internal_value=1.24431e-05 8.67771e-05 -0.000744278 -0.000416558 -0.000188838 -0.000534953 9.77471e-05 0.00119306 0.00197412 0.00144419 0.00355661 9.00363e-05 0.00010033 0.00192976 9.53911e-05 9.93086e-05 0.000641236 0.00241897 0.000410232 -0.000850248 -0.000224596 8.29486e-05 0.000934742 0.002503 0.00454727 0.000281301 7.04482e-05 -0.000216045 0.00010992 3.92721e-05
internal_weight=269227 77832 1014 933 879 769 76818 537 457 406 150 76281 75395 203 75192 75075 2200 253 1947 394 161 72875 1054 310 158 744 71821 8697 63124 51921
internal_count=269227 77832 1014 933 879 769 76818 537 457 406 150 76281 75395 203 75192 75075 2200 253 1947 394 161 72875 1054 310 158 744 71821 8697 63124 51921
is_linear=0
shrinkage=0.05


Tree=144
num_leaves=31
num_cat=0
split_feature=2 6 6 2 7 7 8 7 7 4 0 8 0 8 7 4 7 9 6 6 8 8 6 6 6 7 4 2 8 2
split_gain=0.164276 0.37824 0.52341 0.37424 0.286787 0.646597 0.624676 0.335763 0.3315 0.571504 0.281378 0.594202 0.419996 0.312966 0.541992 0.69883 0.484328 0.426107 0.419381 0.420699 0.305513 0.415657 0.257201 0.284424 0.245014 0.24469 0.755687 0.954193 0.687921 0.583769
threshold=0.3897788632604014 0.55922452491745478 0.61167366341554874 0.46454772059302524 0.035759957434919797 0.031391716260991791 0.84906492955078761 0.034048340045024515 0.038753739887981066 1.0166187260216664 -0.070991281012234661 0.82003939512827007 -0.021663773373435721 0.60682228875209776 0.084054682809110978 0.51183061292236742 0.062182765303145433 1.0000000180025095e-35 0.67846876292485037 0.6518922820905092 0.70517419753052002 0.73557485070685813 0.73492640369554352 0.81262377010659892 0.96930806793349611 0.075517149084893084 0.04205543134458338 0.25839402339364265 0.094553288759069223 0.10668881640329421
decision_type=10 10 10 10 10 10 8 10 10 10 10 8 10 10 10 10 10 2 10 10 10 10 10 8 10 10 10 10 10 10
left_child=25 -2 3 -3 5 -4 -7 -8 9 -6 11 -10 22 14 15 -14 -17 -18 19 -15 -20 -22 -12 -24 -25 -1 27 -27 -28 -30
right_child=1 2 4 -5 8 6 7 -9 10 -11 12 -13 13 18 -16 16 17 -19 20 -21 21 -23 23 24 -26 26 28 -29 29 -31
leaf_value=1.088675557903348e-05 -0.0012301284710373056 0.0064257888429229918 -0.0017953802441549767 0.0013131621375598096 7.0342626196547793e-05 0.0082921782955527306 -0.00050125890846053768 0.004388568520715291 0.00055802736281997188 -0.0059663544105895763 -0.0030672663028131607 0.0066712249408669355 0.0077786298874006777 0.0004862881572493775 -0.0024538039982871852 0.0035223808807987008 -0.0029283886248595084 0.0027886310596527027 -0.0021934829183146917 0.0064371166707671906 0.0042120944556350319 0.0001594008515304028 0.0023592230534025781 -0.0028529912432028398 -0.00030010728038445939 -0.00026477664496792123 -0.0045837454354340163 0.004921817243968612 0.0017784106105790233 -0.0022742051195214466
leaf_weight=261967 376 59 83 91 121 50 75 66 159 58 112 53 54 66 64 151 80 55 133 54 65 2375 78 121 421 1566 185 94 135 260
leaf_count=261967 376 59 83 91 121 50 75 66 159 58 112 53 54 66 64 151 80 55 133 54 65 2375 78 121 421 1566 185 94 135 260
internal_value=1.1821e-05 0.000295168 0.000418663 0.00332413 0.000321685 0.00188921 0.00349037 0.0017876 0.000219907 -0.00188568 0.000313176 0.00208633 0.000215002 0.000469588 0.00176729 0.00256185 0.00157686 -0.000599232 0.000274909 0.00316416 0.000140159 0.000267362 -0.00086212 -0.00046377 -0.000870032 6.4373e-06 -0.000513924 2.8922e-05 -0.00206759 -0.000889134
internal_weight=269227 5020 4644 150 4494 274 191 141 4220 179 4041 212 3829 3097 404 340 286 135 2693 120 2573 2440 732 620 542 264207 2240 1660 580 395
internal_count=269227 5020 4644 150 4494 274 191 141 4220 179 4041 212 3829 3097 404 340 286 135 2693 120 2573 2440 732 620 542 264207 2240 1660 580 395
is_linear=0
shrinkage=0.05


Tree=145
num_leaves=31
num_cat=0
split_feature=5 4 7 7 7 2 5 7 8 7 7 7 6 5 2 8 6 2 6 2 4 5 4 7 7 7 8 4 8 8
split_gain=0.346287 0.757968 0.744596 0.930871 0.485744 0.403357 0.395109 0.891454 0.710924 0.584545 0.711387 0.494223 0.492916 0.452209 0.449207 0.947951 0.483093 0.41204 0.393537 0.735353 0.684376 1.01655 0.610015 0.522689 0.487666 0.530669 0.923324 2.41809 0.83613 0.449831
threshold=58.048114338556445 0.2646784276949064 0.062182765303145433 0.023363289632430177 0.012907082895588661 -0.085033167916594807 62.169652675677099 0.047742006227164728 0.82003939512827007 0.032677986316878328 0.038542825624953349 0.052306130992699713 1.6505494143082171 66.705135707503814 0.15813196578469771 0.58893448791481096 0.84062132502054177 0.10437241159604972 0.63536151319041323 0.09277924207872125 -0.36674309410159772 45.614035079909208 -0.96511640687138911 0.06094917433654435 0.051698813434739997 0.054473624498138536 0.46798820932055607 -0.38676948585315718 0.27497765384613809 0.37253760255862495
decision_type=10 8 10 8 8 10 10 8 8 10 10 8 10 10 8 8 10 10 10 10 10 10 8 10 10 10 10 10 8 10
left_child=18 2 3 5 -3 -2 11 8 13 -10 -11 12 -5 -8 16 -16 -13 -15 19 22 -21 -22 -1 -23 -24 26 28 -28 -26 -27
right_child=1 4 -4 6 -6 -7 7 -9 9 10 -12 14 -14 17 15 -17 -18 -19 -20 20 21 23 24 -25 25 29 27 -29 -30 -31
leaf_value=0.00091437390236671478 0.0041489769284631687 0.00077942464194122351 -0.0010167549061211208 0.0003011411634059557 -7.6677401281007522e-06 -0.00034746755578333538 0.0020072406319578996 -0.00060414554844676321 0.00096217670044943427 0.011542297331150621 0.0031894160327143395 0.0026962224638092621 0.0036862863803771117 0.0012315801357794507 0.0097631089174065669 0.001646811210334168 -0.0017578472281528257 -0.0016803073433343579 -9.5351102289929527e-05 -0.0027042351242869724 0.0011429251128964668 -0.0011680993168425604 3.3511276151385482e-05 0.00083715874739458465 0.0034350005503443783 0.00079846796455988918 0.012535274994760669 -0.00043067388734603418 -0.00076191555072619192 -0.00065495407037570279
leaf_weight=2236 51 2023 757 3447 63126 2263 1502 468 57 50 52 151 111 408 53 112 102 173 135033 355 816 2244 50063 380 199 1715 66 79 294 772
leaf_count=2236 51 2023 757 3447 63126 2263 1502 468 57 50 52 151 111 408 53 112 102 173 135033 355 816 2244 50063 380 199 1715 66 79 294 772
internal_value=-1.30042e-05 7.83248e-05 0.000489316 0.000615994 1.6773e-05 -0.000248367 0.000915146 0.00138071 0.00179504 0.00501766 0.00728397 0.000597819 0.000406749 0.00154905 0.0022242 0.00425386 0.000900511 0.000364529 -4.82218e-05 5.92438e-05 -0.00061409 -0.000398392 0.000105348 -0.000877704 7.13373e-05 0.000677317 0.00196374 0.00547107 0.000932174 0.000347305
internal_weight=269158 74906 9757 9000 65149 2314 6686 2710 2242 159 102 3976 3558 2083 418 165 253 581 194252 59219 3795 3440 55424 2624 53188 3125 638 145 493 2487
internal_count=269158 74906 9757 9000 65149 2314 6686 2710 2242 159 102 3976 3558 2083 418 165 253 581 194252 59219 3795 3440 55424 2624 53188 3125 638 145 493 2487
is_linear=0
shrinkage=0.05


Tree=146
num_leaves=31
num_cat=0
split_feature=5 4 1 1 8 8 1 4 6 6 6 0 8 8 4 0 4 0 4 8 0 8 1 0 4 0 4 6 4 1
split_gain=0.312524 0.685202 0.525869 0.501514 0.5282 0.475844 0.441083 0.410832 0.501511 0.412024 0.629542 0.658152 0.58821 0.544845 0.387693 1.10016 0.365856 0.359727 0.359339 0.942905 0.68742 0.631474 0.363362 0.405671 0.554395 0.355817 0.533526 0.363877 0.780464 0.628209
threshold=58.048114338556445 0.24668851310818021 0.19168037263172447 0.2068991669203544 0.81468972556365615 0.63365300435556271 -0.15738888560099426 -0.010893551089916615 2.2673683850001769 0.66212877028363393 0.69832349717981967 -0.0039118261821939329 0.7665064055682691 0.26804799527923462 0.22887828527695728 -0.035445352229960862 0.8658097108469397 -0.034701010940929415 0.15692228949156242 0.23472300494644965 -0.036923076923076885 0.3604740832465238 0.014569457089657291 0.042775872856756443 0.27303798695973497 0.089574882243653522 -0.22397619115681436 0.78166842613365328 -0.96511640687138911 0.079401972898997544
decision_type=10 8 10 10 8 8 10 10 10 10 10 10 10 10 10 10 8 10 10 10 10 10 10 10 10 10 8 10 8 10
left_child=2 6 18 4 -4 -5 -2 -8 9 17 11 -11 14 -13 -12 -16 -7 -9 25 -20 -21 -22 23 -23 -25 27 -27 28 -1 -30
right_child=1 -3 3 5 -6 16 7 8 -10 10 12 13 -14 -15 15 -17 -18 -19 19 20 21 22 -24 24 -26 26 -28 -29 29 -31
leaf_value=0.00066949308248033567 -0.0033574721208620957 1.8935697702898952e-05 0.0010190869106277655 0.0026975373213813303 0.006098103790029296 -0.0024389420392951365 -0.00021971590478116616 0.0030993207136513472 0.0056670504906214773 0.00095292748157081806 0.00070369955782093215 0.0094495839464943873 -0.001578489860753946 0.0033395929036972426 0.0071634483586352042 0.0010550289997124694 0.00066988531348198576 -2.5430864226962809e-05 -0.00081666293909805627 -0.001420198377848655 0.00047727542981510428 -0.00037577777471048011 -2.2954023719841586e-06 0.00068315580943914826 -0.0032532026582762458 0.0034699419089448298 0.00030891953080568402 -0.00010617015332739896 2.578802395881554e-05 -0.00099695899463779904
leaf_weight=4696 74 66022 111 173 95 146 1551 96 50 222 3698 50 259 135 91 388 269 2270 5309 913 4938 5135 11211 131 282 177 543 78158 80435 1530
leaf_count=4696 74 66022 111 173 95 146 1551 96 50 222 3698 50 259 135 91 388 269 2270 5309 913 4938 5135 11211 131 282 177 543 78158 80435 1530
internal_value=-1.2354e-05 7.44086e-05 -4.58107e-05 0.00123832 0.00336135 0.000494537 0.000486659 0.000518948 0.000676775 0.000642164 0.00090637 0.00278839 0.000733696 0.00499094 0.000877066 0.0022155 -0.000423823 0.000101355 -5.10811e-05 -0.000217013 -7.62104e-05 -1.9656e-05 -0.000166076 -0.000497031 -0.00200462 -2.30959e-05 0.001086 -2.79409e-05 4.26126e-05 6.69691e-06
internal_weight=269158 74906 194252 794 206 588 8884 8810 7259 7209 4843 407 4436 185 4177 479 415 2366 193458 27919 22610 21697 16759 5548 413 165539 720 164819 86661 81965
internal_count=269158 74906 194252 794 206 588 8884 8810 7259 7209 4843 407 4436 185 4177 479 415 2366 193458 27919 22610 21697 16759 5548 413 165539 720 164819 86661 81965
is_linear=0
shrinkage=0.05


Tree=147
num_leaves=31
num_cat=0
split_feature=0 4 2 6 1 6 1 6 0 4 4 6 7 2 1 1 1 1 6 4 7 7 2 0 7 2 4 2 4 0
split_gain=0.167543 0.501402 0.51948 0.658024 0.434023 0.416127 0.362518 0.708808 0.505416 0.333998 0.458527 0.320736 0.485048 0.471809 0.310209 0.305766 0.407477 0.418891 0.35444 0.733186 0.353655 0.43471 1.02022 0.610999 0.521795 0.351768 0.3199 0.316255 0.297702 0.295299
threshold=-0.0091639620278571848 -0.65962784368940908 -0.1212304634663947 0.73492640369554352 -0.14738400708105606 0.87380071825851158 -0.026582193079394464 1.5538313626980778 -0.045962451797564134 -0.99225335413760363 -1.2599155670386655 0.55513649611655225 0.019350803920319373 -0.034263983294332549 -0.14738400708105606 -0.088746941272430643 -0.037089470787727889 -0.051196305378714606 0.35031719307178938 -0.3599047062504605 0.065185274809158783 0.052306130992699713 0.044832636602666683 -0.018883496768789473 0.042130702872240168 0.15813196578469771 -0.42105923336609474 -0.078576079247292138 -0.70674008885377249 -1.0000000180025095e-35
decision_type=10 8 10 8 8 10 8 10 10 10 10 8 8 10 10 10 10 10 10 10 10 10 10 10 10 8 10 10 10 10
left_child=6 2 -2 29 5 -3 7 11 9 10 -9 12 13 -1 -6 20 17 18 19 28 21 24 23 27 -14 -18 -22 -23 -17 -4
right_child=1 4 3 -5 14 -7 -8 8 -10 -11 -12 -13 15 -15 -16 16 25 -19 -20 -21 26 22 -24 -25 -26 -27 -28 -29 -30 -31
leaf_value=0.0026763545968745638 3.5082186788681697e-05 -0.0021782211218346818 -0.00051147864285950185 -0.00086656402771838673 0.00089897551264766097 0.0012579782094949874 -5.9845492968301726e-05 0.00033782403944648235 -0.0010540948525575623 0.00075486663723997897 -0.0014839582665209584 0.00012863956866511801 0.0014006661230566886 -0.00074462686489400187 -1.082274265672795e-05 0.0024958071059096518 0.0013166249754622038 -0.00074456472802295667 0.00012477169875730397 0.0070038472952076297 -0.0030044858083676769 0.0046977404317456407 -0.0012635153583944727 0.0007115254882955924 -0.00085328829946147266 -0.0021727364424292228 0.00124920497660358 0.0094871309312293314 -0.0011582697254330428 0.0001631200722958983
leaf_weight=437 8193 413 2913 5797 943 112 48586 783 2045 934 618 41143 928 131 145393 113 976 1409 2549 58 102 81 99 60 355 78 78 60 110 3661
leaf_count=437 8193 413 2913 5797 943 112 48586 783 2045 934 618 41143 928 131 145393 113 976 1409 2549 58 102 81 99 60 355 78 78 60 110 3661
internal_value=-1.17363e-05 -4.24866e-05 -0.000273721 -0.000478233 -1.01084e-05 -0.00144517 3.88705e-05 0.000129115 -0.000480171 2.24734e-05 -0.000465789 0.000183838 0.000481715 0.00188736 -4.95994e-06 0.000368562 0.000178603 -4.01531e-05 0.000310559 0.00199587 0.000938871 0.00117767 0.00289116 0.00493749 0.000777008 0.0010584 -0.00116122 0.00673578 0.000693348 -0.000135801
internal_weight=269158 167425 20564 12371 146861 525 101733 53147 4380 2335 1401 48767 7624 568 146336 7056 5293 4239 2830 281 1763 1583 300 201 1283 1054 180 141 223 6574
internal_count=269158 167425 20564 12371 146861 525 101733 53147 4380 2335 1401 48767 7624 568 146336 7056 5293 4239 2830 281 1763 1583 300 201 1283 1054 180 141 223 6574
is_linear=0
shrinkage=0.05


Tree=148
num_leaves=31
num_cat=0
split_feature=5 4 7 7 0 1 1 7 7 3 2 4 3 5 7 6 7 7 5 2 2 5 6 2 2 2 6 7 0 1
split_gain=0.282939 0.615426 0.669771 0.834635 0.557094 0.475009 0.452595 0.444728 0.366927 0.47775 2.24397 0.41933 0.394046 1.02028 0.76459 0.916711 0.689957 0.835935 0.617627 0.534987 1.25207 0.88469 0.528491 0.478518 0.363996 0.360202 0.749912 0.358709 0.357151 0.338714
threshold=58.048114338556445 0.2646784276949064 0.062182765303145433 0.023363289632430177 -0.027027027027027025 0.19168037263172447 0.2068991669203544 0.011187909012920107 0.025397247701499374 1.0000000180025095e-35 0.029733328756107128 -0.061446170109221036 1.0000000180025095e-35 65.327271836664991 0.053672811631288876 1.0170115748360005 0.047742006227164728 0.028624462016337369 62.872817551059583 0.031157532689804372 0.11409632928692905 62.169652675677099 0.63865565767639387 -0.069751165146041558 -0.085033167916594807 0.0090351903878718182 1.0220244080744385 0.065185274809158783 -0.0053768259236345308 -0.015805004171297595
decision_type=10 8 10 8 10 10 10 8 10 2 10 10 2 10 10 10 10 10 10 10 10 10 10 10 8 8 10 10 10 10
left_child=5 2 3 24 -4 -1 -7 -3 9 -5 -11 -10 16 14 18 -16 17 -13 29 23 21 -21 -23 -19 -2 26 -9 -6 -24 -14
right_child=1 7 4 8 27 6 -8 25 11 10 -12 12 13 -15 15 -17 -18 19 -20 20 -22 22 28 -25 -26 -27 -28 -29 -30 -31
leaf_value=-4.7992317336197857e-05 0.0039207067336047103 0.00097613485698074074 0.0009052738532267159 0.00085895617160201593 -0.0051723623967641413 0.0031943014620586293 0.00047089294280742419 -0.00019408118559236328 -0.00055226370935878319 0.013052133640603109 0.0012845893653482259 -0.00034344021003586845 -0.00041609659437437466 -0.0017952720048027872 0.0019748695340300014 0.0094064289415255187 -0.00073160005395287928 0.0027545462489656806 0.0021156821948518697 0.0026101595639540748 0.00038818134715376025 0.0028619862365725358 0.0063020166297854691 0.0004978087088431184 -0.0003507193570914122 -4.1380641421360646e-05 0.00088880995935658252 -0.0014009361801140693 0.010901887238081267 0.0012004982800107515
leaf_weight=193458 51 1184 257 364 74 206 588 3158 579 51 197 446 1138 430 244 50 365 362 465 318 305 69 114 669 2263 57569 3238 426 67 453
leaf_count=193458 51 1184 257 364 74 206 588 3158 579 51 197 446 1138 430 244 50 365 362 465 318 305 69 114 669 2263 57569 3238 426 67 453
internal_value=-1.11495e-05 7.14044e-05 0.00044174 0.000561884 -0.000986656 -4.29833e-05 0.00117747 1.59413e-05 0.00084515 0.00201206 0.00370453 0.000727575 0.00086243 0.000444001 0.00085374 0.00323874 0.00129088 0.00160501 0.000512695 0.00206142 0.00297223 0.0043598 0.00658533 0.00129018 -0.000256578 -1.832e-06 0.000354137 -0.00195911 0.00800473 4.41909e-05
internal_weight=269158 74906 9757 9000 757 194252 794 65149 6686 612 248 6074 5495 2780 2350 294 2715 2350 2056 1904 873 568 250 1031 2314 63965 6396 500 181 1591
internal_count=269158 74906 9757 9000 757 194252 794 65149 6686 612 248 6074 5495 2780 2350 294 2715 2350 2056 1904 873 568 250 1031 2314 63965 6396 500 181 1591
is_linear=0
shrinkage=0.05


Tree=149
num_leaves=31
num_cat=0
split_feature=5 6 2 8 7 7 5 7 2 0 0 8 2 8 8 7 7 8 7 5 7 8 6 0 0 0 8 2 5 7
split_gain=0.255353 0.329589 0.49561 0.520262 0.461786 0.549027 0.44458 0.440241 0.484268 0.488111 0.595376 0.75585 0.484111 0.55661 0.580519 0.820745 0.501061 0.479345 0.455866 0.608801 0.617182 0.823278 0.436379 0.444264 0.673983 0.685783 0.414915 0.429575 0.411407 0.402376
threshold=58.048114338556445 0.65879401770354085 0.0090351903878718182 0.24786432093169333 0.033884834145942809 0.042130702872240168 72.193383674602458 0.027676272207392796 0.15443695257483639 -0.011476182614509776 -0.0086493679308050613 0.80382359519951585 0.20525490716530362 0.77142856830612294 0.66147025987619645 0.055227318600763041 0.041827604897578967 0.78756700837013283 0.036494476576477579 66.433854731003393 0.032103619945936163 0.88622776003250536 1.5194087571650152 0.020530856433820691 0.01376597836774829 0.017165523992020097 0.45122353838458956 0.012952123203814782 58.878504661662596 0.032526501253455693
decision_type=10 10 8 8 10 10 10 8 8 10 10 10 8 8 10 10 10 8 10 10 10 8 10 10 10 10 10 10 10 8
left_child=-1 7 22 4 6 -6 -4 -2 17 28 11 -11 -12 14 16 -16 -14 26 19 20 -19 -22 -3 24 -24 -26 27 -9 -10 -15
right_child=1 2 3 -5 5 -7 -8 8 9 10 12 -13 13 29 15 -17 -18 18 -20 -21 21 -23 23 -25 25 -27 -28 -29 -30 -31
leaf_value=-4.083410925905697e-05 -0.00066331955983295159 0.00030501308590077177 -0.00011522526862888226 8.5129395642824252e-05 -0.0037019672383125837 0.00081290297976304457 -0.003251636752532162 -3.6862279394599369e-05 0.0024075126319075936 0.00033032971772247122 -0.0015426077473058744 0.0066261337541446488 0.0026013984148370566 -0.0037117372318057392 0.0018016524918687841 0.0090399872773010634 -0.0023947606477598068 0.0015744327348572067 0.00038781074215315294 -6.0945004637272459e-05 0.0024733572772059308 0.010315133682013478 0.0014551276985732189 0.00057377671310928269 0.0099387455696486084 0.0023518590198364111 -0.00044980794133505828 0.0017518315144933853 -0.0014994708422758169 -9.1633653142915276e-05
leaf_weight=194252 3363 6546 1272 54614 244 93 124 754 72 134 532 74 93 82 150 53 109 120 428 127 65 69 434 893 53 68 1484 605 1050 1201
leaf_count=194252 3363 6546 1272 54614 244 93 124 754 72 134 532 74 93 82 150 53 109 120 428 127 65 69 434 893 53 68 1484 605 1050 1201
internal_value=-1.0592e-05 6.78341e-05 0.000110334 5.80653e-05 -0.000794835 -0.00245602 -0.000393818 -0.000190992 2.95637e-05 -0.000386287 1.22671e-05 0.00257018 -0.000227393 0.000187117 0.00180313 0.00369146 -9.45488e-05 0.0004338 0.00150765 0.00276563 0.00417891 0.00651129 0.00047876 0.00126422 0.00237514 0.00567504 0.000128227 0.000759429 -0.00124876 -0.000323004
internal_weight=269158 74906 64341 56347 1733 337 1396 10565 7202 3550 2428 208 2220 1688 405 203 202 3652 809 381 254 134 7994 1448 555 121 2843 1359 1122 1283
internal_count=269158 74906 64341 56347 1733 337 1396 10565 7202 3550 2428 208 2220 1688 405 203 202 3652 809 381 254 134 7994 1448 555 121 2843 1359 1122 1283
is_linear=0
shrinkage=0.05


Tree=150
num_leaves=31
num_cat=0
split_feature=0 6 7 7 8 8 0 8 2 8 4 2 2 8 2 7 7 7 4 4 8 4 4 6 7 7 0 7 6 7
split_gain=0.213716 0.29798 0.792075 0.572268 0.473721 0.374018 0.314377 0.484044 0.543391 0.515046 0.429945 0.30788 0.282404 0.266392 0.257804 0.497794 1.54109 1.08289 0.915245 0.872248 0.521118 1.50439 0.786716 0.77533 0.485867 0.426075 0.454766 0.357248 0.331799 0.432937
threshold=-0.010704476636805791 1.6949258391604467 0.065185274809158783 0.058752616110890658 0.71509932806643828 0.4935107756377779 0.059174224623200218 0.91946033832292196 0.03700576850888327 0.97168590762528517 0.95870618515884576 -0.1146997533716284 0.46454772059302524 0.018432200548505692 0.3897788632604014 0.053672811631288876 0.052306130992699713 0.070843092138759015 1.0379820791358578 0.95870618515884576 0.82545314673190862 0.48583506881752903 0.80164327893500864 0.99235458943258958 0.079061678468717936 0.075517149084893084 0.021426348320916725 0.031666770218745262 1.5043727894306957 0.040701661468941046
decision_type=10 10 8 10 10 8 10 8 10 10 10 10 10 10 10 10 10 10 10 10 8 10 10 10 10 10 10 10 10 10
left_child=-1 14 3 6 5 -5 -3 11 -9 10 -10 -8 -13 -4 -2 16 27 18 19 -17 25 -22 -23 -24 -25 -19 -27 -16 29 -29
right_child=1 2 13 4 -6 -7 7 8 9 -11 -12 12 -14 -15 15 17 -18 20 -20 -21 21 22 23 24 -26 26 -28 28 -30 -31
leaf_value=5.3284020405076385e-05 -7.0274214424894275e-05 0.00032382529985377438 -0.0044286155569795019 0.0018569863752131107 0.00063461870280055645 0.0068339797741500665 0.001484904631128302 -0.0031179550847998051 -0.0017913392355924922 -0.00049787046213389135 0.0020954424944485462 -0.00058608522015514549 0.0028725715877953918 -0.0012275401165605675 -0.0034493767456151543 -0.0010930959493161785 0.0075561484775045597 -0.0043325589118604459 -0.0047748979009587574 0.0044105938382563185 0.0089702594291108367 -0.00208205671592926 0.0078433097959732852 -0.0019392737344948248 0.004481140534894971 0.0033494559360321523 -0.0018548486849167798 0.0027206462536190378 -0.0018185945271150701 0.00043273161401737536
leaf_weight=95303 153848 11375 74 76 204 75 200 87 79 396 716 3612 60 534 50 719 88 53 152 80 75 120 59 68 52 86 82 305 103 642
leaf_count=95303 153848 11375 74 76 204 75 200 87 79 396 716 3612 60 534 50 719 88 53 152 80 75 120 59 68 52 86 82 305 103 642
internal_value=-6.90545e-06 -3.98591e-05 0.000155891 0.000219754 0.00220603 0.004329 0.000177084 -0.00014703 0.000696715 0.000975369 0.00170921 -0.000425518 -0.000529571 -0.00161714 -6.17216e-05 0.000419551 0.0011892 -0.000171873 -0.00121858 -0.000542038 0.0015011 0.00263857 0.00105036 0.0031503 0.000842906 -0.000423846 0.00080926 0.000679842 0.000876472 0.0011696
internal_weight=269373 174070 17488 16880 355 151 16525 5150 1278 1191 795 3872 3672 608 156582 2734 1188 1546 951 799 595 374 299 179 120 221 168 1100 1050 947
internal_count=269373 174070 17488 16880 355 151 16525 5150 1278 1191 795 3872 3672 608 156582 2734 1188 1546 951 799 595 374 299 179 120 221 168 1100 1050 947
is_linear=0
shrinkage=0.05


Tree=151
num_leaves=31
num_cat=0
split_feature=2 7 2 8 5 6 7 6 4 8 1 1 4 2 6 1 8 7 7 6 7 7 4 6 1 1 6 9 8 1
split_gain=0.197327 0.41047 0.514103 0.3245 0.519053 1.81698 0.775602 0.504769 0.347396 0.353062 0.298468 0.749181 0.962776 0.816856 0.738684 0.934676 0.459947 0.30485 0.362402 0.284781 0.28381 0.415342 0.385454 0.637067 0.415033 0.351941 0.363716 0.279818 0.274701 0.254178
threshold=0.32268664290448762 0.04728594744409189 0.65459219715740546 0.94246965447869058 76.247475864889722 1.1281896452231284 0.029337315709636051 1.3938999483564487 0.71088751332961142 0.95132488019122674 0.053007751304393287 -0.0047473049618750309 0.44198032478668831 0.3897788632604014 0.94255675828893604 0.024337962580955556 0.82545314673190862 0.028394480766547218 0.030331016218215278 0.66530768196051415 0.032822048358662585 0.034532214767357947 0.71088751332961142 0.98314791803475687 0.075422496016705157 0.12775959273898144 0.92114602670131396 1.0000000180025095e-35 0.8609775726248089 0.32037338840207635
decision_type=10 10 10 8 10 10 10 10 10 10 10 10 10 10 10 10 10 10 10 10 10 10 10 10 10 10 10 2 10 10
left_child=29 2 3 10 5 8 -6 -7 -5 -10 11 13 -13 -2 16 -16 -14 -12 -19 -18 28 -22 23 24 -23 -24 -27 -28 -20 -1
right_child=1 -3 -4 4 6 7 -8 -9 9 -11 17 12 14 -15 15 -17 19 18 20 -21 21 22 25 -25 -26 26 27 -29 -30 -31
leaf_value=-1.2402275450865885e-05 -0.0031034414191179441 -2.2393168896694228e-05 -0.0039366685197255091 0.0033139615617692473 0.0066297658120747661 0.011850609696935863 6.6996036677294726e-05 0.0053111020857209553 0.0012952809788140595 -0.0044311596843551355 -0.0030523484914253157 0.0085853284774829852 -0.0037554743835257727 0.0028997054491709507 0.009609963886773671 0.0015734369259964871 -0.001707282032817602 0.0041607740035812767 -1.9139483525317964e-05 0.0030279452098940299 0.0033735431286546339 0.0026899711964161774 -0.0019917220703365118 0.0055832401847777276 -0.0033177387499218358 0.0042967041451483969 -0.0012315316277559532 0.0012196856176536852 -0.0051180133316665894 -0.0014202432994545088
leaf_weight=260874 153 5348 58 50 50 50 452 72 51 57 75 58 67 90 53 114 50 56 56 87 99 57 266 75 58 50 273 203 50 321
leaf_count=260874 153 5348 58 50 50 50 452 72 51 57 75 58 67 90 53 114 50 56 56 87 99 57 266 75 58 50 273 203 50 321
internal_value=-6.56017e-06 0.000235289 0.000722245 0.000819726 0.00168271 0.00340754 0.000720658 0.00799123 -0.000131764 -0.00172701 0.000480603 0.00133816 0.00259464 -0.000880054 0.00165809 0.00412395 -0.000360538 4.33636e-05 0.000230152 0.00129976 4.47144e-05 0.000286816 -2.4371e-05 0.00199812 -0.000340004 -0.000509564 0.000239968 -0.00018616 -0.00242427 -1.41325e-05
internal_weight=269373 8178 2830 2772 782 280 502 122 158 108 1990 672 429 243 371 167 204 1318 1243 137 1187 1081 982 190 115 792 526 476 106 261195
internal_count=269373 8178 2830 2772 782 280 502 122 158 108 1990 672 429 243 371 167 204 1318 1243 137 1187 1081 982 190 115 792 526 476 106 261195
is_linear=0
shrinkage=0.05


Tree=152
num_leaves=31
num_cat=0
split_feature=2 7 2 8 5 6 7 6 4 7 2 6 9 7 7 4 3 7 5 8 5 8 6 2 8 2 6 8 2 8
split_gain=0.178088 0.370449 0.463978 0.292862 0.468446 1.63983 0.699981 0.455554 0.313525 0.332563 0.253748 0.544078 0.408573 0.261202 0.275062 0.252643 0.48213 0.238445 0.7283 0.924005 0.527469 0.640976 0.460762 0.450089 0.439046 0.384371 0.329612 0.448864 0.299063 0.532196
threshold=0.32268664290448762 0.04728594744409189 0.65459219715740546 0.94246965447869058 76.247475864889722 1.1281896452231284 0.029337315709636051 1.3938999483564487 0.71088751332961142 0.040970522754318658 0.46454772059302524 1.41813633121163 1.0000000180025095e-35 0.041827604897578967 0.035582665312475961 0.062076412547852268 1.0000000180025095e-35 0.070843092138759015 55.387639363571942 0.86699122854662136 39.756949441393317 0.49791393420316898 1.3370387318917689 -0.23318461280970601 0.097048649989857641 0.28079413032914996 0.55922452491745478 0.24117647020991875 -0.044638008199694428 0.2177029679116855
decision_type=10 10 10 8 10 10 10 10 10 10 10 10 2 10 10 10 2 10 10 8 10 8 10 10 10 10 10 10 10 10
left_child=17 2 3 -2 5 8 -6 -7 -5 -10 12 -12 -8 14 -14 16 -3 -1 20 -20 24 23 25 -22 -19 -23 27 -26 29 -25
right_child=1 15 -4 4 6 7 10 -9 9 -11 11 -13 13 -15 -16 -17 -18 18 19 -21 21 22 -24 28 26 -27 -28 -29 -30 -31
leaf_value=-7.7094363583409572e-06 0.00045657259421616133 -0.00090869371038438242 -0.0037398349593347341 0.003148263528011739 0.0062982775820419196 0.01125807923031971 -0.0029429918483132498 0.0050455470297796033 0.0010829944322309033 -0.0044670874244129325 0.0042282451912549071 -0.0022226746386597648 0.0018226954530203535 0.0034350903012472984 -0.0028501881966803925 -8.668918000344971e-05 0.0041777491437816859 8.134210929153949e-05 -0.00055560220968670505 -0.0041121525436079616 0.00017097574591491466 -0.001283250340343508 0.0041969558178428928 0.0023979902358371701 0.0044631991662317889 0.0033059678862200066 -0.002038902460203139 -0.0014003358063340049 0.0020681417792316075 0.0090193857452041427
leaf_weight=257508 1990 88 58 50 50 50 125 72 55 53 88 52 62 61 64 5161 99 1110 560 271 178 433 51 71 50 51 576 94 189 53
leaf_count=257508 1990 88 58 50 50 50 125 72 55 53 88 52 62 61 64 5161 99 1110 560 271 178 433 51 71 50 51 576 94 189 53
internal_value=-6.23217e-06 0.000223525 0.000686133 0.00077874 0.00159858 0.00323716 0.000684625 0.00759167 -0.000125176 -0.00164066 6.36462e-05 0.00183219 -0.000729931 0.000749388 -0.000550833 -2.12735e-05 0.00178413 -1.34258e-05 -0.000412672 -0.00171544 -3.36102e-05 0.000873878 -0.000323361 0.00217841 -0.000542399 -0.000799676 -0.001504 0.000635614 0.00332001 0.0052281
internal_weight=269373 8178 2830 2772 782 280 502 122 158 108 452 140 312 187 126 5348 187 261195 3687 831 2856 1026 535 491 1830 484 720 144 313 124
internal_count=269373 8178 2830 2772 782 280 502 122 158 108 452 140 312 187 126 5348 187 261195 3687 831 2856 1026 535 491 1830 484 720 144 313 124
is_linear=0
shrinkage=0.05


Tree=153
num_leaves=31
num_cat=0
split_feature=0 5 1 7 5 1 7 2 0 1 7 5 5 8 8 7 7 8 1 4 1 7 0 0 8 7 7 2 8 1
split_gain=0.194214 0.328936 0.442374 1.31645 0.6494 0.310662 0.350299 0.342491 0.489206 0.502687 0.888253 0.650087 0.616179 0.465248 0.823996 0.665255 0.426532 0.46639 0.415365 0.441728 0.480572 0.365899 0.329718 0.308083 0.300376 0.277411 0.261182 0.327246 0.267498 0.387135
threshold=-0.010704476636805791 17.609304298399298 -0.13975089850557351 0.037695711979930241 12.499999998266235 inf 0.048218597682754084 0.32268664290448762 -0.0081258146998960928 0.098675070426067282 0.02946017239278113 73.138336581420717 86.352263577446465 0.74568449334108189 0.83104930563871315 0.032677986316878328 0.040174863921194688 0.94246965447869058 0.085967762479124979 0.56585695329037422 0.028205128205128219 0.04275317982542725 0.061806535162411642 0.042775872856756443 0.92707669363633938 0.033275881399993615 0.066940537286215143 -0.15264933228715913 0.097048649989857641 -0.014680604026845621
decision_type=10 8 10 8 10 8 8 10 10 10 10 10 10 8 8 10 10 8 10 10 10 8 10 10 8 10 8 10 8 10
left_child=-1 2 3 4 -2 6 7 -3 -9 12 -11 16 13 -10 -15 -16 -12 -18 19 21 -21 -17 -7 26 -13 -26 27 28 29 -4
right_child=1 5 23 -5 -6 22 -8 8 9 10 11 24 -14 14 15 18 17 -19 -20 20 -22 -23 -24 -25 25 -27 -28 -29 -30 -31
leaf_value=5.1456919694672785e-05 0.0017501278203385679 -1.3496967203416281e-05 -0.0010300638678835763 -0.0014568691928870977 0.0087147470878866998 0.0013806577574368855 -0.00022624705608826395 0.0047125576075632133 0.0029250549121586757 0.0057745867102602594 0.0060570500760215775 -0.00066331141897899948 -0.005043498005495587 -0.003946008681136013 -0.0039967604122961627 -0.0042543111373406816 -0.0014701637234821015 0.0045690685548188704 -0.0024995076496117309 0.0061412862601333898 0.0014486231712077784 0.0015169610253028703 -0.00093505936924768128 -0.0043085646595702404 0.0039988360202371856 0.00060465776630858818 0.00083087202264774118 -0.00016104297984691668 -0.0019080713901961377 0.0010489145551297171
leaf_weight=95303 69 145626 1388 175 65 726 20111 70 113 94 83 499 67 142 79 53 66 62 76 68 276 57 195 54 69 472 337 2085 626 267
leaf_count=95303 69 145626 1388 175 65 726 20111 70 113 94 83 499 67 142 79 53 66 62 76 68 276 57 195 54 69 472 337 2085 626 267
internal_value=-5.92056e-06 -3.73346e-05 -0.000434325 0.00139892 0.00512849 -2.54346e-05 -3.04526e-05 -3.84204e-06 0.00059548 0.000468856 0.00108708 0.000734862 -0.000424283 -6.60798e-05 -0.000516144 0.000283595 0.00326534 0.00145509 0.00092161 0.00149431 0.00237624 -0.00126374 0.000890359 -0.000553406 0.000221467 0.00103756 -0.00051029 -0.00061381 -0.00102767 -0.000694664
internal_weight=269373 174070 5066 309 134 169004 168083 147972 2346 2276 1345 1251 931 864 751 609 211 128 530 454 344 110 921 4757 1040 541 4703 4366 2281 1655
internal_count=269373 174070 5066 309 134 169004 168083 147972 2346 2276 1345 1251 931 864 751 609 211 128 530 454 344 110 921 4757 1040 541 4703 4366 2281 1655
is_linear=0
shrinkage=0.05


Tree=154
num_leaves=31
num_cat=0
split_feature=0 5 1 7 5 1 7 5 0 8 1 7 5 2 7 0 7 8 2 7 2 1 0 2 5 5 8 1 8 1
split_gain=0.175278 0.296865 0.399243 1.18809 0.586084 0.280373 0.316145 0.319122 0.514979 0.444205 0.652535 0.472086 0.85975 0.6983 0.76118 1.40201 0.443059 0.618176 0.482543 0.418548 0.403097 0.627694 0.709057 0.442373 0.442457 0.406245 0.506394 1.08466 0.435796 0.555133
threshold=-0.010704476636805791 17.609304298399298 -0.13975089850557351 0.037695711979930241 12.499999998266235 inf 0.048218597682754084 73.576251344163992 0.15039605358095179 0.36842105117728546 0.14460248547869184 0.044028506789199028 35.262275908707522 0.14049137795938263 0.044401498149700465 0.020981237474649198 0.031804127038711529 0.32211996020547135 -0.1212304634663947 0.045942379692413306 0.063182897862232759 -0.046588800821655389 -0.0063821001223254284 0.10668881640329421 52.852029999055809 35.482077584025596 0.18445624228218932 -0.012491137028202258 0.20528607269751348 -0.026582193079394464
decision_type=10 8 10 8 10 8 8 10 10 10 10 10 10 10 10 10 10 8 10 10 10 10 10 10 10 10 8 10 10 10
left_child=-1 2 3 4 -2 6 7 8 9 10 11 20 -13 14 15 -14 17 -12 -18 -15 25 23 -23 -22 -25 26 -3 -28 29 -27
right_child=1 5 -4 -5 -6 -7 -8 -9 -10 -11 16 12 13 19 -16 -17 18 -19 -20 -21 21 22 -24 24 -26 28 27 -29 -30 -31
leaf_value=4.8884074436971698e-05 0.0016626214082993947 0.00029501595462155344 -0.00052573612105727451 -0.0013840257235403573 0.0082790099650334858 0.00084584137988037884 -0.00021493470102102927 0.00024825483367343172 0.0045308052217508032 -0.00012815152053504588 0.0013367406882183709 -0.00073593402423590207 0.0094550498213232838 -0.0045723683739613214 0.0014176523247461065 -0.0011028850736443465 0.0053953733723444332 0.0086378707569092512 0.00047609782464251479 0.00055810016296480014 0.0038780937298560285 -0.0019813513869662413 0.00050361193329008372 -0.0034264212703633613 0.0023798125238618413 0.00012842212033031665 -0.00068889411943422922 0.00047841181310004941 7.7665085601032863e-05 -0.00039707539543449173
leaf_weight=95303 69 17790 4757 175 65 921 20111 11588 62 60510 69 655 82 70 1187 51 56 50 454 92 221 312 3592 51 92 7090 4582 3518 18537 17261
leaf_count=95303 69 17790 4757 175 65 921 20111 11588 62 60510 69 655 82 70 1187 51 56 50 454 92 221 312 3592 51 92 7090 4582 3518 18537 17261
internal_value=-5.62453e-06 -3.54679e-05 -0.000412609 0.00132897 0.00487206 -2.41629e-05 -2.893e-05 -3.64994e-06 -2.50533e-05 -2.71253e-05 5.35096e-05 4.00922e-05 0.000772608 0.00143934 0.00181956 0.00540652 0.00165726 0.00440444 0.00101625 -0.00165877 1.86621e-05 0.00049017 0.000305019 0.00247597 0.000309058 -1.05972e-05 0.000145804 -0.000181909 -0.000105011 -0.000244072
internal_weight=269373 174070 5066 309 134 169004 168083 147972 136384 136322 75812 75183 2137 1482 1320 133 629 119 510 162 73046 4268 3904 364 143 68778 25890 8100 42888 24351
internal_count=269373 174070 5066 309 134 169004 168083 147972 136384 136322 75812 75183 2137 1482 1320 133 629 119 510 162 73046 4268 3904 364 143 68778 25890 8100 42888 24351
is_linear=0
shrinkage=0.05


Tree=155
num_leaves=31
num_cat=0
split_feature=0 2 7 7 0 7 7 7 2 1 1 5 7 0 7 6 0 0 6 6 5 7 0 3 0 6 2 2 1 3
split_gain=0.205285 0.506832 0.334223 0.616467 0.323015 0.856586 0.688563 0.343649 0.264464 0.279983 0.258125 0.345171 0.308677 0.538972 0.464462 0.559468 0.345249 0.357942 0.34236 0.30336 0.348454 0.280547 0.248304 0.247165 0.289548 0.245877 0.732847 0.256854 0.474873 0.505935
threshold=0.047217566885717994 -0.26822949801484008 0.021465416459827472 0.020317250938672465 0.045613811873003514 0.027329101590553163 0.025940186588538031 0.030087733250814895 0.072432156697544894 0.019906505293905589 0.26006599770700684 53.830634489015473 0.070843092138759015 -0.024053070285846797 0.075517149084893084 1.4310490402666254 0.0091743119266055623 0.031932773109243702 1.9830753495502627 2.2673683850001769 78.431372505959288 0.048218597682754084 0.00096805421103585154 1.0000000180025095e-35 0.050560434785319915 0.56692611901344858 0.19973999517365862 0.34107168447774633 -0.031382048643769304 1.0000000180025095e-35
decision_type=8 8 8 10 10 8 10 8 10 10 10 10 8 10 10 10 10 10 10 10 10 10 10 2 10 8 8 10 10 2
left_child=4 -2 3 23 10 6 8 -7 9 -6 -1 -12 13 18 -14 -16 21 19 -13 20 -18 -15 -23 24 -3 26 -4 -27 -29 -30
right_child=1 2 25 -5 5 7 -8 -9 -10 -11 11 12 14 16 15 -17 17 -19 -20 -21 -22 22 -24 -25 -26 27 -28 28 29 -31
leaf_value=9.7616960170741962e-06 0.0022791335345284519 0.0012909999772251308 0.0049696369547561946 0.0033414309638338021 0.003176704243065211 -0.0024379758661868234 0.0077402632827793172 0.00043792129729865788 0.0042417541965267275 -0.0009039731773618139 0.003712445951157039 0.00056904837273169257 -0.0042744550352021085 0.0057985485594888985 0.0047052207756787543 -0.0024034069257698235 -0.0012674089534706328 0.002841706442506572 -0.0044878319901629138 -0.0031506928722332566 0.0037736744708238633 0.0030910771646320005 -0.00093253972367025341 0.0024660220147449188 -0.0022297297275848003 -0.00030802783231479125 -0.0026739459193777294 -0.0042856313125230376 0.0019118340371155004 -1.3990769073153831e-05
leaf_weight=248776 211 91 79 189 72 124 63 640 82 101 93 69 77 66 50 62 86 113 65 77 57 146 52 66 163 15362 52 55 442 1493
leaf_count=248776 211 91 79 189 72 124 63 640 82 101 93 69 77 66 50 62 86 113 65 77 57 146 52 66 163 15362 52 55 442 1493
internal_value=4.97504e-06 -0.000157156 -0.000185728 0.00107726 1.67392e-05 0.000878782 0.00305938 -2.88474e-05 0.00190292 0.000794343 1.30051e-05 0.000809527 0.00051608 0.000981773 -0.0012851 0.000770088 0.00162499 0.00055439 -0.00188392 -0.000620459 0.000741974 0.00297541 0.00203437 -0.000260023 -0.000968366 -0.000222498 0.00193554 -0.00023879 0.000295695 0.000425913
internal_weight=269074 18203 17992 509 250871 1082 318 764 255 173 249789 1013 920 731 189 112 597 333 134 220 143 264 198 320 254 17483 131 17352 1990 1935
internal_count=269074 18203 17992 509 250871 1082 318 764 255 173 249789 1013 920 731 189 112 597 333 134 220 143 264 198 320 254 17483 131 17352 1990 1935
is_linear=0
shrinkage=0.05


Tree=156
num_leaves=31
num_cat=0
split_feature=0 4 5 6 0 7 8 4 7 7 7 7 0 7 7 7 1 4 5 1 8 5 0 6 7 8 8 7 5 7
split_gain=0.18527 0.491075 0.429327 0.360656 0.411845 0.460971 0.430113 0.318978 0.458802 0.477678 0.29833 0.556983 0.291521 0.773069 0.621428 0.310143 0.287316 0.268006 0.817439 0.718708 0.661888 0.564583 0.616936 1.07916 0.760608 0.547928 0.571577 0.912534 0.800487 0.543652
threshold=0.047217566885717994 -0.29470393053016014 35.482077584025596 1.6505494143082171 0.071774098249793319 0.02616633882716456 0.077531951869255086 -0.55324767180935286 0.038542825624953349 0.050417968496791338 0.021465416459827472 0.020317250938672465 0.045613811873003514 0.027329101590553163 0.025940186588538031 0.030087733250814895 0.079401972898997544 -0.11083968852092306 43.103448271854823 0.14460248547869184 0.22113589819460297 49.702161390374222 -0.01419307015493154 1.012095369895573 0.056835442829510065 0.21165644106853862 0.50659383237964506 0.038998441370282362 81.358519548871314 0.02946017239278113
decision_type=8 8 8 10 10 8 8 10 8 10 8 10 10 8 10 8 10 8 8 10 10 10 10 8 10 8 8 10 10 10
left_child=12 3 16 4 5 -2 -7 -6 -9 -10 11 -4 17 14 -14 -15 -3 19 -19 20 -1 22 29 -24 -25 -20 27 -27 -29 -22
right_child=1 2 10 -5 7 6 -8 8 9 -11 -12 -13 13 15 -16 -17 -18 18 25 -21 21 -23 23 24 -26 26 -28 28 -30 -31
leaf_value=4.7208233959072472e-05 0.0037082813177663626 -0.0012533481861411522 -0.00027125345083265062 -0.00062768018621478831 0.0062716875057150095 -0.0037849594543107831 0.00055008111682334907 0.0055865472291285797 -0.0023076407105882507 0.0036062697421819453 -0.00023747407249208953 0.0033064455515434315 0.0018077764709539456 -0.002316077077627978 0.007353249976840167 0.0004160252557517197 -0.0049331791110203737 0.00068092510331144249 -0.00035083813957839248 0.0050285869858427241 0.00030799032413112484 0.0002743220153862659 -0.00024839067351171073 -0.0011762951786150747 0.0033441246379975623 0.00012870903453909475 -9.1205811063470635e-06 0.00076577579604659995 0.0053280360094504434 -0.00028091027367338484
leaf_weight=82874 109 219 296 425 54 61 923 60 76 62 15676 172 255 124 63 640 70 5188 8345 70 7596 5913 23121 4547 95 27490 71272 5084 98 8096
leaf_count=82874 109 219 296 425 54 61 923 60 76 62 15676 172 255 124 63 640 70 5188 8345 70 7596 5913 23121 4547 95 27490 71272 5084 98 8096
internal_value=4.72629e-06 -0.000149298 -0.00023453 0.000642007 0.00104321 0.000623097 0.000281344 0.00286537 0.00193637 0.000349334 -0.000200336 0.00104363 1.59022e-05 0.000834843 0.00290641 -2.7405e-05 -0.00214466 1.23548e-05 6.73188e-05 -3.64465e-05 -3.91276e-05 -0.00018406 -0.000246432 -0.000388069 -0.00108378 3.89689e-05 7.0264e-05 0.000243437 0.000852056 4.15785e-06
internal_weight=269074 18203 16433 1770 1345 1093 984 252 198 138 16144 468 250871 1082 318 764 289 249789 117477 132312 132242 49368 43455 27763 4642 112289 103944 32672 5182 15692
internal_count=269074 18203 16433 1770 1345 1093 984 252 198 138 16144 468 250871 1082 318 764 289 249789 117477 132312 132242 49368 43455 27763 4642 112289 103944 32672 5182 15692
is_linear=0
shrinkage=0.05


Tree=157
num_leaves=31
num_cat=0
split_feature=0 2 4 2 8 5 0 5 8 4 0 8 4 4 5 1 8 2 5 8 1 0 0 2 1 5 0 8 5 1
split_gain=0.167206 0.457569 0.268353 0.383697 0.42445 0.307908 0.263098 0.340302 0.464878 0.277822 0.246703 0.242761 0.490602 0.241875 0.737738 0.648634 0.597354 0.733808 0.619906 0.990969 0.81338 0.731905 0.687409 0.828952 0.584651 0.825189 0.545827 0.569322 0.526368 0.513323
threshold=0.047217566885717994 -0.26822949801484008 -0.29470393053016014 -0.13360337118167867 0.33333333014833016 46.778681694580179 0.045613811873003514 71.769045585759457 0.77142856830612294 1.0379820791358578 0.071774098249793319 0.34486160919123793 0.59353057351098115 -0.11083968852092306 43.103448271854823 0.14460248547869184 0.22113589819460297 0.03700576850888327 34.635167702579885 0.11740844322310992 -0.086978427963726276 0.0033660487064265392 0.016394919509673537 -0.045801526717557266 -0.07237934035368225 53.248969405813519 -0.015016283694431252 0.11468531458506546 40.937392309191949 -0.011958454686946283
decision_type=8 8 8 8 8 10 10 10 8 8 10 10 10 8 8 10 10 10 10 8 10 10 10 8 10 10 10 10 10 10
left_child=6 -2 10 4 5 -4 13 11 -9 -10 -3 12 -8 15 -15 16 17 18 29 21 22 -20 -21 28 25 26 27 -19 -24 -1
right_child=1 2 3 -5 -6 -7 7 8 9 -11 -12 -13 -14 14 -16 -17 -18 24 19 20 -22 -23 23 -25 -26 -27 -28 -29 -30 -31
leaf_value=5.4310792820374557e-05 0.0021730284705472297 0.00012066929953799405 0.00045135571292587487 -0.00019036576500811579 -0.0039352592936443441 -0.0033262718488569244 0.00060936736097705162 0.0069213451884570544 -0.0014027995806695386 0.0036460012052514316 0.0016218691133461629 -0.00036243191691028189 0.0054676438352908013 0.00064687884887476164 3.7020436483458069e-05 0.0047771575641984655 -0.00017485657771778223 0.0056983865011716265 -0.00060648288549940274 0.00084960052038796053 1.8288179817390509e-05 0.00016033255576640318 0.0036564530494883115 -0.0011618076730519533 0.00048957588291474155 0.0085492786762462747 -9.0954053834698604e-05 0.00016513350312055843 0.010414425335824491 0.00044999181351385389
leaf_weight=37178 211 1255 199 15971 143 74 388 50 55 54 350 475 60 5188 112289 70 49368 128 12421 1405 15651 4152 68 50 948 53 182 73 50 10515
leaf_count=37178 211 1255 199 15971 143 74 388 50 55 54 350 475 60 5188 112289 70 49368 128 12421 1405 15651 4152 68 50 948 53 182 73 50 10515
internal_value=4.48998e-06 -0.000141833 -0.000168981 -0.000229413 -0.00172853 -0.000572617 1.51071e-05 0.000793101 0.00292954 0.00109844 0.000448034 0.000425068 0.00126003 1.17371e-05 6.39529e-05 -3.46242e-05 -3.71713e-05 4.48478e-05 2.54583e-05 -0.000138362 0.000127217 -0.000414374 0.00121104 0.00423375 0.00118651 0.00270185 0.00189268 0.0036888 0.00652 0.000141548
internal_weight=269074 18203 17992 16387 416 273 250871 1082 159 109 1605 923 448 249789 117477 132312 132242 82874 81490 33797 17224 16573 1573 168 1384 436 383 201 118 47693
internal_count=269074 18203 17992 16387 416 273 250871 1082 159 109 1605 923 448 249789 117477 132312 132242 82874 81490 33797 17224 16573 1573 168 1384 436 383 201 118 47693
is_linear=0
shrinkage=0.05


Tree=158
num_leaves=31
num_cat=0
split_feature=0 7 7 1 8 5 6 5 6 7 8 8 8 5 6 8 5 3 0 0 7 7 6 7 3 5 1 7 0 7
split_gain=0.150904 0.26061 0.50316 0.247621 0.475052 0.509686 0.684819 0.535922 0.960326 0.71134 0.597651 0.940335 0.343251 0.611603 0.233945 0.881207 0.232426 0.22367 0.260266 0.221893 0.711772 0.555728 0.319413 0.439419 0.320308 0.299687 0.24391 0.406044 0.205828 0.200232
threshold=0.047217566885717994 0.021465416459827472 0.020317250938672465 0.26006599770700684 0.64740024651607431 67.314036753084238 1.9032115473160072 73.138336581420717 1.4446005762362875 0.068895718469190556 0.85517241207292927 0.91946033832292196 0.89237539003806587 84.36679887914751 0.56692611901344858 0.94246965447869058 71.003441841506728 1.0000000180025095e-35 0.050560434785319915 0.045613811873003514 0.027329101590553163 0.025940186588538031 0.92114602670131396 0.038998441370282362 1.0000000180025095e-35 50.904664042458258 -0.023616824905202557 0.035582665312475961 1.0000000180025095e-35 0.059819200537251725
decision_type=8 8 10 10 8 8 10 10 8 8 8 10 8 10 8 8 10 2 8 10 8 10 8 8 2 10 10 10 10 10
left_child=3 2 17 19 -5 -6 7 8 -7 10 -9 -12 13 29 15 -3 -4 18 -2 -1 21 -21 23 -22 26 -25 -24 -28 -10 -8
right_child=1 14 16 4 5 6 12 9 28 -11 11 -13 -14 -15 -16 -17 -18 -19 -20 20 22 -23 24 25 -26 -27 27 -29 -30 -31
leaf_value=8.0799925368001918e-06 0.001240795350807545 0.0059236962440670192 0.0019746221282344358 0.0039268501322819961 -0.0023328222499989812 0.010201689284760507 -0.0030511778287505838 -0.0024712023814208806 -0.00023226659875689892 -0.0031026561872993892 0.0070365768120003239 -0.00038085210699491303 -0.0034560823617803475 0.0043616692208865238 -0.00018283054952760995 -0.0021258138450588483 0.0059497488844208425 0.0023658018802631309 -0.0020971641705465715 0.0016739302773745364 0.0047142942350721371 0.0069180733867965282 -0.0024133715772570868 -0.0026400750518211576 -0.0026009515543437547 0.0025261883462707586 -0.00081160859710095235 0.0027672156163338407 0.0039985015731433347 0.0007050050292321939
leaf_weight=248776 91 68 139 108 142 50 89 50 57 82 96 77 93 62 17558 68 50 66 163 255 73 63 81 61 159 52 194 134 58 59
leaf_count=248776 91 68 139 108 142 50 89 50 57 82 96 77 93 62 17558 68 50 66 163 255 73 63 81 61 159 52 194 134 58 59
internal_value=4.26547e-06 -0.000134742 0.000980702 1.43517e-05 0.000790668 0.000420496 0.00092628 0.0021212 0.00441672 0.00087937 0.00234361 0.00373518 -0.000927233 0.000192686 -0.00016683 0.00189894 0.00302624 -0.000227445 -0.000901281 1.11731e-05 0.000728985 0.00271286 -0.000107717 0.00169065 -0.000696619 -0.00026268 4.36962e-05 0.000650472 0.00190151 -0.00155378
internal_weight=269074 18203 509 250871 1023 915 773 470 165 305 223 173 303 210 17694 136 189 320 254 249848 1072 318 754 186 568 113 409 328 115 148
internal_count=269074 18203 509 250871 1023 915 773 470 165 305 223 173 303 210 17694 136 189 320 254 249848 1072 318 754 186 568 113 409 328 115 148
is_linear=0
shrinkage=0.05


Tree=159
num_leaves=31
num_cat=0
split_feature=4 5 8 7 7 0 7 8 8 4 1 1 7 7 1 4 7 7 8 8 5 7 7 8 5 1 7 0 4 0
split_gain=0.153541 0.215046 0.339174 0.239295 0.422884 0.276937 0.200201 0.199439 0.467728 0.198003 0.467971 0.328812 0.363253 0.675051 0.401702 0.288719 0.515002 0.275869 0.244421 0.425667 0.51907 0.283978 0.3549 0.340205 0.288967 0.474379 0.219131 0.182159 0.434666 0.429605
threshold=1.5441925810724568 72.636242482043727 0.42526503026784274 0.031804127038711529 0.037695711979930241 0.061806535162411642 0.045942379692413306 0.77695416947184071 0.87986479227732606 1.3422113471485175 0.070181745785140151 0.077482595617676245 0.058752616110890658 0.06361128722715019 0.32037338840207635 1.2768143495111557 0.055227318600763041 0.044783073190515534 0.6111725717874037 0.62431416532479123 73.138336581420717 0.02791324903461662 0.024528559941914687 0.86699122854662136 76.247475864889722 0.22843713725094186 0.021109044138841175 0.048838080306593652 -0.071356982140794847 0.071774098249793319
decision_type=10 10 10 8 10 10 10 10 10 10 10 10 10 10 10 10 8 10 8 10 10 10 10 10 10 10 10 8 8 10
left_child=9 3 -3 5 -5 -2 -6 -4 -9 15 -11 -12 14 -14 18 27 17 -17 -13 20 -20 22 26 -24 -23 -26 -21 -1 29 -29
right_child=1 2 7 4 6 -7 -8 8 -10 10 11 12 13 -15 -16 16 -18 -19 19 21 -22 24 23 -25 25 -27 -28 28 -30 -31
leaf_value=1.5804348473178983e-05 -0.0024182942990017566 0.0032753653690794152 -0.0022361375042941468 -0.0065328355829007232 0.0012120051011443138 0.0016704634144604155 -0.0027112287061128726 0.0029951208498548193 -0.00081899361188721956 -0.0018224381533026492 0.0042907985141648662 -0.00059650355193124037 0.0071390318672441069 0.00038250905127650264 -0.0025967354143393183 -0.00082947051536841863 -0.0044630978905250513 0.0016080748507132136 0.0069373349846911531 0.0025202811177127606 0.00032700573404630031 0.00086754032679891679 0.0068922700703313413 0.0016695725036293477 -0.002746468991612796 0.0013521808983522276 -0.0010118335641051931 2.7003882730737026e-05 -0.00030255938419159904 0.0014471978881022698
leaf_weight=250609 76 68 124 54 50 91 93 103 366 197 63 334 59 99 105 828 89 135 62 76 57 480 55 72 178 117 104 2061 11551 718
leaf_count=250609 76 68 124 54 50 91 93 103 366 197 63 334 59 99 105 828 89 135 62 76 57 480 55 72 178 117 104 2061 11551 718
internal_value=4.0522e-06 -0.000606737 -6.93047e-05 -0.00158268 -0.00276303 -0.000190289 -0.00133947 -0.000452842 1.86477e-05 6.38782e-06 0.000494939 0.000740249 0.000615842 0.00290551 0.000395252 2.60785e-06 -0.000824075 -0.000487759 0.000599915 0.000932641 0.00377104 0.000620469 0.00190747 0.00393137 0.000110649 -0.0011209 0.000479504 5.89038e-06 -0.000167489 0.000393934
internal_weight=269074 1025 661 364 197 167 143 593 469 268049 2058 1861 1798 158 1640 265991 1052 963 1535 1201 119 1082 307 127 775 295 180 264939 14330 2779
internal_count=269074 1025 661 364 197 167 143 593 469 268049 2058 1861 1798 158 1640 265991 1052 963 1535 1201 119 1082 307 127 775 295 180 264939 14330 2779
is_linear=0
shrinkage=0.05


Tree=160
num_leaves=31
num_cat=0
split_feature=0 4 8 4 0 8 4 8 0 1 6 2 6 2 2 6 2 2 6 6 2 9 2 6 8 6 1 0 8 6
split_gain=0.330836 0.75059 0.556089 0.530112 0.539552 0.530549 0.523835 0.514697 0.497429 0.420901 0.491344 0.381396 0.351557 0.541984 0.32151 0.456222 0.430932 0.319149 0.314928 0.275798 0.263056 0.262634 0.655204 0.934114 0.778315 0.512326 0.525062 0.374988 0.687932 0.611905
threshold=0.059174224623200218 -0.071356982140794847 0.89904761733514771 1.4264144945704402 0.052427708969265858 0.84906492955078761 1.2768143495111557 0.85517241207292927 0.10082579029278151 0.19168037263172447 2.4440655663061612 0.044832636602666683 0.77830666538725168 0.19427002954183406 0.65459219715740546 1.4582995398390131 0.21138725944221473 0.29362218294380887 1.8034516744201159 2.6997656663647489 0.36249146008198335 1.0000000180025095e-35 0.225079449382973 2.6997656663647489 0.85517241207292927 2.0291419757811746 0.045230039706666177 0.02903361850930786 0.80916595075554609 1.2881132953148915
decision_type=8 8 10 10 10 8 10 8 10 10 10 8 8 8 10 10 10 10 10 10 10 2 8 10 8 10 10 10 10 10
left_child=3 8 12 6 5 -5 21 -6 11 -4 14 18 13 -3 16 -16 -11 -18 -2 -12 -19 -1 24 25 -23 26 -24 29 -29 -28
right_child=1 2 9 4 7 -7 -8 -9 -10 10 19 -13 -14 -15 15 -17 17 20 -20 -21 -22 22 23 -25 -26 -27 27 28 -30 -31
leaf_value=4.6049433711219376e-06 0.0011204868303069252 0.0045838765302718973 0.00070891249107409829 -0.000947428690207224 0.0067650927226507972 0.0027759657889879228 -0.0010168494854332847 0.00052825014900670137 0.0036220911301072796 0.0012488141423091293 0.0039350500422658339 -0.0026623534610391492 -0.0006730854581467197 -0.0010840331142059189 0.0034274192733231333 -0.0025029166080545815 -0.0058902742762773023 0.00053355500619830707 -0.00072759651862578658 0.00018950083184740015 -0.003068841155338585 0.00055883339376746331 -0.0035628723567351704 0.0073866346431132714 -0.00086952023075890822 -0.0016489181879986465 0.0049057656519449593 0.0037726934195686265 8.8215112332309871e-05 0.00055420102551579481
leaf_weight=250156 1018 81 1635 224 83 167 1243 55 139 73 58 90 7619 88 68 62 74 67 298 322 208 2692 50 61 1477 154 191 169 506 140
leaf_count=250156 1018 81 1635 224 83 167 1243 55 139 73 58 90 7619 88 68 62 74 67 298 322 208 2692 50 61 1477 154 191 169 506 140
internal_value=-1.5612e-06 -0.000259305 -0.000412691 1.03562e-05 0.00159153 0.00064287 7.0995e-06 0.00427939 0.000768732 0.000225524 -0.00062248 0.000486643 -0.000623053 0.00163254 -0.00157501 0.000599105 -0.00224476 -0.0029755 0.000702 0.00076119 -0.00219117 1.20791e-05 0.000355775 0.00134958 5.2794e-05 0.00104524 0.00143813 0.00168669 0.0010107 0.00306522
internal_weight=269268 11900 10355 257368 529 391 256839 138 1545 2567 932 1406 7788 169 552 130 422 349 1316 380 275 255596 5440 1271 4169 1210 1056 1006 675 331
internal_count=269268 11900 10355 257368 529 391 256839 138 1545 2567 932 1406 7788 169 552 130 422 349 1316 380 275 255596 5440 1271 4169 1210 1056 1006 675 331
is_linear=0
shrinkage=0.05


Tree=161
num_leaves=31
num_cat=0
split_feature=2 2 1 0 4 0 5 6 1 0 6 6 1 5 4 2 0 5 4 2 0 5 6 5 1 5 1 4 0 0
split_gain=0.308027 0.974799 0.467604 0.460193 0.599664 0.456552 0.490027 0.456455 0.454553 0.435405 0.448003 0.429709 0.655257 0.527084 0.482161 0.872178 0.410482 0.48936 0.459058 0.555098 0.436969 0.436907 0.402168 0.390046 0.38683 0.379263 0.538673 0.472301 0.454763 0.440229
threshold=0.0051465002353683351 0.020990036973622232 0.09310529808872571 0.061806535162411642 1.4264144945704402 0.031156928875494375 74.079952285585975 0.5255917617196445 -0.037089470787727889 0.024010049408489612 0.59674488698003991 0.72838624420074394 0.085967762479124979 77.611940197148598 0.83884699754025072 0.12225736123491628 0.076313887081616474 29.332769766351905 -0.12923078058444573 -0.18265794825493178 -0.041268872720168208 40.155440404798334 2.349245140747239 50.505246866188351 0.098675070426067282 38.578680197660347 -0.088746941272430643 -0.62109108332738583 0.033538536309326579 -0.020568957016377728
decision_type=8 8 10 8 10 10 10 8 10 10 8 8 10 10 10 10 10 10 10 10 10 10 10 10 10 10 8 10 10 10
left_child=2 7 -1 4 8 -6 -7 -2 25 11 -11 12 14 23 -10 -16 17 -4 19 -19 -20 -22 -18 -14 -21 26 27 -3 29 -27
right_child=1 3 16 -5 5 6 -8 -9 9 10 -12 -13 13 -15 15 -17 22 18 20 24 21 -23 -24 -25 -26 28 -28 -29 -30 -31
leaf_value=3.066931207747002e-05 0.00041805943357398198 -0.00053725979868804224 -0.0025992546752821484 -0.0003785834860023757 -0.0016383376984930274 0.00089633797295816443 0.0041610352196079876 -0.00058953763155263116 -0.00027001456619611127 0.0017207686625585487 0.00014228201614160252 -2.4442325764047056e-05 -0.0046094229452821435 0.0014654900526335096 -0.00029963075256290886 0.0060950746820751765 -0.0022949849343443965 0.0043708103891056515 -0.0031389293018970394 0.0040288888610517373 -0.0018354142215596795 0.0008049403971174757 0.0011761960259173065 -0.0015304351037876522 -2.4007941397121251e-06 7.3886599132105436e-05 0.00020480346696035595 -0.0029274952691998712 -0.0010210320140062767 0.00066604530290450582
leaf_weight=146855 1253 1321 109 7973 89 274 198 10917 15856 463 15428 45639 117 132 146 84 233 186 77 78 165 3106 130 851 251 5268 3493 245 566 7765
leaf_count=146855 1253 1321 109 7973 89 274 198 10917 15856 463 15428 45639 117 132 146 84 233 186 77 78 165 3106 130 851 251 5268 3493 245 566 7765
internal_value=-1.48314e-06 -6.19962e-05 4.5777e-05 -1.32967e-05 1.64417e-05 0.00164647 0.00226585 -0.000485797 7.0506e-06 -4.55441e-05 0.000188273 -0.000104686 -0.00031778 -0.00149842 -0.000237045 0.00203583 0.000557573 0.000704659 0.000797884 0.00218761 0.000584111 0.000671752 -0.00105186 -0.00190259 0.000953346 0.000228942 -0.000140656 -0.000911211 0.000366437 0.000426692
internal_weight=269268 118078 151190 105908 97935 561 472 12170 97374 78716 15891 62825 17186 1100 16086 230 4335 3972 3863 515 3348 3271 363 968 329 18658 5059 1566 13599 13033
internal_count=269268 118078 151190 105908 97935 561 472 12170 97374 78716 15891 62825 17186 1100 16086 230 4335 3972 3863 515 3348 3271 363 968 329 18658 5059 1566 13599 13033
is_linear=0
shrinkage=0.05


Tree=162
num_leaves=31
num_cat=0
split_feature=2 2 7 7 0 1 1 7 2 4 5 7 1 5 5 1 4 1 6 5 2 0 2 5 6 7 4 7 5 6
split_gain=0.277994 0.879756 0.483511 0.587542 0.484142 0.452542 0.422012 0.526198 0.414936 0.414381 0.500442 0.936689 0.82191 0.490672 0.477412 0.434604 0.700069 0.429534 0.41195 0.402316 0.442761 0.395416 0.377814 0.735447 0.685402 0.63414 0.962734 1.0252 0.638534 0.519246
threshold=0.0051465002353683351 0.020990036973622232 0.033884834145942809 0.031958304682792045 0.10082579029278151 -0.10212174007070439 0.09310529808872571 0.025064061763289004 0.42303513137429588 0.29087327050483608 60.141572598933898 0.034367111798127327 0.14460248547869184 75.64042598981753 64.554992302937606 -0.09063966622234286 0.24668851310818021 -0.083475550740549784 0.5255917617196445 46.00370341198559 0.14355260762423686 0.031932773109243702 0.17041651231208924 82.721296622103907 0.91718349947115263 0.04728594744409189 0.59353057351098115 0.051045454732637836 75.099602289294651 1.5897696991501069
decision_type=8 8 8 10 10 10 10 10 10 10 10 8 10 10 10 10 8 10 8 10 10 8 10 10 10 10 10 10 10 10
left_child=6 18 3 4 5 -3 -1 -8 -7 10 21 -12 13 14 15 16 -13 -17 -2 20 -11 -4 23 25 -25 28 -27 29 -21 -28
right_child=1 2 9 -5 -6 8 7 -9 -10 19 11 12 -14 -15 -16 17 -18 -19 -20 22 -22 -23 -24 24 -26 26 27 -29 -30 -31
leaf_value=2.9135845130782805e-05 0.00039715645927306377 0.0033231861368265185 4.2087478850957942e-05 0.00058619519445829514 -0.0040588466169234989 4.201384055975077e-05 0.0025870542118129128 0.00038219553444818243 -0.0043845607455433259 -0.00020510186909079972 0.006239738144069808 0.0017279825981934638 -0.0034941680156777241 0.0054029924588070979 -0.000295600154037644 -0.0036339470405235062 0.0082583810463547711 0.00091263113906885724 -0.00056006074993781023 -0.00062482595484156364 0.0045115759476057945 -0.00054870942360156787 -0.00010782610885446098 0.0066103983477291163 0.00026450427270049715 -0.00080889580284388806 0.0040538461787582494 8.0966013013195973e-05 -0.0023775469586168325 0.00069101445309235074
leaf_weight=146855 1253 105 18086 5455 72 46908 290 4045 53 107 73 229 123 54 971 54 50 1367 10917 8377 93 3358 16666 69 111 1456 320 1018 554 179
leaf_count=146855 1253 105 18086 5455 72 46908 290 4045 53 107 73 229 123 54 971 54 50 1367 10917 8377 93 3358 16666 69 111 1456 320 1018 554 179
internal_value=-1.40899e-06 -5.88964e-05 -1.26319e-05 9.49327e-05 3.80818e-05 4.43492e-05 4.34881e-05 0.000529695 3.7018e-05 -0.00011874 3.3205e-05 0.00064718 0.000503831 0.000684292 0.000588893 0.00109409 0.0028983 0.000739855 -0.000461507 -0.00024662 0.00198815 -5.04277e-05 -0.000262167 -0.00047503 0.0026971 -0.000522995 0.000109517 0.000990999 -0.000733549 0.00284754
internal_weight=269268 118078 105908 52593 47138 47066 151190 4335 46961 53315 24365 2921 2848 2725 2671 1700 279 1421 12170 28950 200 21444 28750 12084 180 11904 2973 1517 8931 499
internal_count=269268 118078 105908 52593 47138 47066 151190 4335 46961 53315 24365 2921 2848 2725 2671 1700 279 1421 12170 28950 200 21444 28750 12084 180 11904 2973 1517 8931 499
is_linear=0
shrinkage=0.05


Tree=163
num_leaves=31
num_cat=0
split_feature=2 2 7 0 7 8 8 8 5 8 2 5 4 0 8 0 8 7 5 7 8 5 4 7 0 0 4 8 7 5
split_gain=0.25089 0.79398 0.436368 0.552828 0.58313 1.06322 0.975918 0.763878 0.539471 0.530917 0.468808 0.446578 0.41699 0.389477 0.364558 0.351474 0.486395 0.36414 0.753186 1.79394 0.494671 0.350798 0.920694 0.818186 0.770812 0.434188 0.496561 0.348622 0.586182 0.689909
threshold=0.0051465002353683351 0.020990036973622232 0.033884834145942809 0.089574882243653522 0.031958304682792045 0.6804973471060507 0.78243504923787188 0.38440111380459507 40.735411799272448 0.12244188096538418 0.16607558155650629 28.780845954188944 -0.32365395198717517 0.011824711433406023 0.23472300494644965 0.017165523992020097 0.46399371873530987 0.018222827856064393 79.261974704181185 0.015825986897744664 0.77142856830612294 58.448584680144791 0.31795701776941004 0.032526501253455693 -0.0039118261821939329 0.021898991201666943 0.90901025542326297 0.2888622037061333 0.03630989795466992 40.937392309191949
decision_type=8 8 8 10 10 8 8 10 10 8 10 10 10 10 10 10 10 10 10 10 10 10 10 10 10 10 10 8 10 10
left_child=-1 13 3 4 6 7 11 10 -9 12 -6 -3 -4 14 -2 16 -13 18 20 -20 -18 -10 24 -24 -23 -25 -27 28 29 -11
right_child=1 2 9 -5 5 -7 -8 8 21 27 -12 15 -14 -15 -16 -17 17 -19 19 -21 -22 22 23 25 -26 26 -28 -29 -30 -31
leaf_value=4.131373110389377e-05 -0.00082434274508145068 -0.0021221421709116031 0.0060127841940681853 -0.0021098521367349976 0.0014068702460633699 0.0013181554258181677 -0.00030719673952103781 0.0026132612047133907 -0.0017400113356349927 0.0031708015624899418 -0.0032794970206164739 -0.00014211882213762694 0.00011055629063201578 -0.00090812068683202539 -8.4633232207263225e-05 0.00051368578627129498 0.00041293691303041563 0.00017646848437352918 0.0010879828953237907 0.01068723252567921 0.00395905810049347 0.00053859198439454303 0.0012600806569411582 -0.0031368428359897591 0.0071908349784666134 0.0024237911647526167 -0.0026895620002046461 -9.4722528083090961e-05 -0.00031311952045695325 -0.0030622522383532899
leaf_weight=151190 2215 207 63 284 837 2613 13820 117 718 50 57 10452 57 3239 6716 7297 2744 12057 214 63 102 128 264 363 66 93 97 51153 1596 396
leaf_count=151190 2215 207 63 284 837 2613 13820 117 718 50 57 10452 57 3239 6716 7297 2744 12057 214 63 102 128 264 363 66 93 97 51153 1596 396
internal_value=-1.33854e-06 -5.59516e-05 -1.20003e-05 9.01861e-05 0.000102131 0.000596568 4.57646e-05 -9.15731e-05 -0.000672551 -0.000112803 0.00110808 0.000192974 0.00320923 -0.000438432 -0.00026809 0.000207527 0.000120369 0.000301102 0.000782276 0.00327121 0.000540029 -0.000894899 -0.000294711 -0.00102997 0.00280173 -0.00212323 -0.00018671 -0.000120297 -0.000760945 -0.00236348
internal_weight=269268 118078 105908 52593 52309 5353 46956 2740 1846 53315 894 33136 120 12170 8931 32929 25632 15180 3123 277 2846 1729 1011 817 194 553 190 53195 2042 446
internal_count=269268 118078 105908 52593 52309 5353 46956 2740 1846 53315 894 33136 120 12170 8931 32929 25632 15180 3123 277 2846 1729 1011 817 194 553 190 53195 2042 446
is_linear=0
shrinkage=0.05


Tree=164
num_leaves=31
num_cat=0
split_feature=0 4 0 4 4 7 0 7 2 7 6 7 7 7 4 9 2 6 3 7 7 1 6 1 7 6 6 7 1 6
split_gain=0.239077 0.643223 0.451699 0.42723 0.47507 0.578394 0.474231 0.403783 0.333742 0.296065 0.285173 0.255396 0.277458 0.230868 0.2474 0.227928 0.59508 0.842994 0.496248 0.644424 0.600327 0.589522 0.461802 0.475044 0.370488 0.500255 0.495653 0.488613 0.321102 0.384821
threshold=0.059174224623200218 -0.071356982140794847 0.10082579029278151 1.4264144945704402 1.2768143495111557 0.048218597682754084 0.052427708969265858 0.027793719009288748 0.044832636602666683 0.03686004482621686 1.8034516744201159 0.04275317982542725 0.026519426707831601 0.026744002490023656 -0.11083968852092306 1.0000000180025095e-35 0.225079449382973 2.6997656663647489 1.0000000180025095e-35 0.02662810260383033 0.038542825624953349 0.068448214997069115 2.0291419757811746 0.045230039706666177 0.030983618061388492 0.84062132502054177 1.2049747868104068 0.027676272207392796 0.077482595617676245 1.9429678614808059
decision_type=8 8 10 10 10 8 10 10 8 10 10 10 10 10 10 2 10 10 2 10 10 10 10 10 10 10 10 10 10 10
left_child=3 2 8 4 15 11 9 -8 10 -5 13 12 -6 -2 -15 -1 18 22 19 21 -21 -17 23 -18 26 -26 -25 -28 29 -23
right_child=1 -3 -4 6 5 -7 7 -9 -10 -11 -12 -13 -14 14 -16 16 17 -19 -20 20 -22 28 -24 24 25 -27 27 -29 -30 -31
leaf_value=3.7148824609480273e-06 0.0043752392269670965 -0.00036236852436625811 0.0034503379417918354 -2.9434140030176846e-05 -3.4120507769149019e-05 -0.0040337154990993445 0.0018774844112942508 0.0074807178795512595 -0.0024832160219052136 0.0038694570352131373 -0.00069644252259648358 0.0027318028360605244 -0.0016683851658057091 0.00070058761508875154 0.0042459289416561102 0.00045668287260103714 -0.0033949713855981828 0.0070130240723689195 -0.00066047301242346001 -0.0012349566919642996 0.0014240102216964432 0.0023592812730930746 -0.0015690094812519173 0.0062031677752671828 0.0046737738668785568 0.00057909854638981762 -0.00064296752109895558 0.0048974720142614938 0.0018135373897638909 0.0080377127223003383
leaf_weight=250156 50 10355 139 334 582 137 87 51 90 57 298 55 469 916 52 1065 50 61 1568 757 295 70 154 91 84 666 98 67 362 52
leaf_count=250156 50 10355 139 334 582 137 87 51 90 57 298 55 469 916 52 1065 50 61 1568 757 295 70 154 91 84 666 98 67 362 52
internal_value=-1.27161e-06 -0.000220376 0.000731298 8.85917e-06 5.93555e-06 -0.000969188 0.00142833 0.00394824 0.000462489 0.000538946 0.000663943 -0.000589586 -0.000763398 0.00106217 0.00089104 1.06777e-05 0.00033086 0.00127797 4.21151e-05 0.000465667 -0.000489334 0.00111425 0.00098885 0.00136187 0.00159829 0.0010377 0.00324066 0.00160679 0.00256118 0.0047796
internal_weight=269268 11900 1545 257368 256839 1243 529 138 1406 391 1316 1106 1051 1018 968 255596 5440 1271 4169 2601 1052 1549 1210 1056 1006 750 256 165 484 122
internal_count=269268 11900 1545 257368 256839 1243 529 138 1406 391 1316 1106 1051 1018 968 255596 5440 1271 4169 2601 1052 1549 1210 1056 1006 750 256 165 484 122
is_linear=0
shrinkage=0.05


Tree=165
num_leaves=31
num_cat=0
split_feature=2 8 5 0 1 3 6 2 5 5 8 9 0 0 6 5 8 2 0 8 5 1 5 0 0 5 6 2 6 8
split_gain=0.366977 0.963659 0.558918 0.864801 0.537959 0.500072 0.492353 0.501928 0.496105 0.405764 0.429707 0.436732 0.43542 0.498781 0.389491 0.374499 0.379095 0.584768 0.490466 0.452235 0.395875 0.483306 0.386932 0.367829 1.14395 0.571245 0.358905 0.336895 0.493981 0.447974
threshold=0.32268664290448762 0.91231343233938167 80.202179339743097 0.029701354600212063 0.09310529808872571 1.0000000180025095e-35 2.1979525349369644 0.42303513137429588 82.721296622103907 62.872817551059583 0.95132488019122674 1.0000000180025095e-35 0.081793937462988034 0.11807879403993272 0.66886321027131757 76.247475864889722 0.55369438885340105 0.42303513137429588 0.0086040983781371389 0.70008446889021692 86.352263577446465 0.14460248547869184 84.36679887914751 0.024010049408489612 0.059174224623200218 78.431372505959288 2.8721210558773405 0.65459219715740546 1.1156669296880801 0.96074607427254322
decision_type=10 10 10 10 10 2 10 10 10 10 10 2 10 10 10 10 10 10 10 10 10 10 10 10 10 10 10 10 10 10
left_child=-1 6 3 14 -4 -6 15 23 26 -5 -11 -12 -13 -14 -3 -2 17 -17 -19 -18 22 -22 -21 -8 -25 -26 -9 -7 -29 -30
right_child=1 2 4 9 5 27 7 8 -10 10 11 12 13 -15 -16 16 19 18 -20 20 21 -23 -24 24 25 -27 -28 28 29 -31
leaf_value=-1.3429314321558906e-05 0.00010729535947075881 0.0064481998340087448 -0.0022978034160041718 0.0047918955190107233 -0.002897196619075804 0.0018402091208493199 0.00052338424263051843 -0.00013838209156529047 0.0020467672406285125 -0.00081221280176885452 0.0047447546464704478 -0.0012240070594201177 0.0059253225870303473 0.00061506445783732547 0.0029102849520501895 -0.0024561736594131663 -0.0048694960343149997 0.0064225167215785431 0.00070774598921575084 -0.00087615824656858037 -0.0058681647549593732 -0.00096949470307663434 0.0022167201848376705 0.010599588650260486 0.0053694652889228972 -0.0013851074481328182 -0.0055136023102468762 -0.0047083432944733574 -0.0021129437579980328 0.0031043979256840733
leaf_weight=260963 3849 107 160 65 81 595 103 75 127 293 91 146 66 134 285 84 78 57 110 838 83 128 115 51 58 68 53 52 72 96
leaf_count=260963 3849 107 160 65 81 595 103 75 127 293 91 146 66 134 285 84 78 57 110 838 83 128 115 51 58 68 53 52 72 96
internal_value=-3.12937e-06 0.000327893 0.00120959 0.00195404 0.000372783 0.000849674 -8.61078e-06 0.00143751 -0.000167295 0.00100636 0.000669287 0.0016626 0.000851979 0.00236745 0.00387599 -0.00015344 -0.000825623 0.000946681 0.0026583 -0.00118379 -0.000936813 -0.00289646 -0.000502936 0.00289903 0.00428147 0.00172414 -0.00236406 0.00122206 -0.000449744 0.000868394
internal_weight=269083 8120 2243 1187 1056 896 5877 535 255 795 730 437 346 200 392 5342 1493 251 167 1242 1164 211 953 280 177 126 128 815 220 168
internal_count=269083 8120 2243 1187 1056 896 5877 535 255 795 730 437 346 200 392 5342 1493 251 167 1242 1164 211 953 280 177 126 128 815 220 168
is_linear=0
shrinkage=0.05


Tree=166
num_leaves=31
num_cat=0
split_feature=2 8 5 0 4 3 6 4 4 8 6 0 0 0 5 5 8 0 4 8 5 6 0 0 5 4 8 5 8 9
split_gain=0.331197 0.869703 0.504423 0.780483 0.501299 0.507317 0.444348 0.454692 0.37674 0.444546 0.421683 0.484538 0.391675 0.728349 0.723426 1.23153 0.728527 0.439444 0.472039 0.752881 0.839711 0.535924 1.20624 1.63681 0.577059 0.493791 0.458017 0.366202 0.38781 0.39415
threshold=0.32268664290448762 0.91231343233938167 80.202179339743097 0.029701354600212063 0.8658097108469397 1.0000000180025095e-35 2.1979525349369644 0.83884699754025072 0.82609845294226092 0.62431416532479123 1.5043727894306957 -0.020216614783719052 0.068097587217287772 0.030438425480863954 67.008265075488623 72.636242482043727 0.86699122854662136 0.024010049408489612 0.5027545543433326 0.77695416947184071 70.622972347479006 0.57828628043297392 -0.016138086568087847 0.00096805421103585154 59.711663822382668 0.38040815117754667 0.76130113397639287 62.872817551059583 0.95132488019122674 1.0000000180025095e-35
decision_type=10 10 10 10 10 2 10 10 10 8 10 10 10 10 10 10 8 10 10 8 10 10 10 10 10 10 10 10 10 2
left_child=-1 6 3 -3 -4 -6 8 -8 10 -10 12 -12 13 17 -15 16 -16 18 19 26 21 25 24 -24 -23 -21 -2 -5 -29 -30
right_child=1 2 4 27 5 -7 7 -9 9 -11 11 -13 -14 14 15 -17 -18 -19 -20 20 -22 22 23 -25 -26 -27 -28 28 29 -31
leaf_value=-1.275784888902158e-05 -3.2938351050779153e-05 0.0036821917271388847 -0.0015667043760078478 0.0045523007550778297 -0.0028315610509466005 0.0013893232998826634 0.0058080992688281608 0.0008873592463485158 -0.0051994181491369224 -0.00068487654102877631 -3.9340409706970349e-05 0.0038304676927136596 -0.0025512104910267951 1.5733514864341882e-05 0.0038711410609091851 0.00035364710288208535 0.012324052749667316 -0.0028333019268899865 -0.00074762268744396621 0.0025587783630150944 -0.0013869703415996181 -0.0025243807056650634 0.01308362111953129 0.0026597698803904448 0.0032963013343396599 -0.0032619416005186864 -0.003704075343833354 -0.00077160220655196263 0.0045075168265132134 0.00080938053715148427
leaf_weight=260963 804 392 257 65 79 720 52 483 57 1258 168 156 151 230 52 108 50 153 1409 98 156 66 67 86 120 58 95 293 91 346
leaf_count=260963 804 392 257 65 79 720 52 483 57 1258 168 156 151 230 52 108 50 153 1409 98 156 66 67 86 120 58 95 293 91 346
internal_value=-2.9729e-06 0.000311499 0.00114911 0.00185633 0.000354144 0.000971989 -8.18024e-06 0.00136564 -0.000145768 -0.000880564 9.41769e-05 0.0018239 -5.7168e-05 4.88569e-05 0.00195299 0.00407474 0.00801473 -0.000220365 -8.52585e-05 0.000516852 0.00181181 0.00281991 0.00393596 0.00722446 0.0012309 0.000394665 -0.000420878 0.000956037 0.000635822 0.00157947
internal_weight=269083 8120 2243 1187 1056 799 5877 535 5342 1315 4027 324 3703 3552 440 210 102 3112 2959 1550 651 495 339 153 186 156 899 795 730 437
internal_count=269083 8120 2243 1187 1056 799 5877 535 5342 1315 4027 324 3703 3552 440 210 102 3112 2959 1550 651 495 339 153 186 156 899 795 730 437
is_linear=0
shrinkage=0.05


Tree=167
num_leaves=31
num_cat=0
split_feature=2 8 7 9 6 2 5 7 2 7 4 8 2 4 2 7 6 8 7 4 7 5 2 1 1 8 1 4 1 1
split_gain=0.298905 0.784907 1.21817 1.79242 0.401024 0.45254 0.455149 0.385706 0.558689 0.377183 0.756276 0.876463 0.774254 0.521574 0.403797 0.361558 0.392582 0.391346 0.380844 0.405373 0.569569 1.1413 1.17857 0.520387 0.478374 0.904923 0.587274 0.472148 0.744158 0.407599
threshold=0.32268664290448762 0.91231343233938167 0.070843092138759015 1.0000000180025095e-35 2.1979525349369644 0.42303513137429588 82.721296622103907 0.055933224678610928 0.65459219715740546 0.070843092138759015 -0.021092574274438173 0.69487750502626466 0.2688814819575725 0.25576882262114425 0.074287807193514813 0.032975736110415835 1.2444221120988184 0.83677729463455208 0.034048340045024515 0.82609845294226092 0.073071248271039071 65.589279665839854 0.46454772059302524 0.013960035319921739 0.075422496016705157 0.70517419753052002 -0.015242436518461354 0.40732190437622123 0.034735411492758279 0.070181745785140151
decision_type=10 10 10 2 10 10 10 10 10 10 10 8 10 10 10 10 10 8 10 10 10 10 10 10 10 10 10 10 10 10
left_child=9 4 7 -4 15 -6 -7 8 -3 -1 12 13 -11 -12 -13 16 -2 -18 -17 20 23 27 -23 -20 25 -24 -27 28 -22 -29
right_child=1 2 3 -5 5 6 -8 -9 -10 10 11 14 -14 -15 -16 18 17 -19 19 -21 21 22 24 -25 -26 26 -28 29 -30 -31
leaf_value=-4.9447344481640888e-06 -0.0035218156876977401 0.0013712896364732371 0.011148798696295772 0.00090607937247980217 0.0026851098446786636 -0.0023305896708507136 0.0018942490351610032 -0.00047135659286407362 -0.0025843017279954727 -0.00020298978492079914 -0.0015437842985085385 -0.00056519885636526878 0.0057387242210097614 0.0017872466161687993 -0.0039263905577719511 0.0039490517244626915 -0.0025140382442623379 0.0035664301242350656 -0.00089163378538807496 -0.0009039426879630841 -0.00016351986381668758 0.010298859368671072 -0.0028044160345664505 0.00042703657036521263 0.0055706487207386928 0.0079894613167271027 0.00046933277109120454 -0.0060633015749907053 0.0064266216830583291 -0.00049542469427078263
leaf_weight=257297 158 1479 72 105 280 128 127 492 95 2619 287 116 56 199 389 59 55 51 1345 1176 299 55 88 1686 78 50 54 54 50 84
leaf_count=257297 158 1479 72 105 280 128 127 492 95 2619 287 116 56 199 389 59 55 51 1345 1176 299 55 88 1686 78 50 54 54 50 84
internal_value=-2.82425e-06 0.000295924 0.00109165 0.00507261 -7.77123e-06 0.00129735 -0.000226454 0.000750591 0.00113255 -1.212e-05 -0.000515711 -0.00169559 -7.86025e-05 -0.000179844 -0.00315431 -0.000138479 -0.00194254 0.00041147 -4.46879e-05 -9.16357e-05 0.000156939 0.00133298 0.00362762 -0.000158121 0.00226866 0.000927231 0.00408478 -0.000198348 0.000780626 -0.00267416
internal_weight=269083 8120 2243 177 5877 535 255 2066 1574 260963 3666 991 2675 486 505 5342 264 106 5078 5019 3843 812 325 3031 270 192 104 487 349 138
internal_count=269083 8120 2243 177 5877 535 255 2066 1574 260963 3666 991 2675 486 505 5342 264 106 5078 5019 3843 812 325 3031 270 192 104 487 349 138
is_linear=0
shrinkage=0.05


Tree=168
num_leaves=31
num_cat=0
split_feature=1 0 6 4 4 5 4 0 5 4 5 5 5 0 0 6 2 5 2 5 2 6 1 4 5 5 1 4 2 2
split_gain=0.284949 0.665432 0.486633 0.797968 0.58936 0.53592 0.440288 0.758137 0.496773 0.427634 0.427317 0.544308 0.408525 0.399025 0.37373 0.484636 0.534768 0.562251 0.363266 0.360152 0.3545 0.458161 0.695014 0.432559 0.331594 0.348021 0.539735 0.473299 0.332967 0.325817
threshold=0.051809658994896764 -0.07805826330971298 0.55108286910926607 -0.41411456341770297 -0.51708818195280837 29.607629306072635 -0.26383113010512238 0.0011828804993047062 38.967239739451657 0.5843916806097863 34.41083267532246 35.69261880350728 27.617602425476409 0.014117928578466611 0.027027027027027088 0.8338100589495191 0.23269160944132808 67.314036753084238 -0.20991807387696423 41.927710838423003 0.16607558155650629 0.52136975593460977 0.090780493495887696 0.51183061292236742 67.314036753084238 61.245538605282285 -0.017997004887968345 0.35373948376264092 0.12520391734195571 0.32268664290448762
decision_type=8 8 8 8 10 8 8 10 10 10 8 8 10 10 10 8 10 10 8 10 10 10 10 10 10 10 10 10 10 10
left_child=9 -2 12 4 -4 -5 7 -7 -9 14 -8 13 -3 -12 -1 16 24 -18 19 -13 -14 22 23 -22 25 27 -27 -16 -29 -20
right_child=1 2 3 5 -6 6 10 8 -10 -11 11 18 20 -15 15 -17 17 -19 29 -21 21 -23 -24 -25 -26 26 -28 28 -30 -31
leaf_value=-2.786712488737268e-05 -0.001661752634938139 -0.0041116144060478772 -0.00075018937641289094 -0.0017454348255346583 0.003877043549053816 -0.00053801669191916768 -0.001656055945672155 0.0037603017358323002 -0.0003380846860458518 -0.00026591413490218948 0.0056760603002897515 0.0011340570785998278 -0.00012322102556652225 0.00068989307647023131 0.00092639738277169078 6.2415398225147009e-05 -0.0022803571092773161 0.0028464127514414047 9.6600912306503281e-05 -0.003068522292673711 -0.0021668176719686016 -0.0046983992685384769 -0.003707720106467605 0.0033024236816951696 -0.0026695387185706448 -0.00074876242052899524 0.0051100135672625087 -0.0034094585440206261 0.0012209875004676482 0.00052441423183383008
leaf_weight=183027 529 84 96 377 243 296 333 311 97 17355 76 73 1232 85 3498 12536 265 67 42574 169 56 104 118 102 66 60 114 110 60 4970
leaf_count=183027 529 84 96 377 243 296 333 311 97 17355 76 73 1232 85 3498 12536 265 67 42574 169 56 104 118 102 66 60 114 110 60 4970
internal_value=-2.68304e-06 0.00010254 0.000120699 0.00014912 0.00256668 0.000132517 0.00014697 0.00138836 0.00278593 -2.7843e-05 0.000128869 0.000141265 -0.00071216 0.00304361 -7.16405e-06 0.000218708 0.000680801 -0.00124574 0.000131487 -0.0018008 -0.000535017 -0.0018701 -0.000804368 0.00136396 0.000844469 0.000904834 0.00308975 0.000801188 -0.00177518 0.000141322
internal_weight=269083 51925 51396 49700 339 49361 48984 704 408 217158 48280 47947 1696 161 199803 16776 4240 332 47786 242 1612 380 276 158 3908 3842 174 3668 170 47544
internal_count=269083 51925 51396 49700 339 49361 48984 704 408 217158 48280 47947 1696 161 199803 16776 4240 332 47786 242 1612 380 276 158 3908 3842 174 3668 170 47544
is_linear=0
shrinkage=0.05


Tree=169
num_leaves=31
num_cat=0
split_feature=1 0 7 6 0 7 6 4 4 4 7 2 7 7 2 4 8 7 2 7 7 1 8 8 8 7 2 4 2 7
split_gain=0.257166 0.600553 0.577269 0.436664 0.582956 0.55 0.415635 0.740416 0.531897 0.385939 0.632579 0.51225 1.24552 1.37823 1.16133 0.614922 0.547672 0.471138 0.514498 0.491619 0.530519 0.841946 0.824062 0.467913 0.371191 0.368999 0.353727 0.841281 0.528393 0.590486
threshold=0.051809658994896764 -0.07805826330971298 0.018616823402175933 0.8161330962061798 -0.00057458058654497035 0.017396183076863591 0.55108286910926607 -0.41411456341770297 -0.51708818195280837 0.5843916806097863 0.011187909012920107 0.11943287493974721 0.023464049159820644 0.022044759013178344 0.15813196578469771 0.97647239300175082 0.38041764916219395 0.030087733250814895 0.12225736123491628 0.036494476576477579 0.035399379558920398 0.015863042843271228 0.87986479227732606 0.3604740832465238 0.097048649989857641 0.019588688035570519 0.32268664290448762 0.40732190437622123 0.049704069032557537 0.033123585838905116
decision_type=8 8 8 8 10 10 8 8 10 10 8 10 10 10 10 10 8 10 10 10 10 10 8 8 8 8 10 10 10 10
left_child=9 -2 3 4 -3 -6 -4 8 -8 -1 -11 25 13 15 -15 16 -13 -14 -19 20 -20 -22 -23 -21 -9 -12 28 -28 -26 -30
right_child=1 2 6 -5 5 -7 7 24 -10 10 11 12 17 14 -16 -17 -18 18 19 23 21 22 -24 -25 26 -27 27 -29 29 -31
leaf_value=-6.8058472234717304e-06 -0.0015786649853925068 -0.00060476435073410521 -0.00068999214076254686 0.00074657925026499648 0.0091125193491197101 0.001975054112109268 -0.00071267992279899772 -0.0023185044361582999 0.003683191370527996 0.0010480712892881317 -0.00013935393415959711 -0.0044845639076083899 -0.0010579157101573361 0.0021831182612860336 0.0095803907269547735 0.0057500165147108158 0.0006764571992810398 0.0047339983676609248 0.0003091580547702655 0.0040772266108197747 0.0082158032688312236 -0.0027030574287114115 0.0055871885827795233 -0.00063808043495438616 0.00023925124809220352 -0.0007539996905024291 0.0058285550979820834 0.0004210989323371952 0.0001773446342205019 -0.00034234240530514202
leaf_weight=199803 529 58 1681 1629 55 53 96 159 243 887 3831 55 1438 136 87 56 786 57 1007 54 58 69 53 2047 20265 6734 73 4896 9753 12435
leaf_count=199803 529 58 1681 1629 55 53 96 159 243 887 3831 55 1438 136 87 56 786 57 1007 54 58 69 53 2047 20265 6734 73 4896 9753 12435
internal_value=-2.54889e-06 9.74128e-05 0.000114664 0.000995525 0.00343849 0.00560987 8.27867e-05 0.000109895 0.00243834 -2.64509e-05 -0.000252618 -0.000322676 5.03925e-05 0.00155129 0.00506905 0.000676751 0.000338935 -0.000301061 2.43068e-05 -5.73393e-05 0.000756065 0.00325626 0.000898443 -0.000516887 9.33058e-05 -0.000531122 0.000101392 0.00050054 5.46732e-05 -0.000113908
internal_weight=269083 51925 51396 1795 166 108 49601 47920 339 217158 17355 16468 5903 1120 223 897 841 4783 3345 3288 1187 180 122 2101 47581 10565 47422 4969 42453 22188
internal_count=269083 51925 51396 1795 166 108 49601 47920 339 217158 17355 16468 5903 1120 223 897 841 4783 3345 3288 1187 180 122 2101 47581 10565 47422 4969 42453 22188
is_linear=0
shrinkage=0.05


Tree=170
num_leaves=31
num_cat=0
split_feature=4 7 2 4 0 3 2 0 6 6 4 7 9 5 6 2 0 5 0 7 2 2 7 5 0 2 5 7 2 7
split_gain=0.227728 0.294332 1.11487 0.540748 0.802216 0.514443 0.604535 0.433179 0.431512 0.42876 0.386835 0.404812 0.289771 0.479678 0.630404 1.33968 0.570993 0.461683 0.670661 0.440835 0.569065 0.410603 0.68441 0.495765 0.457687 0.448702 0.414526 0.406549 0.386927 0.53902
threshold=0.8658097108469397 0.030087733250814895 0.30648267736161167 1.1173375469307762 0.021898991201666943 1.0000000180025095e-35 0.19973999517365862 0.00075652504039702706 0.73816324167196423 0.66212877028363393 1.2768143495111557 0.01365442059077945 1.0000000180025095e-35 64.554992302937606 0.88552461309724451 0.46454772059302524 0.012437810945273743 64.304637370408599 0.012437810945273743 0.04728594744409189 0.19973999517365862 0.189021640767469 0.031523882146400194 70.261214397015564 0.024010049408489612 0.17937159640724534 79.261974704181185 0.055933224678610928 0.13107358875951461 0.031666770218745262
decision_type=10 8 10 10 10 2 10 10 10 10 10 10 2 10 10 8 10 10 10 10 10 10 10 10 10 10 10 10 10 8
left_child=-1 2 5 4 -4 6 8 -7 9 -2 11 -9 13 17 15 -15 -16 18 -3 28 27 22 -14 24 -23 26 -24 -21 29 -20
right_child=1 12 3 -5 -6 7 -8 10 -10 -11 -12 -13 21 14 16 -17 -18 -19 19 20 -22 23 25 -25 -26 -27 -28 -29 -30 -31
leaf_value=1.1203654455987595e-05 5.0773832481354478e-05 -0.0013965146099483611 0.00667403689454659 0.0078705880371853706 -0.0018692949912739827 0.00077544348774552941 0.0021776684227850485 0.0013388071139212279 7.1243417858346105e-05 0.0064727831908659829 0.00043428402872501315 -0.001130393551815354 -0.0030331509243353596 -0.00029566723109461035 -0.00046770481877861451 0.0066977921278633824 -0.0016813708612238483 0.0039722247551350542 0.0031480460856895317 0.002553949745897963 -0.0006501900739385747 -0.0031172444961999578 -0.00028318760690219637 -6.6652335895201625e-05 0.0016426057778899589 -0.0029739671380265612 0.0025900249253027145 0.0079006965540103485 0.0017147682406151922 -0.0012060168118213452
leaf_weight=247382 51 590 50 60 61 586 388 178 5276 53 609 2460 256 443 1978 81 1900 75 83 108 90 54 1631 2599 780 143 136 53 269 495
leaf_count=247382 51 590 50 60 61 586 388 178 5276 53 609 2460 256 443 1978 81 1900 75 83 108 90 54 1631 2599 780 143 136 53 269 495
internal_value=-2.3722e-06 -0.000158317 4.44946e-05 0.00404626 0.00197905 -2.67794e-05 0.000271578 -0.000475756 0.000134113 0.00332353 -0.000701565 -0.000963783 -0.000326786 -0.000563274 -0.000842386 0.000785383 -0.00106233 0.000133637 -3.69165e-05 0.000693651 0.00253405 -6.63918e-05 -0.000605448 0.000273717 0.00133441 -0.000280059 -6.20462e-05 0.00431406 0.000148267 -0.000580779
internal_weight=268918 21536 9772 171 111 9601 5768 3833 5380 104 3247 2638 11764 6165 4402 524 3878 1763 1688 1098 251 5599 2166 3433 834 1910 1767 161 847 578
internal_count=268918 21536 9772 171 111 9601 5768 3833 5380 104 3247 2638 11764 6165 4402 524 3878 1763 1688 1098 251 5599 2166 3433 834 1910 1767 161 847 578
is_linear=0
shrinkage=0.05


Tree=171
num_leaves=31
num_cat=0
split_feature=8 7 7 6 1 5 5 1 7 2 7 7 7 8 6 5 7 7 7 0 5 5 8 6 7 6 0 7 5 5
split_gain=0.200496 0.315222 0.555304 0.376202 0.564309 0.321162 0.258054 0.788874 1.88284 0.667217 0.951739 0.571158 0.464601 0.395689 0.379167 0.822449 0.383069 0.90842 0.375544 0.348685 0.443859 0.630102 0.417079 0.485533 0.397345 0.552418 0.36351 0.740973 0.431874 0.441999
threshold=0.79298332245770065 0.014116087967836826 0.017955990406416902 0.78517731410669633 0.010731513435961017 61.023205918245552 76.247475864889722 0.10798492700206642 0.033123585838905116 0.30648267736161167 0.028862404659885408 0.031958304682792045 0.031523882146400194 0.85517241207292927 3.4582492346713782 81.358519548871314 0.042130702872240168 0.050417968496791338 0.031958304682792045 -0.0083869749076860827 59.711663822382668 53.630997389788085 0.83104930563871315 0.83732684859650952 0.062182765303145433 2.0291419757811746 -0.010704476636805791 0.041827604897578967 62.169652675677099 62.872817551059583
decision_type=10 10 10 10 10 10 10 10 10 10 10 10 10 10 10 10 10 10 10 10 10 10 10 10 10 10 10 10 10 10
left_child=-1 3 -3 -2 5 -5 12 -8 9 11 -11 13 -4 -9 -10 -16 -17 -18 -12 20 21 22 -14 -24 25 26 28 -28 -22 -30
right_child=1 2 6 4 -6 -7 7 8 14 10 18 -13 19 -15 15 16 17 -19 -20 -21 24 -23 23 -25 -26 -27 27 -29 29 -31
leaf_value=1.2412736468049694e-05 0.0026017516264749611 -0.0011306565073010899 -0.00031373544941735759 -0.0034816737649634891 0.0011050768381514423 5.3400997805243084e-05 -0.0010274602381165881 0.0037199875522289693 -0.00081632721808248257 0.0092405211856614235 6.3595971715333594e-05 0.0056845171648413221 -0.00011090361551576101 0.00019773826768252028 -0.0026038898793613596 -0.00049103567975440198 0.009710567941724816 0.0013061376803704464 0.0054511625079200869 1.7533544731493246e-05 0.0031219526000010474 -0.0013662086574606133 0.0010534718384026091 0.0071718573925847358 -0.0010674959932622336 -0.0036545442469235116 0.0010307951218046505 0.0074569060768024222 -0.0028783207961456166 0.0010363671276745268
leaf_weight=241095 212 1404 7998 128 583 129 2704 97 2088 73 83 68 182 448 99 56 51 87 53 8433 240 537 79 55 206 56 119 72 76 1407
leaf_count=241095 212 1404 7998 128 583 129 2704 97 2088 73 83 68 182 448 99 56 51 87 53 8433 240 537 79 55 206 56 119 72 76 1407
internal_value=-2.25359e-06 -0.000129342 -0.000162704 0.000719644 0.000244636 -0.00170726 -0.00010913 -0.000398584 0.00013232 0.00219552 0.00463516 0.00136374 -2.12677e-05 0.000824634 -0.000579967 0.0011044 0.00299678 0.00441212 0.00216316 0.000182812 0.00064296 -0.000323754 0.00144776 0.00356475 0.00102192 0.0012404 0.00138362 0.0034532 0.0011542 0.000835749
internal_weight=268918 27823 26771 1052 840 257 25367 5907 3203 822 209 613 19460 545 2381 293 194 138 136 11462 3029 853 316 134 2176 1970 1914 191 1723 1483
internal_count=268918 27823 26771 1052 840 257 25367 5907 3203 822 209 613 19460 545 2381 293 194 138 136 11462 3029 853 316 134 2176 1970 1914 191 1723 1483
is_linear=0
shrinkage=0.05


Tree=172
num_leaves=31
num_cat=0
split_feature=4 7 8 2 0 8 4 3 7 8 5 8 6 8 5 2 6 2 2 7 7 5 7 7 5 2 8 0 7 8
split_gain=0.201062 0.263765 1.16934 0.912728 0.772292 0.663606 0.554772 0.513623 0.703205 0.49934 0.624292 0.748568 0.461006 0.478215 0.654622 1.68412 1.22804 0.529454 0.460187 0.415665 0.721382 0.412113 0.590739 1.02996 0.517198 0.494883 0.869603 0.69218 0.525529 0.488003
threshold=0.8658097108469397 0.030087733250814895 0.75598086029085587 0.30648267736161167 0.050560434785319915 0.87986479227732606 1.0379820791358578 1.0000000180025095e-35 0.058752616110890658 0.92707669363633938 68.218354287684932 0.32944221471637353 2.2673683850001769 0.57142857020581539 74.079952285585975 0.13107358875951461 1.4446005762362875 0.043241763931419104 0.065049367460316768 0.017540173128895536 0.014916444573864424 70.622972347479006 0.058752616110890658 0.053672811631288876 65.327271836664991 0.24887111530462872 0.84906492955078761 0.10082579029278151 0.044783073190515534 0.94246965447869058
decision_type=10 8 8 10 10 10 10 2 10 8 10 10 8 10 10 10 10 10 10 10 10 10 8 10 10 10 8 10 10 10
left_child=-1 3 4 9 -3 -5 -7 8 -6 10 -2 -12 13 14 15 -13 -17 -16 -15 20 -19 22 23 25 -25 -4 -27 28 -28 -30
right_child=1 2 21 5 7 6 -8 -9 -10 -11 11 12 -14 18 17 16 -18 19 -20 -21 -22 -23 -24 24 -26 26 27 -29 29 -31
leaf_value=1.061534374840971e-05 -0.00032692962452912844 -0.0016225400490811313 8.2065587924327069e-05 -0.00031346096245285412 -7.2168597327071287e-05 0.0024860484053310502 0.0097204800906046385 -0.0033009996471734891 0.0058128854646435323 -0.00077183818253494501 -0.001849340458460519 0.0016592378515496082 -0.00014778332791520635 -0.0010164714549360464 0.005025727066564404 0.014396512293822918 0.0038832880090922117 -0.00064713682469272349 0.00099472983808370809 -0.00094362258678788865 0.0069323690955193258 -0.00027274613461539103 -0.0013974626528071217 0.0064392833654424962 0.0017034586066845805 -0.0038066796132273251 0.0032491072736581272 0.0073706323088752849 -0.0021527123776413186 0.0035074984239015193
leaf_weight=247382 3634 2259 2188 65 1201 53 53 116 53 1800 297 364 1035 350 62 51 61 77 1518 299 53 4788 383 107 125 62 244 63 119 56
leaf_count=247382 3634 2259 2188 65 1201 53 53 116 53 1800 297 364 1035 350 62 51 61 77 1518 299 53 4788 383 107 125 62 244 63 119 56
internal_value=-2.14091e-06 -0.000148671 -0.000308152 4.33205e-05 -0.00105451 0.00366416 0.00610326 -0.000117889 0.000176562 -2.11689e-05 0.00015204 0.000569745 0.000755396 0.00108513 0.0019877 0.00330896 0.00867056 0.000706798 0.000617899 8.26174e-05 0.00244297 2.4797e-05 0.000450443 0.000689224 0.00388765 0.000417615 0.00176722 0.00248419 0.00174947 -0.000341445
internal_weight=268918 21536 11764 9772 3629 171 106 1370 1254 9601 7801 4167 3870 2835 967 476 112 491 1868 429 130 8135 3347 2964 232 2732 544 482 419 175
internal_count=268918 21536 11764 9772 3629 171 106 1370 1254 9601 7801 4167 3870 2835 967 476 112 491 1868 429 130 8135 3347 2964 232 2732 544 482 419 175
is_linear=0
shrinkage=0.05


Tree=173
num_leaves=31
num_cat=0
split_feature=7 0 4 6 1 1 7 7 6 1 6 0 4 1 4 5 0 6 4 7 6 0 0 7 0 4 7 4 5 6
split_gain=0.185932 0.201237 0.245728 0.529687 0.58832 0.513039 0.481242 0.54441 0.417789 0.310758 0.520594 0.407307 0.510985 0.363374 0.464838 0.589582 0.56207 0.401826 0.38488 0.476293 0.349333 0.358805 0.574052 0.348817 0.338706 0.346943 0.504933 0.37596 0.591056 0.391815
threshold=0.0081742625780446224 -0.0068722899911839988 -0.63355011249446469 0.60441262499964477 -0.11100923626367236 -0.13278317838299639 0.026396665982416856 0.038998441370282362 0.66212877028363393 -0.09063966622234286 0.57828628043297392 0.010611230953767927 -0.57765621859008365 -0.030775117980691043 0.39838769196475304 68.218354287684932 -0.0017453653629572739 0.80585243110246374 0.2380914565502433 0.034367111798127327 0.91718349947115263 0.15039605358095179 0.10082579029278151 0.04275317982542725 0.0033660487064265392 0.47742145887718607 0.023566217017557092 -0.11083968852092306 38.967239739451657 0.75771676208867789
decision_type=8 10 8 8 10 10 10 10 10 8 10 10 10 10 8 8 10 10 10 10 10 10 10 10 8 10 8 8 10 10
left_child=-1 -2 3 5 6 -3 -5 8 -8 10 -4 -12 -13 14 16 -16 17 -11 -18 -20 21 22 23 -17 25 27 -27 28 29 -15
right_child=1 2 9 4 -6 -7 7 -9 -10 13 11 12 -14 24 15 20 18 -19 19 -21 -22 -23 -24 -25 -26 26 -28 -29 -30 -31
leaf_value=0.00066813379331280608 4.6817951150795572e-05 -0.0021249127716224249 -0.0014223984353056854 -0.0020525751322949012 -0.00049908472621944071 0.00026596302663609657 -0.002235237781305687 -5.8741175666271431e-05 0.0021621998210366727 0.00042817718194946582 0.0011694226851777644 0.0025752929767444382 -0.0011642461480322862 -0.00023328380076234145 0.0019624382023099123 0.00024427392724151738 5.3384202618758044e-05 0.001897901737955422 0.0003254923829754732 -0.0017535651803793969 -0.0023834363204031459 -0.0032209931872785092 0.0053303252258855432 0.0036487467141705569 1.2373308594505604e-05 1.373864245281168e-05 -0.00074820085969912707 0.00014627309329483663 -0.00067952748874781628 0.00057606793364371257
leaf_weight=1031 111226 233 1039 171 12203 6062 59 926 639 1947 516 106 661 4439 798 1264 11550 611 464 678 113 62 63 80 85356 3641 5398 10336 4991 2255
leaf_count=1031 111226 233 1039 171 12203 6062 59 926 639 1947 516 106 661 4439 798 1264 11550 611 464 678 113 62 63 80 85356 3641 5398 10336 4991 2255
internal_value=-2.03386e-06 -4.61309e-06 -4.11281e-05 -0.000203459 -0.000374764 0.000177468 0.000470408 0.000736067 0.0017905 -1.69715e-05 -0.000590455 8.32708e-05 -0.000647439 -7.03744e-06 0.000204506 0.000854398 0.000103081 0.000779233 -3.31942e-05 -0.000908834 0.000295476 0.000501546 0.000665581 0.000446921 -3.90735e-05 -0.000180455 -0.000441284 -7.33916e-05 -0.000267697 3.93616e-05
internal_weight=268918 267887 156661 20293 13998 6295 1795 1624 698 136368 2322 1283 767 134046 17630 2380 15250 2558 12692 1142 1582 1469 1407 1344 116416 31060 9039 22021 11685 6694
internal_count=268918 267887 156661 20293 13998 6295 1795 1624 698 136368 2322 1283 767 134046 17630 2380 15250 2558 12692 1142 1582 1469 1407 1344 116416 31060 9039 22021 11685 6694
is_linear=0
shrinkage=0.05


Tree=174
num_leaves=31
num_cat=0
split_feature=8 7 4 1 5 1 2 6 7 7 6 4 7 2 2 1 8 7 7 8 1 4 5 6 6 4 8 1 7 6
split_gain=0.179255 0.373428 0.482679 0.635217 0.731172 0.423108 0.478267 0.496603 0.390952 1.14956 0.35891 0.574179 0.348676 0.396179 0.392721 0.859904 0.533483 0.607929 0.570018 0.859004 0.49868 0.474755 0.44739 1.06455 0.768886 0.842002 0.410092 0.380702 0.690714 0.70096
threshold=0.76130113397639287 0.014116087967836826 -0.16497451955648015 -0.012491137028202258 47.750753854781351 0.045230039706666177 -1.0000000180025095e-35 1.6722418876634639 0.070843092138759015 0.075517149084893084 0.78517731410669633 0.38040815117754667 0.056835442829510065 0.65459219715740546 0.30648267736161167 0.048367155720096873 0.94246965447869058 0.029337315709636051 0.053672811631288876 0.83104930563871315 0.16800697416389279 1.1485950055336345 76.247475864889722 1.1035764293596644 0.99235458943258958 0.87946274317831652 0.94246965447869058 0.22843713725094186 0.050417968496791338 2.5603091509611668
decision_type=10 10 10 10 10 10 10 10 10 10 10 10 10 10 10 10 10 10 10 10 10 10 10 10 10 10 8 10 10 10
left_child=-1 10 3 4 -3 8 7 -7 -4 -10 -2 -12 13 14 26 -16 18 -18 27 -20 -21 22 23 -19 25 -24 -8 -17 29 -29
right_child=1 2 5 -5 -6 6 12 -9 9 -11 11 -13 -14 -15 15 16 17 21 19 20 -22 -23 24 -25 -26 -27 -28 28 -30 -31
leaf_value=1.3478850352857826e-05 0.0023749256967613565 0.0010883128084690095 -0.00039924003551214621 -0.0012736675632605749 0.0071636844939348522 0.00098804147000790331 8.6642011349309975e-05 0.0060681794895258625 0.0068651398433155946 -0.0014896688788026875 -0.001950381814094726 0.00091869428514211615 -0.00064499057424641845 -0.0025768585858974543 0.0062624414218589667 7.1338266302409148e-05 0.0064884665004293698 0.0004890457514255983 0.0082339054150506862 -0.0026090237036204109 0.0033562026966951399 -0.00041501415481824168 -0.00025159407112583081 0.0074915184768364201 -0.00070357709532704947 0.0086289475355962562 -0.00062943702130821132 -0.0025568702681854263 -0.0056502819257560951 0.0028221962543091544
leaf_weight=235373 262 130 13756 111 80 282 9844 58 71 98 222 813 2090 143 65 1537 56 116 50 65 76 322 51 102 239 56 2509 156 86 99
leaf_count=235373 262 130 13756 111 80 282 9844 58 71 98 222 813 2090 143 65 1537 56 116 50 65 76 322 51 102 239 56 2509 156 86 99
internal_value=-1.93217e-06 -0.000110066 -0.000143522 0.00178566 0.00340274 -0.000162918 -2.83228e-06 0.00185465 -0.000369875 0.00202034 0.000721777 0.000303298 -3.85896e-05 4.27987e-05 6.70784e-05 0.000572596 0.000449767 0.00143611 6.90417e-07 0.00260304 0.000606276 0.00111678 0.00199131 0.00376543 0.000873511 0.00439617 -5.87998e-05 -0.000263979 -0.00177536 -0.000468527
internal_weight=268918 33545 32248 321 210 31927 18002 340 13925 169 1297 1035 17662 15572 15429 3076 3011 942 2069 191 141 886 564 218 346 107 12353 1878 341 255
internal_count=268918 33545 32248 321 210 31927 18002 340 13925 169 1297 1035 17662 15572 15429 3076 3011 942 2069 191 141 886 564 218 346 107 12353 1878 341 255
is_linear=0
shrinkage=0.05


Tree=175
num_leaves=31
num_cat=0
split_feature=5 6 0 1 1 6 4 6 2 5 6 4 2 1 2 1 6 0 2 4 5 4 1 2 5 0 1 5 1 1
split_gain=0.327375 0.753157 1.09218 0.475886 0.705636 0.552988 0.423955 0.494297 0.427882 0.669518 0.568445 0.41696 0.385293 0.360152 0.3418 0.321791 0.312791 0.344952 0.296649 0.413779 0.353001 0.282053 0.305031 0.361023 0.421807 0.248876 0.390695 0.287212 0.455502 0.462837
threshold=17.609304298399298 1.571883440496052 -0.028467402368874569 -0.13278317838299639 -0.19254923072727534 0.76459429255538369 -0.8689956971575773 0.52136975593460977 -0.29919394975115426 12.499999998266235 0.99731144792120119 -0.74118881183265917 -0.19703100785860359 -0.083475550740549784 -0.095852632071626462 -0.07889864011601154 0.92996735694619359 -0.032086348602651908 -0.11316382823439274 -0.60868456164142337 16.925915639070251 -1.3229231923792539 -0.073522063441808602 -0.11788454893370102 16.221122141354375 -0.10995113925832838 -0.053627066939369743 21.642745471086872 0.26006599770700684 0.060833618136249663
decision_type=8 10 10 10 10 10 8 10 8 10 10 8 10 10 10 10 10 10 10 10 10 10 10 10 10 10 8 10 10 10
left_child=1 2 6 4 -4 11 7 -1 9 -9 16 14 -6 -13 -5 -16 17 -10 20 -20 -7 -3 -23 24 -24 26 -2 28 29 -27
right_child=25 21 3 5 12 18 -8 8 10 -11 -12 13 -14 -15 15 -17 -18 -19 19 -21 -22 22 23 -25 -26 27 -28 -29 -30 -31
leaf_value=-0.0032904829625633788 0.00027852354395896151 0.00030229059273979684 -0.0014429360851768013 0.00099935206387164474 0.001566635317121914 -0.0010429082666851802 -3.2021566873900445e-05 0.0072195603380567352 0.00130054447396854 0.00080758801077881581 0.00027836822445396467 -0.003013676558071489 0.0057079771986979257 -0.00035486165050115006 0.0027140758348028421 -0.0013655587460819352 0.0059990689212187842 0.0049418255358057864 -0.00054878558846674147 0.0030169606405330363 -0.0030266833142611202 -0.0025907739011641132 -0.00083450696061585666 -0.0039473634853493421 0.0043571915846733452 0.00029268894752814193 -0.0014122974294390465 7.2379705181195875e-06 0.0031872906715859871 -0.0008552781320885441
leaf_weight=51 620 170 171 1116 233 2256 693 84 277 79 547 135 74 2252 57 318 62 85 650 93 249 572 168 62 51 12744 761 243652 130 943
leaf_count=51 620 170 171 1116 233 2256 693 84 277 79 547 135 74 2252 57 318 62 85 650 93 249 572 168 62 51 12744 761 243652 130 943
internal_value=5.11836e-06 -0.000268507 -0.000129447 -0.000396129 0.00113112 -0.000498574 0.000950348 0.00152485 0.00174141 0.00411192 0.00134348 -9.54779e-05 0.00256487 -0.000505235 0.000560517 -0.000745454 0.00271757 0.00215554 -0.000979858 -0.000102467 -0.0012401 -0.00155743 -0.00192807 -0.000579064 0.000374519 1.6223e-05 -0.000653203 1.98136e-05 0.000241575 0.000213597
internal_weight=269355 10505 9482 7604 478 7126 1878 1185 1134 163 971 3878 307 2387 1491 375 424 362 3248 743 2505 1023 853 281 219 258850 1381 257469 13817 13687
internal_count=269355 10505 9482 7604 478 7126 1878 1185 1134 163 971 3878 307 2387 1491 375 424 362 3248 743 2505 1023 853 281 219 258850 1381 257469 13817 13687
is_linear=0
shrinkage=0.05


Tree=176
num_leaves=31
num_cat=0
split_feature=0 2 8 8 4 6 7 7 4 0 7 2 4 6 6 4 7 4 2 6 6 4 7 2 6 2 7 7 2 7
split_gain=0.21452 0.31267 0.391742 0.248731 0.5294 0.722663 0.445074 0.783212 1.04894 0.60028 0.448705 0.917369 0.438423 0.522052 0.435255 0.520945 0.422183 0.410966 0.640814 0.675939 0.605508 0.686314 0.591037 0.422717 0.353039 0.373414 0.74982 0.835983 1.41353 0.667392
threshold=-0.10995113925832838 0.0026946916534994485 0.60225195820188426 0.011124157997051442 1.4264144945704402 2.349245140747239 0.058752616110890658 0.056835442829510065 0.547560690697113 -0.032696969171048855 0.020199207454447584 -0.078576079247292138 -0.57765621859008365 0.57070225787296902 0.37777817132217473 0.20231661901130507 0.023566217017557092 0.04205543134458338 0.42303513137429588 0.74130878642245379 0.77138318546841 0.3272388760345209 0.079061678468717936 0.21138725944221473 2.1343770088931624 -0.067262014085127317 0.043696133150102102 0.04516356898295245 -0.15480182505966114 0.048218597682754084
decision_type=10 8 8 10 10 10 10 10 10 10 8 10 10 10 8 10 8 10 10 10 10 10 10 10 10 8 10 10 10 10
left_child=1 2 -1 4 6 -6 7 10 -9 -8 11 12 13 -2 15 16 -12 23 20 -20 21 -19 -21 -11 25 26 -16 28 -28 -27
right_child=3 -3 -4 -5 5 -7 9 8 -10 17 14 -13 -14 -15 24 -17 -18 18 19 22 -22 -23 -24 -25 -26 29 27 -29 -30 -31
leaf_value=-7.2387651140693715e-05 0.0030980773280217281 -0.0011473181444034031 0.0045312641645032991 -9.541853386101872e-06 0.0074154554483464967 0.00021294807371519068 0.00081209375685694545 0.0012451699659796181 0.0088002306184378175 -0.00048913390440215115 0.0031048744792298586 -0.0013981452339204897 -0.0018302697706062141 0.0002434801792461779 0.00036938499330371922 0.0036042336922799869 -0.0014189347820665014 -0.0026626951034694653 -0.0024889103754158616 0.0048476328167234902 -0.0035098319779787376 0.0026902881599894235 -0.0016053679200227966 0.0037444626213982701 -0.001377327275410116 0.00022893160932583413 0.0011594024792429992 0.001121559366354738 0.0097670300377182169 -0.0010550439014263677
leaf_weight=492 176 939 51 235946 59 85 623 221 58 749 55 1351 225 1780 8049 62 828 145 116 100 470 102 55 64 322 13988 116 956 81 1091
leaf_count=492 176 939 51 235946 59 85 623 221 58 749 55 1351 225 1780 8049 62 828 145 116 100 470 102 55 64 322 13988 116 956 81 1091
internal_value=4.86244e-06 -0.000595042 0.00036 8.18139e-06 0.000139159 0.00316398 0.000125455 0.000179218 0.00281576 -0.000525713 0.000153922 -0.000374306 0.000259902 0.000500336 0.00022695 -0.000826082 -0.00113716 -0.000988486 -0.00167363 0.000397618 -0.00245649 -0.000452151 0.00255786 -0.000155862 0.000267396 0.000289208 0.00054021 0.00173272 0.00469858 0.000136033
internal_weight=269355 1482 543 267873 31927 144 31783 29359 279 2424 29080 3532 2181 1956 25548 945 883 1801 988 271 717 247 155 813 24603 24281 9202 1153 197 15079
internal_count=269355 1482 543 267873 31927 144 31783 29359 279 2424 29080 3532 2181 1956 25548 945 883 1801 988 271 717 247 155 813 24603 24281 9202 1153 197 15079
is_linear=0
shrinkage=0.05


Tree=177
num_leaves=31
num_cat=0
split_feature=5 7 0 6 6 0 2 5 1 0 7 2 7 7 1 0 6 7 1 5 0 2 7 7 1 2 5 1 6 2
split_gain=0.301723 0.709809 0.542978 0.71912 0.502749 0.540121 0.453161 0.465971 0.407475 0.401139 0.389515 0.287241 0.286101 0.272281 0.373269 0.252156 0.249896 0.271107 0.35132 0.434963 0.501205 0.372361 0.357292 0.255444 0.281911 0.583635 0.368604 0.329374 0.313753 0.260457
threshold=17.609304298399298 0.019588688035570519 -0.015284348446939875 1.6505494143082171 1.1897040002484742 -0.033354908516315555 -0.11316382823439274 16.925915639070251 -0.067817558523189589 -0.017025909498571964 0.024744768966475917 -0.1212304634663947 0.011966459963838884 0.014916444573864424 -0.035138528423186537 -0.0024577153494895749 0.80585243110246374 0.065185274809158783 -0.10487348131908285 12.499999998266235 -1.0000000180025095e-35 -0.079817201887150344 0.030846398290682961 0.021929664077578532 -0.13278317838299639 -0.21500824586268383 12.499999998266235 -0.016364762769633886 0.70814819812322238 -0.28142985723929298
decision_type=8 8 10 8 10 10 10 10 10 10 8 10 10 10 10 10 10 10 10 10 10 10 10 8 10 8 8 10 10 10
left_child=1 4 3 8 5 -1 7 9 -3 -7 11 -10 -8 -14 -15 -6 23 18 19 20 -18 -20 -21 -4 25 -25 -26 28 -28 -29
right_child=-2 2 16 -5 15 6 12 -9 10 -11 -12 -13 13 14 -16 -17 17 -19 21 22 -22 -23 -24 24 26 -27 27 29 -30 -31
leaf_value=0.0033478010057782139 1.5280014476416284e-05 0.0012581173624837275 0.0013285986006229304 -0.0012121697890400281 -0.0024285328472161203 0.0003834006176135168 -0.00095744365132049329 -0.0042361341839531287 0.00209397874744748 -0.0014881950814077756 -0.00074057699831621545 -0.0016110470129821735 0.0022323605415169429 -0.0014007678526374466 0.0020616635733928818 -0.00020399799232109219 -0.0045317354185681327 0.00053520260553872455 -0.0020219817414790456 0.0044669524265612531 0.00098224331826392763 0.0019100625728830122 -7.1424537780348884e-05 -0.00090890657565732662 0.00047453084246510177 0.0058566320055563545 -0.0010234247539188605 -0.0023674293121855178 -0.0036056918685958869 0.0010284450299553861
leaf_weight=87 258850 1798 289 521 625 406 317 116 268 971 635 65 232 194 130 160 80 274 817 76 85 65 101 74 766 56 797 70 138 292
leaf_count=87 258850 1798 289 521 625 406 317 116 268 971 635 65 232 194 130 160 80 274 817 76 85 65 101 74 766 56 797 70 138 292
internal_value=4.61932e-06 -0.000258067 1.62821e-05 0.000491864 -0.000873785 -0.000521339 -0.000663611 -0.00119275 0.000812833 -0.000936367 -1.42543e-05 0.00137078 0.000241312 0.000924775 -1.15207e-05 -0.00197512 -0.000376491 -0.000886471 -0.00120472 0.000155633 -0.0016912 -0.00173221 0.00187726 -6.86951e-05 -0.000252835 0.00200548 -0.000395142 -0.000908766 -0.00140455 0.000371784
internal_weight=269355 10505 7267 3287 3238 2453 2366 1493 2766 1377 968 333 873 556 324 785 3980 1498 1224 342 165 882 177 2482 2193 130 2063 1297 935 362
internal_count=269355 10505 7267 3287 3238 2453 2366 1493 2766 1377 968 333 873 556 324 785 3980 1498 1224 342 165 882 177 2482 2193 130 2063 1297 935 362
is_linear=0
shrinkage=0.05


Tree=178
num_leaves=31
num_cat=0
split_feature=5 7 4 6 6 4 2 8 7 5 1 8 2 7 1 6 7 6 7 1 8 7 7 7 4 1 8 1 7 7
split_gain=0.272305 0.640603 0.767102 0.849119 0.459405 0.396361 0.352974 0.464124 0.596423 0.332724 0.327314 0.322317 0.431289 0.363044 0.322022 0.321161 0.484861 0.309463 0.340704 0.307542 0.356902 0.342895 0.345259 0.303323 0.292573 0.390036 0.503914 0.29004 0.520713 0.719303
threshold=17.609304298399298 0.019588688035570519 -0.72697674998527051 1.571883440496052 1.2977721653984642 -0.99225335413760363 -0.11316382823439274 0.11218260928264435 0.01161170785257455 16.925915639070251 -0.026582193079394464 0.05189656472381015 -0.32084279149985417 0.058752616110890658 -0.17162639202663535 0.60060948237453116 0.066940537286215143 0.56295236189311193 0.025292673691645704 -0.081931135383295869 0.058780815764824655 0.027329101590553163 0.038998441370282362 0.021465416459827472 -1.3229231923792539 -0.073522063441808602 0.0041166789392324803 -0.13975089850557351 0.037695711979930241 0.030206774574356474
decision_type=8 8 8 10 10 10 10 10 10 10 10 8 8 8 10 10 10 10 10 10 10 10 10 10 10 10 10 10 10 10
left_child=1 4 3 11 5 -1 9 -8 -9 -7 -10 17 -13 14 -14 -4 23 18 -3 21 -21 -16 -23 -17 -5 26 -26 28 29 -19
right_child=-2 2 15 24 -6 6 7 8 10 -11 -12 12 13 -15 19 16 -18 27 -20 20 -22 22 -24 -25 25 -27 -28 -29 -30 -31
leaf_value=0.0007358304814335621 1.4516014211214248e-05 0.0022451027458171464 -6.8242765004268308e-06 0.00089310027628256266 -0.0021131372291523557 -0.0010649320154048772 0.0011582375442768171 -0.0046759614759139369 -0.0019169930344270102 -0.0038240283381823894 0.0020034547036091141 -0.0038871641783419274 -0.0034243918556402888 0.0045588110014796257 -0.00023908741556557351 0.00066071994341265446 0.00062963672597524589 0.0013014617833932971 -0.0019347043151524694 0.0018077252738083296 -0.0010914653517007219 0.0030722219424151737 -0.00036873952998212192 -0.0016906186872268408 0.0020807366792659947 0.001998695392685477 -0.0029625041537001766 0.00099142016445819903 0.00054145223391690082 0.0061899542578806484
leaf_weight=487 258850 72 1424 129 574 1336 413 96 105 119 108 62 58 50 257 154 357 151 151 138 460 269 100 1254 57 60 378 1315 221 150
leaf_count=487 258850 72 1424 129 574 1336 413 96 105 119 108 62 58 50 257 154 357 151 151 138 460 269 100 1254 57 60 378 1315 221 150
internal_value=4.38835e-06 -0.000245164 1.5468e-05 0.000469747 -0.000830096 -0.000553645 -0.000842104 6.17017e-05 -0.00140389 -0.00129059 7.08396e-05 0.00077641 0.000189255 0.000378999 0.000215979 -0.000565451 -0.00101615 0.00117374 -0.00058517 0.000388481 -0.000422421 0.00116311 0.00213971 -0.00143344 -0.00122771 -0.00178041 -0.00230167 0.00138726 0.00238443 0.00373759
internal_weight=269355 10505 7267 4078 3238 2664 2177 722 309 1455 213 3454 1394 1332 1282 3189 1765 2060 223 1224 598 626 369 1408 624 495 435 1837 522 301
internal_count=269355 10505 7267 4078 3238 2664 2177 722 309 1455 213 3454 1394 1332 1282 3189 1765 2060 223 1224 598 626 369 1408 624 495 435 1837 522 301
is_linear=0
shrinkage=0.05


Tree=179
num_leaves=31
num_cat=0
split_feature=5 7 8 6 1 7 6 1 1 6 8 6 5 8 8 7 6 2 2 7 7 7 8 2 5 8 7 1 2 5
split_gain=0.245755 0.578144 0.431691 0.487418 0.515437 0.538386 0.418335 0.393852 0.297224 0.520129 0.504625 0.680256 0.29282 0.276884 0.284285 0.352177 0.400525 0.300934 0.342194 0.322859 0.298644 0.266351 0.522849 0.257525 0.377665 0.334505 0.67557 0.253498 0.458803 0.299471
threshold=17.609304298399298 0.019588688035570519 0.022222221893004001 1.381807549578892 -0.15738888560099426 0.035223353549260199 1.1897040002484742 -0.19254923072727534 -0.13975089850557351 1.6949258391604467 0.028140288459488415 0.80928581942541722 13.654556564743389 1.0000000180025095e-35 0.0058939096232452906 0.035399379558920398 0.72519234197989169 -0.16774193548387098 -0.085033167916594807 0.020551039971919455 0.037897260865345776 0.021221643659886453 0.022222221893004001 -0.11316382823439274 16.925915639070251 0.11218260928264435 0.011966459963838884 -0.10487348131908285 -0.10850160730437557 31.855226679379232
decision_type=8 8 8 10 10 10 10 10 10 10 10 10 10 8 8 10 10 10 10 10 10 8 10 10 10 10 10 10 10 10
left_child=1 6 3 4 5 -3 23 -4 9 10 -9 -12 -13 27 15 16 17 -15 19 -19 -17 22 -10 24 -1 -25 -27 -2 29 -29
right_child=13 2 7 -5 -6 -7 -8 8 21 -11 11 12 -14 14 -16 20 -18 18 -20 -21 -22 -23 -24 25 -26 26 -28 28 -30 -31
leaf_value=-0.00062700947651871412 -0.00084996259815636136 0.0056676960251606616 -0.0023670395773968686 -0.00093807641630451087 0.00061869772312767946 0.0010196368670145142 -0.0017932244650906957 -0.00063144540841816572 0.0056743234016489712 -0.0025512273252737542 0.0079982691167500772 0.0038811658438487997 -0.0009278846464197462 -0.00086722549793303476 1.6061500871341789e-05 -0.0049854663986069955 -0.00071947488630005841 0.0056269070801402759 -0.0012563566421540302 0.0015299025674979552 -0.0012814190348759175 -0.00038169909647506502 0.00028846801291863638 0.00098049107305969805 -0.0035346104789425212 -0.0041326370395962956 0.00059266644744984751 0.0021071137254827926 -0.00020634555358050363 0.0061337509933004127
leaf_weight=1450 126 111 208 413 1496 142 785 104 51 73 62 67 60 133 256251 71 1332 75 61 134 233 4093 387 546 121 115 221 190 183 61
leaf_count=1450 126 111 208 413 1496 142 785 104 51 73 62 67 60 133 256251 71 1332 75 61 134 233 4093 387 546 121 115 221 190 183 61
internal_value=4.16894e-06 -0.000232906 1.46946e-05 0.000606868 0.000971684 0.0030589 -0.000788591 -0.000236095 -0.000145583 0.00122499 0.00216583 0.00370507 0.00160917 1.37902e-05 1.13823e-05 -0.000576671 -0.000301611 0.00107952 0.00203847 0.00300012 -0.00214651 -0.000256294 0.000915588 -0.000467092 -0.000850956 0.000216637 -0.00102462 0.00112438 0.00169758 0.0030857
internal_weight=269355 10505 7267 2162 1749 253 3238 5105 4897 366 293 189 127 258850 258290 2039 1735 403 270 209 304 4531 438 2453 1571 882 336 560 434 251
internal_count=269355 10505 7267 2162 1749 253 3238 5105 4897 366 293 189 127 258850 258290 2039 1735 403 270 209 304 4531 438 2453 1571 882 336 560 434 251
is_linear=0
shrinkage=0.05


Tree=180
num_leaves=31
num_cat=0
split_feature=6 8 2 8 7 7 2 5 5 4 8 4 2 4 4 8 3 4 7 7 2 8 7 2 7 2 8 7 7 8
split_gain=0.23344 0.397291 0.63948 0.39255 0.443132 1.45813 0.535634 0.324867 0.24196 0.268148 0.393535 0.258589 0.259899 0.253776 0.235429 0.210187 0.622852 1.27691 0.787362 0.631564 0.871626 0.519787 0.498731 0.592407 0.538717 0.543736 0.657277 0.850446 1.37446 0.990076
threshold=0.35031719307178938 0.070410074079722218 0.065049367460316768 0.74058871629573042 0.052306130992699713 0.056835442829510065 -0.046906596475218269 24.768242559201592 20.320806189805015 -0.56582534893374137 0.17569641369710343 -0.92919963281544626 0.02538707824926734 0.031979087282105065 -0.8339590118453607 0.6564396703211085 1.0000000180025095e-35 0.57521814977149266 0.032526501253455693 0.026044389389599753 0.020990036973622232 0.57142857020581539 0.058752616110890658 0.5317431461326293 0.022806943077190171 0.10437241159604972 0.77695416947184071 0.021346711800366951 0.022260992922864185 0.75094606584372503
decision_type=8 10 10 10 10 10 10 10 10 10 10 10 10 10 10 8 2 10 10 10 10 10 10 10 8 10 10 10 10 8
left_child=1 7 3 4 8 -6 -7 -1 9 10 -3 -10 13 -13 -9 16 -2 19 -19 -18 -21 -20 23 24 25 -17 27 -27 29 -29
right_child=15 2 -4 -5 5 6 -8 14 11 -11 -12 12 -14 -15 -16 22 17 18 21 20 -22 -23 -24 -25 -26 26 -28 28 -30 -31
leaf_value=-0.0014570458702842194 -1.0451462642485676e-05 0.00065062249451058743 -0.00084427940015998227 0.0052735659535284403 0.0099522942372315907 0.0035766597461676405 -0.0029957284753113675 0.0026134472587887852 0.0036483805922960695 7.030957546438786e-05 0.0061947631215906315 0.00040787268441674413 0.0021765474490138825 -0.0022827294734632099 -7.2052284848943119e-05 -0.00033660238360348424 0.00030418260129781873 -0.00098552478442346303 -0.0061559557420184357 -0.0011693502669291856 -0.00011992904236524701 -0.0024082045865143798 -0.00038763973328001034 -0.0013725548783893645 0.00017448332316848927 0.00063327292075380679 -7.05084791380987e-05 0.0040588655163712869 -0.00024287762030461197 0.012878450472355606
leaf_weight=441 171288 57 544 54 57 62 62 91 66 79 73 1520 197 93 791 10734 4253 902 135 2803 6728 294 5770 681 58764 625 1886 82 101 52
leaf_count=441 171288 57 544 54 57 62 62 91 66 79 73 1520 197 93 791 10734 4253 902 135 2803 6728 294 5770 681 58764 625 1886 82 101 52
internal_value=-2.82338e-06 0.000367604 0.000698633 0.00106042 0.000960018 0.00333314 0.000290466 -0.000349 0.000754006 0.00236774 0.00376387 0.000574225 0.000462128 0.000252742 0.000205023 -8.67397e-06 -3.76019e-05 -0.000345279 -0.0018242 -0.000202473 -0.000428556 -0.00358757 5.98469e-05 9.52531e-05 0.000109089 -0.000175986 0.000451854 0.00159741 0.0041616 0.00748139
internal_weight=269285 4187 2864 2320 2266 181 124 1323 2085 209 130 1876 1810 1613 882 265098 186403 15115 1331 13784 9531 429 78695 72925 72244 13480 2746 860 235 134
internal_count=269285 4187 2864 2320 2266 181 124 1323 2085 209 130 1876 1810 1613 882 265098 186403 15115 1331 13784 9531 429 78695 72925 72244 13480 2746 860 235 134
is_linear=0
shrinkage=0.05


Tree=181
num_leaves=31
num_cat=0
split_feature=6 8 2 7 7 8 2 5 2 4 7 8 4 8 3 4 7 7 2 4 7 7 7 5 7 2 7 4 2 5
split_gain=0.21068 0.358555 0.585779 0.430156 1.38137 0.444101 0.44232 0.293192 0.260489 0.370305 0.214743 0.21796 0.212474 0.193178 0.814676 0.861042 1.12963 0.548131 0.814391 0.522054 0.520317 0.651949 0.762392 0.481097 0.7841 1.26153 0.632525 0.67278 0.457562 0.459348
threshold=0.35031719307178938 0.070410074079722218 0.054573968210210551 0.052306130992699713 0.056835442829510065 0.71509932806643828 -0.046906596475218269 24.768242559201592 0.03700576850888327 -0.2074563251569205 0.034697562260999779 0.28191930370458645 -0.8339590118453607 0.61541130580174574 1.0000000180025095e-35 0.66926294623214633 0.031804127038711529 0.024959169904222034 0.020990036973622232 -0.29470393053016014 0.041538599729037541 0.055227318600763041 0.065185274809158783 52.454968652640595 0.057757133189171216 -0.057288446166372069 0.053672811631288876 0.65998057755851236 -0.067262014085127317 36.551724114403498
decision_type=8 10 10 10 10 10 10 10 10 10 10 10 10 8 2 10 10 10 10 10 10 10 10 10 10 10 10 10 8 10
left_child=1 7 3 5 -5 8 -6 -1 9 -3 11 -11 -9 14 23 17 -17 19 20 -16 -19 -22 -23 -2 26 -26 -25 -28 29 -15
right_child=13 2 -4 4 6 -7 -8 12 -10 10 -12 -13 -14 28 15 16 -18 18 -20 -21 21 22 -24 24 25 -27 27 -29 -30 -31
leaf_value=-0.0013841935663365971 -5.8650006454928086e-05 0.00084903570482445763 -0.00071085473755851667 0.010066142376443302 0.0033978267997172812 0.0048093657135295335 -0.0026501363901011016 0.0024827748911015841 0.0034967080096248537 -0.0022066834573753369 -0.0034815176383818725 0.0013773160695329295 -6.8449661206529017e-05 7.5819973286079715e-05 0.0015094125124582585 -0.00079838380609688017 -0.0057853473405874174 -0.0018331481314867405 -0.00022849153684587959 -0.00011804667711585922 0.00065245407049355881 -0.0047763645399794014 0.0015920616701920846 0.00012758208109372351 -0.00054956142541549727 0.002924656970012002 -0.0026398346383992737 0.001034221103949493 1.6851604697714094e-05 0.0008488103209736876
leaf_weight=441 126035 1686 610 54 62 68 59 91 80 78 74 93 791 4336 616 342 170 1667 5166 2463 549 139 71 38972 449 625 410 179 79457 3452
leaf_count=441 126035 1686 610 54 62 68 59 91 80 78 74 93 791 4336 616 342 170 1667 5166 2463 549 139 71 38972 449 625 410 179 79457 3452
internal_value=-2.68221e-06 0.000349224 0.000663702 0.0010357 0.00341645 0.000835298 0.00044882 -0.00033155 0.000700919 0.000585091 -0.00123128 -0.000257491 0.000194772 -8.24028e-06 -3.81343e-05 -0.000451259 -0.00245421 -0.000355157 -0.000583368 0.000207551 -0.00133905 -0.000253862 -0.00262323 -1.0415e-05 0.000139192 0.00147221 0.000103004 -0.00152327 5.27002e-05 0.000418445
internal_weight=269285 4187 2864 2254 175 2079 121 1323 2011 1931 245 171 882 265098 177853 11183 512 10671 7592 3079 2426 759 210 166670 40635 1074 39561 589 87245 7788
internal_count=269285 4187 2864 2254 175 2079 121 1323 2011 1931 245 171 882 265098 177853 11183 512 10671 7592 3079 2426 759 210 166670 40635 1074 39561 589 87245 7788
is_linear=0
shrinkage=0.05


Tree=182
num_leaves=31
num_cat=0
split_feature=6 8 4 0 1 1 4 4 5 1 5 4 8 4 1 0 1 1 0 8 8 1 5 4 6 4 8 5 4 8
split_gain=0.190139 0.323596 0.449683 0.527227 0.662052 0.398809 0.27089 0.331586 0.264606 0.253114 0.395621 0.335898 0.32128 0.303686 0.22552 0.245607 0.222947 0.240569 0.204267 0.233877 0.318226 0.185036 0.183616 0.180222 0.5104 0.797095 0.5427 0.642108 0.631951 0.536454
threshold=0.35031719307178938 0.070410074079722218 -0.59635219167300624 -0.013114177432586636 -0.012491137028202258 -0.040418564691342689 0.51183061292236742 0.16578027505997298 24.768242559201592 -0.029529180541995988 43.70314948067567 -0.12923078058444573 0.063370921825560714 -0.70674008885377249 -0.092688042175225235 -0.015284348446939875 -0.11100923626367236 -0.055235903337169205 -0.0051204141508056069 0.38041764916219395 0.4935107756377779 -0.045886549553394378 50.904664042458258 -0.11083968852092306 0.91718349947115263 -0.96511640687138911 0.21165644106853862 44.466808129063992 -1.0765432739664587 0.10195031188011575
decision_type=8 10 10 10 10 10 10 10 10 10 10 10 8 10 10 10 10 10 10 10 10 10 10 8 8 10 10 10 10 8
left_child=1 8 3 5 18 -3 7 -4 14 11 -11 12 13 -10 -1 -16 -14 -18 -5 -20 -21 -19 -12 24 25 -2 27 28 -26 -29
right_child=23 2 6 4 -6 -7 -8 -9 9 10 22 -13 16 -15 15 -17 17 21 19 20 -22 -23 -24 -25 26 -27 -28 29 -30 -31
leaf_value=-0.0044417126236629542 0.00053713040259212015 0.0024716335167584581 0.00038196102641117191 -0.0011301809956711143 0.0061021282212875248 0.0075067593116016898 0.0033862830901687799 -0.0015305745490969943 0.0048967354113676059 0.00039672692334045571 -0.0052234762541567246 0.0046966339810751382 0.0025850147797947497 -0.00010015017395331101 0.0022578844708337816 -0.0014037045200235266 -0.0021499980344664056 0.0028730603090176983 0.00029003841442735409 0.0058049458007399853 0.0002994984542107526 -0.00089553626450268847 -0.0013943091972770407 3.3329336809509643e-05 -0.00047219874791693602 -2.2335514371791436e-05 -0.00042482186429674841 -0.0015472472043478412 0.00014100608874216544 -0.00025143482074725963
leaf_weight=51 6921 138 1721 157 56 55 66 261 68 229 56 52 56 55 53 337 162 57 305 52 53 76 71 132769 5211 79468 15482 1211 21690 2346
leaf_count=51 6921 138 1721 157 56 55 66 261 68 229 56 52 56 55 53 337 162 57 305 52 53 76 71 132769 5211 79468 15482 1211 21690 2346
internal_value=-2.5481e-06 0.000331763 0.000630517 0.00162308 0.000915687 0.00390651 0.000235044 0.000130108 -0.000314972 0.000185033 -0.000844551 0.000881862 0.000463364 0.00266236 -0.00131498 -0.000906104 -0.000307223 -0.000856258 0.000403446 0.000990713 0.00302601 0.000719577 -0.00308276 -7.82826e-06 -4.91227e-05 2.24857e-05 -0.000183781 -6.12577e-05 2.2222e-05 -0.000692601
internal_weight=269285 4187 2864 816 623 193 2048 1982 1323 882 356 526 474 123 441 390 351 295 567 410 105 133 127 265098 132329 86389 45940 30458 26901 3557
internal_count=269285 4187 2864 816 623 193 2048 1982 1323 882 356 526 474 123 441 390 351 295 567 410 105 133 127 265098 132329 86389 45940 30458 26901 3557
is_linear=0
shrinkage=0.05


Tree=183
num_leaves=31
num_cat=0
split_feature=6 4 1 2 7 1 1 5 0 1 5 0 7 1 1 1 0 6 7 1 7 5 6 5 5 5 5 0 7 0
split_gain=0.177346 0.443855 0.646306 0.509782 0.386898 0.38609 0.353462 0.444902 0.501028 0.491608 0.603604 0.453428 0.355844 0.291125 0.273103 0.28363 0.249357 0.575322 1.6482 0.494489 0.696087 0.469158 0.479392 0.378354 0.31348 0.506914 0.548484 0.490783 0.317711 0.260804
threshold=0.50210660955191655 -0.96511640687138911 -0.14738400708105606 -0.12636462954379932 0.066940537286215143 -0.11100923626367236 0.079401972898997544 70.261214397015564 0.050560434785319915 0.26006599770700684 77.611940197148598 0.10082579029278151 0.055227318600763041 0.15147380262110979 0.10170033609193742 0.090780493495887696 0.021426348320916725 0.41664128979638942 0.052306130992699713 -0.051973141121421311 0.035934833858425629 63.821138200031818 0.49203054622952808 81.358519548871314 44.466808129063992 36.762584847071828 39.756949441393317 0.031156928875494375 0.03686004482621686 0.029701354600212063
decision_type=10 8 10 8 10 10 10 8 10 10 10 10 10 10 10 10 10 8 10 10 8 8 10 8 10 10 10 10 10 10
left_child=1 2 -1 5 6 -4 16 12 9 10 -9 13 14 -10 15 -8 -3 18 19 -18 -21 22 24 -23 25 28 -27 -28 29 -19
right_child=-2 4 3 -5 -6 -7 7 8 11 -11 -12 -13 -14 -15 -16 -17 17 21 -20 20 -22 23 -24 -25 -26 26 27 -29 -30 -31
leaf_value=-0.0033698076371151465 -1.7671753890368234e-05 4.923423438850641e-05 0.00081122303166641636 0.00091902458192789612 0.0012513225138534537 0.0055557051017540438 -0.0024183654016730772 -0.00028075224647542834 -0.0053010050118146058 0.0040696115951742171 0.0052839669425321645 0.00051764221488069875 0.0020938014594029707 -0.0014285206152215744 -0.0032871847188709162 0.0011098478255870262 -0.0022968251337272109 0.0013639844265228684 0.010553095260143489 -0.00095008603946897328 0.0057985828334724985 0.004145508467728749 0.0029778159785945361 0.00069933582939575166 -0.0021123486219522566 0.0062158235124553799 0.0032188190417664665 -0.0032088716936063098 -0.0038891143756865695 -0.0021925769945529781
leaf_weight=68 235952 27883 65 518 687 126 138 605 91 92 53 137 53 104 273 97 81 110 54 74 79 86 86 1078 337 54 62 57 88 97
leaf_count=68 235952 27883 65 518 687 126 138 605 91 92 53 137 53 104 273 97 81 110 54 74 79 86 86 1078 337 54 62 57 88 97
internal_value=-2.4207e-06 0.000105536 0.00128656 0.00173315 7.7349e-05 0.00394109 5.20416e-05 -0.000662173 -6.97239e-05 0.000646133 0.00016747 -0.00168687 -0.00180483 -0.00323568 -0.00221158 -0.000962039 9.08643e-05 0.000586285 0.00267919 0.000862132 0.00253452 0.000292973 -0.000570525 0.00095395 -0.000949602 -0.000112325 0.00203651 0.000140009 -0.00137249 -0.000302617
internal_weight=269285 33333 777 709 32556 191 31869 1643 1082 750 658 332 561 195 508 235 30226 2343 288 234 153 2055 891 1164 805 468 173 119 295 207
internal_count=269285 33333 777 709 32556 191 31869 1643 1082 750 658 332 561 195 508 235 30226 2343 288 234 153 2055 891 1164 805 468 173 119 295 207
is_linear=0
shrinkage=0.05


Tree=184
num_leaves=31
num_cat=0
split_feature=9 0 1 0 0 6 5 1 4 7 5 5 0 8 4 4 5 6 0 7 1 6 6 5 6 7 7 8 6 5
split_gain=0.163677 0.278869 0.586853 0.557491 0.519044 0.889329 0.334852 0.332551 0.278152 0.830448 0.453574 0.317364 0.336317 0.300898 0.259357 0.292449 0.316952 0.57697 0.320431 0.671619 0.441151 0.430928 0.348819 0.312157 0.275541 0.480093 0.358198 0.318794 0.623263 0.647283
threshold=1.0000000180025095e-35 0.020530856433820691 0.018543991081803716 0.021898991201666943 0.018374384594533225 1.7462420465785153 66.433854731003393 0.085967762479124979 1.2768143495111557 0.046375553000835915 77.611940197148598 66.433854731003393 0.052427708969265858 0.47214763640315688 0.89317498498260806 0.72099149676907681 82.721296622103907 0.91718349947115263 0.064879818699374772 0.029337315709636051 0.075422496016705157 1.2881132953148915 1.1092931942997908 69.557319285064295 1.6949258391604467 0.075517149084893084 0.070843092138759015 0.34850157802427006 2.8721210558773405 72.193383674602458
decision_type=2 10 10 10 10 10 10 8 10 8 10 10 10 10 10 10 10 10 10 10 10 10 10 10 10 10 10 10 10 10
left_child=8 4 -3 -4 6 7 -2 -6 -1 10 11 13 -13 -10 15 -5 17 -17 19 -19 -20 22 -21 -23 25 -16 27 28 29 -26
right_child=1 2 3 14 5 -7 -8 -9 9 -11 -12 12 -14 -15 24 16 -18 18 20 21 -22 23 -24 -25 26 -27 -28 -29 -30 -31
leaf_value=-7.982016149945753e-06 -0.00086224035433512354 0.0050928216182691017 -0.0024510452927409571 -0.0017892766174433441 -0.00055889387719512565 0.0074220034655494002 0.00086062943991530158 0.0038913682668862749 0.0015356146664707922 -0.0056454494445270665 -0.0032668716228096794 0.00054325174238369035 0.0049444444990194032 -0.0034331960984183337 -0.00049103534606677909 0.0058096785114660279 -0.0013192492041075342 -0.00051354779817770714 0.002207561130935867 0.003868669766932726 -0.0033963777528742307 0.0026942691836359632 -0.0018077207230015706 0.006881980387378861 0.0012245823711150199 0.0041073580127980172 -0.0030576865873782237 0.00014349401481976676 -0.001178292811853937 0.0057729727244688151
leaf_weight=257614 384 58 218 90 122 75 1062 64 50 86 101 182 57 78 2658 73 107 198 62 50 81 89 59 89 277 58 82 4889 163 109
leaf_count=257614 384 58 218 90 122 75 1062 64 50 86 101 182 57 78 2658 73 107 198 62 50 81 89 59 89 277 58 82 4889 163 109
internal_value=-2.29966e-06 0.000185552 7.88927e-05 4.77969e-05 0.000773521 0.00282572 0.000403104 0.000972379 -1.03888e-05 -0.00112954 -0.000299695 0.000516884 0.00159291 -0.00149225 0.000107436 0.000914316 0.00121546 0.00160235 0.00111329 0.00172656 -0.000966698 0.003272 0.000796128 0.00478812 1.94595e-05 -0.000392837 0.000222321 0.000271781 0.00141421 0.00250897
internal_weight=269285 11117 9410 9352 1707 261 1446 186 258168 554 468 367 239 128 9134 898 808 701 628 485 143 287 109 178 8236 2716 5520 5438 549 386
internal_count=269285 11117 9410 9352 1707 261 1446 186 258168 554 468 367 239 128 9134 898 808 701 628 485 143 287 109 178 8236 2716 5520 5438 549 386
is_linear=0
shrinkage=0.05


Tree=185
num_leaves=31
num_cat=0
split_feature=6 2 0 7 4 6 2 7 2 5 4 5 7 4 4 7 7 7 0 4 5 5 2 0 7 7 5 7 0 7
split_gain=0.195325 0.204887 0.202903 0.178293 0.140444 0.534678 0.608019 0.374627 0.362776 0.529554 0.510502 0.690437 1.01794 0.895057 0.633356 0.560162 0.483193 0.534256 0.377316 0.392644 0.352753 0.440419 2.03381 0.321313 0.296193 0.463762 0.438957 0.585591 0.440207 0.43384
threshold=4.1205965995928295 -0.0014523690205593407 -0.08895198320300883 0.0081742625780446224 0.5843916806097863 1.2202166521143678 -0.10704438893568106 0.012907082895588661 0.3897788632604014 73.576251344163992 0.34525256641318514 67.008265075488623 0.073071248271039071 0.46038708663435884 0.38040815117754667 0.066940537286215143 0.054473624498138536 0.065185274809158783 -0.0051204141508056069 0.48583506881752903 67.609507282816807 63.821138200031818 0.46454772059302524 0.0075376884422110333 0.043054602623442122 0.06094917433654435 68.881771044823552 0.052306130992699713 0.076313887081616474 0.041264316431061085
decision_type=10 10 10 8 10 10 10 10 10 10 10 10 10 10 10 10 10 10 10 10 10 10 10 10 10 10 10 10 10 10
left_child=3 2 -2 -1 8 7 -7 -6 -5 10 20 14 15 -14 -12 18 23 -18 19 -13 21 -10 -23 -11 29 26 28 -28 -26 -9
right_child=1 -3 -4 4 5 6 -8 24 9 16 11 12 13 -15 -16 -17 17 -19 -20 -21 -22 22 -24 -25 25 -27 27 -29 -30 -31
leaf_value=0.00064711922079711305 -0.0012346975901511624 -0.0010228395434437674 0.0023210824544366913 9.6025060020504814e-07 0.0009132015482352057 -0.0052829310747702554 7.8040326839863095e-05 -0.00035220754785782247 -0.00021847402999721421 -0.001135016430364272 0.0053431821614919632 0.0081058625081046071 0.0031675084462913223 0.01262825503142085 -0.00046824677313755578 -0.0024155021992332323 -0.0075802277787588544 -0.00079274851798444344 0.00065735698383853798 0.00236572573462931 -0.0031334087774912652 0.0098935954007801832 -0.003347581173373579 0.0039054366904310886 0.0010443237889358262 -0.00091794891805490025 -0.00090396888523711734 0.0010409969547789516 -0.0023205320675488907 -0.0016338684327470568
leaf_weight=1035 67 841 100 218404 648 53 25381 15836 408 86 56 55 50 50 288 57 50 69 86 65 74 58 58 50 1726 972 1159 581 103 689
leaf_count=1035 67 841 100 218404 648 53 25381 15836 408 86 56 55 50 50 288 57 50 69 86 65 74 58 58 50 1726 972 1159 581 103 689
internal_value=-1.04719e-05 -0.000705183 0.000894512 -7.86038e-06 -1.03983e-05 -8.87086e-05 6.6869e-05 -0.000270939 6.38707e-06 0.000766156 0.00117337 0.00208288 0.00360394 0.00789788 0.0004778 0.00197127 -0.00131785 -0.00364463 0.00318508 0.00499662 9.80923e-05 0.000554449 0.00327301 0.000718091 -0.000307364 5.02887e-05 0.000313984 -0.000254529 0.000854832 -0.000405646
internal_weight=269155 1008 167 268147 267112 47148 25434 21714 219964 1560 1305 707 363 100 344 263 255 119 206 120 598 524 116 136 21066 4541 3569 1740 1829 16525
internal_count=269155 1008 167 268147 267112 47148 25434 21714 219964 1560 1305 707 363 100 344 263 255 119 206 120 598 524 116 136 21066 4541 3569 1740 1829 16525
is_linear=0
shrinkage=0.05


Tree=186
num_leaves=31
num_cat=0
split_feature=6 0 8 5 5 7 2 8 2 7 3 7 1 2 8 0 1 5 7 1 0 8 5 7 7 5 0 0 8 7
split_gain=0.176281 0.187908 0.591197 0.269505 0.192168 0.16091 0.146852 0.317137 0.46153 0.274024 0.208609 0.167621 0.145503 0.516588 0.544068 0.793639 0.461797 0.704838 0.392298 0.484285 0.457151 0.376111 0.465852 0.361801 0.568302 1.59884 0.348424 0.326856 0.309724 0.28288
threshold=4.1205965995928295 0.048838080306593652 0.83104930563871315 67.609507282816807 56.214217423369426 0.0081742625780446224 0.1619513799135415 0.77695416947184071 0.34107168447774633 0.046375553000835915 1.0000000180025095e-35 0.033571281333631749 0.138593914159612 0.13107358875951461 0.84274905879301187 -0.03774230354245716 0.19168037263172447 68.218354287684932 0.037695711979930241 0.17857975875780266 -0.0088991783330981105 0.62891700663002381 69.897354001669427 0.024318907553594282 0.026744002490023656 76.247475864889722 -0.019538279110054176 0.0094564099437399757 0.73026093693571581 0.051698813434739997
decision_type=10 10 8 8 8 8 10 10 10 10 2 10 10 8 8 10 10 10 10 10 10 10 10 8 8 10 10 10 10 10
left_child=5 2 3 4 -2 -1 9 -8 10 11 -9 -3 -7 14 15 -14 21 29 19 -16 -20 26 -23 -15 25 -25 -17 -22 -24 -18
right_child=1 6 -4 -5 -6 12 7 8 -10 -11 -12 -13 13 23 18 16 17 -19 20 -21 27 22 28 24 -26 -27 -28 -29 -30 -31
leaf_value=0.00061476326145452182 -0.00048634242827249485 -0.00053692736016855414 0.0051298462627631311 -0.002625013004004393 0.0030124564859381115 -1.7511360144877264e-05 -0.0045032696386252333 -0.00023382742060459264 0.0018314002811538198 -0.0033291634829384423 -0.0038361239362128398 0.0022516705298422485 -0.0036685044956156765 -0.0027763545051821287 0.0022551789060224043 0.0032408967558876611 0.0012911495610613295 -0.0021418625124732943 0.0046863804453904671 0.00734334611450322 -0.0023345909491498873 -0.0018536034902668025 -0.00078929004957899456 -0.0033911801624344666 -8.3982351798267841e-05 0.0070558517153295587 0.00030863223254472505 0.0010971694837569044 0.0046946052726650356 0.0034950618291609485
leaf_weight=1035 137 161 53 106 55 256153 86 63 93 62 111 81 118 121 212 110 316 105 72 60 88 391 52 60 7229 94 1282 328 51 270
leaf_count=1035 137 161 53 106 55 256153 86 63 93 62 111 81 118 121 212 110 316 105 72 60 88 391 52 60 7229 94 1282 328 51 270
internal_value=-9.9483e-06 -0.000669924 0.000264065 -0.000601326 0.000515918 -7.46736e-06 -0.0011689 -0.00186261 -0.00101206 -0.000363382 -0.00253184 0.000396446 -9.87837e-06 0.000168533 0.00067445 0.000341254 0.000524859 0.00163064 0.00185598 0.00337757 0.00100788 0.000119718 -0.00106554 -6.44014e-05 -1.99552e-05 0.00298558 0.000540349 0.00037122 0.00192604 0.0023066
internal_weight=269155 1008 351 298 192 268147 657 353 267 304 174 242 267112 10959 3455 2695 2577 691 760 272 488 1886 494 7504 7383 154 1392 416 103 586
internal_count=269155 1008 351 298 192 268147 657 353 267 304 174 242 267112 10959 3455 2695 2577 691 760 272 488 1886 494 7504 7383 154 1392 416 103 586
is_linear=0
shrinkage=0.05


Tree=187
num_leaves=31
num_cat=0
split_feature=4 2 5 8 1 5 2 8 8 5 1 0 8 1 8 0 1 5 4 8 2 8 4 8 1 5 2 2 8 2
split_gain=0.157504 0.326135 0.477945 0.561222 1.13819 0.959005 0.595079 0.409159 0.887406 0.706914 0.366447 0.330542 0.338816 0.368029 0.290595 0.317716 0.303202 0.283672 0.279069 0.484771 0.262885 0.239095 0.252101 0.234642 0.232573 0.430028 0.442818 0.37374 0.700352 0.619751
threshold=0.5843916806097863 0.3897788632604014 73.576251344163992 0.87359775149466901 0.050584170450210249 62.393883041702011 0.5317431461326293 0.83677729463455208 0.80382359519951585 63.821138200031818 0.0192318259825679 -0.044684129429892132 0.76130113397639287 0.0077176603067186109 0.69016439974999833 0.022412765753629164 0.00076084219422800647 75.64042598981753 0.25576882262114425 0.74058871629573042 0.34107168447774633 0.84274905879301187 0.021814278530545555 0.73557485070685813 0.050584170450210249 64.304637370408599 0.23269160944132808 0.23999290991948866 0.91231343233938167 0.46454772059302524
decision_type=10 10 10 8 10 10 10 10 10 10 10 10 10 10 10 10 10 10 10 10 10 10 10 10 10 10 8 10 10 10
left_child=1 20 3 7 5 -5 -7 8 11 -10 -9 18 14 -14 15 -13 23 -4 -3 -20 -1 22 -22 -16 25 26 -2 -27 29 -29
right_child=24 2 17 4 -6 6 -8 10 9 -11 -12 12 13 -15 16 -17 -18 -19 19 -21 21 -23 -24 -25 -26 27 -28 28 -30 -31
leaf_value=6.4738498638584381e-06 -0.00047854298251224202 0.0045655631305872588 -0.0037632003766842762 -0.0031608218386073614 0.0079016135290593797 0.006498893083344344 1.2220409553265199e-05 -0.005455492110009872 0.00045281849052830072 0.0082401271087720104 0.00045451663760037194 6.7190001505589922e-05 -0.0050247384989502986 0.00057527743559330699 0.001988904883132078 -0.0043290552811670767 0.004507418428869414 -0.0001439843113707789 -0.0017135362237847103 0.0043249064112420785 0.00185836516198163 0.0012339404579607719 -0.0016285970861314458 -0.0021927868054163724 -1.0381744275139567e-05 -0.00015301568484310404 -0.0027598421154967087 0.00062986767885633713 0.0027230933147009964 -0.0027826970574920469
leaf_weight=218634 6425 69 78 83 85 79 64 51 51 68 54 183 71 50 86 53 64 177 84 55 57 108 572 55 31247 9023 220 815 335 159
leaf_count=218634 6425 69 78 83 85 79 64 51 51 68 54 183 71 50 86 53 64 177 84 55 57 108 572 55 31247 9023 220 815 335 159
internal_value=-9.45088e-06 8.41883e-06 0.000728809 0.00111568 0.0029694 0.00111436 0.00359577 0.000535688 0.000884319 0.00490271 -0.00241606 0.000263295 -0.000366938 -0.00271068 0.00027613 -0.000920102 0.00165326 -0.00125104 0.00196614 0.000675776 3.29596e-06 -0.000939437 -0.00131261 0.000357749 -9.13183e-05 -0.000240286 -0.000554071 -3.84757e-05 0.000751054 7.27858e-05
internal_weight=269155 220931 1560 1305 311 226 143 994 889 119 105 770 562 121 441 236 205 255 208 139 219371 737 629 141 48224 16977 6645 10332 1309 974
internal_count=269155 220931 1560 1305 311 226 143 994 889 119 105 770 562 121 441 236 205 255 208 139 219371 737 629 141 48224 16977 6645 10332 1309 974
is_linear=0
shrinkage=0.05


Tree=188
num_leaves=31
num_cat=0
split_feature=6 2 1 7 5 7 7 7 2 4 2 2 6 0 7 0 0 2 7 6 7 1 2 0 7 7 7 6 4 4
split_gain=0.158927 0.181209 0.239997 0.146289 0.136235 0.46066 0.62065 1.01524 0.590237 0.982635 0.377054 0.368868 0.355691 0.912798 0.370545 0.490885 0.37433 0.362709 0.798838 0.445022 0.420584 0.557769 0.537422 0.383112 0.352786 0.576453 0.696136 1.22172 1.58378 1.74107
threshold=4.1205965995928295 -0.0014523690205593407 -0.13278317838299639 0.0081742625780446224 81.358519548871314 0.068895718469190556 0.057757133189171216 0.059819200537251725 0.65459219715740546 1.0166187260216664 0.3897788632604014 0.46454772059302524 2.2673683850001769 0.0035908044237208396 0.021000936247644649 0.03527687718704265 0.024010049408489612 0.17480451732844984 0.032822048358662585 0.73816324167196423 0.052946406917865098 0.32037338840207635 0.5317431461326293 -0.0032051282051281933 0.054473624498138536 0.070843092138759015 0.079061678468717936 1.047165219241738 0.31795701776941004 0.44198032478668831
decision_type=10 10 10 8 10 10 10 10 10 10 10 10 10 10 8 10 10 8 10 8 10 10 10 10 10 10 10 10 10 10
left_child=3 2 -2 -1 10 6 12 -8 11 -10 -5 -9 17 -14 -15 16 -16 18 -6 -19 21 -21 -22 -20 -12 -26 27 28 -27 -30
right_child=1 -3 -4 4 5 -7 7 8 9 -11 24 -13 13 14 15 -17 -18 19 23 20 22 -23 -24 -25 25 26 -28 -29 29 -31
leaf_value=0.00058666665205606302 -0.0017296496939299437 -0.00093436324047543482 0.0022514542518557402 -1.1156717658680177e-05 -0.00049352442161714296 -0.0025959573172525886 0.0072674394822941808 0.00091059253127737496 0.008169964103028178 -0.0016015508625094059 0.0011651231261038499 -0.0047360254279872191 0.0059838242715577021 0.0028365700638317446 -0.00027975163357041311 -0.0013694983952107932 0.0053449505973945967 -0.0030283088483468411 0.0062937731451641488 -0.00068604805756185207 0.0057229461209652461 -0.0051406856396631027 -0.00073672215095595334 0.0015831865578411813 -0.00054849610912828593 -0.0011523114349398676 -0.00023950073966967162 -0.00053138717880583063 0.0149036334882326 0.0042094990213712054
leaf_weight=1035 58 841 109 258553 1140 204 71 55 50 53 1291 61 74 102 64 372 55 221 52 1879 57 73 74 254 1333 87 526 210 51 150
leaf_count=1035 58 841 109 258553 1140 204 71 55 50 53 1291 61 74 102 64 372 55 221 52 1879 57 73 74 254 1333 87 526 210 51 150
internal_value=-8.97834e-06 -0.000635626 0.000868795 -6.62269e-06 -8.92155e-06 -0.000269837 -0.000169024 0.00207169 0.000387219 0.0031419 -4.03463e-06 -0.00205875 -0.000316139 0.000747748 9.43422e-05 -0.000475326 0.0023199 -0.000505369 0.000115344 -0.000894931 -0.000668586 -0.000852641 0.00207397 0.00238368 0.000500745 0.000136846 0.00102899 0.00236881 0.00448354 0.00692294
internal_weight=269155 1008 167 268147 267112 4911 4707 290 219 103 262201 116 4417 667 593 491 119 3750 1446 2304 2083 1952 131 306 3648 2357 1024 498 288 201
internal_count=269155 1008 167 268147 267112 4911 4707 290 219 103 262201 116 4417 667 593 491 119 3750 1446 2304 2083 1952 131 306 3648 2357 1024 498 288 201
is_linear=0
shrinkage=0.05


Tree=189
num_leaves=31
num_cat=0
split_feature=4 7 8 5 5 7 8 1 4 2 7 2 5 5 7 7 3 7 5 5 5 1 4 5 7 7 1 8 7 5
split_gain=0.143434 0.272945 0.629041 0.903344 0.500184 0.584078 0.698538 0.496466 0.470223 0.437292 0.58116 0.904278 0.799831 0.387804 0.400332 0.696086 0.378759 0.797835 0.545907 0.721161 0.569908 0.576617 0.483089 0.775572 0.582749 0.475932 0.376572 0.741316 0.723283 0.45022
threshold=0.71088751332961142 0.033417484923777406 0.85517241207292927 82.721296622103907 57.221500129253876 0.058752616110890658 0.91946033832292196 0.13273324462366434 0.95870618515884576 0.026812013978577246 0.04275317982542725 0.015640532069790884 71.384803105610402 81.358519548871314 0.066940537286215143 0.052306130992699713 1.0000000180025095e-35 0.070843092138759015 80.202179339743097 67.314036753084238 62.872817551059583 0.045230039706666177 0.8658097108469397 64.554992302937606 0.044028506789199028 0.06094917433654435 0.13273324462366434 0.63822425733608601 0.04728594744409189 75.64042598981753
decision_type=10 8 8 10 10 8 10 10 10 10 10 10 10 10 10 8 2 10 10 10 10 10 10 10 10 10 10 10 10 10
left_child=-1 -2 3 9 5 6 7 -4 13 10 12 -12 -3 16 15 -15 -6 18 19 20 21 -18 23 -22 -25 -21 27 28 -11 -28
right_child=1 2 4 -5 8 -7 -8 -9 -10 26 11 -13 -14 14 -16 -17 17 -19 -20 25 22 -23 -24 24 -26 -27 29 -29 -30 -31
leaf_value=5.5464882823501869e-06 1.8202677884261643e-05 -0.0015149712240453447 0.0029605215453858101 0.0016032826379436026 -0.0012079221333969345 -0.0026556908486458333 -0.00035183230659888734 0.0086117712123918218 0.00030737470477481556 -0.0024855837815402214 0.00083985974286604535 0.0082909590884239649 0.0045213439916551579 -0.0023082482985638162 -0.0059618537670330096 0.0024668232883451528 -0.0047539327965261278 0.0049858543922891843 0.0039685602886366505 -0.00074086366059368796 0.0072964379346619054 0.00049358814921001575 -0.00017137542688678808 -0.0007141174339423223 0.0054961739566968364 -0.0045992652463271869 -0.00011833632044678151 -0.00052509937583110377 0.00045372900630970817 -0.0017691267321950947
leaf_weight=234309 19885 385 127 433 770 59 110 56 4211 1341 202 51 64 358 51 97 65 80 79 1131 90 269 131 105 59 86 2086 1702 248 515
leaf_count=234309 19885 385 127 433 770 59 110 56 4211 1341 202 51 64 358 51 97 65 80 79 1131 90 269 131 105 59 86 2086 1702 248 515
internal_value=-8.52942e-06 -0.000103178 -0.000264507 -0.000609008 4.06112e-05 0.00188312 0.00279708 0.00468987 -4.49286e-05 -0.00075428 0.000425346 0.00234186 -0.000654561 -0.00048502 -0.00176112 -0.00129027 -0.000259643 8.88887e-05 -0.000105532 -0.000271778 0.000983715 -0.000527636 0.00229486 0.00356682 0.00152007 -0.00101352 -0.000894826 -0.00125019 -0.00202684 -0.000445194
internal_weight=269155 34846 14961 7027 7934 352 293 183 7582 6594 702 253 449 3371 506 455 2865 2095 2015 1936 719 334 385 254 164 1217 5892 3291 1589 2601
internal_count=269155 34846 14961 7027 7934 352 293 183 7582 6594 702 253 449 3371 506 455 2865 2095 2015 1936 719 334 385 254 164 1217 5892 3291 1589 2601
is_linear=0
shrinkage=0.05


Tree=190
num_leaves=31
num_cat=0
split_feature=5 4 7 6 8 8 1 7 5 1 7 5 8 8 5 4 8 6 8 6 8 4 4 6 1 4 8 8 7 3
split_gain=0.135645 0.312064 0.441334 0.426791 0.429827 0.412926 0.357976 0.642284 0.334021 0.326016 0.308264 0.551997 0.891586 0.431746 0.396032 0.394691 0.814147 0.372457 0.335403 0.371111 0.332087 0.310815 0.693376 0.502131 0.461645 0.336264 0.571409 0.357389 0.312358 0.30991
threshold=52.454968652640595 0.46038708663435884 0.011187909012920107 0.97841995601056764 0.18161289280619045 0.20528607269751348 -0.13975089850557351 0.062182765303145433 70.622972347479006 -0.086978427963726276 0.06361128722715019 32.802547756075285 0.40085287789502083 0.33333333014833016 12.499999998266235 0.3362891616822582 0.72508888121756854 0.62174119467419764 0.89237539003806587 0.77489056527903322 0.26132687509649116 -0.73376258002556427 -0.79319891203976878 1.4883171927674639 -0.076159483882691267 -0.56582534893374137 0.45982675126958616 0.59353702287685184 0.084054682809110978 1.0000000180025095e-35
decision_type=8 8 8 10 10 8 10 10 10 8 8 10 10 10 10 10 10 10 10 10 10 8 10 10 10 10 8 8 10 2
left_child=10 3 -3 8 -5 -4 7 -6 -2 -7 18 12 13 14 -12 16 21 -14 -1 -20 -16 22 23 -13 25 27 -27 -23 -26 -28
right_child=1 2 5 4 6 9 -8 -9 -10 -11 11 15 17 -15 20 -17 -18 -19 19 -21 -22 24 -24 -25 28 26 29 -29 -30 -31
leaf_value=-3.9950293894907511e-05 9.017606316900613e-05 0.00096093516886561854 -0.00091386335275649665 -0.00030308246450884348 0.0074367031687870627 -0.00090476872205123328 0.00048387374855208106 -0.00042337868384630334 -0.0006549814309091068 -2.464020698781204e-06 0.0014054093960109994 -0.00024068985356445248 -0.0066495286720215947 0.0038623483191181996 -0.00022647348813035451 -0.0019645429473149926 0.0060195695907758508 -0.0017226196687757198 -0.0011715587522261419 0.003379966598489167 -0.003797349929045052 -0.0035494277726463748 0.007122776739425578 0.0053107044073085327 0.0011495220127433294 0.0027123106068872391 -0.0016441052687182296 -0.00040930925335116346 -0.0012468493325485887 0.0015150042714334891
leaf_weight=152325 28080 1133 1308 1895 51 1017 11069 53 1589 63981 383 176 68 71 2307 131 74 88 65 144 67 132 59 53 1982 189 253 289 146 112
leaf_count=152325 28080 1133 1308 1895 51 1017 11069 53 1589 63981 383 176 68 71 2307 131 74 88 65 144 67 132 59 53 1982 189 253 289 146 112
internal_value=6.77984e-06 4.94252e-05 -1.75624e-05 0.000155132 0.000393212 -3.42825e-05 0.000511307 0.00343108 5.02672e-05 -1.65821e-05 -2.27493e-05 0.00031233 -0.000190401 1.2589e-05 -8.65524e-05 0.000729502 0.000831355 -0.00387025 -3.72039e-05 0.00196442 -0.000327252 0.000718135 0.00228941 0.00104413 0.0005723 -0.000328683 0.000480774 -0.00139386 0.000985109 -0.000674735
internal_weight=269290 110176 67439 42737 13068 66306 11173 104 29669 64998 159114 6580 2984 2828 2757 3596 3465 156 152534 209 2374 3391 288 229 3103 975 554 421 2128 365
internal_count=269290 110176 67439 42737 13068 66306 11173 104 29669 64998 159114 6580 2984 2828 2757 3596 3465 156 152534 209 2374 3391 288 229 3103 975 554 421 2128 365
is_linear=0
shrinkage=0.05


Tree=191
num_leaves=31
num_cat=0
split_feature=2 5 6 8 7 7 6 2 5 7 5 1 7 7 5 1 6 7 8 6 7 7 2 8 2 4 6 7 5 7
split_gain=0.145086 0.291146 0.384347 0.336728 0.396515 0.334794 0.906816 1.13806 0.535569 0.495773 0.599195 0.540471 0.454459 0.381025 0.349095 0.368672 0.365518 0.424676 0.340776 0.336959 0.32886 0.339819 0.442611 0.334527 0.318808 0.587297 0.379227 0.458043 0.318182 0.303144
threshold=0.15443695257483639 81.358519548871314 0.73816324167196423 0.64294947231529287 0.04516356898295245 0.028749857779281091 2.6997656663647489 0.225079449382973 84.36679887914751 0.032677986316878328 86.352263577446465 0.11159149277058301 0.033275881399993615 0.027563969432362691 82.721296622103907 0.071906364990049113 0.80928581942541722 0.034206060103639156 0.87359775149466901 2.2673683850001769 0.03630989795466992 0.04516356898295245 0.5317431461326293 0.88622776003250536 0.3897788632604014 1.2768143495111557 2.5603091509611668 0.056835442829510065 82.721296622103907 0.068895718469190556
decision_type=10 10 10 10 10 10 10 10 10 10 10 10 10 10 10 10 10 10 10 10 10 10 10 8 10 10 10 10 10 10
left_child=-1 -2 3 -3 -5 6 8 -8 28 10 11 -7 -11 -10 15 -14 -16 -18 -12 -13 23 22 -22 -19 25 -23 29 -28 -4 -26
right_child=1 2 5 4 -6 9 7 -9 13 12 18 19 14 -15 16 -17 17 20 -20 -21 21 24 -24 -25 26 -27 27 -29 -30 -31
leaf_value=-6.9899830989373837e-06 0.00016062984276627227 0.0013896966308283691 -0.00010332878282362664 -0.0015364665593107273 -0.0062301895463720567 -0.0035973458707960976 -8.8078252525186884e-05 0.0089289570861644501 0.00049008167317459502 0.0040529100485371368 -0.0069225131202336051 0.0033231986037571917 0.0019835900688954327 0.0050771721693522792 0.0039953209576196972 -0.0023136648586067304 -0.0035963926935590898 -0.00085924260932313033 -0.00238987540906237 -0.001796166618121788 -0.00044619911176346447 0.0042421686084471583 -0.0042144783147377895 0.0042093671426280503 -0.00010272222148149278 -0.0017917069276639571 -0.0007488555993516873 0.0044338613575220943 -0.0035490685693388572 -0.0029753998163107457
leaf_weight=237485 28222 52 135 133 68 83 71 69 403 62 73 90 59 51 56 324 83 51 96 50 353 123 100 90 427 60 81 90 133 117
leaf_count=237485 28222 52 135 133 68 83 71 69 403 62 73 90 59 51 56 324 83 51 96 50 353 123 100 90 427 60 81 90 133 117
internal_value=6.44084e-06 0.000106728 -0.000317841 -0.0021966 -0.00312439 -0.000175101 0.000673211 0.00435603 -4.09097e-05 -0.000471391 -0.00210222 -0.000400449 -0.00016345 0.00100537 -0.000293248 -0.00165169 2.5747e-05 -0.000115393 -0.00434776 0.00149485 7.82546e-05 -0.000161559 -0.00127805 0.00237604 0.00040166 0.00226385 -7.49566e-05 0.00197889 -0.00181334 -0.000720559
internal_weight=269290 31805 3583 253 201 3330 862 140 722 2468 392 223 2076 454 2014 383 1631 1575 169 140 1492 1351 453 141 898 183 715 171 268 544
internal_count=269290 31805 3583 253 201 3330 862 140 722 2468 392 223 2076 454 2014 383 1631 1575 169 140 1492 1351 453 141 898 183 715 171 268 544
is_linear=0
shrinkage=0.05


Tree=192
num_leaves=31
num_cat=0
split_feature=2 5 1 1 4 1 6 5 6 6 1 8 2 8 4 1 6 2 2 6 6 1 2 1 1 2 6 6 6 2
split_gain=0.13094 0.262759 0.353393 0.349402 0.368463 0.287397 0.26371 0.468376 0.578324 0.454275 0.594848 0.517953 0.508933 0.366257 0.439173 0.425197 0.384656 0.68745 0.411443 0.344789 0.931535 0.540202 0.439517 0.411248 0.435911 0.951236 0.466732 0.408973 0.482413 0.917673
threshold=0.15443695257483639 81.358519548871314 -0.0081078119972283185 0.0083053923607457909 0.64977701337552107 0.054286838260087629 0.94699432623376933 51.873198831565766 1.4582995398390131 1.0631663384097843 -0.027190098960917394 0.58893448791481096 0.21138725944221473 0.59803098225275841 0.35373948376264092 0.063716578234004909 0.96058248484507347 0.30648267736161167 0.23269160944132808 1.4057786209258627 1.6093040268207586 0.018543991081803716 0.189021640767469 0.05944845259693899 -0.066742900730086083 0.28079413032914996 1.0631663384097843 1.1035764293596644 1.0220244080744385 0.21138725944221473
decision_type=10 10 8 10 10 10 10 10 10 10 10 8 10 10 10 10 10 10 10 10 10 10 10 10 10 10 10 10 10 10
left_child=-1 6 -3 -4 5 -5 -2 8 9 10 -8 -11 -13 15 -15 19 17 18 -16 23 21 -21 -23 24 25 26 -9 28 -26 -30
right_child=1 2 3 4 -6 -7 7 13 -10 11 -12 12 -14 14 16 -17 -18 -19 -20 20 -22 22 -24 -25 27 -27 -28 -29 29 -31
leaf_value=-6.6404829840818228e-06 -1.7124194323539719e-05 -0.0043544655211076562 0.0033082915531635728 -0.0035054304542476247 -0.00018275674244234798 0.00081189167238055512 0.007716241942070351 0.0024972373529618501 0.0062996869951131799 0.0031691368876232045 0.0011134210241578737 0.00080764608323653721 -0.0046050336911866909 -0.0010746501452456583 0.0027841746332705956 0.00020269241939322973 0.00014532322828158354 0.0071270573173056948 -0.002833616350862113 0.0089861057040887694 0.00042850773453669195 -2.6290713470767847e-06 0.006185361056899031 0.0052543841421092844 -0.00029805637179658966 -0.0018097885318387012 0.0090722489187663249 -0.00074008890969562348 0.00062977972483052548 0.0074084818171180015
leaf_weight=237485 12638 53 68 149 3261 52 51 53 63 81 103 95 80 739 80 2014 10600 55 55 63 226 55 60 51 221 65 55 500 142 77
leaf_count=237485 12638 53 68 149 3261 52 51 53 63 81 103 95 80 739 80 2014 10600 55 55 63 226 55 60 51 221 65 55 500 142 77
internal_value=6.1188e-06 0.000101391 -0.000301949 -0.000241104 -0.00031082 -0.00238851 0.000152598 0.000290237 0.00183957 0.00115423 0.00330007 -0.000136626 -0.00166672 0.00024174 0.000104531 0.000683361 0.000185292 0.00241512 0.000495445 0.00130075 0.00255927 0.00526462 0.00322589 0.000863945 0.000662765 0.00296931 0.00584562 0.000238263 0.00135003 0.00301316
internal_weight=269290 31805 3583 3530 3462 201 28222 15584 473 410 154 256 175 15111 11529 3582 10790 190 135 1568 404 178 115 1164 1113 173 108 940 440 219
internal_count=269290 31805 3583 3530 3462 201 28222 15584 473 410 154 256 175 15111 11529 3582 10790 190 135 1568 404 178 115 1164 1113 173 108 940 440 219
is_linear=0
shrinkage=0.05


Tree=193
num_leaves=31
num_cat=0
split_feature=1 2 8 7 5 7 7 8 5 5 1 5 7 6 6 8 8 5 2 6 1 7 4 1 8 6 8 5 4 6
split_gain=0.124434 0.405707 0.525368 0.624426 0.465305 0.427253 0.394935 0.401716 1.36949 0.706131 0.536778 0.404273 0.907514 0.537473 0.337506 1.25286 0.988508 0.815889 0.979083 0.538508 1.28764 0.428268 0.418877 0.894479 0.610797 0.605908 0.358565 0.323798 0.348153 0.564994
threshold=0.083618479208987254 0.084338468494076571 0.3033873338683547 0.033571281333631749 26.736391577725808 0.018737311889327295 0.037275660282738245 0.31831738772629514 64.304637370408599 78.431372505959288 0.10798492700206642 68.218354287684932 0.03686004482621686 0.90108005266228075 1.381807549578892 0.96074607427254322 0.97168590762528517 70.622972347479006 0.23999290991948866 1.2787812200896804 0.10170033609193742 0.030206774574356474 0.89317498498260806 0.10798492700206642 0.79849641347406208 1.6949258391604467 0.89904761733514771 49.310932991630523 0.48583506881752903 1.3701567292387469
decision_type=8 8 8 10 10 10 8 10 8 10 10 10 10 10 10 10 10 10 10 10 10 10 10 10 10 10 10 8 8 10
left_child=-1 4 3 -3 -2 -6 7 8 -4 10 -10 12 13 -9 16 22 17 18 -13 -19 -21 -18 23 -16 -25 -24 -22 -8 29 -29
right_child=1 2 6 -5 5 -7 27 11 9 -11 -12 14 -14 -15 15 -17 21 19 -20 20 26 -23 25 24 -26 -27 -28 28 -30 -31
leaf_value=-6.3889500173330326e-06 -0.0031318506794540506 0.00046677679511635835 0.0073183724646400305 -0.004286755624828705 0.0031469580578878001 0.00034632665767683155 -0.0018286517987882026 -0.0027410278828814624 -0.0020639550362619155 -0.0047286497445572333 0.003357191188864548 0.0016509846400035175 0.0060484820961477764 -0.00024225583364348576 -0.00055532441844415167 -0.0025424667140631252 0.0088986841143341745 -0.00032781149138696731 0.0093544177798870597 0.0092014813644126208 -0.0018728308189167181 0.0029707923096467335 -0.0011444720254800728 0.0020246846502861723 0.009583039195700126 0.00079517003778264452 0.0032916904302072469 0.00058057331988894078 -0.00016443022063669676 0.0062010221468847037
leaf_weight=238546 95 124 89 156 138 10325 284 250 69 58 135 186 53 1546 107 373 50 974 53 53 89 78 517 52 55 1820 54 286 12622 53
leaf_count=238546 95 124 89 156 138 10325 284 250 69 58 135 186 53 1546 107 373 50 974 53 53 89 78 517 52 55 1820 54 286 12622 53
internal_value=5.81286e-06 0.000100488 -3.08716e-05 -0.00218162 0.000351636 0.000383265 -6.1889e-07 0.00031343 0.00195978 0.000139489 0.00152357 0.00022185 -0.000399792 -0.00059008 0.000479509 0.000164196 0.00107936 0.00069718 0.00335928 0.000153384 0.00254463 0.00528638 0.000559956 0.00267725 0.00590982 0.000366075 7.7408e-05 -0.000158556 -0.000121961 0.00145929
internal_weight=269290 30744 20186 280 10558 10463 19906 6661 351 262 204 6310 1849 1796 4461 2924 1537 1409 239 1170 196 128 2551 214 107 2337 143 13245 12961 339
internal_count=269290 30744 20186 280 10558 10463 19906 6661 351 262 204 6310 1849 1796 4461 2924 1537 1409 239 1170 196 128 2551 214 107 2337 143 13245 12961 339
is_linear=0
shrinkage=0.05


Tree=194
num_leaves=31
num_cat=0
split_feature=1 8 5 2 5 4 4 7 4 6 8 5 7 8 6 8 8 8 2 5 4 6 4 7 5 6 2 8 8 7
split_gain=0.120824 0.473991 0.546506 0.459901 0.458978 0.499086 0.422128 0.415537 0.438445 0.432691 0.631968 0.410725 0.36322 0.831564 0.467916 0.53859 0.474985 0.480964 0.362474 0.551146 0.399873 0.368925 0.766771 0.360241 0.409961 0.340233 0.335352 0.331345 0.352788 0.346452
threshold=0.15907000839106325 0.63822425733608601 58.658407418078561 -0.0026589432199914382 55.805379334986419 0.45134855145007935 0.76603336843422387 0.079061678468717936 0.68978436022049339 1.2977721653984642 0.83104930563871315 43.303231664960975 0.038330976880495846 0.64294947231529287 1.3076523575614649 0.96074607427254322 0.96074607427254322 0.94246965447869058 0.36249146008198335 55.586624745675188 0.78967278041982381 0.89327434307083786 0.92415200677590736 0.052946406917865098 56.829412551055334 1.1897040002484742 0.23269160944132808 0.84274905879301187 0.87986479227732606 0.033123585838905116
decision_type=8 8 10 10 10 10 10 10 8 10 10 10 8 10 10 10 10 10 8 10 8 8 10 8 10 10 10 10 10 10
left_child=-1 2 4 -4 5 11 -6 8 23 10 -9 -2 13 -10 15 25 17 26 19 -14 -20 22 -22 24 -3 -15 -16 29 -29 -28
right_child=1 7 3 -5 6 -7 -8 9 12 -11 -12 -13 18 14 16 -17 -18 -19 20 -21 21 -23 -24 -25 -26 -27 27 28 -30 -31
leaf_value=-1.2643012370841612e-06 -0.00025415413463353553 0.0023854644321145719 -0.0028019018957878023 0.00057755702992884469 0.0020472217913638487 -0.0010604392613841858 0.007318908811430447 0.0010840081002538068 0.0049186871996685765 -0.00026920392189086197 0.0082366356489969022 0.0035006771358774415 0.0045669526790734381 -0.00037973227217369117 0.00096820010066568467 0.0065582567123475214 -0.0026306752830829571 0.0043752193597694196 0.0032929458457863696 -0.00074149814325492804 -0.0012998373126223064 -8.7124350183022006e-06 0.0055807386016981167 -0.002805125942875979 -0.0030222529128111908 0.004471823721370824 0.0028001962828722491 -0.0059242290787450552 -0.0011572752116911073 -0.0021996132707378514
leaf_weight=258669 104 91 111 1082 83 152 70 74 112 105 53 243 50 124 430 59 152 70 99 2214 75 4286 88 252 57 51 82 54 138 60
leaf_count=258669 104 91 111 1082 83 152 70 74 112 105 53 243 50 124 430 59 152 70 99 2214 75 4286 88 252 57 51 82 54 138 60
internal_value=5.52222e-06 0.000170804 0.000899292 0.000263123 0.00206333 0.00132875 0.0044591 1.76526e-05 -3.90418e-05 0.00210557 0.00406896 0.00237531 4.03377e-05 0.000795467 0.000416942 0.00242698 -6.00855e-05 0.000408415 -0.000107318 -0.000624262 0.000150017 8.008e-05 0.00241483 -0.00165521 0.000302762 0.00103415 4.49647e-05 -0.00114363 -0.00249798 0.000687601
internal_weight=269290 10621 1845 1193 652 499 153 8776 8544 232 127 347 8144 1332 1220 234 986 834 6812 2264 4548 4449 163 400 148 175 764 334 192 142
internal_count=269290 10621 1845 1193 652 499 153 8776 8544 232 127 347 8144 1332 1220 234 986 834 6812 2264 4548 4449 163 400 148 175 764 334 192 142
is_linear=0
shrinkage=0.05


Tree=195
num_leaves=31
num_cat=0
split_feature=0 6 7 7 0 7 8 8 5 8 6 8 4 5 6 6 5 7 5 0 0 5 8 8 0 5 8 5 4 0
split_gain=0.317962 0.419505 1.09838 0.298941 0.512957 0.405247 0.713311 0.610596 0.749642 1.0528 0.544702 0.519446 0.591483 0.919008 0.922098 0.557157 0.484861 0.78843 0.693242 0.464771 0.846672 0.460772 0.413666 0.504886 0.408234 0.424166 0.400532 0.385334 0.369945 0.366314
threshold=0.024010049408489612 0.41664128979638942 0.053672811631288876 0.045550372314020794 0.00054488490317727855 0.042130702872240168 0.92707669363633938 0.44274895869817826 66.433854731003393 0.26132687509649116 0.89705518832092135 0.55369438885340105 0.51183061292236742 53.830634489015473 0.97841995601056764 1.2881132953148915 33.497390265903363 0.044028506789199028 39.560828408567851 -0.0017453653629572739 -0.024859771932116356 70.622972347479006 0.21470543682450635 0.08498065276214313 -0.016719494062569059 21.234128549628746 0.058780815764824655 28.198536651217683 -0.061446170109221036 0.015253724747256283
decision_type=8 8 10 10 8 10 10 10 10 10 10 10 10 10 10 10 10 10 10 10 10 10 10 8 10 10 8 10 10 10
left_child=3 2 -2 5 -5 -1 7 8 16 -10 -8 -9 13 14 -13 28 24 -18 19 20 -19 -11 23 -20 25 26 -7 -27 -16 -15
right_child=1 -3 -4 4 -6 6 10 11 9 21 -12 12 -14 29 15 -17 17 18 22 -21 -22 -23 -24 -25 -26 27 -28 -29 -30 -31
leaf_value=-2.4220540538204927e-05 0.00034902188723539315 0.00010381046095939276 0.0085595419586477987 -4.9645433230475735e-05 -0.00054335492337034266 0.0055670058160709841 0.0077898548358851785 -0.0012586095877944506 -5.8817988457648377e-05 0.010009975103576754 0.00084669620264321566 -0.0014644892246851345 -0.00085187203558800047 0.0020541124361605008 0.0075237436537128437 -0.0013201584834289753 0.0002073292386455187 0.0028243396291109807 0.0048765436698449778 0.0010187438811714712 0.0099956932769534931 0.0038943956902949143 0.0023844258496662132 -0.00047399580949693813 -0.0012350199395103126 -0.0017587757872409657 0.00062254412197753012 0.001314554812667873 0.0018987928338659308 -0.0017849337493778387
leaf_weight=189633 176 45086 53 18405 7367 72 56 869 114 55 57 613 949 856 57 59 1645 102 50 76 69 70 412 373 597 206 95 202 60 67
leaf_count=189633 176 45086 53 18405 7367 72 56 869 114 55 57 613 949 856 57 59 1645 102 50 76 69 70 412 373 597 206 95 202 60 67
internal_value=-6.10019e-06 0.000114653 0.00224927 -3.06175e-05 -0.000190774 -9.70939e-06 0.000343946 0.000285831 0.000697926 0.00341611 0.00428755 -0.000197243 0.000149366 0.000704375 -0.000548594 0.00264143 0.000531308 0.000896838 0.00194512 0.00427211 0.00571804 0.00658525 0.00125678 0.000158456 -0.000319205 0.000631649 0.00275429 -0.000237176 0.00463915 0.00177544
internal_weight=268501 45315 229 223186 25772 197414 7781 7668 4138 239 113 3530 2661 1712 789 176 3899 2727 1082 247 171 125 835 423 1172 575 167 408 117 923
internal_count=268501 45315 229 223186 25772 197414 7781 7668 4138 239 113 3530 2661 1712 789 176 3899 2727 1082 247 171 125 835 423 1172 575 167 408 117 923
is_linear=0
shrinkage=0.05


Tree=196
num_leaves=31
num_cat=0
split_feature=0 4 5 1 1 2 8 4 8 1 4 7 0 2 4 5 7 5 8 5 5 8 8 8 0 1 2 1 0 7
split_gain=0.286961 0.280202 0.750766 0.541433 0.406698 0.415804 0.533387 0.403281 0.402358 0.426984 0.711804 0.442944 0.380302 0.378768 0.501788 0.459935 0.614664 0.411182 0.401467 0.458464 0.429713 0.390019 0.380481 0.604524 0.399992 0.377435 0.37118 0.885651 0.495562 0.65125
threshold=0.024010049408489612 -0.44766326763838243 29.607629306072635 -0.070068077206283316 0.060833618136249663 -0.15967739204414053 0.1468640774368857 0.01067127078747984 0.17254817583601204 -0.096978477157520046 -0.81681277957259724 0.051045454732637836 0.025188916876574322 0.10193517940598885 0.062076412547852268 50.109613126950592 0.049831260130964027 47.750753854781351 0.61541130580174574 47.547169786201486 44.848633864416499 0.15783037525820851 0.557985266028166 0.54917477760649025 0.11807879403993272 -0.039728611837739951 0.15813196578469771 0.022920577918115862 0.045613811873003514 0.035223353549260199
decision_type=8 8 8 8 10 10 10 8 8 10 10 10 10 8 10 8 10 10 8 10 10 8 10 10 10 10 10 10 10 10
left_child=-1 8 4 7 5 -3 -7 -4 9 11 -11 -2 -10 14 18 16 26 -16 22 20 -20 -19 23 24 -5 -23 28 -28 29 -15
right_child=1 2 3 13 -6 6 -8 -9 12 10 -12 -13 -14 15 17 -17 -18 21 19 -21 -22 25 -24 -25 -26 -27 27 -29 -30 -31
leaf_value=-2.9086591125232177e-05 0.0030832275930879408 -0.0023509817772115228 7.8221081194335525e-05 0.00014248863620528834 -0.004136198483338226 0.0032069535252499145 -0.0010587424163818434 -0.0021373900308949835 0.0020783932515252195 -0.0029432434221315718 0.0008046997284823494 -0.00024480406788898376 -0.00021858918658875645 0.0048488223231072892 -0.0010174944717226883 0.00024156277117529662 -0.00038386474005488861 -0.0017287710800671147 0.00099795695100885276 0.0023758077412379206 -0.0015602443936508167 -0.0025766762625861624 -0.0014252862511076893 0.0055442427777035062 0.0043142731859477177 -2.7507039873500361e-05 -4.7807566428958789e-05 0.008668556374066291 -0.00052606709573107461 -0.00049585347543196646
leaf_weight=223186 370 301 366 6144 121 103 254 468 197 135 2056 137 2113 173 1378 16042 292 360 765 452 209 147 369 53 58 11898 51 68 150 85
leaf_count=223186 370 301 366 6144 121 103 254 468 197 135 2056 137 2113 173 1378 16042 292 360 765 452 209 147 369 53 58 11898 51 68 150 85
internal_value=-5.79518e-06 0.00010892 6.50945e-05 9.53879e-05 -0.00147205 -0.000982143 0.000171977 -0.00116507 0.00046165 0.000876346 0.000573768 0.00218394 -2.26993e-05 0.000122555 -1.49183e-05 0.000300568 0.00145632 -0.000198107 0.000298733 0.00105976 0.000449021 -0.000107086 0.000134902 0.000226942 0.000181502 -5.86177e-05 0.00247592 0.00493297 0.00175929 0.00308798
internal_weight=268501 45315 40307 39528 779 658 357 834 5008 2698 2191 507 2310 38694 21833 16861 819 13783 8050 1426 974 12405 6624 6255 6202 12045 527 119 408 258
internal_count=268501 45315 40307 39528 779 658 357 834 5008 2698 2191 507 2310 38694 21833 16861 819 13783 8050 1426 974 12405 6624 6255 6202 12045 527 119 408 258
is_linear=0
shrinkage=0.05


Tree=197
num_leaves=31
num_cat=0
split_feature=0 6 7 8 7 1 0 7 8 1 8 1 4 8 6 6 6 7 7 1 8 1 6 4 8 4 8 8 8 8
split_gain=0.258982 0.378477 0.993335 0.282445 0.269794 0.479236 0.462944 0.341705 0.624675 0.585048 0.575884 0.447444 0.435454 0.761796 0.696938 0.913098 0.848031 0.476214 0.449844 0.418037 0.474793 0.416495 0.386488 0.34927 0.757906 0.533917 0.748636 0.435189 0.443066 0.454415
threshold=0.024010049408489612 0.41664128979638942 0.053672811631288876 0.62891700663002381 0.045550372314020794 0.26006599770700684 0.00054488490317727855 0.042130702872240168 0.92707669363633938 0.11884665435543708 0.44274895869817826 -0.13278317838299639 0.51183061292236742 0.58893448791481096 0.99235458943258958 0.8338100589495191 0.79213668923321945 0.04336510981720245 0.042420322669416401 0.042140418973867562 0.72508888121756854 0.023643133997785174 1.0524965452748547 -0.040999722760166786 0.22773087439012649 0.13807316171583817 0.2645894821151285 0.24462538673989251 0.29241979326276563 0.40085287789502083
decision_type=8 8 8 8 10 10 10 10 10 10 10 10 10 10 10 10 10 10 10 10 10 10 10 10 8 10 10 10 10 10
left_child=4 2 3 -2 5 7 -6 -1 10 -10 23 -12 13 18 15 16 17 21 -13 20 -19 -15 -16 -9 -25 26 -26 -27 -29 -30
right_child=1 -3 -4 -5 6 -7 -8 8 9 -11 11 12 -14 14 22 -17 -18 19 -20 -21 -22 -23 -24 24 25 27 -28 28 29 -31
leaf_value=-2.3131096130624321e-05 0.0018631316835512998 9.3175647451031293e-05 0.0070940878727872459 -0.0023704659006196179 -4.5708825249227193e-05 0.0029484303746318079 -0.00051473285760879892 0.00036633211024933394 0.0077677880852947802 0.00053569701869554567 -0.0041969608077889074 0.0022855953540711197 -0.00097821118025923082 0.0011747955046195312 0.0066210967718827798 -0.002525606727263389 0.0058763434776632362 -0.0011806344155720725 -0.0012658230722357774 -0.0040305735275108856 0.0022770025208878101 0.0056896597405688629 0.0021669094647300902 -0.0017267133620396788 0.0072370811699950695 -0.00028779161047497566 0.0013253934609932466 0.0051217934185878774 0.00043249673861852169 0.0040089634006782891
leaf_weight=189525 87 45086 70 72 18405 137 7367 2932 54 58 69 100 1051 270 59 221 83 254 823 69 163 63 279 169 101 282 114 101 313 124
leaf_count=189525 87 45086 70 72 18405 137 7367 2932 54 58 69 100 1051 270 59 221 83 254 823 69 163 63 279 169 101 282 114 101 313 124
internal_value=-5.50542e-06 0.000103474 0.00213103 -5.39691e-05 -2.76323e-05 -7.76959e-06 -0.000179781 -9.82254e-06 0.000315552 0.0040226 0.000261208 -0.000210419 -0.00013034 0.000243448 0.000953863 0.000354748 0.00106047 0.00057241 -0.000881054 -0.000425595 0.000170912 0.00202896 0.00294442 0.000660768 0.00137778 0.0018847 0.00410251 0.0013032 0.00213715 0.00144733
internal_weight=268501 45315 229 159 223186 197414 25772 197277 7752 112 7640 3504 3435 2384 1461 1123 902 819 923 486 417 333 338 4136 1204 1035 215 820 538 437
internal_count=268501 45315 229 159 223186 197414 25772 197277 7752 112 7640 3504 3435 2384 1461 1123 902 819 923 486 417 333 338 4136 1204 1035 215 820 538 437
is_linear=0
shrinkage=0.05


Tree=198
num_leaves=31
num_cat=0
split_feature=0 6 7 1 0 1 7 9 2 7 0 6 5 2 7 5 2 6 0 0 7 6 7 2 2 7 7 1 0 1
split_gain=0.233731 0.341576 0.91251 0.358441 0.253021 0.339579 0.66027 0.292686 0.511426 1.03129 0.349685 0.783916 0.295203 0.4563 0.552324 0.821086 0.763675 0.333551 0.322859 0.372965 0.479468 0.423828 0.299098 0.329852 0.284038 0.336095 0.391592 0.32316 0.278656 0.27355
threshold=0.024010049408489612 0.41664128979638942 0.053672811631288876 -0.052799211351304713 0.020081004754210822 0.17857975875780266 0.045942379692413306 1.0000000180025095e-35 0.23999290991948866 0.051698813434739997 0.018374384594533225 1.7462420465785153 81.358519548871314 0.23999290991948866 0.035759957434919797 84.36679887914751 0.09502747050501216 0.94699432623376933 -0.0048780487804878639 -0.016719494062569059 0.049245603936570334 1.4310490402666254 0.015647507004526145 0.225079449382973 0.17937159640724534 0.038542825624953349 0.028979321979119455 0.1047995612843813 -0.00057458058654497035 0.10170033609193742
decision_type=8 8 10 10 10 10 8 2 10 8 10 10 10 8 10 10 10 10 10 10 8 10 10 10 10 10 10 10 10 10
left_child=4 2 3 -2 7 -6 -7 12 10 -10 24 -12 -1 14 22 17 -17 -16 19 21 29 -15 -14 -24 25 26 -9 -26 -20 -21
right_child=1 -3 -4 -5 5 6 -8 8 9 -11 11 -13 13 18 15 16 -18 -19 28 20 -22 -23 23 -25 27 -27 -28 -29 -30 -31
leaf_value=-1.4481186844723528e-05 -0.0030991509539523613 8.8516867496370871e-05 0.0077760845159574737 0.0017936597905526333 -0.0003477376211629468 0.0048589800880543647 -0.00083502734257643544 0.00042343633717700774 0.0051529855162182172 -0.0029751114125521681 0.0001682942687595162 0.0071669841770801287 0.00091085590509942078 -0.0031116348440437358 0.0017928559790059591 0.0013410390391280609 0.0089942909872586848 -0.0032345500706623381 -0.0044230306533253978 -0.0026390728058185483 0.0048047635691741914 0.00099964920122874897 -0.0011645764767930207 0.0028368384657766334 -0.00035330478308929337 0.0039808151272709589 -0.002794516010721314 -0.0050905689159494449 -0.0015977640960555554 0.001737319181257909
leaf_weight=210674 54 45086 53 122 8112 92 114 949 148 53 129 58 305 168 67 70 61 65 105 69 65 100 810 55 108 59 105 54 517 74
leaf_count=210674 54 45086 53 122 8112 92 114 949 148 53 129 58 305 168 67 70 61 65 105 69 65 100 810 55 108 59 105 54 517 74
internal_value=-5.23015e-06 9.83003e-05 0.00202448 0.000292456 -2.62506e-05 -0.000296828 0.00170793 -1.5776e-05 0.000644975 0.00300976 0.000319858 0.00233901 -2.09299e-05 -0.000557703 2.99583e-05 0.00210038 0.00490477 -0.000682761 -0.00132466 -0.000344568 0.00124411 -0.00157757 -0.000435444 -0.000910151 2.37156e-05 0.000308432 0.000102862 -0.00193239 -0.0020747 -0.000374366
internal_weight=268501 45315 229 176 223186 8318 206 214868 1663 201 1462 187 213205 2531 1433 263 131 132 1098 476 208 268 1170 865 1275 1113 1054 162 622 143
internal_count=268501 45315 229 176 223186 8318 206 214868 1663 201 1462 187 213205 2531 1433 263 131 132 1098 476 208 268 1170 865 1275 1113 1054 162 622 143
is_linear=0
shrinkage=0.05


Tree=199
num_leaves=31
num_cat=0
split_feature=4 8 5 6 6 6 2 2 7 7 2 7 5 4 4 2 7 2 7 2 6 8 2 8 4 5 6 8 7 6
split_gain=0.183182 0.482965 0.667643 0.542875 0.378715 0.299674 0.302325 0.299029 0.273183 0.731814 0.378186 0.997928 0.353372 0.513458 0.2364 0.498228 0.422571 0.317402 0.303412 0.288947 0.221555 0.431804 0.427507 0.309014 0.220781 0.314437 0.551727 0.585524 0.537245 0.515944
threshold=1.3422113471485175 0.2888622037061333 65.062388575563773 1.8034516744201159 2.5603091509611668 1.1897040002484742 0.048120745558593477 0.189021640767469 0.050417968496791338 0.053672811631288876 0.32268664290448762 0.040701661468941046 76.247475864889722 1.5441925810724568 1.4264144945704402 0.17480451732844984 0.045550372314020794 0.23269160944132808 0.020654714253217459 0.09502747050501216 1.7462420465785153 0.96074607427254322 0.225079449382973 0.78756700837013283 0.77773351498630372 58.048114338556445 0.65879401770354085 0.42526503026784274 0.023363289632430177 0.33369681696033587
decision_type=10 10 10 8 10 8 10 10 10 10 10 10 10 10 10 10 10 10 10 10 10 10 10 10 10 10 8 10 8 10
left_child=24 2 -2 -4 5 -3 -7 -5 10 -10 14 -12 -11 -14 15 18 19 -17 -6 -16 21 22 23 -8 25 -1 27 28 -27 -30
right_child=1 4 3 7 8 6 20 -9 9 12 11 -13 13 -15 16 17 -18 -19 -20 -21 -22 -23 -24 -25 -26 26 -28 -29 29 -31
leaf_value=-2.3179595508941166e-05 0.0075209968644605182 0.0030665562590002082 -0.003037384225937881 0.00072842773174716527 0.0036852532969787717 0.0023861999891392175 -0.0044916002661427798 0.0048388898994744522 -0.0041389636480815561 -0.0014643595469394878 -0.0016744267957454378 0.0070971371429158926 0.0065175326603751351 -2.1963887913546094e-05 -0.0010975262569602616 0.0068120505493425298 -0.0034299857350407353 0.001632680948400362 -0.00082370197233351159 0.001134954288383185 -0.00049686551156001308 0.00064150279340742349 -0.007237855332953457 0.00062578364208309078 -0.00014916128597302616 -0.00088152321966505215 0.00020335312847800295 -0.00051217387100449541 0.0043089175144941502 0.00051569890284351152
leaf_weight=191801 51 55 57 99 50 73 59 80 102 84 55 79 52 71 191 64 71 55 147 601 724 89 56 59 25531 733 38701 6133 93 2485
leaf_count=191801 51 55 57 99 50 73 59 80 102 84 55 79 52 71 191 64 71 55 147 601 724 89 56 59 25531 733 38701 6133 93 2485
internal_value=-4.96864e-06 0.000381987 0.00233333 0.00121227 0.000177371 -0.000532006 -0.000718724 0.00256551 0.000665013 -0.000672583 0.000979801 0.00349687 0.00103549 0.0027427 0.000693722 0.00186376 0.000265297 0.00441822 0.000320703 0.000596566 -0.000948369 -0.00219129 -0.00364025 -0.00193291 -9.37639e-06 5.49716e-06 0.00011974 -0.000222901 0.000312922 0.000652537
internal_weight=268501 3024 287 236 2737 1115 1060 179 1622 309 1313 134 207 123 1179 316 863 119 197 792 987 263 174 118 265477 239946 48145 9444 3311 2578
internal_count=268501 3024 287 236 2737 1115 1060 179 1622 309 1313 134 207 123 1179 316 863 119 197 792 987 263 174 118 265477 239946 48145 9444 3311 2578
is_linear=0
shrinkage=0.05


end of trees

feature_importances:
volatility=1178
rsi=773
ret_20d=748
price_position=741
bb_position=679
vol_ratio=676
ret_5d=606
ret_1d=498
ma_bull=78
break_20d=23

parameters:
[boosting: gbdt]
[objective: regression]
[metric: rmse]
[tree_learner: serial]
[device_type: cpu]
[data_sample_strategy: bagging]
[data: ]
[valid: ]
[num_iterations: 200]
[learning_rate: 0.05]
[num_leaves: 31]
[num_threads: 0]
[seed: 42]
[deterministic: 0]
[force_col_wise: 0]
[force_row_wise: 0]
[histogram_pool_size: -1]
[max_depth: -1]
[min_data_in_leaf: 50]
[min_sum_hessian_in_leaf: 0.001]
[bagging_fraction: 0.8]
[pos_bagging_fraction: 1]
[neg_bagging_fraction: 1]
[bagging_freq: 5]
[bagging_seed: 400]
[bagging_by_query: 0]
[feature_fraction: 0.8]
[feature_fraction_bynode: 1]
[feature_fraction_seed: 30056]
[extra_trees: 0]
[extra_seed: 12879]
[early_stopping_round: 0]
[early_stopping_min_delta: 0]
[first_metric_only: 0]
[max_delta_step: 0]
[lambda_l1: 0]
[lambda_l2: 0]
[linear_lambda: 0]
[min_gain_to_split: 0]
[drop_rate: 0.1]
[max_drop: 50]
[skip_drop: 0.5]
[xgboost_dart_mode: 0]
[uniform_drop: 0]
[drop_seed: 17869]
[top_rate: 0.2]
[other_rate: 0.1]
[min_data_per_group: 100]
[max_cat_threshold: 32]
[cat_l2: 10]
[cat_smooth: 10]
[max_cat_to_onehot: 4]
[top_k: 20]
[monotone_constraints: ]
[monotone_constraints_method: basic]
[monotone_penalty: 0]
[feature_contri: ]
[forcedsplits_filename: ]
[refit_decay_rate: 0.9]
[cegb_tradeoff: 1]
[cegb_penalty_split: 0]
[cegb_penalty_feature_lazy: ]
[cegb_penalty_feature_coupled: ]
[path_smooth: 0]
[interaction_constraints: ]
[verbosity: -1]
[saved_feature_importance_type: 0]
[use_quantized_grad: 0]
[num_grad_quant_bins: 4]
[quant_train_renew_leaf: 0]
[stochastic_rounding: 1]
[linear_tree: 0]
[max_bin: 255]
[max_bin_by_feature: ]
[min_data_in_bin: 3]
[bin_construct_sample_cnt: 200000]
[data_random_seed: 175]
[is_enable_sparse: 1]
[enable_bundle: 1]
[use_missing: 1]
[zero_as_missing: 0]
[feature_pre_filter: 1]
[pre_partition: 0]
[two_round: 0]
[header: 0]
[label_column: ]
[weight_column: ]
[group_column: ]
[ignore_column: ]
[categorical_feature: ]
[forcedbins_filename: ]
[precise_float_parser: 0]
[parser_config_file: ]
[objective_seed: 16083]
[num_class: 1]
[is_unbalance: 0]
[scale_pos_weight: 1]
[sigmoid: 1]
[boost_from_average: 1]
[reg_sqrt: 0]
[alpha: 0.9]
[fair_c: 1]
[poisson_max_delta_step: 0.7]
[tweedie_variance_power: 1.5]
[lambdarank_truncation_level: 30]
[lambdarank_norm: 1]
[label_gain: ]
[lambdarank_position_bias_regularization: 0]
[eval_at: ]
[multi_error_top_k: 1]
[auc_mu_weights: ]
[num_machines: 1]
[local_listen_port: 12400]
[time_out: 120]
[machine_list_filename: ]
[machines: ]
[gpu_platform_id: -1]
[gpu_device_id: -1]
[gpu_use_dp: 0]
[num_gpu: 1]

end of parameters

pandas_categorical:null
