tree
version=v4
num_class=1
num_tree_per_iteration=1
label_index=0
max_feature_idx=9
objective=regression
feature_names=ret_1d ret_5d ret_20d ma_bull bb_position rsi vol_ratio volatility price_position break_20d
feature_infos=[-0.35692679975801578:0.45746953134815915] [-0.57870588235294118:1.3510150622134907] [-0.56705882352941184:4.034965034965035] [0:1] [-2.1016481597801984:2.0635887648707807] [0:99.999999999116937] [0:12.252780577508609] [0.0026071955431309418:0.25755867538416766] [0:0.99999999997698874] [0:1]
tree_sizes=3116 3119 3131 3088 3090 3142 3097 3102 3127 3137 3121 3099 3120 3144 3133 3131 3134 3139 3142 3153 3112 3130 3137 3150 3128 3168 3170 3057 3108 3132 3100 3136 3115 3107 3097 3133 3159 3155 3107 3077 3089 3081 3124 3099 3144 3103 3099 3043 3140 3140 3100 3116 3099 3025 3131 3154 3087 3064 3049 3017 3072 3063 3092 3088 3063 3123 3079 3018 3087 3039 3050 3068 3025 3035 3074 3026 3064 3008 3115 3025 3139 3068 3042 3022 3027 3155 3106 3060 3048 2995 3024 3075 3011 2991 3050 3079 3082 3090 3088 3052 3082 3059 3105 3017 3121 2985 2993 3078 3000 3098 3081 3031 3019 3091 3078 3055 3030 3141 3050 3002 3055 3069 3024 3067 3054 3080 3043 3053 3041 3121 3048 3097 3107 2989 3061 3109 3141 3038 3056 3028 3134 2987 3111 3117 3098 3037 3006 3011 2982 2971 3041 3046 3066 3056 3054 3009 2981 2993 2981 3125 2973 3015 2985 3002 3011 2978 2986 2971 2994 3052 3060 3093 3056 2967 3050 3054 3011 3029 3044 2989 3074 3069 3030 3003 3044 2971 2989 2971 2973 2944 3083 3028 3041 3045 3020 3057 2978 3063 3076 3062

Tree=0
num_leaves=31
num_cat=0
split_feature=2 7 7 8 1 4 7 7 6 4 8 7 1 5 2 8 2 1 6 1 8 7 2 1 2 8 7 4 2 1
split_gain=7.80992 9.14555 3.51032 3.30339 3.13063 2.79607 2.60791 2.47582 2.98535 2.34412 2.25179 1.7977 1.74491 2.88739 1.64939 1.73988 1.60633 1.4837 1.36179 1.35568 1.19152 1.15546 1.10768 1.06349 1.07032 1.04377 1.04134 1.02872 1.01096 1.03177
threshold=-0.1705184062372789 0.059819200537251725 0.030846398290682961 0.44274895869817826 0.043139448846459046 -0.99225335413760363 0.02169689937894281 0.070843092138759015 0.86253754602745858 -0.72031686260590655 0.31454765996620376 0.075517149084893084 0.017857142857142908 12.499999998266235 0.0051465002353683351 0.16369984880702096 -0.26822949801484008 0.043139448846459046 0.79213668923321945 0.044190259021546503 0.0041166789392324803 0.04728594744409189 -0.10850160730437557 0.098675070426067282 -0.12470270795723808 0.20852807550365901 0.054473624498138536 -0.42105923336609474 -0.24845454019078497 -0.17162639202663535
decision_type=10 10 10 8 10 10 10 10 10 10 10 10 10 10 10 8 10 10 8 10 10 10 10 10 10 8 10 10 8 10
left_child=2 4 9 -3 5 22 -7 8 17 12 16 -5 28 -14 15 -6 21 -4 25 -18 -20 -10 -2 -17 -25 -8 -21 -19 29 -1
right_child=1 3 7 11 14 6 18 -9 10 -11 -12 -13 13 -15 -16 23 19 27 20 26 -22 -23 -24 24 -26 -27 -28 -29 -30 -31
leaf_value=0.0013874234094830651 -0.0040751373572272247 -0.0049548540362526362 -0.0046113445562862695 -0.0069613611384738237 -0.0061216695366738691 -0.0057680042594575268 -0.0058701290338906368 -0.0057602771412599901 0.00032436803698726417 -0.0059104025882827076 -0.0065846949046935079 -0.0087694346120584157 -0.0022449275063865862 -0.0059351919895851129 -0.0051754624333949055 -0.0046007625371254808 -0.0035061620934977336 0.0024774997380430678 -0.0041190413747688517 0.00050782827373564796 -0.0052201089737209383 -0.002580078114534843 -0.0050896511003100759 -0.00057948904007132374 -0.003828253325687302 -0.0053870314718519876 -0.005643844744418842 -0.0029722282816446667 -0.0050735545587229551 -0.0039269328836122504
leaf_weight=106 4556 1700 6787 5737 1558 56641 15462 1751 695 5440 374 1808 1611 790 36193 9925 3060 106 2585 380 49637 675 6571 280 2681 40382 84 473 10420 660
leaf_count=106 4556 1700 6787 5737 1558 56641 15462 1751 695 5440 374 1808 1611 790 36193 9925 3060 106 2585 380 49637 675 6571 280 2681 40382 84 473 10420 660
internal_value=-0.00530312 -0.00540453 -0.00458771 -0.00694599 -0.00534161 -0.00544137 -0.00549319 -0.00399829 -0.00375409 -0.00503333 -0.00284525 -0.00739463 -0.00468216 -0.00345913 -0.00499519 -0.00454347 -0.00255948 -0.00440408 -0.00534915 -0.00312428 -0.00516561 -0.00110665 -0.00467425 -0.00435266 -0.00352104 -0.00552079 -0.000605837 -0.00197452 -0.00494468 -0.00319153
internal_weight=269128 235716 33412 9245 226471 175834 164707 14385 12634 19027 5268 7545 13587 2401 50637 14444 4894 7366 108066 3524 52222 1370 11127 12886 2961 55844 464 579 11186 766
internal_count=269128 235716 33412 9245 226471 175834 164707 14385 12634 19027 5268 7545 13587 2401 50637 14444 4894 7366 108066 3524 52222 1370 11127 12886 2961 55844 464 579 11186 766
is_linear=0
shrinkage=1


Tree=1
num_leaves=31
num_cat=0
split_feature=7 8 7 1 8 6 1 3 7 1 0 1 5 5 1 1 8 6 5 1 7 7 7 8 5 6 7 8 7 3
split_gain=6.66237 5.42166 5.01535 3.38844 2.69991 2.55474 1.9605 1.62687 1.62226 1.46313 1.45814 1.37516 1.63291 1.02436 0.884808 0.858565 0.817617 0.744373 0.708037 1.67892 0.951073 0.887388 0.693778 1.60496 0.698801 0.816989 0.688428 0.685569 0.7398 0.657537
threshold=0.059819200537251725 0.44274895869817826 0.022693076900447157 -0.1224650807998877 0.089797525915072243 0.82654532230866018 -0.051973141121421311 1.0000000180025095e-35 0.073071248271039071 0.03563853062781553 -0.011744286460216134 0.090780493495887696 50.300367361102197 20.785020217558074 -0.17162639202663535 0.043139448846459046 0.87359775149466901 0.64523003444401839 66.433854731003393 -0.042499468763280916 0.037053957192947101 0.053672811631288876 0.034367111798127327 0.31066418534844414 38.578680197660347 1.1092931942997908 0.03686004482621686 0.24462538673989251 0.051045454732637836 1.0000000180025095e-35
decision_type=10 8 8 10 8 8 10 2 10 10 10 10 10 10 10 10 8 8 8 10 8 8 10 10 10 10 8 8 10 2
left_child=2 -2 6 4 13 15 -1 11 29 -8 -6 18 26 14 -4 -5 -10 -12 21 -20 -21 22 -7 24 25 -24 -13 -28 -29 -3
right_child=1 8 3 5 10 7 9 -9 16 -11 17 12 -14 -15 -16 -17 -18 -19 19 20 -22 -23 23 -25 -26 -27 27 28 -30 -31
leaf_value=0.0003640734421304235 0.0002555633190299594 -0.00086182429498894003 0.0050758892415481904 -0.00013218575705204407 -5.4592105578362013e-05 0.00020399671347467535 -0.00046838989968317257 -1.7217124152157902e-05 -0.0022416094179794339 0.00017260710627163708 -0.00038731031344030743 0.00086066130241849734 0.00064184231950917834 0.0015790582186533644 0.0023555124195109209 0.00037363391826369734 -0.0041243756427403163 0.0019013968878502055 -0.0010837513811324106 0.00053784004764617188 0.0017244440842640832 -0.0006204051697204845 0.00096915372281693472 -4.2245427734383875e-05 0.00071963006206959878 0.0026416001200691799 0.005234709597721425 0.0026414915993329823 -0.0011460405265606315 -0.0019662012031357334
leaf_weight=10386 4418 2488 491 65946 4042 31585 59334 25178 1381 10474 432 770 8990 1900 764 9612 990 2000 1037 3725 3089 2599 1676 5169 4739 1294 225 1310 143 2941
leaf_count=10386 4418 2488 491 65946 4042 31585 59334 25178 1381 10474 432 770 8990 1900 764 9612 990 2000 1037 3725 3089 2599 1676 5169 4739 1294 225 1310 143 2941
internal_value=-3.16694e-06 -0.00114393 5.10849e-05 0.000199906 0.00111194 0.000147346 -0.000276857 0.000324983 -0.00193662 -0.000372215 0.000527466 0.000454837 0.000953589 0.00231128 0.00341982 -6.78386e-05 -0.00302775 0.00149485 0.00035095 0.000790525 0.00107576 0.000277619 0.000330111 0.000639423 0.00109649 0.00169782 0.00209844 0.00266644 0.00226873 -0.00146009
internal_weight=269128 12218 256910 176716 9629 167087 80194 91529 7800 69808 6474 66351 11438 3155 1255 75558 2371 2432 54913 7851 6814 47062 44463 12878 7709 2970 2448 1678 1453 5429
internal_count=269128 12218 256910 176716 9629 167087 80194 91529 7800 69808 6474 66351 11438 3155 1255 75558 2371 2432 54913 7851 6814 47062 44463 12878 7709 2970 2448 1678 1453 5429
is_linear=0
shrinkage=0.05


Tree=2
num_leaves=31
num_cat=0
split_feature=2 7 7 8 7 7 6 1 0 8 6 1 7 8 4 2 1 0 1 3 1 2 4 7 4 4 8 0 7 2
split_gain=6.57978 7.4459 3.13904 2.82457 2.54952 2.17597 2.48904 2.02755 2.36822 1.96684 1.78007 1.64121 1.47667 1.44988 1.40674 1.38376 1.31873 1.21583 1.19464 1.15674 1.14447 1.12545 1.69809 1.36326 1.12612 1.11873 1.38053 1.11827 0.984679 0.960895
threshold=-0.1705184062372789 0.059819200537251725 0.030846398290682961 0.6111725717874037 0.020774311230730241 0.070843092138759015 0.86253754602745858 0.032962389578208191 -0.030438898389434196 0.28191930370458645 0.79213668923321945 -0.046588800821655389 0.073071248271039071 1.0000000180025095e-35 -0.84254831456206036 -0.26822949801484008 0.043139448846459046 -0.10995113925832838 0.054286838260087629 1.0000000180025095e-35 -0.15738888560099426 -0.023437500000000052 -0.19951669932723329 0.034862502756522674 -0.15634765943150178 -0.96511640687138911 0.20852807550365901 0.047217566885717994 0.04728594744409189 -0.10850160730437557
decision_type=10 10 10 8 10 10 10 8 10 10 8 10 10 10 8 10 10 10 10 2 10 10 10 10 10 10 8 10 10 10
left_child=2 4 7 19 11 6 16 14 -9 15 25 -2 -5 -12 20 28 -4 -16 -17 -3 -1 22 -15 -24 -23 -6 -27 -19 -8 -25
right_child=1 3 5 12 10 -7 9 8 -10 -11 13 -13 -14 21 17 18 -18 27 -20 -21 -22 24 23 29 -26 26 -28 -29 -30 -31
leaf_value=0.0038749977145926097 0.00034367852329188279 0.00021420722035211744 0.00065105388056954519 -0.0016271819224955653 0.00092750113467933827 -0.00044081789246655403 0.0052406733671666395 -0.0006285115719696419 0.0018429180866458143 -0.00084991041109281024 0.0010221938555535664 -0.00041796829056427198 -0.0033549569969270688 0.00013638245637514424 0.0059731393522509425 0.0017247599892459599 0.003136965577769703 -0.0004649965493902777 0.004830514438579612 -0.0017843553783175722 0.00056452051491851624 -0.00062453656422632861 0.00054331865793234922 0.0034201702818105716 9.9660164579733622e-05 -0.00055350547973096224 -3.4665586993116861e-05 0.0023682532453515003 0.0025535543009590628 0.0013179540401674437
leaf_weight=287 8168 2483 6787 3937 2404 1751 692 1362 3362 461 5088 52755 1803 21091 76 3099 579 10690 344 1022 2890 5960 7463 698 54041 17367 48979 360 672 2457
leaf_count=287 8168 2483 6787 3937 2404 1751 692 1362 3362 461 5088 52755 1803 21091 76 3099 579 10690 344 1022 2890 5960 7463 698 54041 17367 48979 360 672 2457
internal_value=-3.0086e-06 -9.60879e-05 0.00065365 -0.00148696 -3.93097e-05 0.00121102 0.00143996 0.000232257 0.00113037 0.00226983 6.24607e-05 -0.000315854 -0.0021699 0.000200636 -6.43707e-05 0.00256902 0.000846457 -0.000329344 0.00203506 -0.000368541 0.000863578 0.000155056 0.000395999 0.000911686 2.77245e-05 -0.000132086 -0.000170479 -0.000372692 0.00391681 0.00178304
internal_weight=269128 235716 33412 9245 226471 14385 12634 19027 4724 5268 165548 60923 5740 96798 14303 4807 7366 11126 3443 3505 3177 91710 31709 10618 60001 68750 66346 11050 1364 3155
internal_count=269128 235716 33412 9245 226471 14385 12634 19027 4724 5268 165548 60923 5740 96798 14303 4807 7366 11126 3443 3505 3177 91710 31709 10618 60001 68750 66346 11050 1364 3155
is_linear=0
shrinkage=0.05


Tree=3
num_leaves=31
num_cat=0
split_feature=2 7 7 7 6 7 1 0 5 5 6 2 1 1 7 2 0 5 3 2 5 1 0 2 5 1 1 1 0 5
split_gain=5.99291 6.81707 2.62469 2.22718 2.185 2.85861 2.07872 2.15159 2.75479 1.7768 1.7497 1.53866 1.41035 1.33642 1.29591 1.15135 1.0719 1.03848 0.983036 0.937142 0.920412 0.91881 0.863477 0.859872 0.721048 0.63873 0.620298 0.572867 0.556482 0.543964
threshold=-0.21500824586268383 0.062182765303145433 0.020774311230730241 0.027450269407221058 0.8588532387688248 0.065185274809158783 0.017187146653098066 -0.048797578059879325 11.189191036564852 49.112425994818118 0.79213668923321945 -0.024645537140768444 -0.051973141121421311 0.083618479208987254 0.073071248271039071 -0.28142985723929298 -0.10995113925832838 65.869427013971674 1.0000000180025095e-35 -0.12295690172034261 41.341893214238603 0.037486143618059915 0.04154046774269083 0.225079449382973 47.547169786201486 0.044190259021546503 0.037486143618059915 -0.14738400708105606 0.068097587217287772 71.003441841506728
decision_type=10 10 10 10 10 10 8 10 10 10 8 10 10 10 10 10 10 10 2 10 10 10 10 10 10 10 10 10 10 10
left_child=3 2 12 6 20 15 16 -8 -9 -3 -4 13 -2 17 18 27 -1 -12 23 -15 25 -14 -18 -11 -13 -5 28 -6 -17 -25
right_child=1 9 10 4 5 -7 7 8 -10 14 11 24 21 19 -16 26 22 -19 -20 -21 -22 -23 -24 29 -26 -27 -28 -29 -30 -31
leaf_value=0.0056618971267404661 0.00036023908466451275 -0.00046991456910340751 -0.000110749627553214 0.00075805211807869217 0.0055600647226335146 0.00016850822604850394 -0.00090518599422548859 0.0024386687889020216 -0.00065267591328583337 -0.0014233896979477035 0.00034687518755270732 -0.00040559026498905392 -0.00046390182368097706 0.0035006253807237488 -0.003108598536896847 0.0018412843569731653 -0.00048937107278554338 0.0027587867890240211 -0.0021362590280829537 0.0010898822683361677 -0.0011363871566538277 0.00016080804584554055 0.0021577645038666489 9.6391047714725026e-05 0.00011819815915795382 0.0033069184090709319 0.0047428733198476474 0.0032380539585955652 0.0064101711155144852 0.0036322622512227273
leaf_weight=75 7097 2623 74753 4497 476 1318 1051 2829 967 733 35307 7425 48700 496 1894 1953 5911 452 2036 2153 630 6695 325 323 57086 260 229 601 69 164
leaf_count=75 7097 2623 74753 4497 476 1318 1051 2829 967 733 35307 7425 48700 496 1894 1953 5911 452 2036 2153 630 6695 325 323 57086 260 229 601 69 164
internal_value=-2.85817e-06 -7.18368e-05 -2.46698e-05 0.000804199 0.00134477 0.0021393 0.000318135 0.00109687 0.00165117 -0.00152917 7.33599e-05 0.000207084 -0.00030338 0.000457637 -0.00206867 0.0029198 -0.000279949 0.000377362 -0.00146374 0.00154127 0.00065952 -0.0003884 -0.000351411 -0.000341409 5.79119e-05 0.000897364 0.00227652 0.00426431 0.0019972 0.00128712
internal_weight=269128 247937 240164 21191 10033 4646 11158 4847 3796 7773 177672 102919 62492 38408 5150 3328 6311 35759 3256 2649 5387 55395 6236 1220 64511 4757 2251 1077 2022 487
internal_count=269128 247937 240164 21191 10033 4646 11158 4847 3796 7773 177672 102919 62492 38408 5150 3328 6311 35759 3256 2649 5387 55395 6236 1220 64511 4757 2251 1077 2022 487
is_linear=0
shrinkage=0.05


Tree=4
num_leaves=31
num_cat=0
split_feature=2 7 7 8 7 1 1 1 1 0 5 0 1 5 7 2 8 8 2 7 3 5 3 5 8 5 6 8 7 5
split_gain=5.42468 6.14145 2.73602 2.53491 2.48723 2.5566 2.24461 1.93082 1.64503 2.00121 1.6193 1.59284 1.57249 1.86131 1.53769 1.31913 1.54442 1.22847 1.74904 1.91701 1.68032 1.44598 1.2991 1.06568 1.05623 1.05196 0.947482 0.944464 0.943158 1.51148
threshold=-0.1705184062372789 0.059819200537251725 0.034367111798127327 0.34486160919123793 0.053672811631288876 0.043139448846459046 0.043139448846459046 -0.051973141121421311 0.030525852347334296 -0.030438898389434196 11.189191036564852 0.050560434785319915 -0.15738888560099426 61.710078240786373 0.02169689937894281 0.0051465002353683351 0.17569641369710343 0.87986479227732606 0.23999290991948866 0.084054682809110978 1.0000000180025095e-35 66.155370199676042 1.0000000180025095e-35 60.806165978921008 0.18723766890753532 40.155440404798334 0.82289008216108028 0.17569641369710343 0.068895718469190556 77.611940197148598
decision_type=10 10 10 8 10 10 10 10 8 10 10 10 10 8 10 10 8 8 10 10 2 10 2 10 8 10 10 8 10 10
left_child=2 6 8 -3 5 11 7 23 12 -10 -11 25 13 -1 -9 16 -8 22 -19 20 21 -20 -5 -2 -7 27 -16 -4 -23 -30
right_child=1 3 4 17 -6 24 15 14 9 10 -12 -13 -14 -15 26 -17 -18 18 19 -21 -22 28 -24 -25 -26 -27 -28 -29 29 -31
leaf_value=0.0035429819669136951 0.00013626799253470341 0.00093808689442322871 0.0020301424997662618 -0.00022573909629554009 0.00015211115448850312 0.0063527195864536831 -0.00064785122826110019 -0.00041274892603205952 -0.00056533749049246767 0.0024392407163173362 0.00024504012203477375 0.0049365757911729894 -9.1391187552102815e-05 -0.0010231106912079158 -0.00022896202772279014 9.6444779946511456e-05 0.00086576612308535226 -0.0039869118826382595 -0.0012777454200584223 -0.0061621865254524663 -0.0024807653140409718 0.00052077141079691152 -0.0018181130160562305 0.0013899446355943837 0.0026987591614717767 -0.00025153996763724383 0.00011000142764737028 0.00070685537296891372 0.0087884139862292199 -0.0014860141859389842
leaf_weight=646 36353 1070 3496 2059 3701 373 1948 54827 1383 2384 1299 308 15882 341 44359 36193 12496 1161 340 188 707 155 3389 1778 421 983 38517 2195 126 50
leaf_count=646 36353 1070 3496 2059 3701 373 1948 54827 1383 2384 1299 308 15882 341 44359 36193 12496 1161 340 188 707 155 3389 1778 421 983 38517 2195 126 50
internal_value=-2.71526e-06 -8.72304e-05 0.000593524 -0.00135041 0.00121903 0.00172684 -3.5665e-05 -0.000120138 0.000266241 0.00105637 0.00166534 0.0014211 2.89532e-05 0.00196544 -0.000207326 0.000257662 0.000661631 -0.00164994 -0.00251627 -0.00142597 -0.000779808 0.00101241 -0.0012163 0.000194725 0.00441529 0.00125886 -7.14272e-05 0.00151976 0.00336483 0.00586954
internal_weight=269128 235716 33412 9245 11477 7776 226471 175834 21935 5066 3683 6982 16869 987 137703 50637 14444 8175 2727 1566 1378 671 5448 38131 794 6674 82876 5691 331 176
internal_count=269128 235716 33412 9245 11477 7776 226471 175834 21935 5066 3683 6982 16869 987 137703 50637 14444 8175 2727 1566 1378 671 5448 38131 794 6674 82876 5691 331 176
is_linear=0
shrinkage=0.05


Tree=5
num_leaves=31
num_cat=0
split_feature=7 7 8 4 7 6 8 7 6 5 7 8 6 4 8 4 6 4 8 4 5 0 0 4 5 8 7 5 8 6
split_gain=4.44418 4.12144 3.54798 2.28455 2.11166 1.54513 1.69578 2.33568 0.891297 1.07555 0.763672 0.767136 0.899137 0.83421 0.83531 0.696995 0.931672 0.687221 0.647326 0.758308 0.66615 0.65472 0.570136 0.56042 0.612268 0.643473 0.598079 0.560163 0.710667 0.782827
threshold=0.054473624498138536 0.02616633882716456 0.44274895869817826 -0.97799571533919716 0.068895718469190556 0.66886321027131757 0.24462538673989251 0.034367111798127327 1.0270328941827052 43.303231664960975 0.015104789789352315 0.020329404365286397 0.79213668923321945 -0.65962784368940908 0.2645894821151285 0.031979087282105065 1.1346497903137316 -0.42105923336609474 0.032297688241028778 -0.88835271336717858 15.508353125118299 -0.0053768259236345308 -0.07805826330971298 0.83884699754025072 74.584855952004844 0.44723325029715799 0.033571281333631749 65.589279665839854 0.44723325029715799 0.70814819812322238
decision_type=10 8 8 10 10 8 10 10 10 10 10 10 8 10 10 10 10 10 10 8 10 10 10 10 10 10 10 10 10 10
left_child=1 3 17 -1 -4 -3 7 18 22 -10 -5 -12 13 -13 -15 16 -6 -2 19 20 -7 -21 -9 24 -8 -26 -25 28 29 -17
right_child=2 5 4 10 15 6 23 8 9 -11 11 12 -14 14 -16 27 -18 -19 -20 21 -22 -23 -24 26 25 -27 -28 -29 -30 -31
leaf_value=0.00059443179125166301 0.00072693476788721241 -3.4197277871653982e-05 -0.00083188039708910087 -0.00052329152622373044 -0.0016894158146076158 0.0036074954396425685 0.00020809740566899392 0.0046023631303038805 0.0022183815658479815 0.00086390952491621547 0.00037195066128497363 6.738560315367141e-05 -7.163724461215359e-05 -0.00086550136335060586 -0.00028771905277042966 -0.0014471432581396387 0.0033829806690648351 -0.00032179983921688338 7.2806512769828125e-05 4.6043307625203739e-05 0.0010762216799635879 0.00078611083517966243 0.00072505950552518997 0.00029066318063497332 0.0031528661516380171 0.0007092310855238591 -0.00041501553306153721 -0.0019339398924737583 -0.0026944251108541669 -0.0065607313100960775
leaf_weight=9083 3221 37195 8655 18544 873 312 44796 96 3154 2738 6080 7039 47192 11387 13881 101 101 3033 13218 5982 1557 5972 7655 5092 304 2367 7317 1146 932 289
leaf_count=9083 3221 37195 8655 18544 873 312 44796 96 3154 2738 6080 7039 47192 11387 13881 101 101 3033 13218 5982 1557 5972 7655 5092 304 2367 7317 1146 932 289
internal_value=2.53337e-06 5.74577e-05 -0.00074859 -0.000166059 -0.00124848 0.000241142 0.000342984 0.000592075 0.00112544 0.00158896 -0.000232399 -0.000169366 -0.000210766 -0.000413996 -0.000548096 -0.00229602 -0.00116343 0.00021833 0.000322978 0.000562201 0.00149878 0.000415768 0.000773082 0.000173735 0.000251947 0.000987354 -0.000125442 -0.002743 -0.00344434 -0.00523644
internal_weight=269312 250961 18351 113206 12097 137755 100560 40684 13643 5892 104123 85579 79499 32307 25268 3442 974 6254 27041 13823 1869 11954 7751 59876 47467 2671 12409 2468 1322 390
internal_count=269312 250961 18351 113206 12097 137755 100560 40684 13643 5892 104123 85579 79499 32307 25268 3442 974 6254 27041 13823 1869 11954 7751 59876 47467 2671 12409 2468 1322 390
is_linear=0
shrinkage=0.05


Tree=6
num_leaves=31
num_cat=0
split_feature=2 7 4 7 1 4 6 2 7 7 7 2 2 1 5 5 7 5 1 1 2 7 0 7 1 7 6 2 6 0
split_gain=4.82002 5.09124 2.43734 2.45265 2.02758 1.70956 1.43201 1.37587 1.29748 1.21597 1.21503 1.12275 0.982012 1.06288 1.74082 0.879314 0.90193 0.827402 0.809452 0.770774 0.756514 0.800765 0.750454 0.726904 0.744515 1.39681 0.694711 0.696783 0.680683 0.65555
threshold=-0.24067840387544062 0.062182765303145433 -0.96511640687138911 0.022693076900447157 -0.10774410774410774 0.031979087282105065 0.8588532387688248 0.0051465002353683351 0.073071248271039071 0.065185274809158783 0.034367111798127327 -0.082479211422832363 -0.10704438893568106 0.0030715974762897118 63.344801609305364 45.423202778420446 0.029711263176090508 35.054214223154069 0.081445378995278608 0.028958041843270336 0.3897788632604014 0.084054682809110978 0.020081004754210822 0.075517149084893084 0.042140418973867562 0.050417968496791338 0.70814819812322238 -0.29919394975115426 1.1479477205935829 -0.10995113925832838
decision_type=8 10 10 8 10 10 8 10 10 10 10 10 8 10 8 10 10 10 10 10 10 10 10 10 10 10 10 10 10 10
left_child=4 2 12 19 9 -3 -5 10 -7 26 -8 18 28 17 -15 16 -6 -14 -12 -4 -10 -22 29 24 -18 -26 -1 -28 -2 -19
right_child=1 5 3 6 15 8 7 -9 20 -11 11 -13 13 14 -16 -17 23 22 -20 -21 21 -23 -24 -25 25 -27 27 -29 -30 -31
leaf_value=0.0010583370867477714 0.0013294857752106917 -0.00040207913429767542 -0.00036327738270276532 -8.5363017454432704e-05 -0.0004169710691208143 -0.0012576882036380093 0.00025449963761726817 4.2459782355370248e-05 -0.0041219712059162705 0.00032548618801360034 0.0011863849438577643 0.00040347796277368327 -0.00016240622942738508 -0.001190092930448624 0.0018272721190534279 -0.0014471573314479699 0.0011820755001220912 0.0059281444422335239 0.0029960662673624338 5.6099591698290915e-05 -0.00093316007077799245 -0.0039829622848856841 0.0038870423486351891 -0.00071064005999365459 0.0064399235298612514 0.00046247856611858842 0.004805191627484641 0.0026230960666673614 0.00036858933770047566 0.00047242898213766427
leaf_weight=379 4669 3224 59322 78575 1096 2922 21556 46261 793 556 4395 5324 9675 615 2146 449 3303 56 719 13438 602 335 179 446 198 193 587 971 3045 3283
leaf_count=379 4669 3224 59322 78575 1096 2922 21556 46261 793 556 4395 5324 9675 615 2146 449 3303 56 719 13438 602 335 179 446 198 193 587 971 3045 3283
internal_value=2.4067e-06 -3.50266e-05 3.90671e-06 -4.58957e-05 0.0011977 -0.00128695 6.54165e-05 0.000216813 -0.0019002 0.00238658 0.000468914 0.000911712 0.000487012 0.000263061 0.00115517 0.000676348 0.000858444 7.63633e-05 0.00144082 -0.000285823 -0.00298542 -0.00202354 0.000733013 0.00119609 0.0014263 0.00348942 0.00297821 0.00344523 0.000950185 0.000563929
internal_weight=269312 261134 253258 229590 8178 7876 156830 78255 4652 2493 31994 10438 23668 15954 2761 5685 5236 13193 5114 72760 1730 937 3518 4140 3694 391 1937 1558 7714 3339
internal_count=269312 261134 253258 229590 8178 7876 156830 78255 4652 2493 31994 10438 23668 15954 2761 5685 5236 13193 5114 72760 1730 937 3518 4140 3694 391 1937 1558 7714 3339
is_linear=0
shrinkage=0.05


Tree=7
num_leaves=31
num_cat=0
split_feature=2 7 8 7 1 2 7 3 6 3 2 1 1 7 5 7 2 1 5 1 5 7 7 8 1 5 6 6 6 2
split_gain=4.35007 4.59485 2.24621 2.09944 1.83055 1.42834 1.42453 2.01828 1.39471 1.27917 1.24682 1.80793 1.20198 1.10963 1.09467 1.04797 0.912807 1.15125 0.838793 1.06223 0.929746 0.763345 0.86268 0.857082 0.747196 0.735956 0.833274 0.689763 0.651293 0.652952
threshold=-0.24067840387544062 0.062182765303145433 0.7665064055682691 0.022693076900447157 -0.10212174007070439 0.29362218294380887 0.084054682809110978 1.0000000180025095e-35 0.6518922820905092 1.0000000180025095e-35 0.0014651504664450201 0.016543769061207251 -0.051973141121421311 0.034862502756522674 58.048114338556445 0.065185274809158783 -0.11158987858232959 0.12324540571616761 70.622972347479006 0.17857975875780266 73.576251344163992 0.075517149084893084 0.029711263176090508 0.22773087439012649 0.028958041843270336 66.433854731003393 1.1092931942997908 1.047165219241738 0.7015131783344527 -0.29919394975115426
decision_type=8 10 8 8 10 10 10 2 8 2 10 8 10 10 10 10 10 10 8 8 10 10 10 8 10 10 10 10 10 10
left_child=4 3 9 12 15 -4 7 25 -5 -3 11 14 -2 18 27 28 17 -15 -13 -20 -21 22 -6 -24 -14 26 -7 -10 -1 -30
right_child=1 2 5 8 21 6 -8 -9 10 -11 -12 13 24 16 -16 -17 -18 -19 19 20 -22 -23 23 -25 -26 -27 -28 -29 29 -31
leaf_value=0.00099415008906056346 0.00029875910278785809 0.00016191988802499808 -0.003458897280317859 -0.00014479039375469579 -0.00046013379253329978 0.001268050731644318 -0.0047435626635919312 -0.0020175055691835152 -4.0328995010897302e-05 -0.0015319317590789534 2.7387534253927004e-05 0.00026926502653831861 -0.00036151119847032721 0.0017510480384370206 0.0013789632544626512 0.00031313577704268684 0.00086190681616690095 0.0056323858159919122 0.0021013270196536928 0.00062731553796878912 -0.0052948227828464416 -0.0011141143072771291 0.0015995352653634838 -8.6015664602003702e-05 5.3294603085859052e-05 0.0035214814344837458 -0.0058478310569905897 0.00039396733893140795 0.0044845468031252242 0.0024276938186614605
leaf_weight=428 10217 2779 1371 43104 1042 197 263 1074 28347 1861 64505 11632 56510 1715 1742 569 4046 215 1612 2612 68 570 2886 1021 13438 279 52 13495 609 1053
leaf_count=428 10217 2779 1371 43104 1042 197 263 1074 28347 1861 64505 11632 56510 1715 1742 569 4046 215 1612 2612 68 570 2886 1021 13438 279 52 13495 609 1053
internal_value=2.28637e-06 -3.32753e-05 -0.00122261 3.71138e-06 0.00113782 -0.00223371 -0.00133305 -0.000773152 0.000101681 -0.000517446 0.000183411 0.000337101 -0.000207826 0.000707727 0.00015087 0.00221554 0.0012887 0.00218343 0.000489697 0.0010871 0.000477052 0.000618578 0.000818141 0.00115906 -0.000281821 0.00175798 -0.000217997 9.97415e-05 0.00273347 0.00318138
internal_weight=269312 261134 7876 253258 8178 3236 1865 1602 173093 4640 129989 65484 80165 21900 43584 2659 5976 1930 15924 4292 2680 5519 4949 3907 69948 528 249 41842 2090 1662
internal_count=269312 261134 7876 253258 8178 3236 1865 1602 173093 4640 129989 65484 80165 21900 43584 2659 5976 1930 15924 4292 2680 5519 4949 3907 69948 528 249 41842 2090 1662
is_linear=0
shrinkage=0.05


Tree=8
num_leaves=31
num_cat=0
split_feature=2 7 1 7 8 7 8 4 2 7 5 7 8 2 1 7 8 5 4 8 7 1 7 8 2 5 1 0 5 4
split_gain=3.95447 4.24892 2.56361 2.09089 1.86597 1.56181 1.30266 1.30248 1.25874 1.25388 0.990175 0.931242 0.881023 1.31173 1.77595 1.24754 1.11896 1.23962 0.890792 0.869515 1.0284 1.89261 0.737123 0.750876 0.938977 0.656247 0.632327 0.588854 0.573024 0.941449
threshold=-0.21500824586268383 0.054473624498138536 -0.10212174007070439 0.022693076900447157 0.44274895869817826 0.068895718469190556 0.020329404365286397 -0.99225335413760363 0.068540010185996883 0.027450269407221058 44.284125602012338 0.065185274809158783 0.11740844322310992 0.0051465002353683351 0.045230039706666177 0.037695711979930241 0.57142857020581539 67.008265075488623 -0.72697674998527051 0.067896700001889368 0.053672811631288876 0.036553524804177624 0.02686157183790434 0.13603785811251509 -0.29919394975115426 29.332769766351905 0.034735411492758279 -0.032086348602651908 27.049180323557731 -0.33860593480708395
decision_type=8 10 10 8 8 10 10 10 10 10 10 10 10 10 10 10 10 10 10 10 10 10 10 8 10 10 10 10 10 10
left_child=2 3 11 7 -3 8 -5 -2 -6 -4 19 22 18 14 16 -16 17 -14 -8 -11 21 -21 -1 24 -24 -20 -9 -17 -23 -30
right_child=1 4 9 6 5 -7 12 26 -10 10 -12 -13 13 -15 15 27 -18 -19 25 20 -22 28 23 -25 -26 -27 -28 -29 29 -31
leaf_value=0.00048743472116847229 0.00048395255087906931 0.00016469528270260584 -0.00081535768349708505 0.00045716063354538756 -0.0017887746655268592 -0.0020601287685295716 0.00020292761987649453 -0.00031970623936209731 -0.00041473051413578455 0.00038433175430394338 -0.0010637480306824839 0.00023021128064176441 9.2872767517943475e-06 -3.9112942760969844e-05 0.00053727197574317384 -0.00083030278741110441 0.00082481487799814564 0.0021833149724797495 0.00010633809018098656 0.0013874282687521933 -5.863907731975328e-05 0.0024280481197225946 0.0050797417506969183 0.001382731400462826 0.0025313238488295364 -0.00074854261395535383 9.2697357413558084e-05 0.0019555872902993375 0.0098655273568603388 0.0039627918329688911
leaf_weight=447 6431 3513 1679 23688 2283 3358 6464 62320 6175 3540 711 619 35576 68215 7393 204 5337 668 3025 1659 722 127 504 769 1278 8705 10924 2702 118 158
leaf_count=447 6431 3513 1679 23688 2283 3358 6464 62320 6175 3540 711 619 35576 68215 7393 204 5337 668 3025 1659 722 127 504 769 1278 8705 10924 2702 118 158
internal_value=2.17205e-06 -3.97975e-05 0.000876828 1.14084e-05 -0.000847027 -0.00114782 0.00011456 -0.000198295 -0.000785615 0.000412353 0.000705363 0.00199583 5.58743e-05 0.000104996 0.000294479 0.000882286 0.000148888 4.9356e-05 -0.000268367 0.000904262 0.00156538 0.00213402 0.00236038 0.00268857 0.00325209 -0.000528081 -0.000258198 0.00176002 0.00520748 0.00648643
internal_weight=269312 256981 12331 241652 15329 11816 161977 79675 8458 8714 7035 3617 138289 120095 51880 10299 41581 36244 18194 6324 2784 2062 2998 2551 1782 11730 73244 2906 403 276
internal_count=269312 256981 12331 241652 15329 11816 161977 79675 8458 8714 7035 3617 138289 120095 51880 10299 41581 36244 18194 6324 2784 2062 2998 2551 1782 11730 73244 2906 403 276
is_linear=0
shrinkage=0.05


Tree=9
num_leaves=31
num_cat=0
split_feature=2 7 7 4 8 7 7 6 2 7 2 7 4 2 7 8 7 2 5 0 8 4 7 8 8 2 7 5 7 8
split_gain=3.58509 3.85376 2.02785 1.74174 1.59013 1.42806 1.42141 1.17431 1.02228 0.999255 0.979461 1.54618 1.26466 2.22639 1.25319 1.02431 0.838771 0.775752 1.07808 0.78099 0.716337 0.850555 0.752632 0.701763 0.74677 0.740262 0.652201 0.634375 0.801514 0.584273
threshold=-0.24067840387544062 0.054473624498138536 0.02616633882716456 -0.99225335413760363 0.44274895869817826 0.068895718469190556 0.075517149084893084 1.0320920183646733 0.068540010185996883 0.027329101590553163 -0.16774193548387098 0.035934833858425629 -0.240047222390287 -0.07729918596037065 0.037695711979930241 0.58459797452370255 0.04682658472744345 0.007670901056846314 32.33686313366573 -0.015578289830763368 0.23809523601662891 -0.49814658473674905 0.028280685945172881 0.020329404365286397 0.18161289280619045 -0.046906596475218269 0.03686004482621686 66.433854731003393 0.033275881399993615 0.8609775726248089
decision_type=8 10 8 10 8 10 10 10 10 10 8 10 8 8 10 10 10 10 8 10 8 10 10 8 8 10 10 8 10 10
left_child=6 2 3 -2 -3 8 7 20 -6 -9 11 -4 15 14 -14 -12 26 18 -15 -20 21 22 -1 -5 25 -25 -11 -21 -29 -26
right_child=1 4 10 23 5 -7 -8 9 -10 16 12 -13 13 17 -16 -17 -18 -19 19 27 -22 -23 -24 24 29 -27 -28 28 -30 -31
leaf_value=0.00013195990679804633 0.00055520172334106658 9.6047737833205798e-05 0.00011663664379438292 0.00048586635365972694 -0.0016246524709323232 -0.001946798102269387 -0.00096064567129432741 -0.00031435883700864256 -0.00039399397247575051 0.0025751579157232392 -0.00020622448534702819 0.0013370972106537761 0.00064516837045957122 -0.00151388412766481 0.0022115801468476008 0.0007204201789965958 0.0014915050368129214 4.7380678295923982e-05 -5.7207130142626083e-06 0.00043673481930826683 -0.00014498303152273928 8.3658037265374113e-05 0.0022234179322061886 -0.00027693759098715932 -9.0554632209573416e-05 -0.0008342347986740634 0.0050859677616676511 0.00092387769050296376 0.0031947038880717317 -0.00068241906088913615
leaf_weight=563 8387 3830 6459 3664 2322 3369 806 350 6175 692 35120 4338 3808 718 1921 3259 957 55085 6520 11018 1405 1169 1823 22494 65341 8106 413 4319 427 4454
leaf_count=563 8387 3830 6459 3664 2322 3369 806 350 6175 692 35120 4338 3808 718 1921 3259 957 55085 6520 11018 1405 1169 1823 22494 65341 8106 413 4319 427 4454
internal_value=2.06344e-06 -3.02203e-05 1.83538e-05 -0.000137946 -0.000789772 -0.00107569 0.00103292 0.00125089 -0.0007303 0.00215583 0.000150507 0.000606991 0.000110172 0.000219018 0.0011704 -0.000127537 0.00257511 0.000149218 0.000393098 0.000454542 0.000810822 0.00118857 0.00172992 -0.000193813 -0.000218618 -0.000424567 0.00351359 0.000644907 0.00112819 -0.000128325
internal_weight=269312 261134 245438 112446 15696 11866 8178 7372 8497 2412 132992 10797 122195 83816 5729 38379 2062 78087 23002 22284 4960 3555 2386 104059 100395 30600 1105 15764 4746 69795
internal_count=269312 261134 245438 112446 15696 11866 8178 7372 8497 2412 132992 10797 122195 83816 5729 38379 2062 78087 23002 22284 4960 3555 2386 104059 100395 30600 1105 15764 4746 69795
is_linear=0
shrinkage=0.05


Tree=10
num_leaves=31
num_cat=0
split_feature=7 7 8 1 1 5 1 1 5 7 5 8 5 0 7 8 5 6 5 8 5 3 7 8 1 0 8 5 1 8
split_gain=2.71376 2.59193 2.22367 1.68503 1.27718 1.80758 1.19987 1.16684 2.11552 1.42198 1.19901 1.14689 1.7311 1.10582 0.982574 0.804868 0.703632 0.809524 0.665167 0.628394 0.619445 0.587799 0.587789 0.57503 0.572989 0.570014 0.550594 0.571867 0.517682 0.513807
threshold=0.054473624498138536 0.02616633882716456 0.34486160919123793 -0.051973141121421311 -0.13975089850557351 23.307225878688119 0.065165902073342177 0.032113698821375387 50.708970622531631 0.035582665312475961 60.141572598933898 0.33690003084557646 49.702161390374222 0.048838080306593652 0.075517149084893084 0.76130113397639287 62.393883041702011 0.27650921227003539 34.840396242969689 0.45554474172630172 76.882066305004102 1.0000000180025095e-35 0.038103135004358808 0.20528607269751348 -0.011429297144308513 0.059174224623200218 0.011124157997051442 62.393883041702011 0.09310529808872571 0.56260117565321954
decision_type=10 8 8 10 8 8 10 10 10 8 10 8 8 10 10 8 8 10 10 10 10 2 8 8 10 10 10 10 10 10
left_child=1 3 24 26 5 22 20 10 9 -9 13 25 18 -6 -4 -16 17 -7 -13 -12 -5 23 -3 -10 -2 28 -1 -28 -11 -23
right_child=2 4 14 6 7 16 -8 8 21 11 19 12 -14 -15 15 -17 -18 -19 -20 -21 -22 29 -24 -25 -26 -27 27 -29 -30 -31
leaf_value=0.0009641931108411748 0.00073619895375696585 0.003385872623504873 -0.00073468690352475937 -0.00027331275784768272 -4.9782144620763592e-05 0.0041640293382917927 0.00045245559685318107 0.00035604557121521633 -0.00081077690330653106 0.0021345139361819919 0.00097646528346659149 -0.0018094576509341737 0.0021972562101815808 0.00092179904419374637 -0.00089437720047571613 -0.0029384233061395208 -0.0014420492634868109 0.00044901794606059175 0.00046537504942285299 0.00026130426260229355 0.00056635706862205582 -0.0020129409929876304 0.0012077378717017817 0.00043185537042328588 -0.00038196094253241126 -8.1828337271246918e-05 0.00018436747846654937 0.004747606929479356 0.0039396266647579396 -2.2648689050092186e-05
leaf_weight=2902 3152 839 11514 87542 72456 157 6476 5514 986 1585 4542 378 1677 3052 929 1000 460 2222 2144 9488 2253 332 491 16687 1800 221 13835 69 530 13927
leaf_count=2902 3152 839 11514 87542 72456 157 6476 5514 986 1585 4542 378 1677 3052 929 1000 460 2222 2144 9488 2253 332 491 16687 1800 221 13835 69 530 13927
internal_value=1.01849e-05 5.31847e-05 -0.000576 -0.000124197 0.000198861 0.00106066 -0.000204841 0.000171952 0.000382851 0.000947377 6.83584e-05 0.00144632 0.000952271 -1.05113e-05 -0.000909654 -0.00195402 0.000348055 0.000694187 0.000124421 0.000492827 -0.000252245 0.000169837 0.00258176 0.000362527 0.00032976 0.00233438 0.00033776 0.000207013 0.00258686 -6.89897e-05
internal_weight=269160 250765 18395 113077 137688 4169 96271 133519 43981 12049 89538 6535 4199 75508 13443 1929 2839 2379 2522 14030 89795 31932 1330 17673 4952 2336 16806 13904 2115 14259
internal_count=269160 250765 18395 113077 137688 4169 96271 133519 43981 12049 89538 6535 4199 75508 13443 1929 2839 2379 2522 14030 89795 31932 1330 17673 4952 2336 16806 13904 2115 14259
is_linear=0
shrinkage=0.05


Tree=11
num_leaves=31
num_cat=0
split_feature=7 7 8 1 1 5 7 1 1 5 7 5 8 5 0 5 6 5 8 5 7 7 0 1 5 3 8 5 0 6
split_gain=2.44917 2.33922 2.00875 1.52074 1.15266 1.63134 1.11739 1.08288 1.05307 1.90926 1.28334 1.08211 1.03506 1.56232 0.998002 0.635028 0.730595 0.600313 0.577992 0.559049 0.552052 0.543536 0.539191 0.548324 0.569203 0.535816 0.529217 0.501635 0.498515 1.37962
threshold=0.054473624498138536 0.02616633882716456 0.41342056129146593 -0.051973141121421311 -0.13975089850557351 23.307225878688119 0.075517149084893084 0.065165902073342177 0.032113698821375387 50.708970622531631 0.035582665312475961 60.141572598933898 0.33690003084557646 49.702161390374222 0.048838080306593652 62.393883041702011 0.27650921227003539 34.840396242969689 0.28533046601786566 76.882066305004102 0.026396665982416856 0.041827604897578967 0.089574882243653522 0.11884665435543708 42.13421341485283 1.0000000180025095e-35 0.022222221893004001 49.112425994818118 0.01277753631922063 1.3370387318917689
decision_type=10 8 8 8 8 8 10 10 10 10 8 10 8 8 10 8 10 10 10 10 8 8 10 10 10 2 10 10 10 10
left_child=1 3 26 -1 5 21 -4 19 11 10 -10 14 22 17 -6 16 -7 -14 -13 -5 28 -3 23 24 -12 -22 -2 -8 -11 -30
right_child=2 4 6 7 8 15 27 -9 9 20 12 18 13 -15 -16 -17 -18 -19 -20 -21 25 -23 -24 -25 -26 -27 -28 -29 29 -31
leaf_value=0.00032087215656209032 0.0014776002320357434 0.0030380075132491156 -0.00070476884202935665 -0.00025964709627727972 -4.7293037895271864e-05 0.0039558278905764627 -0.00064196465785635486 0.00042983280598952474 0.00033824329487588066 0.00030067554681972115 0.0027240969896481309 0.0011800167244705585 -0.0017189847667448887 0.0020873934419657464 0.00087570907613097036 -0.0013699467757813813 0.00042656705581443877 0.00044210630511059461 0.00032349932497184922 0.00053803922014612879 0.00032345681211888751 0.00070719651255807508 -0.0020728518199306769 0.0043863847814290874 0.00097892302494606846 -9.1052268536196801e-05 4.2883488358652213e-05 -0.0025174191908312153 0.0094979906478302855 0.00071482212671379413
leaf_weight=16806 737 996 10773 87542 72456 157 481 6476 5514 210 1218 2370 378 1677 3052 460 2222 2144 11660 2253 17402 334 71 289 758 14124 5026 1378 69 127
leaf_count=16806 737 996 10773 87542 72456 157 481 6476 5514 210 1218 2370 378 1677 3052 460 2222 2144 11660 2253 17402 334 71 289 758 14124 5026 1378 69 127
internal_value=9.67562e-06 5.05255e-05 -0.0005472 -0.000117987 0.000188918 0.00100762 -0.000900116 -0.000194599 0.000163354 0.000363708 0.000900008 6.49405e-05 0.00137401 0.000904658 -9.9857e-06 0.000330652 0.000659478 0.0001182 0.000468185 -0.000239633 0.000161345 0.00245268 0.00221767 0.00235216 0.00205464 0.000137752 0.000226362 -0.00203216 0.00199331 0.00380686
internal_weight=269160 250765 18395 113077 137688 4169 12632 96271 133519 43981 12049 89538 6535 4199 75508 2839 2379 2522 14030 89795 31932 1330 2336 2265 1976 31526 5763 1859 406 196
internal_count=269160 250765 18395 113077 137688 4169 12632 96271 133519 43981 12049 89538 6535 4199 75508 2839 2379 2522 14030 89795 31932 1330 2336 2265 1976 31526 5763 1859 406 196
is_linear=0
shrinkage=0.05


Tree=12
num_leaves=31
num_cat=0
split_feature=2 7 1 4 4 7 2 6 0 5 7 1 7 1 4 2 6 7 3 0 5 5 3 0 2 6 7 5 1 1
split_gain=3.03281 2.8862 1.83484 1.85453 1.65225 1.36409 1.25255 1.14856 1.13472 1.95902 1.12962 1.0531 0.913196 0.86261 0.810775 0.753346 1.07032 0.735837 0.957625 0.728565 0.706958 0.700331 0.832534 0.699433 0.681974 0.722394 0.659217 0.667087 0.923883 0.637455
threshold=-0.24845454019078497 0.062182765303145433 0.03563853062781553 -0.96511640687138911 0.04205543134458338 0.075517149084893084 -0.15480182505966114 1.0974429876554652 -0.070991281012234661 9.7108334254666762 0.027793719009288748 -0.1224650807998877 0.019467920060653073 0.14460248547869184 -0.34587254577512 -0.10850160730437557 0.87001530317950981 0.073071248271039071 1.0000000180025095e-35 -0.10995113925832838 27.049180323557731 32.802547756075285 1.0000000180025095e-35 0.071774098249793319 0.3897788632604014 1.41813633121163 0.022589881439132608 58.878504661662596 -0.031985444252844046 0.071906364990049113
decision_type=8 10 8 8 10 10 8 10 10 10 10 10 8 10 10 8 10 10 2 10 10 10 2 10 10 10 10 10 10 10
left_child=5 2 3 15 -3 11 10 19 -8 -10 -4 -1 -9 14 20 16 -2 18 -6 -5 -12 -11 -23 26 -19 -26 -21 -28 -29 -22
right_child=1 4 6 7 17 -7 8 12 9 21 13 -13 -14 -15 -16 -17 -18 24 -20 23 29 22 -24 -25 25 -27 27 28 -30 -31
leaf_value=0.0023082180493935603 0.0016023705807730255 -0.00010680617706190024 -0.0017274461955415655 0.0043433392313152047 9.8030469705164908e-05 -0.0009772670752365804 -0.0014339619833417662 -0.00026509871133339644 0.0015207484382010151 -0.0011061579228839539 0.0003520466959344049 0.00086904803712965588 0.00029961786947726397 0.008151427190168762 0.0010294456664171855 0.00010555198489507266 0.00037246348960093414 -0.0034560581069989545 -0.0017696710976918377 -0.00032992583491988563 0.0034224522667862774 0.00033196744741900626 -6.4778234782681058e-05 0.0021827253548508453 -0.00070250442246341382 -0.0040057954663778985 -0.00017029607355430312 0.00082950997717814502 -3.4515908262201286e-05 0.0083474086744062034
leaf_weight=1751 2732 3367 233 89 1089 760 1041 9973 2809 1057 128 4638 25370 55 1085 7605 5018 794 1856 51070 251 37623 20388 312 719 215 70659 4140 12244 89
leaf_count=1751 2732 3367 233 89 1089 760 1041 9973 2809 1057 128 4638 25370 55 1085 7605 5018 794 1856 51070 251 37623 20388 312 719 215 70659 4140 12244 89
internal_value=9.19184e-06 -1.85318e-05 1.09945e-05 -6.76291e-05 -0.000951222 0.00102526 0.000240716 -0.000114149 0.000203101 0.000230643 0.00152624 0.00126347 0.000140268 0.0019977 0.00177976 0.000459096 0.000806026 -0.00155964 -0.00107903 -0.000179066 0.00351927 0.000169291 0.000192531 -0.000181974 -0.00237874 -0.0014629 -0.000187315 -0.000103643 0.000183811 0.00471163
internal_weight=269160 262011 253971 189212 8040 7149 64759 173857 62918 61877 1841 6389 35343 1608 1553 15355 7750 4673 2945 138514 468 59068 58011 138425 1728 934 138113 87043 16384 340
internal_count=269160 262011 253971 189212 8040 7149 64759 173857 62918 61877 1841 6389 35343 1608 1553 15355 7750 4673 2945 138514 468 59068 58011 138425 1728 934 138113 87043 16384 340
is_linear=0
shrinkage=0.05


Tree=13
num_leaves=31
num_cat=0
split_feature=7 8 8 7 7 0 4 4 6 8 7 4 6 7 8 6 7 7 6 4 0 5 0 8 4 7 4 5 8 8
split_gain=2.08209 1.99453 1.71534 1.63506 0.935265 0.916893 0.715611 0.714082 0.797087 0.707568 0.701741 1.0239 0.786159 0.690006 1.23478 0.765083 0.632027 0.585369 0.571091 0.675272 0.555356 0.659586 0.60444 0.502672 0.500756 0.633829 0.498404 0.489674 0.780207 0.488942
threshold=0.054473624498138536 0.026163485247077154 0.34486160919123793 0.02616633882716456 0.020199207454447584 -0.066295578493882498 -0.41411456341770297 -0.99225335413760363 1.0631663384097843 0.2645894821151285 0.075517149084893084 0.01067127078747984 1.1346497903137316 0.039940116966449654 0.27497765384613809 1.0798930969807536 0.038330976880495846 0.011966459963838884 0.83007034150033909 -0.97799571533919716 -0.066295578493882498 24.071781699735393 -0.10995113925832838 0.40927627140838274 -0.47322528666232105 0.034206060103639156 -0.70674008885377249 inf 0.026163485247077154 0.38853297847854912
decision_type=10 10 8 10 10 10 10 10 10 10 10 10 10 10 10 10 10 8 10 10 10 10 10 10 10 10 10 8 8 10
left_child=1 4 6 7 17 -6 -2 -3 9 26 -4 12 -12 18 15 -15 24 -1 19 -5 21 -19 -23 -21 -7 -26 -9 28 -22 -13
right_child=2 3 10 13 5 16 -8 8 -10 -11 11 29 -14 14 -16 -17 -18 20 -20 23 27 22 -24 -25 25 -27 -28 -29 -30 -31
leaf_value=-0.0013697551389055922 0.00080849343242376636 0.00042001965329717552 -0.0006499011212582332 0.0012371995468954729 0.0021259152290475265 0.0004878560441079849 -0.00040705419547972248 -9.6907730609099233e-05 1.9689461795339511e-05 -0.00013264426257033062 -0.00064890836443757063 -0.003995349226154821 0.0049724195019475058 0.00059450558708014128 0.00014243398691678337 0.001777209214824515 5.5794036743815952e-05 -0.0013258187981986976 0.00016374963485812522 -0.00029683674235683505 0.00047747334738151414 0.0066955068860860435 -0.00026999270790838636 7.6309972983282042e-05 0.00078262158365419155 0.0020849310977584016 -0.00057462605417107513 0.00061810774519634377 -0.00051533263720417047 -0.0018603853534682976
leaf_weight=662 2843 5074 11514 921 939 10255 2109 7118 31064 34371 558 378 70 5517 22954 1818 5271 1026 45205 20628 4074 51 80 16046 3937 1225 23437 5244 3848 923
leaf_count=662 2843 5074 11514 921 939 10255 2109 7118 31064 34371 558 378 70 5517 22954 1818 5271 1026 45205 20628 4074 51 80 16046 3937 1225 23437 5244 3848 923
internal_value=8.73225e-06 4.63967e-05 -0.000504718 -1.19085e-05 0.000387438 0.000597795 0.000290806 -0.000158054 -0.000188611 -0.000288273 -0.000797765 -0.00168035 -2.23272e-05 0.000118697 0.000322899 0.000887642 0.000528436 8.3843e-05 4.39986e-05 -9.99925e-05 0.000151027 -0.000899238 0.00244177 -0.000133574 0.00069003 0.00109167 -0.000463338 0.000243322 -4.76819e-06 -0.00248069
internal_weight=269160 250765 18395 214153 36612 21627 4952 101064 95990 64926 13443 1929 628 113089 30289 7335 20688 14985 82800 37595 14323 1157 131 36674 15417 5162 30555 13166 7922 1301
internal_count=269160 250765 18395 214153 36612 21627 4952 101064 95990 64926 13443 1929 628 113089 30289 7335 20688 14985 82800 37595 14323 1157 131 36674 15417 5162 30555 13166 7922 1301
is_linear=0
shrinkage=0.05


Tree=14
num_leaves=31
num_cat=0
split_feature=2 7 7 8 8 8 1 7 4 1 2 3 7 1 5 8 2 7 3 1 0 0 4 1 8 4 4 4 2 0
split_gain=2.74169 2.5735 2.47473 2.02607 1.35479 1.3147 1.14578 1.16015 1.09393 0.968359 0.933385 0.912677 0.903483 0.858622 1.38593 0.844499 2.24434 1.60753 1.48634 0.932279 0.842238 0.819555 0.802967 0.7968 0.776756 0.732161 0.716013 0.824658 0.710782 0.710068
threshold=-0.091704494509509279 0.034367111798127327 0.059819200537251725 0.034506628013864622 0.21165644106853862 0.33333333014833016 0.05944845259693899 0.066940537286215143 -0.8689956971575773 0.03563853062781553 -0.052742964376994321 1.0000000180025095e-35 0.011966459963838884 0.017187146653098066 9.7108334254666762 0.3604740832465238 0.29362218294380887 0.084054682809110978 1.0000000180025095e-35 -0.17162639202663535 -0.036181291368311989 0.050560434785319915 0.22887828527695728 0.14460248547869184 0.32944221471637353 -0.50431547642153474 -0.65962784368940908 -0.14743296964141775 0.42303513137429588 0.056741931854283674
decision_type=10 10 10 10 8 8 10 10 8 10 10 2 10 10 10 10 10 10 2 10 10 10 10 10 8 10 10 10 10 10
left_child=1 3 4 8 10 -4 21 24 -1 -6 -2 -11 -5 25 29 16 19 20 22 -7 -18 -3 -17 -16 -8 -10 -14 -28 -22 -15
right_child=2 6 5 12 9 15 7 -9 13 11 -12 -13 26 14 23 18 17 -19 -20 -21 28 -23 -24 -25 -26 -27 27 -29 -30 -31
leaf_value=0.00096919272976296567 -4.3376749327066236e-05 0.00052872413963813932 0.0013787593411748943 -0.0025588867549315251 -8.1413703810863988e-05 0.0026546072766025454 0.003043457726249615 -0.00078906874998490553 -5.9611330566460675e-05 0.00036020507672346086 -0.00055973048743974128 -7.3424880201716371e-05 0.00014388444759384433 0.0024858165214720809 0.00032075446738905728 -0.00037116259952490603 0.0061931855244135173 -0.0043985370041566413 -0.0013393717787254418 -0.0036951406333147149 -0.0015481034467174765 0.0021062682481300171 0.0018551900490839533 -0.0030576828722387733 0.00091248416371960826 0.0012858955771498587 -0.00044499982719863398 0.00059660483518039742 0.0025664870166122343 -0.00016857034339112103
leaf_weight=6845 15634 18335 572 391 96404 61 1218 364 12504 30638 19882 20092 13191 1309 1174 1209 84 142 4157 1104 191 862 609 205 659 1100 17548 2131 233 312
leaf_count=6845 15634 18335 572 391 96404 61 1218 364 12504 30638 19882 20092 13191 1309 1174 1209 84 142 4157 1104 191 862 609 205 659 1100 17548 2131 233 312
internal_value=8.29563e-06 0.000257781 -9.37754e-05 8.13661e-05 -5.52675e-05 -0.000934897 0.000724452 0.00179431 0.000437303 1.16364e-05 -0.000332434 0.000188463 -0.000169569 0.000218031 0.000983694 -0.00110478 -0.00204935 0.000304522 -0.000817857 -0.00336266 0.00161916 0.00059956 0.000374629 -0.000181479 0.00229529 4.91844e-05 -0.000141147 -0.000332207 0.00071298 0.00197492
internal_weight=269160 78148 191012 56710 182650 8362 21438 2241 23449 147134 35516 50730 33261 16604 3000 7790 1815 650 5975 1165 508 19197 1818 1379 1877 13604 32870 19679 424 1621
internal_count=269160 78148 191012 56710 182650 8362 21438 2241 23449 147134 35516 50730 33261 16604 3000 7790 1815 650 5975 1165 508 19197 1818 1379 1877 13604 32870 19679 424 1621
is_linear=0
shrinkage=0.05


Tree=15
num_leaves=31
num_cat=0
split_feature=2 7 7 4 1 7 6 1 1 6 2 4 3 6 1 7 7 7 2 6 7 1 1 0 4 6 4 4 4 2
split_gain=2.68472 2.96585 1.92198 1.84598 1.36413 1.15429 1.08731 0.990299 0.971573 0.903811 0.820317 0.836728 0.746767 0.731116 0.697797 0.682522 0.662183 0.639241 0.975782 0.638956 0.623787 0.581812 0.647028 0.56522 0.563139 0.557642 0.586581 0.67306 0.516562 0.515015
threshold=-0.091704494509509279 0.062182765303145433 0.034367111798127327 -0.85086216309341711 0.05944845259693899 0.066940537286215143 1.0270328941827052 -0.23808310028742327 0.032962389578208191 0.8549958365832514 -0.17344976801515857 -0.33860593480708395 1.0000000180025095e-35 0.50210660955191655 0.14460248547869184 0.023879441805172236 0.075517149084893084 0.073071248271039071 -0.2204671338228493 1.4057786209258627 0.012621321768486548 -0.19254923072727534 0.017187146653098066 -0.054216867469879519 -1.0059685273863292 1.1412876407726744 -0.14743296964141775 -0.63355011249446469 -0.32365395198717517 0.30648267736161167
decision_type=10 10 10 10 10 10 10 10 10 8 10 10 2 10 10 10 10 10 10 8 10 8 10 10 10 10 10 10 10 10
left_child=2 8 3 9 6 10 -4 -3 15 20 11 -6 -10 -9 -13 -2 -15 18 -8 29 -1 23 -23 -11 -22 26 27 -5 -20 -14
right_child=1 7 4 25 5 -7 17 13 12 21 -12 14 19 16 -16 -17 -18 -19 28 -21 24 22 -24 -25 -26 -27 -28 -29 -30 -31
leaf_value=-0.0019060661994689931 -0.0002825426550452581 0.0041805298362897854 0.00027814287956468101 1.6929793052724754e-05 0.0064350779972841389 -0.00067835868941861269 0.0023143922076295904 0.00022638256849353257 0.00023442748647489183 0.004595588351757697 0.0015587473424551368 0.0018142640155460446 -7.1653996564917353e-05 -0.001077136621921583 0.0079307220138187685 -4.8915391847338189e-05 -0.002265347577585921 -0.00044359017727848578 0.0004115760841354539 -0.00049901694405588752 0.0017750493416178522 8.2579263806282778e-05 0.00097456877114347913 0.00063906546098009304 0.00070211473492568053 0.00030795450857125562 0.0006425112801202689 -0.0004902229977551269 0.0020129453349164313 0.00074705883503861691
leaf_weight=178 55912 86 14119 10850 202 386 1620 771 36118 149 1206 388 11119 4152 53 70907 1634 570 2201 7804 1955 13776 2385 229 3266 5740 1802 16477 653 2322
leaf_count=178 55912 86 14119 10850 202 386 1620 771 36118 149 1206 388 11119 4152 53 70907 1634 570 2201 7804 1955 13776 2385 229 3266 5740 1802 16477 653 2322
internal_value=-1.10032e-05 -0.000112119 0.000235725 8.35961e-05 0.000639595 0.00180857 0.000503256 -0.00115005 -7.46832e-05 0.000442934 0.00232774 0.00377006 9.60667e-05 -0.00121996 0.00254935 -0.000151917 -0.00141269 0.00113339 0.0013343 -0.000139156 0.00100464 0.000259571 0.000214217 0.00219865 0.00110387 -0.000142483 -0.000231244 -0.000288861 0.000777972 6.97827e-05
internal_weight=269030 190825 78205 56807 21398 2235 19163 6643 184182 21938 1849 643 57363 6557 441 126819 5786 5044 4474 21245 5399 16539 16161 378 5221 34869 29129 27327 2854 13441
internal_count=269030 190825 78205 56807 21398 2235 19163 6643 184182 21938 1849 643 57363 6557 441 126819 5786 5044 4474 21245 5399 16539 16161 378 5221 34869 29129 27327 2854 13441
is_linear=0
shrinkage=0.05


Tree=16
num_leaves=31
num_cat=0
split_feature=2 7 7 8 8 6 7 8 8 4 5 7 4 8 6 2 5 4 2 8 7 2 7 2 5 7 2 4 7 4
split_gain=2.42296 2.67668 1.73458 1.90976 1.64247 1.0644 1.08094 1.03738 0.878821 1.12622 0.846736 0.7975 0.764166 1.02106 0.891156 0.730537 0.770508 0.707356 0.641734 0.640302 1.33085 0.680557 0.564072 0.560329 0.685476 0.554007 0.691647 0.995919 0.546742 0.54351
threshold=-0.091704494509509279 0.062182765303145433 0.034367111798127327 0.032297688241028778 0.41342056129146593 1.0170115748360005 0.073071248271039071 0.13603785811251509 0.26804799527923462 -0.091872161653097195 82.721296622103907 0.011966459963838884 -0.62109108332738583 0.14142193538900344 1.2049747868104068 -0.02107364987734683 68.218354287684932 -0.85086216309341711 -0.052742964376994321 0.81468972556365615 0.038103135004358808 0.1619513799135415 0.084054682809110978 -0.26822949801484008 22.894895672215231 0.054473624498138536 -0.1705184062372789 -0.22397619115681436 0.079061678468717936 -0.10176073818146142
decision_type=10 10 10 10 8 10 10 8 10 10 10 10 10 10 10 10 10 8 10 10 10 10 10 10 10 10 10 10 10 10
left_child=2 7 3 17 22 25 8 18 23 -10 15 -5 -13 14 -14 16 29 -1 -2 20 -12 -22 -3 -7 -25 26 -4 -28 -6 -9
right_child=1 4 5 11 28 6 -8 10 9 -11 19 12 13 -15 -16 -17 -18 -19 -20 -21 21 -23 -24 24 -26 -27 27 -29 -30 -31
leaf_value=0.00085171601990458316 -0.00014296738049667711 0.00072524279524967977 0.00093199817828043009 -0.0023556352496277269 -0.0011219562192017879 0.0027794561721024083 -0.00063379637720767108 -1.8651990037197956e-05 -0.00082325150964903814 0.0027549235061027299 0.00067985331725496016 0.00012819444997692094 -0.00090503981269820545 3.3373239986336278e-05 0.00054587284636917535 -0.00011147463861334707 0.0019410164668483875 0.00024807182835827395 -0.00070952725195303802 0.00018613700819998392 0.0069045413800631651 0.0024250038633891924 0.0055460925728305068 -0.00044269172925547442 0.0016930416600686553 -0.00021152960390789932 -0.00013523127384472021 0.0014436246437702985 -0.0023142897109003561 0.00036416429560475377
leaf_weight=6994 10588 643 5767 408 4726 977 739 28787 809 302 1124 15349 8116 8869 1217 117332 579 15854 9467 2273 140 215 67 431 2928 3118 5084 1243 1207 13677
leaf_count=6994 10588 643 5767 408 4726 977 739 28787 809 302 1124 15349 8116 8869 1217 117332 579 15854 9467 2273 140 215 67 431 2928 3118 5084 1243 1207 13677
internal_value=-1.0453e-05 -0.000106513 0.000223939 7.94163e-05 -0.00109255 0.000607615 0.00116061 -7.0949e-05 0.00140406 0.000149394 -2.94692e-05 -0.00015838 -0.00013166 -0.000350785 -0.000715844 -4.68399e-05 0.000129349 0.000432853 -0.000410413 0.000713021 0.00152276 0.00419158 0.00118017 0.00172554 0.001419 0.000382737 0.000535947 0.00017495 -0.00136452 0.000104647
internal_weight=269030 190825 78205 56807 6643 21398 6186 184182 5447 1111 164127 33959 33551 18202 9333 160375 43043 22848 20055 3752 1479 355 710 4336 3359 15212 12094 6327 5933 42464
internal_count=269030 190825 78205 56807 6643 21398 6186 184182 5447 1111 164127 33959 33551 18202 9333 160375 43043 22848 20055 3752 1479 355 710 4336 3359 15212 12094 6327 5933 42464
is_linear=0
shrinkage=0.05


Tree=17
num_leaves=31
num_cat=0
split_feature=2 7 7 8 8 1 7 8 8 7 2 2 4 7 4 8 6 4 1 3 1 6 7 1 6 2 1 2 8 2
split_gain=2.18672 2.4157 1.56546 1.72356 1.48233 1.18836 0.999797 0.936234 0.925831 0.814674 1.08482 0.753161 0.91939 0.719743 0.69267 0.949339 0.823992 0.665001 0.649168 0.822205 0.634696 0.628028 0.59362 0.62019 0.585682 0.564822 0.550594 0.535158 0.650734 0.640414
threshold=-0.091704494509509279 0.062182765303145433 0.034367111798127327 0.032297688241028778 0.41342056129146593 0.05944845259693899 0.066940537286215143 0.13603785811251509 0.24786432093169333 0.075517149084893084 -0.29919394975115426 -0.15480182505966114 -0.33860593480708395 0.011966459963838884 -0.60868456164142337 0.14142193538900344 1.2049747868104068 -1.2599155670386655 0.034735411492758279 1.0000000180025095e-35 -0.042499468763280916 1.0170115748360005 0.04728594744409189 -0.11100923626367236 1.4057786209258627 -0.049175346128585033 0.14460248547869184 0.23999290991948866 0.45554474172630172 -0.0076144379253527119
decision_type=10 10 10 10 8 10 10 8 8 10 10 10 10 10 10 10 10 8 10 2 10 10 10 10 8 10 10 8 8 10
left_child=2 7 3 17 -3 8 11 20 9 10 22 12 -7 -5 -15 16 -16 -1 27 -20 -2 -12 23 -4 -21 -22 -14 29 -29 -9
right_child=1 4 5 13 -6 6 -8 18 -10 -11 21 -13 26 14 15 -17 -18 -19 19 24 25 -23 -24 -25 -26 -27 -28 28 -30 -31
leaf_value=0.0017105800584493224 -3.5581100241888771e-06 0.001121159651355439 0.0056806449917249082 -0.00223785348805851 -0.0012962965012144273 0.0058618456551630524 -0.00064622632175360668 3.3168471474544679e-05 -1.2496067563023856e-05 -0.00082732181527984299 0.00037091694055342502 0.0012114910545965865 0.0016542100409491286 0.0001131779108348402 -0.00088991188736126797 3.1674691588576224e-05 0.00053407453482588589 0.00035521153868682206 0.00026332385997932754 6.8417167648789551e-05 -0.00029171145752479686 0.0012424835699562172 0.0014061069175446597 0.0019881818970191672 -0.00048141251152984368 -0.00095026993099004613 0.0061726250830892622 0.0039874444174437694 0.00037101007579802428 -0.0002185346844783253
leaf_weight=944 6948 710 197 408 5933 240 386 41830 6916 804 6988 990 542 15978 7757 8647 1169 21904 34108 13035 7077 2935 1054 269 7707 6030 77 129 3480 63838
leaf_count=944 6948 710 197 408 5933 240 386 41830 6916 804 6988 990 542 15978 7757 8647 1169 21904 34108 13035 7077 2935 1054 269 7707 6030 77 129 3480 63838
internal_value=-9.93036e-06 -0.000101187 0.000212742 7.54455e-05 -0.00103792 0.000577234 0.0016683 -6.74016e-05 0.000449982 0.000711148 0.000819243 0.00215148 0.00323483 -0.000150461 -0.000125077 -0.000341707 -0.000703418 0.000411211 -2.79958e-05 0.000112361 -0.000389892 0.000628707 0.00206312 0.00354916 -0.00013588 -0.000594688 0.00221627 -9.8446e-05 0.000500276 -0.000118895
internal_weight=269030 190825 78205 56807 6643 21398 2235 184182 19163 12247 11443 1849 859 33959 33551 17573 8926 22848 164127 54850 20055 9923 1520 466 20742 13107 619 109277 3609 105668
internal_count=269030 190825 78205 56807 6643 21398 2235 184182 19163 12247 11443 1849 859 33959 33551 17573 8926 22848 164127 54850 20055 9923 1520 466 20742 13107 619 109277 3609 105668
is_linear=0
shrinkage=0.05


Tree=18
num_leaves=31
num_cat=0
split_feature=2 1 4 0 1 8 8 2 1 0 5 3 8 5 4 5 2 5 2 2 1 1 8 2 4 4 5 8 8 1
split_gain=1.97351 1.32298 1.34201 1.51988 0.884921 0.761616 0.659603 0.798323 1.15794 0.693544 0.683593 1.4384 0.837035 0.62269 0.605791 1.08128 0.783935 0.7443 0.598469 0.585356 0.58423 0.556643 0.588455 0.554807 0.843535 0.765397 0.573245 1.19532 0.556749 0.547162
threshold=-0.091704494509509279 0.058139534883720929 -0.96511640687138911 0.047217566885717994 -0.031382048643769304 0.0076205593874229217 0.11740844322310992 0.0039040319771477265 0.066761192556678242 -0.032086348602651908 65.589279665839854 1.0000000180025095e-35 0.24786432093169333 66.155370199676042 -0.33860593480708395 33.266059503258496 -0.13171221069837349 26.099290774959027 -0.20102062680521168 -0.052742964376994321 0.22843713725094186 -0.052799211351304713 0.16666666638175887 -0.25731976722325567 -0.45379578502954682 -0.15634765943150178 40.155440404798334 0.61541130580174574 0.25106509864781418 -0.064642782621717396
decision_type=10 10 8 10 8 8 8 10 10 10 10 2 8 10 8 8 10 10 10 10 10 10 8 8 10 10 10 8 8 10
left_child=1 2 -1 5 -5 -4 19 8 13 -10 21 12 -12 -8 16 -16 17 -3 -19 -2 -13 22 -9 24 28 26 -25 -28 -7 -21
right_child=6 14 3 4 -6 23 7 10 9 -11 11 20 -14 -15 15 -17 -18 18 -20 29 -22 -23 -24 25 -26 -27 27 -29 -30 -31
leaf_value=0.00066408982084970871 -0.00013053728098372534 0.00012703909643291348 0.00098184821495788505 0.0026711841042504937 0.00060514113386087747 0.0013559848645949106 -2.1930401526451911e-05 0.0022348607943773408 -0.0020431511044737109 0.00084323155545260292 -0.0013716988629431002 -0.00018946274772330761 0.00042550327152874462 0.0010029871919851698 -0.001594355976217628 0.0010277432316739459 -0.0019463170873110789 0.0065772341625889505 0.0024959287438368269 0.00025896355358437823 -0.0012263401593328614 -0.00029784533765994431 3.3001498243042471e-05 -3.1844574392024987e-05 -0.0006616720457770231 0.00072250790021226438 -0.00075277231376345724 0.00066110148415079258 -0.0001373330239720269 -0.00091587750817292599
leaf_weight=10716 9157 138 1951 795 1489 2276 57725 313 216 5702 674 18693 16713 1521 434 4179 85 172 188 1179 1465 61314 9936 41645 1102 2912 7389 1874 860 6217
leaf_count=10716 9157 138 1951 795 1489 2276 57725 313 216 5702 674 18693 16713 1521 434 4179 85 172 188 1179 1465 61314 9936 41645 1102 2912 7389 1874 860 6217
internal_value=-9.43384e-06 0.000202105 0.000147242 5.83313e-05 0.00132428 1.01482e-05 -9.61279e-05 -6.74783e-05 7.09962e-05 0.000737882 -0.000150181 2.26048e-05 0.000355835 4.38192e-06 0.00097298 0.000781051 0.00249162 0.0032491 0.00444589 -0.000397754 -0.000264819 -0.000240832 0.000100245 -2.25051e-05 0.000528304 -6.5878e-05 -0.000110975 -0.000466731 0.000946465 -0.000728596
internal_weight=269030 78205 73009 62293 2284 60009 190825 174272 65164 5918 109108 37545 17387 59246 5196 4613 583 498 360 16553 20158 71563 10249 58058 4238 53820 50908 9263 3136 7396
internal_count=269030 78205 73009 62293 2284 60009 190825 174272 65164 5918 109108 37545 17387 59246 5196 4613 583 498 360 16553 20158 71563 10249 58058 4238 53820 50908 9263 3136 7396
is_linear=0
shrinkage=0.05


Tree=19
num_leaves=31
num_cat=0
split_feature=2 1 4 0 8 1 4 5 8 8 2 1 8 5 8 5 1 5 2 4 8 8 0 4 0 4 6 6 2 6
split_gain=1.79531 1.44159 1.18474 1.26267 1.01043 0.898515 0.773296 0.632132 1.9174 0.735523 0.651588 0.626459 0.761447 0.609934 0.636916 0.60945 0.602301 0.584051 0.929347 1.19059 0.731203 0.563402 0.513691 0.721225 0.596622 0.529968 0.501747 0.501188 0.492157 0.652398
threshold=-0.046906596475218269 0.054286838260087629 -0.96511640687138911 0.027027027027027088 0.097048649989857641 -0.11447863701864362 -0.010893551089916615 35.89881648927193 0.54917477760649025 0.11468531458506546 -0.25731976722325567 -0.0030925842535436949 0.065643942526605201 82.721296622103907 0.81468972556365615 18.20754993687834 0.32037338840207635 30.143540663125858 -0.15480182505966114 -0.25611048898464672 0.16075021778074713 0.22113589819460297 -0.066295578493882498 -0.26383113010512238 -0.015578289830763368 -0.46021432627474995 0.66530768196051415 0.92114602670131396 -0.28142985723929298 1.1544726702269428
decision_type=10 10 8 10 8 8 10 10 8 10 8 8 8 10 10 10 10 8 8 10 8 10 10 8 10 10 10 10 8 10
left_child=1 2 28 6 -2 -5 7 10 9 27 -4 12 -12 16 -15 -14 26 -3 19 21 -20 -19 -13 25 -25 -24 -6 -9 -1 -30
right_child=4 17 3 5 13 -7 -8 8 -10 -11 11 22 15 14 -16 -17 -18 18 20 -21 -22 -23 23 24 -26 -27 -28 -29 29 -31
leaf_value=0.0018255240516801777 -0.00085374123973292338 -0.00068742192086927029 0.0006769232527498413 0.0025397761804336122 -0.00028075606609943182 0.00045522496505118984 0.00064939430580217218 -0.0010359019566531919 0.00063009218856500135 -0.00022415604759198795 0.00019280914957834575 -0.00087729884830329077 -0.00080878097352210434 0.0013085486225006273 1.6518753739444791e-05 -0.0001598606857317654 -0.0018188528955587126 0.0051262124095477965 -0.0011256203404214488 0.0010089806986382551 0.00079722659673518823 0.00054426716433007675 0.00060647488510152568 -4.0729465559352099e-05 0.0016522414853981705 -0.00023799308240859843 -5.8637669733448869e-05 -0.00024895771238951479 0.00070226738620423267 -6.2500438616996865e-06
leaf_weight=675 4563 645 3701 550 32919 8600 3894 6329 5120 15833 12495 828 4590 1537 2514 17090 517 350 537 823 6234 83 3610 738 1765 3828 111679 2974 8888 5121
leaf_count=675 4563 645 3701 550 32919 8600 3894 6329 5120 15833 12495 828 4590 1537 2514 17090 517 350 537 823 6234 83 3610 738 1765 3828 111679 2974 8888 5121
internal_value=-8.96215e-06 0.00014018 8.97609e-05 2.31567e-05 -0.000120823 0.000580526 -3.84404e-05 -7.23871e-05 -0.000251838 -0.00043148 3.92271e-05 -1.32852e-05 -0.000118074 -9.8403e-05 0.000506731 -0.000297247 -0.000115296 0.000760125 0.000876441 0.00212559 0.000644728 0.00424792 0.000319257 0.00041892 0.00115308 0.000171866 -0.000109205 -0.00078433 0.000506808 0.000443268
internal_weight=269030 115301 106629 91945 153729 9150 82795 78901 30256 25136 48645 44944 34175 149166 4051 21680 145115 8672 8027 1256 6771 433 10769 9941 2503 7438 144598 9303 14684 14009
internal_count=269030 115301 106629 91945 153729 9150 82795 78901 30256 25136 48645 44944 34175 149166 4051 21680 145115 8672 8027 1256 6771 433 10769 9941 2503 7438 144598 9303 14684 14009
is_linear=0
shrinkage=0.05


Tree=20
num_leaves=31
num_cat=0
split_feature=2 7 7 5 6 8 7 8 8 5 8 2 7 0 2 6 3 7 2 4 7 2 7 4 7 8 5 2 5 7
split_gain=1.53617 1.41038 1.21252 1.52828 1.08932 1.2553 1.32734 1.01945 0.884743 1.05537 0.767679 2.0344 1.22812 0.915277 0.910933 0.879231 0.874295 0.788886 0.757147 0.947939 0.9786 0.801822 0.842064 0.894565 0.714792 0.659695 0.79217 0.709578 0.651705 0.647859
threshold=-0.20524185014866811 0.054473624498138536 0.027450269407221058 45.048183000459765 0.8588532387688248 0.28191930370458645 0.065185274809158783 0.018432200548505692 0.17868047432333226 39.172821064648438 0.97168590762528517 0.23269160944132808 0.084054682809110978 0.059174224623200218 0.5317431461326293 0.73492640369554352 1.0000000180025095e-35 0.058752616110890658 -0.0076144379253527119 -0.10176073818146142 0.035223353549260199 0.30648267736161167 0.036494476576477579 0.72099149676907681 0.011966459963838884 0.082514538216454145 29.332769766351905 -0.29919394975115426 20.320806189805015 0.066940537286215143
decision_type=8 10 10 10 10 10 10 10 10 10 8 10 10 10 10 10 2 10 10 10 10 10 10 10 8 10 10 10 10 10
left_child=2 7 28 4 -4 6 25 24 9 -9 16 29 13 14 -13 -16 17 -3 19 -10 -21 -20 -23 -24 -2 27 -27 -6 -1 -12
right_child=1 10 3 -5 5 -7 -8 8 18 -11 11 12 -14 -15 15 -17 -18 -19 21 20 -22 22 23 -25 -26 26 -28 -29 -30 -31
leaf_value=0.0002024694215930975 -0.0015287715895618585 -0.00064858326250926562 0.00043867509803810077 -0.0013870414355083337 0.0031601570208719559 -0.0020660299500143754 0.00015379714241660564 -2.4677026424960311e-05 4.295069176923122e-05 -0.00047995624907215621 -0.0016640732153807448 0.00096800246315352381 -0.0037409087302843614 -0.0009509658122973403 0.0015666596480600891 0.0088227233770920566 -0.00071369721894705548 0.00056397201744822986 -8.0429273146574937e-05 0.00027996310396278845 0.0011539633214550432 0.0017916160638424444 0.001166171607227253 -0.00044352257033665899 0.00032611717722793709 0.0018586682646640831 0.0043894302927933995 0.0011062367412354634 -0.0013410179775458341 -0.0037470263996139002
leaf_weight=1749 529 2075 5768 781 557 241 1142 33445 40258 20550 1171 563 167 443 84 83 6275 3794 93196 14265 4130 1112 1462 2107 28555 661 581 1716 1123 548
leaf_count=1749 529 2075 5768 781 557 241 1142 33445 40258 20550 1171 563 167 443 84 83 6275 3794 93196 14265 4130 1112 1462 2107 28555 661 581 1716 1123 548
internal_value=1.35895e-05 -1.4728e-05 0.00051751 0.000747975 0.000904308 0.00145265 0.00163474 1.49027e-05 -2.34307e-05 -0.000197952 -0.000481727 -0.00118965 0.000270792 0.000841938 0.00192996 0.00517297 -0.000303405 0.00013527 3.67705e-05 0.000178825 0.000476191 -4.83563e-05 0.000590198 0.00021587 0.000292379 0.00211589 0.00304254 0.00160955 -0.00040106 -0.0023281
internal_weight=269131 254812 14319 11447 10666 4898 4657 239609 210525 53995 15203 3059 1340 1173 730 167 12144 5869 156530 58653 18395 97877 4681 3569 29084 3515 1242 2273 2872 1719
internal_count=269131 254812 14319 11447 10666 4898 4657 239609 210525 53995 15203 3059 1340 1173 730 167 12144 5869 156530 58653 18395 97877 4681 3569 29084 3515 1242 2273 2872 1719
is_linear=0
shrinkage=0.05


Tree=21
num_leaves=31
num_cat=0
split_feature=2 1 7 1 7 7 5 1 5 1 5 1 7 7 5 4 7 5 6 7 4 1 2 4 6 6 2 6 4 7
split_gain=1.3864 1.32241 1.27287 1.30184 0.870685 0.77259 0.954149 0.733586 0.984442 0.736544 0.730161 0.728483 1.73572 0.93769 0.858324 0.724696 0.643462 0.673657 0.646641 0.623248 0.604216 0.574852 0.868476 0.548956 0.570133 0.546829 0.513153 0.480568 0.437824 0.433146
threshold=-0.20524185014866811 -0.10212174007070439 0.054473624498138536 0.043139448846459046 0.012621321768486548 0.028160040679056846 45.048183000459765 -0.030775117980691043 58.048114338556445 -0.11447863701864362 12.499999998266235 0.044190259021546503 0.049831260130964027 0.035399379558920398 28.198536651217683 -0.85086216309341711 0.032822048358662585 34.179375695294873 1.0580973143771388 0.06361128722715019 0.83884699754025072 0.14460248547869184 -0.12470270795723808 -0.96511640687138911 0.94255675828893604 0.99731144792120119 -0.079817201887150344 1.5194087571650152 -0.61479003079013894 0.026974021476458439
decision_type=8 10 10 8 10 10 10 10 10 10 10 10 10 10 10 10 10 10 10 10 8 10 8 10 10 10 8 10 10 10
left_child=1 19 3 4 26 28 11 8 23 -10 -5 25 13 -13 -15 -4 17 -9 -19 29 21 -12 -23 24 -6 -7 -2 -11 -3 -1
right_child=2 5 15 10 7 6 -8 16 9 27 20 12 -14 14 -16 -17 -18 18 -20 -21 -22 22 -24 -25 -26 -27 -28 -29 -30 -31
leaf_value=0.00028986313210083235 -0.001347781488008574 -0.00010923560552578568 0.0015879038512687954 0.00093311649325852376 0.00069093608354391599 0.00017553216535703961 -0.001256651396812028 0.00012605333026214423 0.0051731679967538784 0.00056824780006991377 0.00027069515286520861 0.0004480596078792587 -0.00049151505834924545 0.0008419403314889808 0.0071526114367203332 -0.00051589855555598445 0.00012870172523184477 -0.00034426112182806224 -5.1597740921257077e-07 -0.00010869593350400606 -3.5346024789421956e-05 0.0062207308563148513 0.0009697820151615133 -2.2652446763039093e-05 2.3806038028309792e-05 0.001268344597326148 -0.00032808876641322193 0.0028967771728047337 -0.0015208113122671398 0.0018052650631082906
leaf_weight=569 1368 1656 421 3474 6157 4792 753 15623 92 5434 28796 118 361 70 234 14782 23533 45016 19655 687 19316 83 1536 50043 6674 1504 12578 231 822 2753
leaf_count=569 1368 1656 421 3474 6157 4792 753 15623 92 5434 28796 118 361 70 234 14782 23533 45016 19655 687 19316 83 1536 50043 6674 1504 12578 231 822 2753
internal_value=1.291e-05 0.000491635 -1.39916e-05 1.41575e-05 -4.81077e-05 0.000192004 0.000435465 -1.73782e-05 0.00010946 0.000735269 0.000232304 0.000615457 0.00205374 0.00423109 0.0056995 -0.00045764 -0.00010122 -0.000168606 -0.000239789 0.0012622 0.000183348 0.000322237 0.00123898 5.21579e-05 0.000343931 0.000436585 -0.000428113 0.000663198 -0.000577482 0.0015457
internal_weight=269131 14319 254812 239609 186404 10310 7832 172458 68631 5757 53205 7079 783 422 304 15203 103827 80294 64671 4009 49731 30415 1619 62874 12831 6296 13946 5665 2478 3322
internal_count=269131 14319 254812 239609 186404 10310 7832 172458 68631 5757 53205 7079 783 422 304 15203 103827 80294 64671 4009 49731 30415 1619 62874 12831 6296 13946 5665 2478 3322
is_linear=0
shrinkage=0.05


Tree=22
num_leaves=31
num_cat=0
split_feature=2 1 7 1 7 7 1 8 8 7 8 7 4 6 8 2 8 2 7 3 7 7 4 3 7 7 8 7 4 6
split_gain=1.25372 1.39852 1.19326 1.15431 0.840135 0.800759 1.52228 1.04635 1.36677 0.781598 0.99681 0.773878 1.12085 0.744953 0.727277 0.799392 0.722612 1.50579 0.81536 1.36202 0.752298 0.696778 0.667319 0.643878 0.643163 0.626922 0.591358 0.652235 0.582989 0.588394
threshold=-0.20102062680521168 -0.10212174007070439 0.055227318600763041 0.043139448846459046 0.028160040679056846 0.049831260130964027 0.11507086535438783 0.067896700001889368 0.24786432093169333 0.012621321768486548 0.018432200548505692 0.038753739887981066 -0.49814658473674905 0.86645722660008329 0.14967353912178671 0.043241763931419104 0.89237539003806587 0.24887111530462872 0.084054682809110978 1.0000000180025095e-35 0.066940537286215143 0.048218597682754084 1.1856484800993001 1.0000000180025095e-35 0.058752616110890658 0.03686004482621686 0.42968295946104235 0.052306130992699713 -1.0384766367224652 1.0974429876554652
decision_type=8 10 10 8 10 10 10 10 10 10 10 10 10 10 8 10 8 10 10 2 10 10 10 2 10 8 8 10 10 10
left_child=1 -1 3 9 -3 6 7 -6 11 -2 21 12 -9 -13 -5 25 23 20 19 -19 22 -11 -18 24 -4 -16 -27 -28 -12 -30
right_child=2 4 16 14 5 -7 -8 8 -10 10 28 13 -14 -15 15 -17 17 18 -20 -21 -22 -23 -24 -25 -26 26 27 -29 29 -31
leaf_value=0.0012301025273219785 -0.00040670746302441543 -0.00058856352057470352 -0.00069292932371559557 -0.00087956472779266456 1.1549175844135965e-05 -0.00030237361652921379 0.0091030646423287519 0.0027499564067887772 -0.00080707045122087318 0.00042608874801858927 0.0004282434755951476 0.0018416703436730218 -0.00019596079091864388 0.0048760243036159723 0.00026079851432639936 7.1389690044105139e-05 -0.0016257197341033273 0.0017066160633086474 -0.0032486161798530432 -0.0010969301467821373 -0.0034830002742232721 -0.0011014385945154759 0.0035396953325041317 -0.00064634394869575928 0.00050157567082257379 0.0014455855708880858 0.00063049561821602927 -0.0022702874783426526 -0.00012922215168447449 0.00010829062492860066
leaf_weight=4190 13946 2813 1617 1471 2913 2671 54 614 564 15627 5963 465 681 358 14356 28745 1188 845 182 889 620 784 66 5096 3718 2507 6233 200 116129 33626
leaf_count=4190 13946 2813 1617 1471 2913 2671 54 614 564 15627 5963 465 681 358 14356 28745 1188 845 182 889 620 784 66 5096 3718 2507 6233 200 116129 33626
internal_value=1.22645e-05 0.000451472 -1.42515e-05 1.21616e-05 0.000158427 0.000410985 0.000748281 0.000667645 0.00138025 -4.66931e-05 -1.75245e-05 0.00196271 0.00120079 0.0031616 0.000216815 0.000247805 -0.000459243 -0.00105053 -6.48896e-05 0.000269273 -0.00205827 0.000353114 -0.00135386 -0.000244404 0.00013953 0.000465485 0.000794173 0.000540311 -5.65859e-05 -7.5891e-05
internal_weight=269131 15323 253808 239587 11133 8320 5649 5595 2682 186075 172129 2118 1295 823 53512 52041 14221 3790 1916 1734 1874 16411 1254 10431 5335 23296 8940 6433 155718 149755
internal_count=269131 15323 253808 239587 11133 8320 5649 5595 2682 186075 172129 2118 1295 823 53512 52041 14221 3790 1916 1734 1874 16411 1254 10431 5335 23296 8940 6433 155718 149755
is_linear=0
shrinkage=0.05


Tree=23
num_leaves=31
num_cat=0
split_feature=2 8 7 7 8 7 2 4 8 8 4 5 2 7 4 6 8 6 7 7 2 5 7 4 6 8 0 7 8 2
split_gain=1.16719 1.29543 1.26367 1.2132 0.94915 0.826489 1.11014 2.09634 1.08565 0.94585 0.816245 0.741878 0.73403 0.632871 0.811761 0.62707 0.602805 0.555376 0.535291 0.521435 0.514192 0.637909 0.524594 0.515385 0.726054 0.745045 0.668897 0.494345 0.850597 0.737414
threshold=-0.046906596475218269 0.21165644106853862 0.055227318600763041 0.034206060103639156 0.04327412654055534 0.054473624498138536 -0.19327307726062062 -0.31637287065858793 0.23809523601662891 0.065643942526605201 -0.41411456341770297 38.378700507953454 0.30648267736161167 0.036494476576477579 0.72099149676907681 0.8588532387688248 0.91946033832292196 0.66212877028363393 0.038542825624953349 0.011966459963838884 -0.067262014085127317 62.393883041702011 0.010729015863647379 -0.60225581489961588 0.7115958772845371 0.18723766890753532 0.037228874289992782 0.079061678468717936 0.38853297847854912 0.65459219715740546
decision_type=10 8 10 10 10 10 10 10 8 10 10 10 10 10 10 10 10 10 10 8 10 10 10 10 10 10 10 10 8 10
left_child=3 -2 12 4 19 6 8 -8 9 11 -7 -5 17 16 -15 -11 -14 -3 -9 -1 21 22 -6 26 25 -25 -24 -4 -29 -30
right_child=1 2 27 5 20 10 7 18 -10 15 -12 -13 13 14 -16 -17 -18 -19 -20 -21 -22 -23 23 24 -26 -27 -28 28 29 -31
leaf_value=-0.0010285568911990685 -0.00047749597851267918 -0.0002113711887196699 -0.00041358744261133559 0.0010674992527506513 -0.0020726741883945968 0.00038277649240473042 -7.7562951850882443e-05 0.00050883614152589531 0.00016527016597929034 0.0015126386979145033 -0.00081761792874669855 -0.002553528654801073 0.00080689269896982356 0.0011659495544815953 -0.00028451786837889497 0.0032007633236891399 0.003212127723729931 5.175268189554301e-05 0.001485365813905182 0.00030062657800129913 0.00020089571877091565 0.0020917221056560012 -7.1648117523994055e-06 -0.0010204859096349243 -9.6266846459036953e-05 -0.0001117342908829211 0.0023415949327311148 0.0047811380560653146 -0.0025127573973533469 0.00031916377759032706
leaf_weight=757 17963 25510 10310 1736 362 3414 10666 2322 1968 1186 2420 154 754 1630 2363 1026 398 93770 3547 29173 12601 312 19152 5666 14692 3747 308 52 858 314
leaf_count=757 17963 25510 10310 1736 362 3414 10666 2322 1968 1186 2420 154 754 1630 2363 1026 398 93770 3547 29173 12601 312 19152 5666 14692 3747 308 52 858 314
internal_value=1.16513e-05 -7.84338e-05 -2.57094e-05 0.000132007 3.91178e-05 0.000415421 0.000552355 0.000340056 0.00113067 0.00159383 -0.000115159 0.000772453 2.07014e-05 0.000605443 0.000307584 0.00229565 0.00163787 -4.52071e-06 0.00109901 0.000267008 -8.08815e-05 -0.000161143 -0.000177144 -0.000161393 -0.000315913 -0.000658742 3.00098e-05 -0.000526374 -0.0014764 -0.00175403
internal_weight=269131 153922 135959 115209 86770 28439 22605 16535 6070 4102 5834 1890 124425 5145 3993 2212 1152 119280 5869 29930 56840 44239 43927 43565 24105 9413 19460 11534 1224 1172
internal_count=269131 153922 135959 115209 86770 28439 22605 16535 6070 4102 5834 1890 124425 5145 3993 2212 1152 119280 5869 29930 56840 44239 43927 43565 24105 9413 19460 11534 1224 1172
is_linear=0
shrinkage=0.05


Tree=24
num_leaves=31
num_cat=0
split_feature=7 7 0 8 1 5 7 1 4 1 8 0 8 5 1 7 0 4 5 8 8 4 7 5 8 5 0 5 8 7
split_gain=1.02313 1.06924 0.832217 0.670286 0.642081 0.624436 0.695838 0.604208 1.22562 0.700855 0.797196 0.678086 0.748109 0.571794 0.556 0.802744 0.52913 0.516741 0.905686 0.981735 0.569782 0.62646 0.568115 0.702523 0.477987 0.68133 0.5521 0.526301 0.471399 0.46723
threshold=0.054473624498138536 0.02616633882716456 -0.022784359495473413 0.04761904757553595 0.050584170450210249 42.335185446402797 0.012621321768486548 0.11884665435543708 0.14725621160019339 0.14460248547869184 0.27497765384613809 -0.07805826330971298 0.5279297541824578 71.003441841506728 -0.17162639202663535 0.039236893248547962 0.021426348320916725 0.83884699754025072 66.155370199676042 0.48901098845122398 0.6564396703211085 0.29087327050483608 0.038998441370282362 84.36679887914751 0.97168590762528517 66.155370199676042 -0.025261703532264587 27.912354631853002 0.1045648154870117 0.066940537286215143
decision_type=10 8 10 8 10 10 10 8 8 10 10 8 10 10 8 8 10 10 10 10 10 10 10 10 8 10 10 10 8 10
left_child=1 2 -1 -2 5 6 -4 14 9 -9 -11 -10 -13 28 15 -3 -8 18 20 22 -16 -22 -20 -24 -5 27 -27 -26 -7 -29
right_child=3 7 4 24 -6 13 16 8 11 10 -12 12 -14 -15 17 -17 -18 -19 19 -21 21 -23 23 -25 25 26 -28 29 -30 -31
leaf_value=0.0002748864901092955 0.00071052615878018166 0.0024930733139098089 -0.00062117812427187199 -0.00030440677164178201 0.00023853726159003916 -0.00099879178594195601 -2.6809805148991953e-05 0.0014175775161387215 -0.0020379598000093619 0.0086742283346959281 0.0021877623452164698 0.00082414229225286095 6.1469903752990539e-05 0.00023360671570106392 1.3030648235767609e-05 0.00021673510055491522 0.00062121622618238831 -0.00034904858724774026 0.00083424191996730741 0.00023414317475263513 0.00068750982168225608 4.0155635590933553e-05 0.0019564108112427878 0.0080427507780259488 0.00092421758157889959 0.0032734307557186712 -0.00030627202799844716 -0.0010629273414928082 -0.00031754161597787365 -0.0025643266359721157
leaf_weight=14689 1380 585 4573 13656 10631 2724 35372 316 290 90 100 5874 7104 4450 88762 1146 3458 6532 2386 8276 7090 7903 916 50 217 124 820 1306 37452 859
leaf_count=14689 1380 585 4573 13656 10631 2724 35372 316 290 90 100 5874 7104 4450 88762 1146 3458 6532 2386 8276 7090 7903 916 50 217 124 820 1306 37452 859
internal_value=1.10687e-05 3.74488e-05 -7.62321e-05 -0.000349204 -0.000128508 -0.000172835 -3.78038e-05 0.000131217 0.000445339 0.0028605 0.0052603 0.000353232 0.000406665 -0.000304166 9.62242e-05 0.000986035 3.09001e-05 8.35903e-05 0.000108083 0.000526529 6.11867e-05 0.000346281 0.00124842 0.00227144 -0.00043532 -0.000972827 0.000163943 -0.00142334 -0.000363732 -0.00165863
internal_weight=269131 250769 113349 18362 98660 88029 43403 137420 13774 506 190 13268 12978 44626 123646 1731 38830 121915 115383 11628 103755 14993 3352 966 16982 3326 944 2382 40176 2165
internal_count=269131 250769 113349 18362 98660 88029 43403 137420 13774 506 190 13268 12978 44626 123646 1731 38830 121915 115383 11628 103755 14993 3352 966 16982 3326 944 2382 40176 2165
is_linear=0
shrinkage=0.05


Tree=25
num_leaves=31
num_cat=0
split_feature=7 2 8 1 1 1 8 2 7 2 8 2 7 1 7 6 2 8 7 7 5 2 6 7 0 5 1 8 2 5
split_gain=1.12059 1.11681 0.988995 0.958252 1.12282 0.850438 0.786456 0.695078 0.663404 1.1311 0.625765 0.623728 0.616754 0.901319 0.579028 0.514872 0.493633 0.715569 0.580999 0.715456 0.695118 0.532993 0.517473 0.507588 0.487086 0.477636 0.477353 0.648865 0.74382 0.687272
threshold=0.054473624498138536 -0.24067840387544062 0.018432200548505692 0.038390740840234201 -0.092688042175225235 0.050584170450210249 0.40489359352560911 -0.15967739204414053 0.020199207454447584 -0.082479211422832363 0.20852807550365901 0.28079413032914996 0.048218597682754084 0.14460248547869184 0.031523882146400194 1.0580973143771388 0.086456866001647717 0.17868047432333226 0.033571281333631749 0.044401498149700465 68.881771044823552 0.32268664290448762 1.2125205212079571 0.038542825624953349 0.024591055851870384 56.829412551055334 -0.061728395061728385 0.16666666638175887 0.0039040319771477265 38.782973245065286
decision_type=10 8 10 10 10 10 8 10 10 10 8 10 10 10 10 10 10 10 10 10 8 10 10 10 10 10 10 10 10 10
left_child=1 3 8 4 24 11 -2 14 9 -3 -5 15 13 -10 -7 26 17 -9 21 -20 -21 -18 -22 -19 -1 -15 -4 29 -29 -28
right_child=6 2 5 10 -6 7 -8 16 12 -11 -12 -13 -14 25 -16 -17 18 23 19 20 22 -23 -24 -25 -26 -27 27 28 -30 -31
leaf_value=0.0012463336122765251 0.00012096726476245364 0.00020136632249350423 0.00010192453722858511 0.0051710664389472572 -1.9856546230703726e-05 -0.00074065415960986448 -0.00058535308529869708 -0.00067588966358140678 0.00051877532611406194 -0.0011605140607642203 0.00016422544671829953 0.00081914404698899034 -0.00060209984761532302 0.0074137534521314767 0.0022955697232224805 6.8645336935527348e-05 0.00019408907617359206 0.00028899135193307464 -0.00058984611923971716 0.00097228534659630724 0.00072894620782950508 0.0020319721179027739 -0.00092221610042050287 0.00093642155289031545 0.004013964379976121 0.0022833745383162292 -0.00017939449614381807 6.5996804117094603e-05 -0.00024714120422237917 -0.0006718193735587609
leaf_weight=1961 5721 12025 19442 194 3097 205 12667 1611 15610 1746 92 1981 1193 53 671 46674 8367 14634 6570 1839 721 414 1388 3817 173 315 18983 38202 37659 11306
leaf_count=1961 5721 12025 19442 194 3097 205 12667 1611 15610 1746 92 1981 1193 53 671 46674 8367 14634 6570 1839 721 414 1388 3817 173 315 18983 38202 37659 11306
internal_value=1.11673e-05 3.8775e-05 2.29602e-05 0.000742301 0.00058822 -1.51625e-05 -0.000365598 0.000192025 0.000287219 2.8696e-05 0.00356047 -6.30061e-05 0.000494553 0.000576435 0.00158504 -7.31505e-05 0.000161023 0.000334691 -1.9511e-05 -0.000270177 0.000261795 0.00028074 -0.000357736 0.000422927 0.0014707 0.00302226 -0.000125846 -0.000167564 -8.94515e-05 -0.000363202
internal_weight=269331 250943 245426 5517 5231 214484 18388 40237 30942 13771 286 174247 17171 15978 876 172266 39361 20062 19299 10518 3948 8781 2109 18451 2134 368 125592 106150 75861 30289
internal_count=269331 250943 245426 5517 5231 214484 18388 40237 30942 13771 286 174247 17171 15978 876 172266 39361 20062 19299 10518 3948 8781 2109 18451 2134 368 125592 106150 75861 30289
is_linear=0
shrinkage=0.05


Tree=26
num_leaves=31
num_cat=0
split_feature=7 8 8 6 4 7 8 7 4 5 0 7 4 5 4 7 5 7 0 4 8 4 5 8 8 5 5 6 3 7
split_gain=1.01133 0.916961 0.709777 0.587468 0.862742 0.655972 0.744086 0.584547 0.583927 0.505298 0.477784 0.525537 0.503738 0.468819 0.46426 0.524106 0.482595 0.477904 0.430808 0.404142 0.401808 0.378302 0.360951 0.6372 0.358617 0.343927 0.338504 0.612828 0.526544 0.329832
threshold=0.054473624498138536 0.026163485247077154 0.40489359352560911 1.0913625314285549 -0.92919963281544626 0.032822048358662585 0.16075021778074713 0.020199207454447584 -0.59635219167300624 37.177006148992291 -0.062339272320136634 0.048218597682754084 -0.36674309410159772 31.855226679379232 0.72099149676907681 0.019107537966002293 74.079952285585975 0.033571281333631749 0.021898991201666943 -0.77783010811878517 1.0000000180025095e-35 -1.2140863899834828 84.36679887914751 0.51933701571380653 0.045556433556731474 42.904110266833079 68.218354287684932 1.381807549578892 1.0000000180025095e-35 0.044401498149700465
decision_type=10 10 8 10 10 10 10 10 10 10 10 10 10 10 10 10 10 10 10 10 8 10 10 10 10 10 10 10 2 10
left_child=1 7 -2 4 9 6 13 8 18 -3 25 12 20 -6 15 -5 19 26 -1 24 -12 -11 -7 -24 -17 -9 -16 -28 -29 -19
right_child=2 3 -4 14 5 22 -8 10 -10 21 11 -13 -14 -15 17 16 -18 29 -20 -21 -22 -23 23 -25 -26 -27 27 28 -30 -31
leaf_value=1.2761213240764449e-05 0.00011491890327941569 0.00024639419412262269 -0.00055608543493843759 -0.00011054468990472802 -0.00013238897379730648 6.332030967279832e-05 -7.1357154025219324e-05 0.001110323486662689 -0.00089252908570109008 0.003863239944839161 0.0018942842577845467 -0.00058875232476356034 0.00080769216556009042 -0.00055182208895930801 -0.00015205493155315104 0.00069038476713665698 0.0014407942969123957 -0.00061616811522063745 0.00079166303850320026 0.00033706159621288461 0.00021559141935551451 0.0010225508659770343 0.0054754686641639901 0.00046635643205193521 -0.00037988049830137155 0.0037962998093442162 0.0010887467336904324 0.00050406863022812141 -0.00049462610292311021 7.1488892834732081e-05
leaf_weight=11420 5721 5659 12667 9996 11335 42349 69057 1017 1544 127 367 1314 6382 16161 6744 987 902 5171 2102 30151 12417 1519 84 260 3781 135 1986 2969 2376 2631
leaf_count=11420 5721 5659 12667 9996 11335 42349 69057 1017 1544 127 367 1314 6382 16161 6744 987 902 5171 2102 30151 12417 1519 84 260 3781 135 1986 2969 2376 2631
internal_value=1.06089e-05 3.68362e-05 -0.000347318 -2.72082e-06 -5.89922e-05 -8.67787e-05 -0.000158942 0.000267772 2.86568e-05 0.000470668 0.000434309 0.000378578 0.000444897 -0.000378914 0.000119101 0.000209582 0.000298915 -7.03925e-05 0.000133842 0.000269419 0.000263783 0.00124173 7.64234e-05 0.00168951 -0.00015833 0.00142509 0.000103598 0.00033878 6.01213e-05 -0.000384276
internal_weight=269331 250943 18388 214245 146551 139246 96553 36698 15066 7305 21632 20480 19166 27496 67694 45817 35821 21877 13522 34919 12784 1646 42693 344 4768 1152 14075 7331 5345 7802
internal_count=269331 250943 18388 214245 146551 139246 96553 36698 15066 7305 21632 20480 19166 27496 67694 45817 35821 21877 13522 34919 12784 1646 42693 344 4768 1152 14075 7331 5345 7802
is_linear=0
shrinkage=0.05


Tree=27
num_leaves=31
num_cat=0
split_feature=2 1 0 8 1 5 5 2 4 8 8 2 1 4 2 6 4 6 1 4 5 5 2 8 8 8 5 1 1 0
split_gain=0.96751 0.952479 0.892568 0.936722 0.748502 0.728962 0.610219 0.633611 0.791083 0.6105 0.570762 0.565449 0.493265 0.48074 0.446071 0.427291 0.409362 0.405842 0.614607 0.420795 0.384797 0.3829 0.40945 0.365209 0.368745 0.361344 0.622313 0.518579 0.472717 0.448999
threshold=-0.090341596686865019 0.05944845259693899 0.04413020094962717 0.032297688241028778 -0.03836812497862007 43.103448271854823 29.048843183304587 -0.17344976801515857 -0.19105873671764081 0.19598326047377998 1.0000000180025095e-35 -0.13360337118167867 -0.14738400708105606 -0.10176073818146142 -0.17344976801515857 0.66886321027131757 -1.2599155670386655 1.2881132953148915 0.098675070426067282 -0.39363239389633869 35.054214223154069 33.266059503258496 -0.18948242230727122 0.26804799527923462 0.18723766890753532 0.17254817583601204 36.762584847071828 0.15907000839106325 0.16800697416389279 -0.039379130652040677
decision_type=10 10 10 8 8 10 8 8 10 10 10 10 10 10 10 10 10 10 10 10 8 10 10 10 8 10 10 10 10 10
left_child=1 2 3 5 11 10 -3 8 9 17 -1 -4 -12 -5 -15 -2 -14 18 19 -8 -9 -18 -23 24 -16 26 29 -27 -28 -22
right_child=15 6 4 13 -6 -7 7 20 -10 -11 12 -13 16 14 23 -17 21 -19 -20 -21 25 22 -24 -25 -26 27 28 -29 -30 -31
leaf_value=0.0019536139934879303 -0.00018302665004718715 -0.0010554708829347481 0.0028182451008334367 -4.0962703206112547e-05 0.00043479617149187294 -0.0017425888758658111 0.0082649789275601512 -0.00096916042456875488 0.00059060301219237817 0.00073229745433731812 0.0013361199723890714 -0.00047335254777863155 0.0014940136575209413 -0.000827982835962803 0.00057454959197803391 -8.5390395179434922e-06 0.00038256600345338361 0.001010941895309084 0.0099693311230530813 0.002959533940628643 -0.0020950368101400655 -0.0019967359861310353 -5.4333381418255462e-05 7.1294619206180215e-06 0.0022688892924046162 0.0011788452932595414 3.2819622088856096e-06 0.0047291163850139394 -0.0029176771830388172 0.0015333203066927638
leaf_weight=649 46448 403 707 55420 1879 370 50 316 396 127 1354 160 705 397 594 143433 8973 57 63 148 93 335 1427 611 699 1402 812 111 167 1025
leaf_count=649 46448 403 707 55420 1879 370 50 316 396 127 1354 160 705 397 594 143433 8973 57 63 148 93 335 1427 611 699 1402 812 111 167 1025
internal_value=1.00785e-05 0.000156582 0.000110909 7.69505e-05 0.000995537 0.000446814 0.00081279 0.000970732 0.00221621 0.00366282 0.000507075 0.0022108 0.000433696 -1.15603e-05 0.000696603 -5.12216e-05 0.000326888 0.00483318 0.00566792 0.00429929 0.000703934 0.00025024 -0.000423632 0.00101449 0.00149052 0.000850388 0.000425478 0.00143931 -0.000494982 0.0012315
internal_weight=269331 79450 74280 71534 2746 13813 5170 4767 841 445 13443 867 12794 57721 2301 189881 11440 318 261 198 3926 10735 1762 1904 1293 3610 2097 1513 979 1118
internal_count=269331 79450 74280 71534 2746 13813 5170 4767 841 445 13443 867 12794 57721 2301 189881 11440 318 261 198 3926 10735 1762 1904 1293 3610 2097 1513 979 1118
is_linear=0
shrinkage=0.05


Tree=28
num_leaves=31
num_cat=0
split_feature=7 2 8 8 7 8 7 5 8 2 5 0 6 2 5 7 7 5 8 7 8 2 5 7 6 3 7 2 7 5
split_gain=0.91632 0.945815 0.762042 0.678809 0.948002 0.656938 0.585487 0.529531 0.60894 0.489434 1.08174 0.53142 0.467623 0.797326 0.440844 0.516222 0.449947 0.440229 0.475817 0.58896 0.438273 0.913538 0.63041 0.877432 0.679639 0.609224 0.925117 0.84574 0.564483 0.48515
threshold=0.054473624498138536 -0.24067840387544062 0.018432200548505692 0.23472300494644965 0.028624462016337369 0.04761904757553595 0.011966459963838884 39.172821064648438 0.056338028099883884 -0.10132817990817548 32.562800235558818 0.021898991201666943 1.0913625314285549 0.28079413032914996 59.497830432370478 0.028862404659885408 0.048218597682754084 80.202179339743097 0.77695416947184071 0.037897260865345776 0.84274905879301187 0.21138725944221473 27.912354631853002 0.06094917433654435 0.47587808601615028 1.0000000180025095e-35 0.084054682809110978 0.3897788632604014 0.056835442829510065 66.155370199676042
decision_type=10 8 10 8 10 8 8 10 10 8 8 10 10 10 10 10 10 10 10 10 8 10 10 10 10 2 10 10 10 10
left_child=1 3 6 4 -1 -2 -3 -6 -9 -8 -11 14 13 17 16 -16 -12 -4 19 -19 -7 22 -22 -24 -25 26 27 29 -29 -23
right_child=5 2 12 -5 7 20 9 8 -10 10 11 -13 -14 -15 15 -17 -18 18 -20 -21 21 25 23 24 -26 -27 -28 28 -30 -31
leaf_value=-0.00025180873644515942 0.00072136267439764626 -0.0013877490326402073 -8.8539144277898616e-05 -0.00029290635342897592 0.001613432821147392 -0.00025051106109566355 0.00055982555413382586 -0.005581562149931084 0.00079735976271480568 -0.00083029245207576088 5.0998202152359965e-05 0.0007667322197341328 9.5163963570773163e-05 0.00076037812178255391 -0.00019523433771593147 0.0013730115291957544 -0.0017582126686424935 0.00093533538002908082 -0.00030775806997754344 0.0043812302581500264 0.0009928424244024577 -0.0011438117676259329 -0.00070554152196359958 0.00026841798404817499 -0.0033061022604017175 -0.00083480463825176131 -0.0028531126009494617 -0.0020282995534351492 0.0034084954238564539 0.0019414199067405158
leaf_weight=1113 1372 535 142533 1349 2883 11939 10361 55 117 2528 10754 4197 67757 2878 856 1356 355 620 541 155 218 375 926 155 936 1645 163 54 412 193
leaf_count=1113 1372 535 142533 1349 2883 11939 10361 55 117 2528 10754 4197 67757 2878 856 1356 355 620 541 155 218 375 926 155 936 1645 163 54 412 193
internal_value=9.57455e-06 3.45395e-05 1.99857e-05 0.000681972 0.000997497 -0.000331124 0.000251951 0.00145265 -0.00124241 0.0002808 0.000136583 0.000276112 -1.34782e-05 -6.3648e-05 0.000121534 0.000766132 -6.81707e-06 -8.01344e-05 0.000830168 0.00162451 -0.000415986 -0.000805116 -0.00156143 -0.0018375 -0.00279826 -0.000210336 0.000647852 0.00119975 0.00277848 -9.54848e-05
internal_weight=269331 250943 245426 5517 4168 18388 30942 3055 172 30407 20046 17518 214484 146727 13321 2212 11109 143849 1316 775 17016 5077 2235 2017 1091 2842 1197 1034 466 568
internal_count=269331 250943 245426 5517 4168 18388 30942 3055 172 30407 20046 17518 214484 146727 13321 2212 11109 143849 1316 775 17016 5077 2235 2017 1091 2842 1197 1034 466 568
is_linear=0
shrinkage=0.05


Tree=29
num_leaves=31
num_cat=0
split_feature=4 7 1 2 0 2 0 4 1 1 7 0 8 2 8 6 8 0 7 0 4 8 2 4 8 8 8 2 8 4
split_gain=0.854802 0.834303 0.844801 1.48428 0.896734 0.9424 0.810243 0.781845 0.728866 0.676686 0.60363 0.938654 0.735222 0.578544 0.763128 0.538548 0.529799 0.521158 0.553076 0.772445 0.756276 0.624227 0.483192 0.483843 0.464929 0.456252 0.455102 0.450377 0.818985 0.72077
threshold=-1.2140863899834828 0.054473624498138536 0.043139448846459046 -0.1763616358492183 0.04154046774269083 -0.17344976801515857 -0.07805826330971298 -0.40719827892798205 0.12775959273898144 -0.03836812497862007 0.013436842382080084 -0.10995113925832838 0.011124157997051442 0.01826285487393298 0.15244112247509006 1.121793882126102 0.41751121188715407 -0.036923076923076885 0.037487772843979549 0.059174224623200218 -0.16497451955648015 0.40927627140838274 -0.26822949801484008 -0.5472446635205831 0.3604740832465238 0.18723766890753532 0.25785105679588655 0.15443695257483639 0.42127626048784911 -0.071356982140794847
decision_type=8 10 8 8 10 10 8 10 10 10 10 10 10 10 8 8 8 10 8 10 8 8 10 10 10 8 8 10 10 10
left_child=15 2 4 7 10 9 -5 -4 -9 -6 11 -2 -12 14 -8 -1 -3 24 -19 20 25 -22 23 -14 -16 -20 -15 28 29 -18
right_child=1 16 3 6 5 -7 13 8 -10 -11 12 -13 22 26 17 -17 27 18 19 -21 21 -23 -24 -25 -26 -27 -28 -29 -30 -31
leaf_value=0.0014254823270993585 0.0051678145334559987 7.460590017839307e-05 0.0046924485201837833 -0.0021438682509975085 0.0031154088069204832 0.00027944364128297685 -0.0007860933062337265 0.00095631410370560453 0.0068114927888177999 0.00061797684876727099 0.00031061424337652295 -0.00036582045914756344 0.0013249189125596186 -0.00095071317763957715 -0.00017141202776461842 0.00025856636867669345 -0.00095083462288242035 0.000327466091282507 0.0027288641930692439 -0.00027242305506474507 0.0023335072398112089 0.001022454455147197 -6.2334765415603935e-05 -0.00055998694587891041 -0.0031629043333138013 -0.0013240808937013807 8.0453046143748785e-05 -0.00025714919355057626 -0.00043616145714050602 -0.0030855130565114689
leaf_weight=1643 77 5599 221 379 547 6185 1299 787 57 538 15272 16147 1202 1108 1061 2483 1017 11393 83 1131 1235 3428 152687 475 148 425 31214 7299 3544 647
leaf_count=1643 77 5599 221 379 547 6185 1299 787 57 538 15272 16147 1202 1108 1061 2483 1017 11393 83 1131 1235 3428 152687 475 148 425 31214 7299 3544 647
internal_value=9.09582e-06 -2.01467e-06 2.19912e-05 0.000196881 -2.68807e-05 0.000517876 0.000159677 0.00204498 0.00135175 0.00187705 -4.81891e-05 -0.000339558 -2.03226e-05 0.000176299 0.000386191 0.00072324 -0.000329631 0.000466745 0.000535367 0.00091122 0.00117011 0.00136969 -5.30639e-05 0.000791031 -0.000537616 -0.000661887 4.51046e-05 -0.000510595 -0.000865799 -0.00178084
internal_weight=269331 265205 247099 53969 193130 7270 52904 1065 844 1085 185860 16224 169636 52525 20203 4126 18106 18904 17695 6302 5171 4663 154364 1677 1209 508 32322 12507 5208 1664
internal_count=269331 265205 247099 53969 193130 7270 52904 1065 844 1085 185860 16224 169636 52525 20203 4126 18106 18904 17695 6302 5171 4663 154364 1677 1209 508 32322 12507 5208 1664
is_linear=0
shrinkage=0.05


Tree=30
num_leaves=31
num_cat=0
split_feature=4 7 8 7 4 6 8 5 1 8 0 5 6 4 6 0 6 5 0 8 5 1 8 7 1 1 5 5 0 1
split_gain=0.979826 0.831534 0.840028 0.758882 0.750853 0.640622 0.591069 0.564433 0.564403 0.847415 0.563206 0.812237 0.502213 0.484582 0.443544 0.459034 0.437291 0.470249 0.433498 0.41759 0.940762 0.644251 0.502477 1.11962 0.497808 0.375978 0.900042 0.61028 0.909213 0.572767
threshold=-1.2140863899834828 0.059819200537251725 inf 0.020317250938672465 -0.41411456341770297 0.6518922820905092 0.9058488064324447 77.611940197148598 -0.17162639202663535 0.04761904757553595 -0.034701010940929415 65.327271836664991 1.1753735957338798 -0.74118881183265917 1.7202531394024461 -0.056499373782354582 0.52990710852304213 75.099602289294651 -0.10995113925832838 0.10704082939066545 40.937392309191949 -0.065664329910240057 0.18445624228218932 0.027793719009288748 0.22843713725094186 -0.056993682890651036 20.785020217558074 71.769045585759457 -0.022387377803962601 -0.016893621152957058
decision_type=8 10 8 8 10 8 8 8 8 8 10 10 8 10 10 10 10 10 10 8 8 10 10 10 10 8 10 8 10 8
left_child=12 3 4 6 -3 13 7 -2 9 14 11 -4 -1 -5 15 -7 -12 -18 -11 20 -10 -22 23 25 -25 26 -21 -27 -29 -30
right_child=1 2 10 5 -6 8 -8 -9 19 18 16 -13 -14 -15 -16 -17 17 -19 -20 22 21 -23 -24 24 -26 27 -28 28 29 -31
leaf_value=0.0013867750703049891 -0.00014585421880912265 0.00050627296778989206 -0.00073537314869159614 0.00026971092925349348 -0.0004897291481243336 0.0067281379640674772 -0.00090604068893502295 0.00090075841557143467 5.3909244697790298e-05 0.004024858185026012 -0.00031417540733699875 0.0049129242737812146 0.00027295560839913903 -0.00016829661959995572 -0.00059504472586559135 0.002623326233389857 -0.0026726151340053647 0.000576448766887188 -0.00010730912993706011 -0.001415539436178565 0.00030336255054047557 -0.0011877125266940005 7.3212880925930933e-05 0.00061436786326130597 0.0035599727501514655 -0.00013660146639866259 0.00040487169437312411 -0.00036275926740784808 -0.00066441348602404478 0.0012671527054393913
leaf_weight=1811 53457 2553 455 7421 7311 90 2505 1320 15429 69 357 74 2294 42353 75 280 1021 125 792 1363 964 2915 95950 13282 145 8075 1353 1786 439 3052
leaf_count=1811 53457 2553 455 7421 7311 90 2505 1320 15429 69 357 74 2294 42353 75 280 1021 125 792 1363 964 2915 95950 13282 145 8075 1353 1786 439 3052
internal_value=-2.22855e-06 -1.41026e-05 -0.000422644 5.0982e-06 -0.000231944 5.19217e-05 -0.00015498 -0.000120633 0.000104713 0.00113948 -0.00134837 5.47479e-05 0.000764339 -0.000102992 0.00291109 0.00362179 -0.00184221 -0.00231822 0.00022384 9.53774e-05 -0.000121088 -0.000817154 0.000128695 0.000309184 0.000646178 2.7579e-05 -0.000508685 0.000136663 0.00055482 0.00102425
internal_weight=269116 265011 11896 253115 9864 195833 57282 54777 146059 1306 2032 529 4105 49774 445 370 1503 1146 861 144753 19308 3879 125445 29495 13427 16068 2716 13352 5277 3491
internal_count=269116 265011 11896 253115 9864 195833 57282 54777 146059 1306 2032 529 4105 49774 445 370 1503 1146 861 144753 19308 3879 125445 29495 13427 16068 2716 13352 5277 3491
is_linear=0
shrinkage=0.05


Tree=31
num_leaves=31
num_cat=0
split_feature=7 8 1 8 7 8 6 5 1 5 8 1 5 8 7 5 1 5 0 7 0 1 0 8 7 8 1 7 0 0
split_gain=0.753619 0.764961 0.656918 0.843548 0.596248 0.581653 0.543248 0.490958 0.445982 0.473229 0.420503 0.410961 0.474859 0.388846 0.854289 0.683788 0.556178 0.962049 0.679662 0.60098 0.459272 0.426483 0.385432 0.377466 0.345661 0.786678 0.342289 0.41852 0.351602 0.336008
threshold=0.059819200537251725 0.6111725717874037 -0.17162639202663535 0.04761904757553595 0.020317250938672465 0.9058488064324447 0.6518922820905092 77.611940197148598 -0.030775117980691043 30.641346612582129 0.32944221471637353 0.2068991669203544 57.423902378793336 1.0000000180025095e-35 0.049831260130964027 41.534475409655847 -0.042499468763280916 63.344801609305364 -0.07805826330971298 0.055933224678610928 -0.036923076923076885 0.14460248547869184 0.15039605358095179 0.002344561211347366 0.039940116966449654 0.28191930370458645 -0.051973141121421311 0.029092281587469383 0.059174224623200218 -0.070991281012234661
decision_type=10 8 8 8 8 8 8 10 10 10 10 10 10 10 8 8 8 8 10 8 10 10 10 10 10 10 10 8 10 10
left_child=2 11 3 -1 5 7 26 8 9 23 29 12 -2 14 21 -16 17 20 -18 -20 -17 -8 -21 -4 -15 -26 27 -6 -28 -5
right_child=1 -3 4 10 6 -7 13 -9 -10 -11 -12 -13 -14 24 15 16 18 -19 19 22 -22 -23 -24 -25 25 -27 28 -29 -30 -31
leaf_value=0.0022092776904623721 0.00012723996132166107 -0.00079390585302265926 0.0013383965188676946 0.0023633014666302188 0.0005385571263137089 -0.00086911890108815624 0.00064410865217325703 0.00085572049595742956 -0.00020890881219805843 0.00040884745515611955 -0.0021673463485636936 0.0029354179582984433 -0.0011166147856032089 2.9249531887788971e-05 -0.0011411359942932139 0.0038612372823081387 -0.0010000964116812512 -0.0013356259067656073 -0.0011875302249911321 0.00079984916379748246 0.00035572917132659933 0.0023606054360862465 -0.0016342398544241276 -0.00022505786091208194 0.00075336550214047436 8.8286137331405472e-05 -0.00018017281274237799 -6.2175417307100029e-05 0.0032698899370065984 3.7716347784340053e-05
leaf_weight=776 5204 5920 406 192 4168 2551 6868 1320 39523 7076 176 117 900 103840 1131 128 781 1276 447 5093 346 382 168 7858 5678 20495 35884 9525 74 813
leaf_count=776 5204 5920 406 192 4168 2551 6868 1320 39523 7076 176 117 900 103840 1131 128 781 1276 447 5093 346 382 168 7858 5678 20495 35884 9525 74 813
internal_value=-2.11712e-06 -0.000387058 1.60698e-05 0.000928648 9.06666e-06 -0.000130697 5.08882e-05 -9.71693e-05 -0.000120096 0.000108728 8.7184e-05 1.04059e-07 -5.61593e-05 9.92915e-05 0.000327022 1.16985e-05 0.000169953 -0.000621107 0.000383291 0.000572574 0.00130236 0.00073455 0.000722121 -0.000148247 7.01799e-05 0.000232569 -9.20599e-05 0.000120681 -0.000173073 0.000482007
internal_weight=269116 12141 256975 1957 255018 58734 196284 56183 54863 15340 1181 6221 6104 146633 16620 9370 8239 1750 6489 5708 474 7250 5261 8264 130013 26173 49651 13693 35958 1005
internal_count=269116 12141 256975 1957 255018 58734 196284 56183 54863 15340 1181 6221 6104 146633 16620 9370 8239 1750 6489 5708 474 7250 5261 8264 130013 26173 49651 13693 35958 1005
is_linear=0
shrinkage=0.05


Tree=32
num_leaves=31
num_cat=0
split_feature=4 7 8 3 7 6 0 4 1 8 4 1 6 4 1 4 8 8 8 6 0 1 7 8 7 8 1 4 3 8
split_gain=0.851289 0.676765 0.724325 1.13333 0.635368 0.563063 0.508293 0.502449 0.497669 0.763202 0.522059 0.479318 0.458331 0.404028 0.550286 0.850309 0.612726 0.520721 0.414748 0.394655 0.390434 0.402386 0.369095 0.367186 0.361413 0.354878 0.349019 0.344052 0.335268 0.747714
threshold=-1.2140863899834828 0.059819200537251725 inf 1.0000000180025095e-35 0.024635986492476388 0.6518922820905092 -0.034701010940929415 0.25576882262114425 -0.13975089850557351 0.12783364699157587 -0.89784475571887323 0.065165902073342177 1.1753735957338798 0.67967603969500423 0.090780493495887696 -0.25611048898464672 0.17254817583601204 0.61541130580174574 0.19303797430174457 0.52990710852304213 0.076313887081616474 0.024337962580955556 0.084054682809110978 0.77695416947184071 0.075517149084893084 0.011124157997051442 -0.013026436013790053 -0.040999722760166786 1.0000000180025095e-35 0.6564396703211085
decision_type=8 10 8 2 8 8 10 10 8 8 10 10 8 10 10 8 10 8 8 10 10 10 10 8 10 8 10 10 2 10
left_child=12 4 3 7 11 -6 24 26 9 10 -7 25 -1 14 17 16 -16 20 -17 -8 -10 -22 -21 -13 -4 -2 -3 -5 -15 -30
right_child=1 2 6 27 5 8 19 -9 13 -11 -12 23 -14 28 15 18 -18 -19 -20 22 21 -23 -24 -25 -26 -27 -28 -29 29 -31
leaf_value=0.0013071298512649827 0.00042478175566561591 0.00041306089100726973 0.00099884525945618283 0.00041413606761863086 -9.4765887636013673e-05 0.001037749950924221 -0.00025877132993678995 0.0014662804727219435 1.252471339903677e-05 7.5391167457026558e-06 0.003230864370190021 0.00068932401262042581 0.000243084237343016 0.00010929121785986428 0.0074388768159367735 -0.0012310703256974065 0.0014013780339155347 0.00029094754950257772 0.00061459389334414462 -0.0018374786364477266 0.0022718018018695659 -1.7553725494788244e-05 -0.0046390458548448534 -0.0002366209632974752 -0.0017911361691847899 -0.00013992728912824465 -0.00045607453275498151 -0.00098460562695942746 -0.0023342545812576514 -0.00018899609346150094
leaf_weight=1811 2872 2978 357 498 40226 1102 357 750 53227 1644 360 3278 2294 12035 76 322 94 29138 5563 1013 391 377 133 1590 172 88862 1887 3751 421 11537
leaf_count=1811 2872 2978 357 498 40226 1102 357 750 53227 1644 360 3278 2294 12035 76 322 94 29138 5563 1013 391 377 133 1590 172 88862 1887 3751 421 11537
internal_value=-2.01126e-06 -1.30791e-05 -0.000381645 -0.000204564 4.24289e-06 6.64789e-05 -0.00124125 0.000261655 0.000122257 0.000746654 0.00157778 -9.65908e-05 0.000712509 0.000105121 0.000154119 0.000614313 0.0041005 0.000120601 0.000513608 -0.00171041 2.86751e-05 0.00114799 -0.00216262 0.000386889 9.17057e-05 -0.000122247 7.59471e-05 -0.000820667 -7.70162e-05 -0.000264523
internal_weight=269116 265011 11896 9864 253115 156513 2032 5615 116287 3106 1462 96602 4105 113181 89188 6055 170 83133 5885 1503 53995 768 1146 4868 529 91734 4865 4249 23993 11958
internal_count=269116 265011 11896 9864 253115 156513 2032 5615 116287 3106 1462 96602 4105 113181 89188 6055 170 83133 5885 1503 53995 768 1146 4868 529 91734 4865 4249 23993 11958
is_linear=0
shrinkage=0.05


Tree=33
num_leaves=31
num_cat=0
split_feature=2 7 8 7 8 8 4 7 6 4 8 7 5 8 2 7 3 6 4 4 5 5 6 4 2 2 4 7 4 2
split_gain=0.794659 1.19125 1.04918 0.737736 0.762792 0.587107 0.636244 0.57316 0.623133 0.804448 0.583589 0.522047 0.522002 0.476716 1.76271 1.3092 0.797968 0.721654 0.643435 0.596506 0.530178 0.591191 0.523798 0.473736 0.466764 0.51532 0.490897 0.484794 0.465724 0.458561
threshold=-0.091704494509509279 0.035223353549260199 0.032297688241028778 0.059819200537251725 0.24462538673989251 0.20852807550365901 0.46038708663435884 0.054473624498138536 1.0369435280615324 -0.91821603805131502 0.31831738772629514 0.01161170785257455 26.099290774959027 0.25445544589299574 0.36249146008198335 0.084054682809110978 1.0000000180025095e-35 0.50210660955191655 0.25576882262114425 0.48583506881752903 71.003441841506728 77.611940197148598 0.60808690248371111 -0.41411456341770297 0.0064466621577963243 0.32268664290448762 0.31795701776941004 0.036494476576477579 0.65998057755851236 -0.2204671338228493
decision_type=8 8 10 10 8 8 10 10 10 10 10 10 8 10 10 10 2 10 8 10 10 10 10 10 10 10 10 10 10 10
left_child=1 2 -1 5 -5 6 -2 8 -3 29 -11 -4 -7 14 17 19 18 -6 -15 22 -21 -22 -16 -9 26 -26 -14 -27 -29 -10
right_child=3 7 11 4 13 12 -8 23 9 10 -12 -13 24 16 15 -17 -18 -19 -20 20 21 -23 -24 -25 25 27 -28 28 -30 -31
leaf_value=0.00037199101347794273 -0.00017123755415196848 0.00043797940965403559 -0.002127261032992074 0.0019533683439012807 0.00037916187264926712 -0.00062502126637616431 -0.0011989437063321614 0.00040484165390522404 0.0013898722023181367 0.0019745260959353902 7.5457424247309354e-05 -0.0001170028869193582 7.1699355971890073e-05 -0.00019546997381088965 0.0017886713458990147 -0.0035857891328156589 -0.00080550711005740135 -0.0028817984453932246 0.001692695870088125 -0.0015297236151617165 0.0071713283163262536 0.00059959434888283295 0.0082560833245122322 -0.0005912804061883074 -7.3406621943781423e-05 0.0014818877393279596 0.00047346821816096862 0.00092906254422837073 -0.00016339098370241558 -0.00081201861856890602
leaf_weight=14354 33451 11239 326 302 203 3181 1577 2969 371 2234 494 34609 48566 1465 56 110 4178 1033 652 104 56 88 71 1996 90541 916 9014 1493 2815 652
leaf_count=14354 33451 11239 326 302 203 3181 1577 2969 371 2234 494 34609 48566 1465 56 110 4178 1033 652 104 56 88 71 1996 90541 916 9014 1493 2815 652
internal_value=-1.9107e-06 0.000144063 1.21065e-05 -5.24822e-05 -0.000513461 -3.24648e-05 -0.000217506 0.000469998 0.000624218 0.00118224 0.00163063 -0.000135762 8.94449e-06 -0.000606398 -0.00134384 0.00121068 -0.000404787 -0.00234622 0.000386053 0.00261764 0.00119059 0.00315527 0.00540431 4.38654e-06 2.20955e-05 -4.55464e-05 0.000134595 0.000437319 0.000215215 -1.34834e-05
internal_weight=269116 69244 49289 199872 8318 191554 35028 19955 14990 3751 2728 34935 156526 8016 1721 485 6295 1236 2117 375 248 144 127 4965 153345 95765 57580 5224 4308 1023
internal_count=269116 69244 49289 199872 8318 191554 35028 19955 14990 3751 2728 34935 156526 8016 1721 485 6295 1236 2117 375 248 144 127 4965 153345 95765 57580 5224 4308 1023
is_linear=0
shrinkage=0.05


Tree=34
num_leaves=31
num_cat=0
split_feature=4 2 7 8 2 7 6 4 1 2 1 5 7 6 5 7 7 5 8 2 2 1 1 5 5 6 8 7 5 8
split_gain=0.758044 0.622359 0.726489 0.550287 1.43474 1.18155 0.572918 0.538347 0.531165 0.621223 1.23048 0.510759 0.628561 0.505057 0.487137 0.526054 0.479622 0.719406 0.814634 0.582562 0.487574 0.504047 0.623765 0.478486 0.53355 0.472728 0.449438 0.625892 0.504951 0.565324
threshold=-1.2140863899834828 -0.25731976722325567 0.059819200537251725 inf 0.36249146008198335 0.084054682809110978 0.44553609438665792 0.48583506881752903 0.032113698821375387 -0.12295690172034261 0.12324540571616761 82.721296622103907 0.057757133189171216 0.47010975810972544 28.198536651217683 0.066940537286215143 0.024635986492476388 58.048114338556445 0.36842105117728546 -0.01004470472925467 0.13107358875951461 0.029766183980512676 -0.01087533500098131 71.003441841506728 77.611940197148598 0.60808690248371111 0.50224926047455021 0.036669205911247595 40.937392309191949 0.097048649989857641
decision_type=8 8 10 8 10 10 10 10 8 8 10 8 10 10 10 10 10 10 10 8 10 10 10 10 10 10 8 10 10 10
left_child=-1 -2 8 -4 6 7 -5 25 16 10 -10 13 -13 -11 -8 -16 19 26 -19 -3 -21 22 -22 -9 -25 -6 28 -28 -18 -30
right_child=1 2 3 4 5 -7 14 23 9 11 -12 12 -14 -15 15 -17 17 18 -20 20 21 -23 -24 24 -26 -27 27 -29 29 -31
leaf_value=0.00067243751743585069 0.00049680140757423223 -3.9171815728594496e-05 -0.00026064645473393791 0.00054012024361209539 0.0016992377767954686 -0.0034064996495991096 0.0020467012182915963 -0.0014532374036487173 0.00050479722246675712 -0.00081607226929104057 0.0042305218533785693 0.0004404170758852773 0.0054980002689145263 5.3815650347949199e-05 -0.0014739177529683137 -0.003585808716968961 1.3181394178732159e-06 0.00084755011295207247 0.0001084690698499565 -0.00035553092078119218 0.0023335901583084791 0.0048195126098094154 -0.00019887583748180471 0.0068127617863605596 0.00056961468865417619 0.0078432792299230336 0.00035496479227396094 -0.00016242839397129393 -0.00093767578884988094 -0.00020827858681152331
leaf_weight=4105 5871 53844 8100 193 56 110 59 104 3413 1720 237 6717 62 55842 549 637 31089 4954 15070 29462 315 67 1066 56 88 71 13707 10191 3109 18252
leaf_count=4105 5871 53844 8100 193 56 110 59 104 3413 1720 237 6717 62 55842 549 637 31089 4954 15070 29462 315 67 1066 56 88 71 13707 10191 3109 18252
internal_value=-1.81517e-06 -1.22593e-05 -2.37924e-05 -0.000441161 -0.00120152 0.00115014 -0.00199467 0.00248676 -6.99995e-06 0.000112165 0.000746714 7.61674e-05 0.000486673 2.78227e-05 -0.00238762 -0.00260821 -5.17319e-05 2.45697e-05 0.00029132 -0.000138493 -0.000311506 0.000584245 0.000378768 0.00113106 0.00299751 0.0051341 -4.53916e-05 0.000134329 -0.000127278 -0.000314439
internal_weight=269116 265011 259140 10023 1923 485 1438 375 249117 67991 3650 64341 6779 57562 1245 1186 181126 96372 20024 84754 30910 1448 1381 248 144 127 76348 23898 52450 21361
internal_count=269116 265011 259140 10023 1923 485 1438 375 249117 67991 3650 64341 6779 57562 1245 1186 181126 96372 20024 84754 30910 1448 1381 248 144 127 76348 23898 52450 21361
is_linear=0
shrinkage=0.05


Tree=35
num_leaves=31
num_cat=0
split_feature=7 4 7 8 8 6 4 8 7 1 7 0 1 4 6 6 8 4 4 8 8 7 7 8 4 8 1 1 8 7
split_gain=0.599572 0.771819 0.565438 0.509447 0.405559 0.414514 0.821102 0.705987 0.892515 0.427205 0.588315 0.404138 0.395884 0.486124 0.381464 0.351522 0.34701 0.463252 0.431059 0.398765 0.351748 0.364284 0.41567 0.608127 0.600783 0.376283 0.354616 0.345561 0.340488 0.338322
threshold=0.068895718469190556 0.031979087282105065 0.013436842382080084 0.62891700663002381 1.0000000180025095e-35 0.8588532387688248 -0.74118881183265917 0.21165644106853862 0.034048340045024515 -0.17162639202663535 0.038998441370282362 0.042775872856756443 0.036553524804177624 -0.22397619115681436 0.57828628043297392 0.40838345894995526 0.36842105117728546 1.4264144945704402 -0.77783010811878517 0.20528607269751348 0.099464225958486488 0.059819200537251725 0.035582665312475961 0.17254817583601204 0.062076412547852268 0.27146047174202975 0.13273324462366434 -0.11843624673773361 0.12512729655249896 0.026974021476458439
decision_type=10 10 8 10 8 10 8 8 10 10 8 10 10 10 10 10 10 10 10 10 8 10 8 8 10 8 10 10 10 10
left_child=2 3 -1 15 -4 6 29 8 11 10 -7 -8 -10 14 -14 -2 17 18 19 -11 27 22 26 24 -24 -23 -22 -20 -19 -6
right_child=1 -3 4 -5 5 9 7 -9 12 16 -12 -13 13 -15 -16 -17 -18 28 20 -21 21 25 23 -25 -26 -27 -28 -29 -30 -31
leaf_value=-0.00031396883604519648 0.0020297165317538076 -0.0011233829407910907 0.0012439040528734887 0.0030434593446272661 0.00045275514961138388 0.002388636427749741 -0.00046161545912746735 -1.0642536928438951e-05 6.4295540503479166e-05 2.1686356189999257e-05 0.00020248445810980062 0.0031208569724761139 0.0002425461935264797 -0.00010937470624064633 0.0033642870788874362 -0.00023660810896617386 1.4110773724785385e-06 0.0040241671688595994 0.0024489643585574989 -0.00077323090149570585 0.00020925351386714928 0.0009342434457952375 0.0018694425616405373 0.00042169298202828246 -0.0009438271966416518 -0.0016941197925677408 0.0017758988167472245 -0.00010177040356576469 0.00019655531128484976 3.3900564922267701e-05
leaf_weight=12423 181 2671 688 133 10698 478 22492 78644 5960 11891 864 79 145 366 301 3128 61948 135 135 1819 27589 197 1422 6806 219 441 366 8076 102 8776
leaf_count=12423 181 2671 688 133 10698 478 22492 78644 5960 11891 864 79 145 366 301 3128 61948 135 135 1819 27589 197 1422 6806 219 441 366 8076 102 8776
internal_value=3.91972e-06 -0.000485606 1.52953e-05 9.31105e-06 3.16155e-05 2.82786e-05 -3.48421e-05 -8.87337e-05 -0.000298031 9.3962e-05 0.000981159 -0.000449077 0.000205403 0.00124112 0.00234937 -0.000112642 8.41341e-05 0.0001707 0.000161832 -8.37808e-05 0.000236247 0.000301882 0.000322641 0.00063001 0.001494 -0.000882541 0.000229765 -5.98329e-05 0.00237684 0.000263997
internal_weight=269173 6113 263060 3442 250637 249949 127461 107987 29343 122488 1342 22571 6772 812 446 3309 121146 59198 58961 13710 45251 37040 36402 8447 1641 638 27955 8211 237 19474
internal_count=269173 6113 263060 3442 250637 249949 127461 107987 29343 122488 1342 22571 6772 812 446 3309 121146 59198 58961 13710 45251 37040 36402 8447 1641 638 27955 8211 237 19474
is_linear=0
shrinkage=0.05


Tree=36
num_leaves=31
num_cat=0
split_feature=2 8 7 7 0 7 5 2 4 5 8 7 2 8 7 4 0 8 8 5 2 4 7 8 5 0 8 7 4 7
split_gain=0.619967 0.729105 0.954777 0.654145 0.605817 0.598252 0.53301 0.592745 0.522425 0.51041 1.00038 0.489167 0.484881 0.466731 0.446077 0.437196 0.439649 0.416876 0.484273 0.628391 0.408659 0.743707 0.46766 0.645033 0.502971 0.485283 0.396103 0.358514 0.458697 0.532348
threshold=-0.019842560750172985 0.23809523601662891 0.062182765303145433 0.032526501253455693 -0.020216614783719052 0.015461389638638223 63.594842475318643 0.04010228923712756 0.17498659047189266 61.710078240786373 0.46798820932055607 0.034048340045024515 0.15443695257483639 0.6564396703211085 0.022479251124517274 -0.92919963281544626 0.031156928875494375 0.0076205593874229217 0.17868047432333226 33.266059503258496 -0.078576079247292138 -0.38020637909664418 0.052946406917865098 0.46399371873530987 66.433854731003393 -0.059310384195960013 0.76130113397639287 0.027450269407221058 0.29087327050483608 0.033571281333631749
decision_type=10 8 10 10 10 10 10 10 10 10 10 10 10 10 10 8 10 8 8 10 10 10 10 8 10 10 10 10 10 10
left_child=3 5 9 13 -4 -2 7 -7 -9 12 27 -10 -3 15 -15 -1 17 -17 19 -19 -5 -22 24 -24 25 -23 -27 -11 29 -29
right_child=1 2 4 20 -6 6 -8 8 11 10 -12 -13 -14 14 -16 16 -18 18 -20 -21 21 22 23 -25 -26 26 -28 28 -30 -31
leaf_value=0.00024774481386621541 -0.0012682744631439026 -0.00014600869679039162 2.9254596155360268e-05 0.00035605970465292757 -0.001025048427623356 -0.00039355533518244367 -0.0014887324147968518 0.001186329621972059 0.00038224504394828248 0.00022357458151550121 -7.318154603564203e-06 -0.0021466173138979306 0.00031294140174934816 -8.858191695631929e-05 0.0015411870635252023 0.00076325218975487887 0.00034153451572376399 -2.6304274620742563e-05 2.1778942352364246e-05 -0.00044480754435436917 -0.00046840378291258415 0.0034387705265544358 0.0010820544057188906 -0.0020121774207041967 0.0024543193800933365 0.00025490390996233325 0.0033302226530335776 0.00021974775536690163 0.00062342320457754068 0.0029823964750129005
leaf_weight=14689 1838 55483 2108 27398 3853 7871 859 1282 633 5357 37897 274 6421 745 962 1434 6675 18358 40275 17539 4841 128 271 445 316 4882 107 279 5488 465
leaf_count=14689 1838 55483 2108 27398 3853 7871 859 1282 633 5357 37897 274 6421 745 962 1434 6675 18358 40275 17539 4841 128 271 445 316 4882 107 279 5488 465
internal_value=3.72373e-06 -7.47267e-05 -3.57016e-05 7.71213e-05 -0.000652213 -0.000433716 -0.000293235 -0.000191154 0.000536621 -2.70922e-06 0.000116999 -0.000381711 -9.8404e-05 1.01589e-05 0.000829894 -3.97955e-06 -4.78516e-05 -8.13432e-05 -9.72434e-05 -0.000230782 0.000252738 -4.84283e-06 0.000360111 -0.000841037 0.000518406 0.000398854 0.000320861 0.000523527 0.000781366 0.0019464
internal_weight=269173 130108 117351 139065 5961 12757 10919 10060 2189 111390 49486 907 61904 100677 1707 98970 84281 77606 76172 35897 38388 10990 6149 716 5433 5117 4989 11589 6232 744
internal_count=269173 130108 117351 139065 5961 12757 10919 10060 2189 111390 49486 907 61904 100677 1707 98970 84281 77606 76172 35897 38388 10990 6149 716 5433 5117 4989 11589 6232 744
is_linear=0
shrinkage=0.05


Tree=37
num_leaves=31
num_cat=0
split_feature=2 1 7 1 7 2 1 7 7 7 1 6 0 2 4 0 1 0 7 7 4 2 4 1 1 7 2 2 7 1
split_gain=0.55952 0.740879 0.641569 0.575918 0.541315 0.530426 0.843315 0.583193 0.533993 0.566032 0.55424 0.51376 0.490718 0.468492 0.435771 0.426637 0.714104 0.459581 0.350867 0.41375 0.931881 0.523137 0.43455 0.409198 0.395947 0.347027 0.440445 0.344584 0.83341 0.511581
threshold=-0.019842560750172985 0.11507086535438783 0.062182765303145433 -0.23808310028742327 0.012621321768486548 0.14689145610645607 -0.030775117980691043 0.034048340045024515 0.025292673691645704 0.050417968496791338 0.065165902073342177 0.53852485209868095 -0.020216614783719052 -0.10850160730437557 1.2768143495111557 0.048838080306593652 -0.0063845140381090229 0.089574882243653522 0.02946017239278113 0.04275317982542725 0.021814278530545555 0.09953131082860546 0.8658097108469397 0.13273324462366434 0.12775959273898144 0.048732584943597293 -0.12470270795723808 -0.29919394975115426 0.075517149084893084 -0.1224650807998877
decision_type=10 10 10 10 8 10 10 10 8 10 10 8 10 10 10 10 8 10 10 10 10 10 10 10 10 8 10 8 10 10
left_child=1 4 5 -4 13 8 -7 -8 10 18 -2 -3 -5 -1 -11 27 17 -17 23 22 -21 -22 -20 -10 -24 26 -13 28 29 -6
right_child=2 11 3 12 15 6 7 -9 9 14 -12 25 -14 -15 -16 16 -18 -19 19 20 21 -23 24 -25 -26 -27 -28 -29 -30 -31
leaf_value=-0.0019004608277190715 -0.00029335706979815305 0.0050928133059437329 0.0041824734901883716 -1.1852785425516893e-05 0.0019979649142932111 0.00085912287085919458 0.00034720899302141802 -0.00014321876254697998 0.00021822508828116868 -0.00058711715453713597 0.00036502294845297014 0.0034677260709727546 -0.00095762206930689376 -0.00029219052619609836 0.0039315101505188205 0.0011486219382582461 0.00012053672550882706 0.0038926594285829657 -4.9402000009054388e-05 -0.00049112731573076527 0.0012366775982218566 2.4436428130201709e-05 -0.0011058528390274895 0.0020264687155440698 0.00011205728060339833 0.00024848094827118866 0.00096182498752950198 4.7007681403779544e-05 -0.0011807269921917467 0.00046498858948957803
leaf_weight=504 38139 71 63 2122 828 3570 9660 16274 14036 4476 3489 213 3878 4459 54 1240 2962 174 25018 2168 2490 1385 1952 320 1014 1406 992 124087 541 1588
leaf_count=504 38139 71 63 2122 828 3570 9660 16274 14036 4476 3489 213 3878 4459 54 1240 2962 174 25018 2168 2490 1385 1952 320 1014 1406 992 124087 541 1588
internal_value=3.53755e-06 7.32652e-05 -7.09904e-05 -0.0005732 5.70813e-05 -4.64437e-05 0.000138638 3.94577e-05 -0.000104203 1.19653e-06 -0.000238176 0.000896238 -0.000623135 -0.000455513 -0.000533253 7.64391e-05 0.000561847 0.00148629 5.12359e-05 -3.62221e-05 0.000338972 0.000803399 -0.000117243 0.000258531 -0.00068948 0.000782122 0.00140478 5.97194e-05 0.00059315 0.000990363
internal_weight=269173 139065 130108 6063 136383 124045 29504 25934 94541 52913 41628 2682 6000 4963 4530 131420 4376 1414 48383 34027 6043 3875 27984 14356 2966 2611 1205 127044 2957 2416
internal_count=269173 139065 130108 6063 136383 124045 29504 25934 94541 52913 41628 2682 6000 4963 4530 131420 4376 1414 48383 34027 6043 3875 27984 14356 2966 2611 1205 127044 2957 2416
is_linear=0
shrinkage=0.05


Tree=38
num_leaves=31
num_cat=0
split_feature=2 1 6 7 5 0 6 1 7 0 5 2 2 7 1 5 7 4 3 1 1 0 6 5 1 7 6 1 6 7
split_gain=0.507158 1.04687 0.729864 0.587922 0.575218 0.653853 0.923455 0.519766 0.507504 0.442873 0.439273 0.424047 0.375835 0.799506 0.493855 0.356556 0.421487 0.336041 0.335993 0.629877 0.615339 0.465186 0.419515 0.362624 0.757255 0.485062 0.456281 0.453464 0.353996 0.350873
threshold=-0.019842560750172985 0.14460248547869184 0.73492640369554352 0.062182765303145433 59.711663822382668 -0.10995113925832838 2.5603091509611668 -0.23808310028742327 0.012621321768486548 -0.020216614783719052 38.193107859860582 -0.10280827071076991 -0.29919394975115426 0.075517149084893084 -0.1224650807998877 68.218354287684932 0.052946406917865098 -0.030882502787409859 1.0000000180025095e-35 -0.088746941272430643 -0.050385641649081762 -0.08895198320300883 1.571883440496052 71.769045585759457 -0.031985444252844046 0.022913603576878383 0.45188364337852277 -0.022432729349975807 0.63536151319041323 0.04516356898295245
decision_type=8 10 10 10 8 10 8 10 10 10 10 10 10 10 10 10 10 10 2 8 10 8 8 8 10 8 8 8 10 10
left_child=1 8 -3 4 5 6 -2 -5 11 -9 -4 -1 13 14 -10 -14 -17 -12 19 -6 28 -21 -22 24 25 -23 -27 -25 29 -20
right_child=3 2 10 7 18 -7 -8 9 12 -11 17 -13 15 -15 -16 16 -18 -19 20 21 22 23 -24 27 -26 26 -28 -29 -30 -31
leaf_value=-0.0016296246169110662 -0.00094703636132180695 0.0062202361385273039 -0.0026067894080767928 0.0039733498342915457 -0.0010425502813728022 -0.00015062824166439141 0.0074851808958311577 -1.1260137064527267e-05 0.001993090411218445 -0.00090974096076270607 0.0052048002716176033 -0.00025427091045998064 6.1473913976676798e-05 -0.0010612338927590795 0.00051019768598998692 0.0014342490499482383 -0.0018353210490594002 0.0013655513983564826 0.00077170438132364151 -0.0017466609488368549 -9.4081376330661399e-06 -0.0015441581215877944 -0.000472671973701361 -0.00054990119145280987 -3.0884909423902354e-06 0.0053058749665448584 0.0012204674671776059 0.00049803840716715006 0.0013432938744648722 -0.002506144709045519
leaf_weight=644 63 86 64 63 1044 67195 67 2122 850 3878 63 4319 120339 570 1654 822 112 598 214 303 22091 152 6275 1121 18705 72 1346 13048 1161 132
leaf_count=644 63 86 64 63 1044 67195 67 2122 850 3878 63 4319 120339 570 1654 822 112 598 214 303 22091 152 6275 1121 18705 72 1346 13048 1161 132
internal_value=3.36067e-06 7.43088e-05 0.00186511 -6.30306e-05 -4.10784e-05 -0.000143775 0.0033988 -0.00054454 6.30773e-05 -0.000591978 0.00134851 -0.000432737 8.28665e-05 0.000628852 0.00101358 6.9027e-05 0.00104218 0.00173147 6.42154e-05 0.000167545 -5.9584e-05 0.000203903 -0.000111889 0.000221062 8.54397e-05 0.00114017 0.00142791 0.000415129 0.000924949 -0.000478805
internal_weight=269173 130121 811 139052 132989 67325 130 6063 129310 6000 725 4963 124347 3074 2504 121273 934 661 65664 35791 29873 34747 28366 34444 20275 1570 1418 14169 1507 346
internal_count=269173 130121 811 139052 132989 67325 130 6063 129310 6000 725 4963 124347 3074 2504 121273 934 661 65664 35791 29873 34747 28366 34444 20275 1570 1418 14169 1507 346
is_linear=0
shrinkage=0.05


Tree=39
num_leaves=31
num_cat=0
split_feature=2 1 8 7 1 2 7 1 6 5 8 2 8 1 7 0 5 0 8 1 7 0 2 6 8 7 8 6 8 2
split_gain=0.459115 0.910813 0.685046 0.74183 0.571884 1.16678 0.554477 0.911915 0.479652 0.524262 0.544143 0.452912 0.88365 0.473838 0.425463 0.423489 0.421795 0.413807 0.46511 0.384712 0.63555 0.503908 0.481619 0.469199 0.461076 0.382996 0.51102 0.479028 0.415782 0.891111
threshold=-0.045801526717557266 0.14460248547869184 0.23809523601662891 0.059819200537251725 -0.056993682890651036 0.048120745558593477 0.035223353549260199 -0.17162639202663535 0.74130878642245379 38.193107859860582 0.63365300435556271 0.15443695257483639 0.24117647020991875 -0.13975089850557351 0.03946003414417007 0.014493580646335104 16.925915639070251 -0.034701010940929415 0.59803098225275841 0.016543769061207251 0.053672811631288876 0.076313887081616474 -0.19327307726062062 0.72838624420074394 0.070410074079722218 0.084054682809110978 0.69487750502626466 0.90492405696211875 0.93449328868463766 0.24887111530462872
decision_type=8 10 8 10 10 10 10 10 10 10 8 10 10 10 10 10 10 10 8 10 10 10 10 10 10 10 10 10 8 10
left_child=1 6 4 -4 5 -2 7 16 -3 -10 -11 12 13 -5 -7 25 -1 -9 -19 21 22 -8 24 -22 -21 28 -27 -28 -13 -30
right_child=2 8 3 11 -6 14 19 17 9 10 -12 15 -14 -15 -16 -17 -18 18 -20 20 23 -23 -24 -25 -26 26 27 -29 29 -31
leaf_value=0.0038028685275343687 -1.9160321276692841e-05 0.0058022178395345098 1.7813853401500397e-05 0.0019222081750631334 -0.0004213729488923018 0.0044862031986498008 0.00013777858214816032 0.00034577607522273652 -0.0029226932088689261 0.0028124382238901694 -0.0015517019168286446 6.9193548522630135e-05 -0.00051949523765732527 -0.0031659791243896715 0.000740861552552234 -0.00075960077766986647 0.00060665260985842912 -7.7354830817997737e-05 0.00039299946563155951 -0.00027980343589894787 0.0011937152630028627 0.0024105281858039958 0.00066076296825963964 -0.00087516120680994564 0.0025763254663496676 -0.0025197958513139794 0.005009407854567354 -0.001844904702156782 -0.0016476211383026869 0.0030137592624464816
leaf_weight=226 2895 73 132639 50 18257 209 19350 7655 60 399 87 2131 1915 539 119 2126 190 67317 5701 179 375 247 3880 1018 671 263 52 50 144 356
leaf_count=226 2895 73 132639 50 18257 209 19350 7655 60 399 87 2131 1915 539 119 2126 190 67317 5701 179 375 247 3880 1018 671 263 52 50 144 356
internal_value=3.19264e-06 8.33183e-05 -5.00254e-05 -9.75764e-06 -0.000312975 0.000301058 7.22351e-05 8.07536e-06 0.00199574 0.00148682 0.0020312 -0.000489309 -0.00104041 -0.00273404 0.00312737 -0.000219891 0.00234306 -3.96526e-06 -4.06311e-05 0.000274515 0.000620467 0.000166424 0.000896911 -0.000318213 0.00197486 0.000163094 -0.00135469 0.00164945 0.000373657 0.00167128
internal_weight=269173 107428 161745 140265 21480 3223 106809 81089 619 546 486 7626 2504 589 328 5122 416 80673 73018 25720 6123 19597 4730 1393 850 2996 365 102 2631 500
internal_count=269173 107428 161745 140265 21480 3223 106809 81089 619 546 486 7626 2504 589 328 5122 416 80673 73018 25720 6123 19597 4730 1393 850 2996 365 102 2631 500
is_linear=0
shrinkage=0.05


Tree=40
num_leaves=31
num_cat=0
split_feature=2 7 8 4 0 0 1 2 7 0 4 7 2 8 7 8 4 7 8 8 0 4 7 2 7 7 3 7 7 4
split_gain=0.470045 0.613605 0.59551 0.423928 0.388389 0.395497 0.342228 0.645227 0.925759 0.556897 0.502395 0.518693 0.452446 0.604366 0.46671 0.591666 0.483764 0.477987 0.593329 0.452431 0.402643 0.39823 0.37235 0.357248 1.09309 0.66671 0.632089 0.558016 0.55122 0.50014
threshold=-0.29919394975115426 0.075517149084893084 0.18723766890753532 -1.2140863899834828 0.04413020094962717 -0.047276873929753598 0.043139448846459046 -0.1763616358492183 0.052306130992699713 0.068097587217287772 -0.41411456341770297 0.038542825624953349 0.09502747050501216 0.17569641369710343 0.023777957964405589 0.76130113397639287 0.87946274317831652 0.017540173128895536 0.67572241838145319 0.70517419753052002 -0.032696969171048855 -0.13844878811496156 0.079061678468717936 0.30648267736161167 0.027208323080054719 0.073071248271039071 1.0000000180025095e-35 0.036669205911247595 0.031958304682792045 0.53019978575856863
decision_type=8 10 8 8 10 10 10 8 10 10 10 10 10 8 10 10 10 10 8 8 10 10 10 10 10 10 2 10 10 10
left_child=1 2 4 -2 5 -1 9 8 10 -5 -8 -12 13 -9 15 16 17 -14 -19 -16 -15 -13 -22 25 -25 -21 29 28 -28 -26
right_child=3 -3 -4 6 -6 -7 7 12 -10 -11 11 21 14 20 19 -17 -18 18 -20 23 22 -23 -24 24 26 -27 27 -29 -30 -31
leaf_value=0.0028697607783714982 0.00050005669657382642 -0.00087509301173296591 -0.00049419620655991113 -6.0599396229470465e-05 0.0047928659373276707 0.0008930495565732992 0.0044621088181292035 -0.00058021541976601072 -0.00086399199660643468 0.00075785304518857246 0.00021930247064044393 0.0038003028788940346 0.0065692146925633126 -0.00061280859723002526 -0.00053692260357232895 -0.00019691851284787574 0.00059988619350482284 0.00089049207841302108 0.0056589791186741518 -0.00015400669980878269 0.00028658853398111253 0.00014051682904691381 0.0043320479586295658 0.006686572654408255 0.0053440612245218037 -0.0036139955281375758 -0.00078595801482992669 -0.00028071654419863242 0.0024369785085088815 0.00098577129605262716
leaf_weight=302 3950 568 558 202018 79 1561 172 2352 395 2100 399 274 66 1279 6083 1340 837 292 84 11080 26891 102 57 66 70 141 199 3833 398 1104
leaf_count=302 3950 568 558 202018 79 1561 172 2352 395 2100 399 274 66 1279 6083 1340 837 292 84 11080 26891 102 57 66 70 141 199 3833 398 1104
internal_value=-6.95378e-06 0.00060839 0.000945437 -1.40622e-05 0.00135909 0.00121348 -2.18242e-05 8.59057e-05 0.00116939 -5.2179e-05 0.00201753 0.00147499 6.00202e-05 0.00018984 -9.50913e-05 0.000537297 0.00130653 0.00264467 0.00195579 -0.000167183 0.000254005 0.00280749 0.000295145 -3.40272e-05 0.000289456 -0.000197484 0.000214115 -5.92494e-05 0.00136267 0.00124564
internal_weight=268650 3068 2500 265582 1942 1863 261632 57514 1342 204118 947 775 56172 30579 25593 2619 1279 442 376 22974 28227 376 26948 16891 5670 11221 5604 4430 597 1174
internal_count=268650 3068 2500 265582 1942 1863 261632 57514 1342 204118 947 775 56172 30579 25593 2619 1279 442 376 22974 28227 376 26948 16891 5670 11221 5604 4430 597 1174
is_linear=0
shrinkage=0.05


Tree=41
num_leaves=31
num_cat=0
split_feature=2 1 5 8 3 6 5 2 8 8 5 7 7 6 7 1 7 2 7 7 5 7 1 5 7 8 2 8 8 2
split_gain=0.457464 0.592593 0.573943 0.82123 0.519456 0.509162 0.468383 0.536576 0.591718 0.53555 0.446349 0.512665 0.543169 0.577999 0.441613 0.705408 0.434749 0.511669 0.555241 1.03353 0.653454 0.431283 0.418013 0.407035 0.418774 0.445886 0.797025 0.406437 0.387521 0.369187
threshold=0.0051465002353683351 0.068448214997069115 71.003441841506728 0.27497765384613809 1.0000000180025095e-35 1.4446005762362875 33.041957815277904 -0.13360337118167867 0.22447098423516193 0.13320996694719225 66.155370199676042 0.024959169904222034 0.054473624498138536 1.0631663384097843 0.073071248271039071 0.14460248547869184 0.056835442829510065 0.19427002954183406 0.073071248271039071 0.068895718469190556 75.099602289294651 0.01161170785257455 -0.031985444252844046 39.172821064648438 0.044401498149700465 0.28533046601786566 0.0562167312619909 0.24462538673989251 0.23472300494644965 -0.29919394975115426
decision_type=10 10 10 8 2 8 8 8 8 8 10 8 10 10 10 10 10 10 10 10 10 8 10 10 10 10 10 10 8 8
left_child=1 10 22 -4 16 -6 9 14 -9 -3 21 -12 13 -13 15 -8 -5 -18 19 20 -19 -1 23 -2 25 26 -25 -17 -24 -23
right_child=2 6 3 4 5 -7 7 8 -10 -11 11 12 -14 -15 -16 27 17 18 -20 -21 -22 29 28 24 -26 -27 -28 -29 -30 -31
leaf_value=-0.0004866920049549214 -0.00054829407104310863 0.0023868818525224923 -0.0021500254696849509 0.00037964782245657544 0.00020980554123283232 -0.00047392402925738105 0.0013868893947165122 -0.00067775097229830163 0.00054495774440716156 -0.0016303293310747401 -0.00023812994758497602 0.0011058544700523988 -0.0020661317511090041 0.0038162181912203552 -0.0015019630656889554 0.0087508347421392518 -0.0015988218997182648 -0.0010744102551446609 -0.00071320613287389285 0.009602889475103564 0.0040143504633306298 0.00058069812936019111 -0.00064221462497238797 0.00027328079571297716 -0.00020855813993443073 0.00015724433218751153 0.0021483350461282899 0.0029101110051509321 -0.00016787072885860618 1.5593409996699065e-05
leaf_weight=4202 2364 100 383 8955 7613 4239 846 1152 7014 487 788 884 104 253 106 53 89 96 100 58 184 2951 4616 1662 5401 8663 860 68 64061 140298
leaf_count=4202 2364 100 383 8955 7613 4239 846 1152 7014 487 788 884 104 253 106 53 89 96 100 58 184 2951 4616 1662 5401 8663 860 68 64061 140298
internal_value=-6.60609e-06 4.7449e-05 -8.53602e-05 0.000144745 0.000185942 -3.4738e-05 0.000423577 0.000510591 0.000372467 -0.000945966 2.27244e-05 0.000759268 0.00139259 0.00170895 0.00156177 0.00189761 0.00046178 0.0018574 0.00255969 0.003528 0.00226963 1.25892e-05 -0.000142388 6.55081e-05 0.000152993 0.000327579 0.000912673 0.00546844 -0.000199753 2.72348e-05
internal_weight=268650 159306 109344 21717 21334 11852 9826 9239 8166 587 149480 2029 1241 1137 1073 967 9482 527 438 338 280 147451 87627 18950 16586 11185 2522 121 68677 143249
internal_count=268650 159306 109344 21717 21334 11852 9826 9239 8166 587 149480 2029 1241 1137 1073 967 9482 527 438 338 280 147451 87627 18950 16586 11185 2522 121 68677 143249
is_linear=0
shrinkage=0.05


Tree=42
num_leaves=31
num_cat=0
split_feature=2 5 1 3 2 4 1 4 0 5 5 0 5 1 0 1 1 5 2 0 5 0 1 1 5 2 1 5 4 6
split_gain=0.418448 0.613231 0.872048 0.700132 0.586482 1.34893 0.654218 0.582844 0.567741 0.505295 0.450064 0.565657 0.420416 0.405271 0.392468 0.595964 0.581595 0.561903 0.793342 0.451883 0.427065 0.371097 0.45937 0.362017 0.438855 0.370641 0.332289 0.345053 0.363593 0.490357
threshold=-0.046906596475218269 65.327271836664991 -0.23808310028742327 1.0000000180025095e-35 0.3897788632604014 0.42480299560766693 -0.058817529345273671 -0.10176073818146142 -0.07805826330971298 42.52631266693799 82.721296622103907 -0.015284348446939875 26.439040657847737 -0.024187700884355286 0.042775872856756443 -0.033252788361823209 0.079401972898997544 33.041957815277904 -0.18590175023651842 -0.022784359495473413 36.976413605909563 0.056741931854283674 -0.016893621152957058 -0.030775117980691043 31.137582650300093 0.0051465002353683351 -0.015805004171297595 52.454968652640595 -0.27152835850049201 0.71483680743428968
decision_type=8 8 10 2 10 10 8 8 8 10 8 10 10 10 10 10 10 10 10 10 10 10 8 10 10 8 10 10 10 10
left_child=7 2 -2 4 6 -6 -3 9 13 14 -10 -12 -4 -8 16 -16 19 -18 20 -1 -19 22 -13 24 -14 -25 27 -11 -29 -30
right_child=1 3 12 -5 5 -7 8 -9 10 26 11 21 23 -15 15 -17 17 18 -20 -21 -22 -23 -24 25 -26 -27 -28 28 29 -31
leaf_value=0.00024921524279063667 0.0046698729588503119 -0.00080256414897141427 -0.0007325887816377961 -0.00011953239559915823 0.0094741100557810438 0.001066894170971618 -0.0025278346476343486 0.00041290426345563395 0.00018914721432455541 -0.00014996478517952658 -8.1677689952656582e-05 -0.00042079906330446906 -0.00082079553653454946 0.001848792603525978 0.0017763395341349676 0.00011857818817685863 -0.00030728795348198288 0.0094376452302990053 0.00131650394402628 -2.523688583411922e-05 0.0033788752248228499 -5.7228409556746584e-06 0.0013956732174278421 -1.8871768506842652e-05 8.3380411470439174e-05 -0.00024016528740926552 -0.00051343907750182037 6.0962670739131626e-07 0.0035059889769510615 0.00017652371589492292
leaf_weight=20463 95 1456 2757 21000 51 740 284 11155 17397 7824 1718 390 1408 65 849 1500 287 52 355 56158 66 774 3236 29323 28633 53342 6252 577 230 213
leaf_count=20463 95 1456 2757 21000 51 740 284 11155 17397 7824 1718 390 1408 65 849 1500 287 52 355 56158 66 774 3236 29323 28633 53342 6252 577 230 213
internal_value=-6.27578e-06 -5.66443e-05 -0.00011863 9.53994e-05 0.00026826 0.00160895 0.000226377 7.10342e-05 0.000289155 3.08178e-05 0.000318866 0.00068773 -0.00012257 -0.0017127 8.10404e-05 0.000717744 6.17124e-05 0.00143807 0.00249709 4.80604e-05 0.00604884 0.000988149 0.0012003 -0.000107648 4.10023e-05 -0.000161668 -0.000234434 -3.71999e-05 0.000827773 0.00190514
internal_weight=268650 162669 115558 47111 26111 791 25320 105981 23864 94826 23515 6118 115463 349 79730 2349 77381 760 473 76621 118 4400 3626 112706 30041 82665 15096 8844 1020 443
internal_count=268650 162669 115558 47111 26111 791 25320 105981 23864 94826 23515 6118 115463 349 79730 2349 77381 760 473 76621 118 4400 3626 112706 30041 82665 15096 8844 1020 443
is_linear=0
shrinkage=0.05


Tree=43
num_leaves=31
num_cat=0
split_feature=2 5 1 3 2 4 1 1 0 0 0 5 5 0 1 5 1 4 0 0 1 5 5 2 0 6 3 6 6 6
split_gain=0.381362 0.62173 0.884687 0.556649 0.548028 1.21741 0.550218 0.537783 0.513229 0.487808 0.479172 0.427975 0.415604 0.48794 0.34602 0.338226 0.539392 0.427645 0.378413 0.334633 0.328451 0.324518 0.316207 0.357148 0.314764 0.300553 0.299827 0.392005 0.293434 0.53078
threshold=0.0051465002353683351 65.327271836664991 -0.23808310028742327 1.0000000180025095e-35 0.3897788632604014 0.42480299560766693 -0.058817529345273671 0.071906364990049113 -0.07805826330971298 -0.054216867469879519 0.056741931854283674 66.155370199676042 82.721296622103907 -0.015284348446939875 -0.024187700884355286 34.840396242969689 -0.052799211351304713 -0.52923370498518085 0.081793937462988034 0.15039605358095179 0.008897079860274772 51.474543740160591 16.925915639070251 -0.22651167371318895 0.068097587217287772 1.0631663384097843 1.0000000180025095e-35 1.2881132953148915 0.41664128979638942 0.50210660955191655
decision_type=8 8 10 2 10 10 8 10 8 10 10 10 8 10 10 10 10 10 10 10 10 10 10 10 10 10 2 10 10 10
left_child=7 2 -2 4 6 -6 -3 9 14 20 28 24 -10 -14 -8 17 18 -4 -17 -15 21 22 23 -1 -11 -13 27 -23 -9 -30
right_child=1 3 15 -5 5 -7 8 10 12 11 -12 25 13 19 -16 16 -18 -19 -20 -21 -22 26 -24 -25 -26 -27 -28 -29 29 -31
leaf_value=0.0025039873900746098 0.0049956458077923096 -0.00075377880268070682 -0.0011823138323003549 -0.00011806772374609765 0.0090004043922960464 0.0010135494655853993 -0.0024014428999884919 -0.002542119168386195 0.00014796028345647518 -1.0584741036417336e-05 -0.00055165257899822959 0.00034575212763321937 -7.7593826923249141e-05 0.0010063614503542794 0.0016682427965861281 0.00017434680801826558 -0.000201911990408305 -6.9881811120332986e-05 0.0042601744657108694 -0.0012829291720170505 -0.001288620520450631 0.0053805618930964898 0.00033102324583010308 1.7213255319864747e-05 0.00080483060283270127 0.0017229833966460881 -6.0531846122435666e-05 0.00070227016883829681 0.0035083990377010009 0.00057485768979602034
leaf_weight=377 83 1448 1811 20761 51 740 284 73 15866 134532 1024 1348 1718 4158 64 9761 59572 1652 57 166 244 107 4033 234 1194 561 93 77 158 6403
leaf_count=377 83 1448 1811 20761 51 740 284 73 15866 134532 1024 1348 1718 4158 64 9761 59572 1652 57 166 244 107 4033 234 1194 561 93 77 158 6403
internal_value=-5.962e-06 -7.31759e-05 -0.000163508 7.24069e-05 0.000233846 0.0015285 0.000190643 4.68377e-05 0.000252088 2.49471e-05 0.000455037 7.04508e-06 0.00028235 0.00063525 -0.00165299 -0.000169386 -0.000145319 -0.000651636 0.000198068 0.000918475 0.000501992 0.000590777 0.000491612 0.00155161 -3.41142e-06 0.000750481 0.0022533 0.0034228 0.000610426 0.000645502
internal_weight=268650 118192 72936 45256 24495 791 23704 150458 22256 142800 7658 137635 21908 6042 348 72853 69390 3463 9818 4324 5165 4921 4644 611 135726 1909 277 184 6634 6561
internal_count=268650 118192 72936 45256 24495 791 23704 150458 22256 142800 7658 137635 21908 6042 348 72853 69390 3463 9818 4324 5165 4921 4644 611 135726 1909 277 184 6634 6561
is_linear=0
shrinkage=0.05


Tree=44
num_leaves=31
num_cat=0
split_feature=6 4 1 0 5 1 0 8 0 0 4 3 8 4 5 0 8 6 6 8 5 0 1 5 8 1 8 4 1 8
split_gain=0.363671 0.70227 0.316531 0.369596 0.39788 0.866978 0.315913 0.418989 0.309151 0.278198 0.364816 0.27483 0.537609 0.690659 0.465708 0.41963 0.460801 0.400785 0.362823 0.311741 0.276623 0.273028 0.297433 0.255467 0.52948 0.566792 0.344792 0.503073 0.333299 0.447537
threshold=0.81262377010659892 -0.92919963281544626 -0.19254923072727534 -0.07805826330971298 75.64042598981753 -0.045886549553394378 -0.015578289830763368 0.80382359519951585 -0.08895198320300883 -0.050461122088397641 -0.90803001982795273 1.0000000180025095e-35 0.62891700663002381 0.73182799324622916 66.433854731003393 -0.066295578493882498 0.2645894821151285 0.8161330962061798 1.4310490402666254 0.25106509864781418 35.69261880350728 0.15039605358095179 0.19168037263172447 45.229723179479301 0.17569641369710343 0.22843713725094186 0.3604740832465238 -0.061446170109221036 -0.015242436518461354 0.097048649989857641
decision_type=10 8 8 8 8 8 10 10 10 10 10 2 10 10 10 10 10 10 10 8 10 10 10 10 10 10 10 10 10 8
left_child=1 -1 8 -4 9 -6 -7 21 -3 -5 -11 14 -13 -14 15 16 18 -16 -2 -19 -18 -8 -23 -17 28 26 27 -26 29 -25
right_child=11 2 3 4 5 6 7 -9 -10 10 -12 12 13 -15 17 23 20 19 -20 -21 -22 22 -24 24 25 -27 -28 -29 -30 -31
leaf_value=0.0004266201359481894 0.0017812946527424806 0.0046002033890027673 -0.0013858924916618854 0.00062582177605148819 -0.00097217756457723908 -9.275620510468766e-05 0.00096616139713703256 -0.00035604374257485106 0.00071084982154365542 -0.0006975602475706651 -0.00011588119362401099 -0.00048040303696383929 0.00024279687048154786 -0.00024062232319075401 0.0045408757848219876 0.00010402973824843306 -0.0024172479723537574 -0.00065328021968243631 0.000437202437680632 0.00039605309529100197 8.6899910378564576e-05 -0.0030344280597408503 0.0016692815072558546 -0.00087810926111709644 -0.00044155188641486576 0.002341424965166108 -0.00013413451859423949 0.00033684203355224362 -0.00059985974535677836 0.00044727985956675423
leaf_weight=6751 887 58 559 1228 1235 1817 3910 813 429 2768 102983 6583 15959 13758 57 51938 153 748 1157 13168 395 89 54 919 2526 264 17397 11645 6327 2075
leaf_count=6751 887 58 559 1228 1235 1817 3910 813 429 2768 102983 6583 15959 13758 57 51938 153 748 1157 13168 395 89 54 919 2526 264 17397 11645 6327 2075
internal_value=-5.6639e-06 -6.91137e-05 -9.79788e-05 -0.000103344 -9.71044e-05 0.000244901 0.000469814 0.000679882 0.00117406 -0.000122418 -0.000131106 4.76735e-05 -7.15752e-05 1.89896e-05 8.7149e-05 4.77724e-05 0.000675285 0.000356788 0.00102048 0.00033965 -0.000612251 0.00088768 -0.0012582 3.03001e-05 -6.27518e-05 3.42977e-05 1.50034e-05 0.000198092 -0.000394184 4.04553e-05
internal_weight=268650 122694 115943 115456 114897 7918 6683 4866 487 106979 105751 145956 36300 29717 109656 95683 2592 13973 2044 13916 548 4053 143 93091 41153 31832 31568 14171 9321 2994
internal_count=268650 122694 115943 115456 114897 7918 6683 4866 487 106979 105751 145956 36300 29717 109656 95683 2592 13973 2044 13916 548 4053 143 93091 41153 31832 31568 14171 9321 2994
is_linear=0
shrinkage=0.05


Tree=45
num_leaves=31
num_cat=0
split_feature=2 4 8 0 2 7 7 8 2 7 8 2 8 5 8 8 6 2 5 8 8 5 5 7 0 0 8 5 2 4
split_gain=0.479339 0.547294 0.489229 0.464781 0.494587 0.437432 0.594734 0.425889 0.805353 0.417249 0.416761 0.382998 0.371102 0.36993 0.362232 0.606953 0.362097 0.398434 0.353872 0.824586 0.354896 0.344098 0.340141 0.581576 0.666868 0.554699 0.525613 0.470568 0.3638 0.414998
threshold=-0.046906596475218269 -0.10176073818146142 0.097048649989857641 0.04413020094962717 -0.18265794825493178 0.03503896545610883 0.025721836794511042 0.83104930563871315 0.14689145610645607 0.011966459963838884 1.0000000180025095e-35 -0.07729918596037065 0.15783037525820851 27.617602425476409 0.73557485070685813 0.66623571998419873 1.4582995398390131 0.21807114913014361 44.661070926672998 0.11468531458506546 0.52376905140679997 56.429184538675912 55.387639363571942 0.037053957192947101 -0.030974798223481367 -0.017608273336723709 0.37253760255862495 50.904664042458258 -0.16222110037345541 -0.051088532965380233
decision_type=10 10 8 10 8 10 10 8 10 8 8 10 8 8 10 10 10 10 10 8 8 10 10 8 10 10 10 10 8 10
left_child=1 3 -2 9 -5 6 7 8 -4 11 -11 -1 21 -6 15 16 17 -10 -12 -20 -21 -3 23 -14 26 27 -25 -26 29 -27
right_child=2 12 5 4 13 -7 -8 -9 14 10 18 -13 22 -15 -16 -17 -18 -19 19 20 -22 -23 -24 24 25 28 -28 -29 -30 -31
leaf_value=-0.0013811130219704868 -0.00057917241964009262 -0.00076269921043166193 -8.1975106670745533e-05 0.0016580212182639006 -0.0018435357171840668 -0.00017071450029344302 0.00015483086026301448 -0.00045341231001519888 0.0010427705942732154 0.0012147950430158763 5.0620935150502716e-05 -7.6269484509176579e-05 0.00040867422955169307 0.00041792143662383867 -4.8451859362046924e-05 0.0035619154104019634 -0.00065828289825598419 0.0046716135224668569 -0.00097854162906918941 -0.00023838683106032051 0.00045330286626388917 0.0011330159511233338 8.3362753873465151e-05 0.00067973375273868439 0.0063447501494790365 0.0027977343459735762 -0.004614857703447342 0.00073126399843853769 0.0017311804083812083 -0.0022073364693535199
leaf_weight=1017 4540 1126 48217 820 193 51268 40999 7227 628 731 85798 1258 4837 2869 581 270 274 86 2874 5221 2876 304 3286 125 112 61 75 56 1400 129
leaf_count=1017 4540 1126 48217 820 193 51268 40999 7227 628 731 85798 1258 4837 2869 581 270 274 86 2874 5221 2876 304 3286 125 112 61 75 56 1400 129
internal_value=-1.01643e-05 6.70021e-05 -6.7839e-05 3.068e-05 0.000567437 -5.23161e-05 9.44549e-06 -9.46108e-05 -4.28076e-05 9.79608e-06 2.54148e-05 -0.000659578 0.000394085 0.00027538 0.00098413 0.00146102 0.000886892 0.00147986 1.64301e-05 -0.000250957 7.2967e-06 -0.000359694 0.000501009 0.000702979 0.00143002 0.00174126 -0.00130574 0.00447359 0.00145256 -0.000600445
internal_weight=269258 115168 154090 103657 3882 149550 98282 57283 50056 99775 97500 2275 11511 3062 1839 1258 988 714 96769 10971 8097 1430 10081 6795 1958 1758 200 168 1590 190
internal_count=269258 115168 154090 103657 3882 149550 98282 57283 50056 99775 97500 2275 11511 3062 1839 1258 988 714 96769 10971 8097 1430 10081 6795 1958 1758 200 168 1590 190
is_linear=0
shrinkage=0.05


Tree=46
num_leaves=31
num_cat=0
split_feature=7 2 5 8 2 5 8 2 1 7 1 5 8 0 8 2 7 7 8 1 2 0 5 8 5 7 5 8 8 1
split_gain=0.460553 0.495067 0.491014 0.435873 0.564786 0.631814 0.403165 1.09684 0.776377 0.539065 0.389318 0.326334 0.373795 0.331884 0.310594 0.296933 0.477582 0.515987 0.749477 0.789778 0.497241 0.467183 0.464912 0.448002 0.702517 0.512066 0.472915 0.707398 0.439986 0.421303
threshold=0.073071248271039071 -0.28142985723929298 50.904664042458258 0.19598326047377998 -0.064729683113820088 39.954279827720789 0.097048649989857641 0.3897788632604014 0.22843713725094186 0.084054682809110978 -0.09063966622234286 13.654556564743389 0.032297688241028778 -0.026577025783998284 0.011124157997051442 -0.0063176434761240676 0.054473624498138536 0.039940116966449654 0.38440111380459507 0.0036589828572110021 -0.21500824586268383 0.081793937462988034 68.218354287684932 0.3033873338683547 32.562800235558818 0.020317250938672465 36.762584847071828 0.12244188096538418 0.2177029679116855 0.2068991669203544
decision_type=10 8 10 10 10 10 10 10 10 10 10 10 10 10 8 10 10 10 8 10 10 10 10 8 8 10 10 10 10 10
left_child=1 11 3 -2 5 -5 7 10 9 -9 -4 14 -13 -14 -1 16 17 23 19 21 -21 -19 -20 26 -25 -26 -3 -28 -22 -18
right_child=2 15 6 4 -6 -7 -8 8 -10 -11 -12 12 13 -15 -16 -17 29 18 22 20 28 -23 -24 24 25 -27 27 -29 -30 -31
leaf_value=0.0029258118635486362 -0.00054396563318004527 5.4863176883913197e-05 6.4154481515288358e-05 0.0014236172098274595 5.3538122237075674e-05 0.0073487909936023159 -0.00066070778798475293 0.0049802051087033177 -0.0046919597487431021 -0.0009377098224712942 -0.0047130919860752206 -0.0003324588184300608 -0.00072833441861486637 0.0013161288611257507 0.00082473720953317648 -6.8627661263039909e-05 -0.00057060035832438524 0.00025716272684557165 -0.00018532132477803672 0.0033234226466043364 0.00038420326933771734 0.0044580639600614782 0.0037297220623824022 -0.00023972763920081458 2.9862017589331663e-05 0.00039815410634532031 -0.0004843367259764462 -1.4115673147994209e-05 0.00176068478127243 0.0040041753611363027
leaf_weight=254 1349 46224 50 164 518 62 1397 87 52 69 290 1150 247 1011 572 116575 3810 5423 4988 288 1084 67 77 9568 16617 21846 12802 21316 1250 51
leaf_count=254 1349 46224 50 164 518 62 1397 87 52 69 290 1150 247 1011 572 116575 3810 5423 4988 288 1084 67 77 9568 16617 21846 12802 21316 1250 51
internal_value=-9.65605e-06 -1.58731e-06 -0.000539619 -8.1121e-06 0.000963483 0.00304911 -0.00111157 -0.00226094 0.000599009 0.00236267 -0.00401056 0.000613261 0.000319095 0.000914712 0.00147083 -9.1771e-06 3.8484e-05 5.34495e-05 0.000351413 0.000649379 0.00136326 0.000308431 -0.000125803 2.28647e-05 0.000143669 0.000239043 -4.93562e-05 -0.000190555 0.00112139 -0.000510172
internal_weight=269258 265220 4038 2093 744 226 1945 548 208 156 340 3234 2408 1258 826 261986 145411 141550 13177 8112 2622 5490 5065 128373 48031 38463 80342 34118 2334 3861
internal_count=269258 265220 4038 2093 744 226 1945 548 208 156 340 3234 2408 1258 826 261986 145411 141550 13177 8112 2622 5490 5065 128373 48031 38463 80342 34118 2334 3861
is_linear=0
shrinkage=0.05


Tree=47
num_leaves=31
num_cat=0
split_feature=7 6 2 7 8 1 5 7 1 1 8 5 5 6 8 5 8 2 7 5 8 8 7 5 8 8 8 1 8 2
split_gain=0.41565 0.487245 0.450282 0.689635 0.790501 0.506563 0.489104 0.510119 0.795366 0.452801 0.551493 0.406382 0.382291 0.376776 0.337371 0.337007 0.409311 0.946255 0.721462 0.476575 0.344095 0.452478 0.419855 0.321398 0.435453 0.352547 0.320897 0.305579 0.284816 0.696268
threshold=0.073071248271039071 0.47010975810972544 -0.21500824586268383 0.029092281587469383 0.19303797430174457 0.09310529808872571 41.341893214238603 0.046375553000835915 0.036553524804177624 -0.11100923626367236 0.067896700001889368 18.20754993687834 28.493462143451811 1.1479477205935829 0.011124157997051442 50.708970622531631 0.097048649989857641 0.3897788632604014 0.084054682809110978 69.557319285064295 0.19598326047377998 0.39252336366058183 0.084054682809110978 29.048843183304587 0.0041166789392324803 0.020329404365286397 0.46798820932055607 -0.086978427963726276 0.020329404365286397 0.25839402339364265
decision_type=10 10 8 10 8 10 10 10 10 10 10 10 10 10 10 10 10 10 10 10 8 8 10 10 10 10 8 10 10 10
left_child=2 26 3 11 5 6 7 8 9 -5 23 14 -10 -12 -1 20 17 27 19 -19 -3 22 -22 24 -11 -25 -2 -17 29 -4
right_child=1 15 28 4 -6 -7 -8 -9 12 10 13 -13 -14 -15 -16 16 -18 18 -20 -21 21 -23 -24 25 -26 -27 -28 -29 -30 -31
leaf_value=0.0013186595157654696 0.0033640193168558035 -0.00078428867610149744 7.9754881446616769e-05 0.0019288363604952072 -0.00018590231034990666 0.005098273165058345 -0.00079587562988568954 0.00023908079918036969 0.0018833323736630735 0.0044584367198240221 0.0010851867047167822 -0.00097203718040010938 0.0063717449593374831 0.003527501480897035 -0.00030778712144774456 -0.00042149022532006106 -0.00068474643026540747 0.0067447611733394523 -0.002870897914285654 -9.0661136816967943e-05 0.0011329207333128344 -0.00012700519429802094 0.0059782012014664597 -0.0038208040259778506 0.00018596213087439538 -0.00022997256655125291 -9.5597824838478118e-06 -0.0046366383503429103 -3.5398180916347749e-05 0.0013595174653958319
leaf_weight=474 126 1054 31440 1127 2569 70 433 1685 84 64 711 1391 109 203 974 51 1371 51 87 51 154 596 63 100 875 216 160 274 221595 1100
leaf_count=474 126 1054 31440 1127 2569 70 433 1685 84 64 711 1391 109 203 974 51 1371 51 87 51 154 596 63 100 875 216 160 274 221595 1100
internal_value=-9.17325e-06 -0.000512638 -1.50794e-06 0.000310434 0.000541839 0.000871162 0.000818389 0.000953483 0.0012985 0.00111582 0.000693385 -0.000361692 0.00441824 0.00162763 0.000224627 -0.000664278 -0.00113588 -0.00233919 0.000474026 0.00332705 -0.00018813 0.00058475 0.00253962 1.29899e-05 0.000477164 -0.00136631 0.0014767 -0.00397518 -1.51144e-05 0.000123017
internal_weight=269258 4038 265220 11085 8246 5677 5607 5174 3489 3296 2169 2839 193 914 1448 3752 1885 514 189 102 1867 813 217 1255 939 316 286 325 254135 32540
internal_count=269258 4038 265220 11085 8246 5677 5607 5174 3489 3296 2169 2839 193 914 1448 3752 1885 514 189 102 1867 813 217 1255 939 316 286 325 254135 32540
is_linear=0
shrinkage=0.05


Tree=48
num_leaves=31
num_cat=0
split_feature=7 4 4 6 5 6 7 3 5 1 1 0 7 4 1 0 0 7 1 5 1 4 7 7 1 6 4 1 5 0
split_gain=0.375124 0.555797 0.346147 0.335019 0.323041 0.27187 0.257942 0.300359 0.540111 0.837824 0.719049 0.44408 0.435817 0.573312 0.314654 0.297341 0.285264 0.30323 0.420541 0.809537 0.610259 0.285301 0.308473 0.512169 0.284827 0.285719 0.266979 0.308677 0.378048 0.377327
threshold=0.073071248271039071 0.021814278530545555 -1.2140863899834828 0.43178115732243499 41.141141123844569 1.1753735957338798 0.014916444573864424 1.0000000180025095e-35 65.589279665839854 -0.088746941272430643 0.22843713725094186 -0.052231862507044972 0.068895718469190556 0.71088751332961142 0.26006599770700684 0.052427708969265858 -0.07805826330971298 0.03686004482621686 0.09310529808872571 84.36679887914751 -0.033891581867556968 0.71088751332961142 0.041538599729037541 0.039694704981381605 -0.039057974210812578 1.0631663384097843 1.1856484800993001 0.09310529808872571 45.806566240794332 0.027027027027027088
decision_type=10 10 8 10 10 10 8 2 8 8 10 10 10 10 10 10 10 8 10 10 8 10 8 10 10 10 8 10 10 10
left_child=2 3 4 -2 5 -1 -4 8 10 -10 11 -8 16 -14 -9 -12 -11 24 19 20 -19 22 23 -22 -18 -26 27 28 29 -13
right_child=1 -3 6 -5 -6 -7 7 14 9 12 15 26 13 -15 -16 -17 17 18 -20 -21 21 -23 -24 -25 25 -27 -28 -29 -30 -31
leaf_value=0.00085857981663815168 0.0022742465994510454 -0.0011520271222419398 -0.00018603088563295657 -0.00013393569148824845 0.0034383586891063526 2.0391864020833136e-05 0.00046669801276455448 -8.3801774101951518e-05 -0.0012077680065596254 -0.00064212512930588437 0.0035180232594894494 1.3651137406634285e-06 0.00039768544491668612 0.0062609565434862645 -0.0010092887564554169 0.0004624887843232403 0.0019934011664342931 -0.00044841922512570435 6.8331541629195033e-05 0.0048607110417664048 0.0010094967754422401 -7.1449800720744714e-05 0.00087827062248592869 0.0042011644112452699 -0.0001395515210282719 0.00034100700502054441 -0.00054267900696556486 0.00031606260540125347 -0.00013317290044779283 0.00033224666551278232
leaf_weight=1738 155 1767 18976 2116 89 2182 4889 51732 945 790 203 88627 101 71 935 131 209 1011 3318 118 357 684 4398 194 5467 7123 2380 6974 52034 9544
leaf_count=1738 155 1767 18976 2116 89 2182 4889 51732 945 790 203 88627 101 71 935 131 209 1011 3318 118 357 684 4398 194 5467 7123 2380 6974 52034 9544
internal_value=-8.71458e-06 -0.000487006 -1.43254e-06 3.04273e-05 0.000459646 0.000392017 -8.50906e-06 5.39749e-06 3.47442e-05 0.000252355 2.01178e-06 -2.69532e-06 0.000310231 0.00281799 -0.000100232 0.0023196 0.000292007 0.000324262 0.000529376 0.000755603 0.000682695 0.000885705 0.00101799 0.00213324 0.000162723 0.000132332 -1.70779e-05 -9.11922e-06 -2.42174e-05 3.35328e-05
internal_weight=269258 4038 265220 2271 4009 3920 261211 242235 189568 24786 164782 164448 23841 172 52667 334 23669 22879 10080 6762 6644 5633 4949 551 12799 12590 159559 157179 150205 98171
internal_count=269258 4038 265220 2271 4009 3920 261211 242235 189568 24786 164782 164448 23841 172 52667 334 23669 22879 10080 6762 6644 5633 4949 551 12799 12590 159559 157179 150205 98171
is_linear=0
shrinkage=0.05


Tree=49
num_leaves=31
num_cat=0
split_feature=2 1 8 7 7 8 2 8 2 8 7 1 1 8 7 2 7 7 8 1 2 4 8 8 6 4 2 7 7 7
split_gain=0.370788 0.333823 0.633068 0.457228 0.431335 0.498445 0.453228 0.50313 0.817364 0.463931 0.372195 0.36579 0.349968 0.344663 0.328934 0.333145 0.314988 0.461385 0.807838 0.758482 0.509148 0.691228 0.520284 0.395257 0.514263 1.11153 0.803171 0.528293 0.430225 0.51101
threshold=-0.0063176434761240676 -0.052799211351304713 0.23809523601662891 0.073071248271039071 0.042420322669416401 0.64294947231529287 0.15443695257483639 0.25445544589299574 0.076100291161981151 0.51933701571380653 0.056835442829510065 -0.09063966622234286 -0.028947850571830854 0.15508811277241849 0.012621321768486548 -0.10850160730437557 0.054473624498138536 0.039940116966449654 0.32944221471637353 0.0036589828572110021 -0.21500824586268383 -0.31637287065858793 0.22447098423516193 0.30721966170443199 0.84412295810120741 -0.73376258002556427 -0.085033167916594807 0.036669205911247595 0.020317250938672465 0.039236893248547962
decision_type=10 10 8 10 10 8 10 10 10 8 10 10 10 10 8 10 10 10 8 10 10 10 10 8 8 10 10 10 10 10
left_child=14 4 10 -4 6 -6 7 8 -2 -8 12 -11 -3 -10 15 -1 17 23 19 -19 21 -21 -22 24 25 26 -16 -28 -25 -30
right_child=1 2 3 -5 5 -7 9 -9 13 11 -12 -13 -14 -15 16 -17 -18 18 -20 20 22 -23 -24 28 -26 -27 27 -29 29 -31
leaf_value=-0.0015612904764217093 0.00064467681231837712 0.00012962246022672674 -5.5160957263042441e-05 -0.00094422786638901929 -0.00052537689182716554 0.00045551875842965813 0.0048062195503254627 4.052134984237937e-05 0.0018337433298237305 0.0048810969852319547 0.0030700542320272702 0.00062075423000064207 -0.00072714615644253701 0.0059833722280460272 0.00052476804739803862 -0.0002101041340458154 -0.00027619110828459723 0.0003568140807534482 -8.6215848085105968e-05 0.004734372983609016 0.00039445049199110716 0.00038054030535894696 0.0020123837378095543 -2.7446463289000151e-05 0.00010732250829115382 -0.00032133308931757318 -0.00025699460387971986 -0.0035917999607494779 0.00031559656828079619 -0.0011881068600099393
leaf_weight=500 1480 1467 97017 1468 3457 2071 103 4611 94 57 71 434 6356 107 8316 5206 6703 5563 6118 240 1138 147 882 18414 37845 28091 3446 123 27156 577
leaf_count=500 1480 1467 97017 1468 3457 2071 103 4611 94 57 71 434 6356 107 8316 5206 6703 5563 6118 240 1138 147 882 18414 37845 28091 3446 123 27156 577
internal_value=-8.27885e-06 -7.43134e-05 -0.000102946 -6.84132e-05 0.000171047 -0.000157896 0.000435119 0.000310483 0.00105099 0.00175534 -0.000533774 0.00111534 -0.000566482 0.00404275 4.38558e-05 -0.000328505 5.85332e-05 7.4785e-05 0.000345932 0.00067766 0.00141919 0.00308059 0.00110089 4.39713e-05 -2.47796e-05 -0.00014984 0.000255497 -0.000371923 0.000159911 0.000284311
internal_weight=269258 118793 106379 98485 12414 5528 6886 6292 1681 594 7894 491 7823 201 150465 5706 144759 138056 14088 7970 2407 387 2020 123968 77821 39976 11885 3569 46147 27733
internal_count=269258 118793 106379 98485 12414 5528 6886 6292 1681 594 7894 491 7823 201 150465 5706 144759 138056 14088 7970 2407 387 2020 123968 77821 39976 11885 3569 46147 27733
is_linear=0
shrinkage=0.05


Tree=50
num_leaves=31
num_cat=0
split_feature=6 4 6 5 1 8 0 1 4 8 0 5 4 8 6 4 1 8 1 0 0 1 5 4 0 5 8 1 0 8
split_gain=0.317706 0.314897 0.342392 0.235239 0.442854 0.494088 0.377541 0.377538 0.457188 0.588698 0.33817 0.328527 0.776244 0.415977 0.340608 0.319374 0.312298 0.732875 0.333066 0.310215 0.408026 0.322839 0.309511 0.327646 0.383349 0.318115 0.365255 0.298273 0.431693 0.429339
threshold=1.0000000180025095e-35 -1.2140863899834828 1.1753735957338798 65.327271836664991 -0.07752849830085605 0.46798820932055607 -0.019205464671972702 0.09310529808872571 0.29087327050483608 0.77695416947184071 -0.032696969171048855 33.041957815277904 -0.12923078058444573 0.18723766890753532 0.5819273057482256 -0.36674309410159772 -0.053627066939369743 0.78756700837013283 -0.056993682890651036 0.056741931854283674 0.047217566885717994 0.046287056575604175 39.954279827720789 0.49436743298584201 0.089574882243653522 50.300367361102197 0.56260117565321954 -0.10212174007070439 0.089574882243653522 0.21165644106853862
decision_type=8 8 8 8 8 10 10 10 10 10 10 10 8 8 10 8 10 10 10 8 10 8 10 10 10 10 8 10 10 10
left_child=-1 2 -2 7 6 19 -5 8 9 27 -9 15 -13 -14 -15 -12 17 18 -7 20 -6 -21 -16 24 -24 26 -25 28 29 -3
right_child=1 3 -4 4 5 16 -8 10 -10 -11 11 12 13 14 22 -17 -18 -19 -20 21 -22 -23 23 25 -26 -27 -28 -29 -30 -31
leaf_value=0.0031141260276632329 0.00095190539167900419 0.00040411436863817349 3.2412649892099047e-05 4.03628824226115e-05 0.0003815007543311994 -0.00024856528343598981 -0.001643209526073787 -0.00073514214751658569 -0.00020805863223376312 0.0007684958781537716 0.0018202316203857203 0.0025965848942519488 -0.0016251207288226325 -0.00099083660129275705 -0.0016723111728771532 -0.0024470761166211514 -1.453157937782563e-05 0.0063783101580714083 0.0036641128413351393 0.0018060758305780058 0.0019040850338277887 -0.00044508271303432729 0.0010814833146464203 0.0053389539370982675 -0.0015306108082713398 0.00019058163379858962 0.00073618797521868892 -3.9173421852276472e-05 0.0043075300223790695 -0.00020232235850707334
leaf_weight=82 1803 8298 2309 664 13358 289 668 791 34715 2400 57 381 274 449 173 190 30371 62 67 175 455 1771 2451 64 149 5723 132 156311 64 4502
leaf_count=82 1803 8298 2309 664 13358 289 668 791 34715 2400 57 381 274 449 173 190 30371 62 67 175 455 1771 2451 64 149 5723 132 156311 64 4502
internal_value=2.33875e-06 1.39058e-06 0.000435585 -5.34671e-06 9.49704e-05 0.000120694 -0.000803951 -2.74685e-05 -4.25781e-05 -9.09619e-06 0.000260232 0.000338629 0.000384039 0.000294503 0.000352043 -0.00146231 4.15008e-06 0.00136152 0.00048781 0.000348389 0.000431655 -0.00024264 0.000421412 0.00046393 0.00093179 0.000258417 0.00223913 -2.01275e-05 0.0002113 0.000190819
internal_weight=269198 269116 4112 265004 47880 46548 1332 217124 206290 171575 10834 10043 9796 9415 9141 247 30789 418 356 15759 13813 1946 8692 8519 2600 5919 196 169175 12864 12800
internal_count=269198 269116 4112 265004 47880 46548 1332 217124 206290 171575 10834 10043 9796 9415 9141 247 30789 418 356 15759 13813 1946 8692 8519 2600 5919 196 169175 12864 12800
is_linear=0
shrinkage=0.05


Tree=51
num_leaves=31
num_cat=0
split_feature=7 2 6 1 6 4 6 0 2 1 7 4 1 2 5 7 4 3 7 7 4 2 2 5 7 6 1 0 6 1
split_gain=0.300894 0.419393 0.400757 0.86182 0.325881 0.304611 0.339884 0.279555 0.265672 0.918781 0.604969 0.547526 0.450154 0.493426 0.479138 1.22289 0.409564 0.365129 0.685326 0.661819 0.713855 0.535937 0.359288 0.537 0.548153 0.44791 0.393769 0.351326 0.33895 0.335574
threshold=0.079061678468717936 -0.32084279149985417 0.64523003444401839 0.027432957758231517 1.0000000180025095e-35 -1.2140863899834828 1.1753735957338798 0.050560434785319915 0.15443695257483639 -0.016893621152957058 0.053672811631288876 -0.55951152373385604 0.12775959273898144 -0.12470270795723808 79.261974704181185 0.037897260865345776 -0.051088532965380233 1.0000000180025095e-35 0.075517149084893084 0.032822048358662585 0.19279918734741519 0.3897788632604014 0.0051465002353683351 60.581154083426703 0.025397247701499374 1.0220244080744385 -0.032602569338200042 0.042775872856756443 0.66886321027131757 0.040221756848450536
decision_type=10 8 10 10 8 8 8 10 10 10 10 10 10 8 10 8 10 2 10 10 10 10 10 10 8 10 10 10 10 10
left_child=1 7 3 -2 -3 6 -6 -1 10 17 12 -12 14 16 22 -16 -14 18 19 20 -10 27 23 -7 -25 29 -24 -21 -19 -26
right_child=2 4 -4 -5 5 8 -8 -9 9 -11 11 -13 13 -15 15 -17 -18 28 -20 21 -22 -23 26 24 25 -27 -28 -29 -30 -31
leaf_value=0.00065776466677458783 -0.00013774346094025676 0.003192451688410074 -0.00099117903979914425 0.0063274351228817796 0.00096064688502838576 -6.6933859534234321e-07 2.5458065055156533e-05 0.0041030868510028625 0.0087589185631023383 5.0413432584675015e-06 0.00027364317456600939 -0.00062722972045062861 0.0057459822527274398 0.00036781129450277379 0.00031962743285473996 0.0042384313396125741 0.00077306174782864842 -0.00020228333394614855 0.0068466142842292105 0.00071354513745515999 0.0020241827570736926 0.0044812396873668255 0.00012563109246474616 -6.1204293980782608e-05 0.00094154249161013657 0.0017952692230424493 -0.00017884109785784699 -0.0026371631588387704 0.00078750089121163564 -0.00042045468826500462
leaf_weight=1692 408 80 1555 59 1735 139958 2208 61 54 25301 2201 7217 79 4891 1928 222 87 1291 55 1139 145 90 13143 2454 1466 1023 55297 84 2621 654
leaf_count=1692 408 80 1555 59 1735 139958 2208 61 54 25301 2201 7217 79 4891 1928 222 87 1291 55 1139 145 90 13143 2454 1466 1023 55297 84 2621 654
internal_value=2.22181e-06 6.82049e-06 -0.000605422 0.000679056 1.72948e-06 7.67492e-07 0.00043696 0.000777653 -5.81211e-06 0.000132164 -2.42273e-05 -0.000416694 -7.51743e-06 0.0004588 -1.84276e-05 0.000724267 0.00313969 0.000719194 0.00136412 0.00116469 0.0038517 0.000757439 -2.58894e-05 1.8536e-05 0.000498783 0.000936012 -0.000120371 0.000483407 0.000460862 0.000521379
internal_weight=269198 267176 2022 467 265423 265343 3943 1753 261400 30780 230620 9418 221202 5057 216145 2150 166 5479 1567 1512 199 1313 213995 145555 5597 3143 68440 1223 3912 2120
internal_count=269198 267176 2022 467 265423 265343 3943 1753 261400 30780 230620 9418 221202 5057 216145 2150 166 5479 1567 1512 199 1313 213995 145555 5597 3143 68440 1223 3912 2120
is_linear=0
shrinkage=0.05


Tree=52
num_leaves=31
num_cat=0
split_feature=7 6 8 8 8 4 6 4 5 6 6 7 8 5 6 4 4 8 5 6 4 8 7 7 4 5 8 8 0 6
split_gain=0.271557 0.361684 0.40294 0.780547 0.359162 0.283099 0.295796 0.272084 0.296927 0.26829 0.22721 0.22456 0.616525 0.409414 0.223908 0.442751 0.342276 0.31596 0.621063 0.320747 0.265351 0.250373 0.226809 0.338586 0.298157 0.426698 0.39181 0.295344 0.262422 0.254096
threshold=0.079061678468717936 0.64523003444401839 0.39252336366058183 0.12512729655249896 0.19598326047377998 -0.051088532965380233 1.1281896452231284 -1.2140863899834828 41.141141123844569 1.0000000180025095e-35 1.1753735957338798 0.020437953194562774 0.9058488064324447 77.611940197148598 1.0913625314285549 -0.90803001982795273 -1.0059685273863292 0.22447098423516193 29.878048761358574 1.1092931942997908 1.4264144945704402 0.045556433556731474 0.049831260130964027 0.030206774574356474 -0.21559474687226379 62.169652675677099 0.082514538216454145 0.2177029679116855 -0.054216867469879519 1.236330386394894
decision_type=10 10 10 10 10 10 10 8 10 8 8 8 8 10 10 10 8 10 10 10 10 10 8 10 10 10 8 10 10 10
left_child=7 2 3 -2 -3 6 -6 8 10 -9 -1 12 13 -11 16 21 -13 20 -19 -20 22 -16 23 28 26 27 -25 -26 -17 -28
right_child=1 4 -4 -5 5 -7 -8 9 -10 11 -12 14 -14 -15 15 17 -18 18 19 -21 -22 -23 -24 24 25 -27 29 -29 -30 -31
leaf_value=0.00077425528930189424 0.00024995416973520282 -0.0017178094582681138 -0.0011601101525249311 0.0062073772720371689 0.00031705183607079343 -0.00074186521957481154 0.0047652349568961657 0.0028773652393238643 0.0031035872680367903 -7.3351943399441719e-05 1.0546137289055153e-05 0.00046398448567598247 -0.00083941792161401337 0.00080809643036115666 -1.281787971066767e-05 0.0019618920364646423 -2.2170355878221955e-05 -0.0015479382057436266 0.00084920725304073142 6.8449528374446987e-05 0.0025925507081242709 -0.00083464864863746742 -0.00023727475287157776 0.00017387495662060803 -0.00024370180224228744 0.0013779486270524466 0.00065659710683892137 0.0023701272275217854 0.00011060191806493402 0.0018314602659098324
leaf_weight=1732 206 761 186 75 148 596 50 81 100 54509 2225 3716 2602 1350 1852 197 140858 584 1360 40144 130 1855 1600 916 1794 673 708 115 6760 1315
leaf_count=1732 206 761 186 75 148 596 50 81 100 54509 2225 3716 2602 1350 1852 197 140858 584 1360 40144 130 1855 1600 916 1794 673 708 115 6760 1315
internal_value=2.11072e-06 -0.000575151 0.000645104 0.00184001 -0.00094162 -0.00019769 0.00144033 6.47947e-06 0.000412826 2.14061e-07 0.000344826 -6.71929e-07 -8.70936e-05 -5.20491e-05 2.40244e-05 0.00010522 -9.67467e-06 0.000140073 7.12499e-05 9.40333e-05 0.000343946 -0.000424066 0.000323182 0.000395047 0.000687418 0.0002954 0.00103182 -8.62422e-05 0.000163025 0.00142029
internal_weight=269198 2022 467 281 1555 794 198 267176 4057 263119 3957 263038 58461 55859 204577 60003 144574 56296 42088 41504 14208 3707 14078 12478 5521 2582 2939 1909 6957 2023
internal_count=269198 2022 467 281 1555 794 198 267176 4057 263119 3957 263038 58461 55859 204577 60003 144574 56296 42088 41504 14208 3707 14078 12478 5521 2582 2939 1909 6957 2023
is_linear=0
shrinkage=0.05


Tree=53
num_leaves=31
num_cat=0
split_feature=7 2 8 4 5 8 5 1 1 4 2 2 2 5 7 1 4 1 4 2 1 8 7 8 5 5 1 4 5 7
split_gain=0.24508 0.379197 0.321043 0.247259 0.267727 0.242249 0.52685 0.412836 0.975317 0.519119 0.265563 0.2948 0.249742 0.227222 0.22511 0.270206 0.398528 0.361605 0.268492 0.224909 0.83258 0.597377 0.545187 1.08409 0.791684 0.412279 0.402508 0.451948 0.420613 1.14521
threshold=0.079061678468717936 -0.32084279149985417 0.20227584126274714 -1.2140863899834828 41.141141123844569 0.13054194761524893 27.335105162222131 0.098675070426067282 0.19168037263172447 0.13807316171583817 0.28079413032914996 0.65459219715740546 0.42303513137429588 51.670284442205123 0.066940537286215143 0.040221756848450536 -0.57765621859008365 -0.054402397294347309 -0.43438766962291697 0.15443695257483639 -0.016893621152957058 0.47214763640315688 0.053672811631288876 inf 22.894895672215231 68.54931819711274 0.12775959273898144 -0.19105873671764081 79.261974704181185 0.037897260865345776
decision_type=10 8 8 8 10 10 10 10 10 10 10 10 10 10 10 10 10 10 10 10 10 8 10 8 10 10 10 8 10 8
left_child=1 2 14 4 -3 7 -7 9 -9 -2 13 -12 -11 -8 15 16 -1 -18 -19 22 21 -21 26 -24 -25 -26 28 -28 -5 -30
right_child=5 3 -4 19 -6 6 10 8 -10 12 11 -13 -14 -15 -16 -17 17 18 -20 20 -22 -23 23 24 25 -27 27 -29 29 -31
leaf_value=0.0021907273512552202 -0.00093831068673473183 0.00032784456053985166 -0.0006765579122846783 -2.3019415231191608e-05 0.0029484079137619122 0.004954818230122328 -0.00033597492651131022 0.006369557844923943 -0.0027336426436029857 -0.0058162387094951133 -0.0020474535175810616 0.00029054193640934195 -0.0016993449535220861 0.0017720239947317717 0.00035417872663364141 0.0051780539155006416 -0.003967223666572514 0.0023734015339602066 -0.001363318308722228 0.0022519911896467311 1.3419259626189922e-06 0.00050760442253310772 -0.00015704065589091688 0.0034024268410867082 -0.0016751527341012176 -0.0055811446840533805 0.005165251560218167 0.00038791492119522091 0.00028663649537719158 0.0040627955516486383
leaf_weight=502 613 3843 326 214048 100 50 322 56 62 93 320 233 61 212 628 50 52 109 86 545 25313 4935 7879 75 1393 71 50 5010 1937 224
leaf_count=502 613 3843 326 214048 100 50 322 56 62 93 320 233 61 212 628 50 52 109 86 545 25313 4935 7879 75 1393 71 50 5010 1937 224
internal_value=2.00519e-06 6.15549e-06 0.000739118 1.3146e-06 0.000394306 -0.000546394 -6.35557e-05 -0.00116672 0.00158652 -0.00159029 -0.000294392 -0.00106237 -0.00418552 0.000500909 0.00106253 0.00161928 0.00138172 -0.000262511 0.000725412 -4.61152e-06 0.000122311 0.000681088 -2.15537e-05 -0.000394127 -0.00160791 -0.00186458 -5.69561e-06 0.000435122 -1.60122e-05 0.000678057
internal_weight=269198 267176 1753 265423 3943 2022 1137 885 118 767 1087 553 154 534 1427 799 749 247 195 261480 30793 5480 230687 9418 1539 1464 221269 5060 216209 2161
internal_count=269198 267176 1753 265423 3943 2022 1137 885 118 767 1087 553 154 534 1427 799 749 247 195 261480 30793 5480 230687 9418 1539 1464 221269 5060 216209 2161
is_linear=0
shrinkage=0.05


Tree=54
num_leaves=31
num_cat=0
split_feature=2 4 8 1 2 5 1 4 0 5 1 5 5 8 0 5 1 4 5 5 8 1 8 1 4 2 3 1 0 2
split_gain=0.233208 0.500229 0.47605 0.655237 0.741025 0.379802 0.877597 0.407409 0.349827 0.347164 0.332965 0.531084 0.324052 0.298499 0.297053 0.300532 0.397123 0.280922 0.278064 0.274389 0.44539 0.389831 0.385065 0.48476 0.354358 0.349189 0.33401 0.41014 0.331514 0.311566
threshold=-0.030635685929077058 -0.10176073818146142 0.25785105679588655 -0.044504286404937025 0.063182897862232759 48.710601712684358 -0.016364762769633886 -0.49814658473674905 0.0091743119266055623 76.882066305004102 -0.23808310028742327 55.805379334986419 55.387639363571942 0.14422357238035044 -0.024859771932116356 51.873198831565766 -0.096978477157520046 0.062076412547852268 70.622972347479006 65.327271836664991 0.45982675126958616 -0.07752849830085605 0.62891700663002381 -0.070068077206283316 1.4264144945704402 0.007670901056846314 1.0000000180025095e-35 -0.034521534890796339 -0.017025909498571964 0.5317431461326293
decision_type=8 10 8 10 10 10 10 10 10 10 8 8 10 8 10 10 10 10 10 8 8 8 10 10 10 8 2 10 10 10
left_child=1 5 3 4 17 -1 7 -7 -6 -3 11 -4 13 -8 -9 -16 -17 -2 -5 22 -21 28 24 -24 25 -12 29 -28 -22 -27
right_child=2 9 10 18 8 6 12 14 -10 -11 19 -13 -14 -15 15 16 -18 -19 -20 20 21 -23 23 -25 -26 26 27 -29 -30 -31
leaf_value=3.693600087952858e-05 -2.4936833486329755e-05 0.00028813704762911701 0.0052471029800541984 -0.000395150314813373 0.0017214808415924637 -0.00074475729696365459 -0.0017803313014033485 0.0013575373015843098 0.0057997435216777145 0.002334684569484255 4.4362053446669643e-05 -0.00025734986457973721 -0.0025174915303246164 -0.00043412873374312489 -0.00054284079137710323 0.0049273628218732077 0.00048130306075239702 0.0021462516600970565 -0.0017727130536359062 0.00050985138915729685 -2.9760413715564302e-05 5.9141782643793722e-05 0.00099014188247789734 3.3017690577521009e-05 0.003179433784680441 -0.00016332122601687838 -0.00012493647132659158 -0.00084771684241932406 -0.0016782277501526323 0.0037870699921622869
leaf_weight=99000 3311 15651 78 14230 318 1015 625 655 63 210 15952 100 369 1207 897 53 959 156 376 5539 614 38764 1383 30447 80 28557 3563 4370 606 50
leaf_count=99000 3311 15651 78 14230 318 1015 625 655 63 210 15952 100 369 1207 897 53 959 156 376 5539 614 38764 1383 30447 80 28557 3563 4370 606 50
internal_value=1.90493e-06 5.35471e-05 -4.00329e-05 -0.000277689 0.000302771 1.39345e-05 -0.000380035 0.000103115 0.00239584 0.000315233 -6.32352e-06 0.00215471 -0.00116568 -0.000893395 0.000438759 0.000123516 0.00071415 7.27573e-05 -0.000430613 -9.28419e-06 8.96549e-05 3.14449e-05 -6.26479e-05 7.46043e-05 -0.000145748 -0.000150816 -0.000236023 -0.00052309 -0.000848589 -0.000156417
internal_weight=269198 120641 148557 18454 3848 104780 5780 3579 381 15861 130103 178 2201 1832 2564 1909 1012 3467 14606 129925 45523 39984 84402 31830 52572 52492 36540 7933 1220 28607
internal_count=269198 120641 148557 18454 3848 104780 5780 3579 381 15861 130103 178 2201 1832 2564 1909 1012 3467 14606 129925 45523 39984 84402 31830 52572 52492 36540 7933 1220 28607
is_linear=0
shrinkage=0.05


Tree=55
num_leaves=31
num_cat=0
split_feature=7 2 4 8 0 8 4 8 5 1 2 5 2 1 4 8 7 2 1 0 1 7 8 2 4 1 5 5 2 7
split_gain=0.440198 0.5033 0.478258 0.465423 0.408788 0.400206 0.288969 0.329936 0.878636 0.566232 0.556971 0.479494 0.518049 0.621383 0.686436 0.45774 0.478687 0.396421 0.500073 0.449791 0.378164 0.353143 0.338422 0.685201 0.459432 0.452444 0.522292 0.388689 0.376218 0.359003
threshold=0.068895718469190556 -0.29919394975115426 0.031979087282105065 0.16075021778074713 0.04413020094962717 0.68539325521819683 -1.2599155670386655 0.12512729655249896 38.967239739451657 -0.092688042175225235 -0.052742964376994321 25.776397509223937 -0.024645537140768444 0.14460248547869184 -0.021092574274438173 0.60682228875209776 0.022368160126460739 -0.098484848484848439 -0.032602569338200042 -0.048797578059879325 -0.13278317838299639 0.026744002490023656 0.24117647020991875 -0.17344976801515857 -0.26383113010512238 -0.014124096270364815 49.310932991630523 71.384803105610402 -0.14802652256159152 0.055933224678610928
decision_type=10 8 10 8 10 10 8 8 10 10 10 8 8 10 10 10 10 10 10 10 10 10 10 10 10 10 10 8 10 10
left_child=1 3 5 4 -1 -2 -3 8 10 21 -8 -9 13 15 -15 20 -17 19 -19 -11 -13 -10 23 -22 -25 29 -27 -28 -24 -26
right_child=2 6 -4 -5 -6 -7 7 11 9 17 -12 12 -14 14 -16 16 -18 18 -20 -21 22 -23 28 24 25 26 27 -29 -30 -31
leaf_value=0.0011338683628907718 -0.00010980373031374994 0.0004904670264990141 -0.00093614808212211644 -0.00042210596719473791 0.0056551298574329572 0.0043101970176884115 5.6998020074942826e-05 -0.0003223277796904239 0.0035609693325871685 0.0015296937280851858 -0.00061644330269954592 -0.00085009964556428139 -2.5005454112917488e-05 0.0053877896693579506 0.00097275825165833761 -0.0002157508335704289 0.0010000513889130091 0.00013887172594548715 -0.00067731113454871179 -0.0011077747128708886 0.00090118482072987617 0.00036437016452105632 -0.00055160950505519135 -3.2493678662874829e-05 0.0014109390471483615 0.00059089112658442747 -0.00029040468896561586 0.0024835337358633525 5.3951804406380711e-05 -0.0020347837482404432
leaf_weight=1296 3383 2869 2658 546 52 52 33307 10118 96 169 3382 1035 134867 105 545 1134 2830 2960 5128 3717 3421 864 2835 14713 1372 5185 3508 131 26917 80
leaf_count=1296 3383 2869 2658 546 52 52 33307 10118 96 169 3382 1035 134867 105 545 1134 2830 2960 5128 3717 3421 864 2835 14713 1372 5185 3508 131 26917 80
internal_value=-1.24107e-05 -2.68362e-06 -0.000432565 0.000809446 0.00130828 -4.28925e-05 -8.57051e-06 -1.41109e-05 -0.00013 -0.000484352 -5.07995e-06 1.34316e-05 3.05307e-05 0.000147908 0.00168596 0.00013208 0.000652241 -0.000578025 -0.000378609 -0.000993073 9.72486e-05 0.00068403 0.000114107 0.000237532 0.000146677 0.000403211 0.000268628 -0.000190546 -3.75075e-06 0.00122109
internal_weight=269275 263182 6093 1894 1348 3435 261288 258419 49623 12934 36689 208796 198678 63811 650 63161 3964 11974 8088 3886 59197 960 58162 28410 24989 10276 8824 3639 29752 1452
internal_count=269275 263182 6093 1894 1348 3435 261288 258419 49623 12934 36689 208796 198678 63811 650 63161 3964 11974 8088 3886 59197 960 58162 28410 24989 10276 8824 3639 29752 1452
is_linear=0
shrinkage=0.05


Tree=56
num_leaves=31
num_cat=0
split_feature=1 8 5 6 4 4 8 5 0 8 4 6 8 5 0 6 6 1 5 6 8 1 1 4 6 1 6 0 4 0
split_gain=0.353041 0.248991 0.238455 0.255147 0.329792 0.240983 0.265258 0.291408 0.448786 0.242921 0.220882 0.28218 0.220932 0.842589 0.505555 0.477313 0.466621 0.430032 0.426393 0.413137 0.400338 0.349876 0.299703 0.286341 0.283475 0.283188 0.283134 0.271433 0.249556 0.263774
threshold=0.32037338840207635 1.0000000180025095e-35 86.352263577446465 1.4057786209258627 1.4264144945704402 1.5441925810724568 0.92707669363633938 75.64042598981753 0.015253724747256283 0.88622776003250536 -1.2599155670386655 0.74466395471854219 0.12512729655249896 35.89881648927193 -0.070991281012234661 1.41813633121163 1.5043727894306957 -0.026582193079394464 30.143540663125858 0.88173167874633551 0.42526503026784274 0.056850005935716326 0.073663531254306705 -0.5472446635205831 1.0000000180025095e-35 0.027432957758231517 0.64523003444401839 0.033538536309326579 -0.77020885620134005 0.024010049408489612
decision_type=10 8 8 10 10 10 8 10 10 10 8 8 8 10 10 10 10 10 8 8 10 10 10 10 8 10 10 10 10 10
left_child=1 -1 5 -4 -5 6 7 8 -2 -9 11 -3 13 14 16 17 -12 -15 19 21 28 -14 23 25 -20 27 -25 -16 -21 -30
right_child=2 10 3 4 -6 -7 -8 9 -10 -11 12 -13 18 15 22 -17 -18 -19 24 20 -22 -23 -24 26 -26 -27 -28 -29 29 -31
leaf_value=0.0008665307717400394 0.0032815667753120104 0.0022135128869016554 -0.0016776524467462342 0.002539831440583229 -0.0013776793401441812 0.00060370839149854561 -0.0032403661179216171 -0.0039646312293119814 -0.001873320561196459 0.00011317382481398195 0.00397116600716066 0.00028608057147637948 -2.5897481522280141e-05 -0.00021585341425594293 5.0187200011017987e-05 0.00042539247846227411 0.00033569752027155699 -0.00073428788400200953 0.0036850921471409922 -0.00079534752557354764 -0.0016170378175039428 -0.001882139305425916 0.0030180395593451537 -0.00070358584683310934 2.7888355953460373e-05 0.0029644818085601886 -3.1936764891515096e-05 0.0011484386591663401 0.00021343973843145387 -0.00085642544804489748
leaf_weight=811 76 204 129 146 85 114 226 105 95 56 155 2746 12779 8096 26086 1633 205 7906 53 2274 787 259 83 2501 193968 85 4211 575 2020 806
leaf_count=811 76 204 129 146 85 114 226 105 95 56 155 2746 12779 8096 26086 1633 205 7906 53 2274 787 259 83 2501 193968 85 4211 575 2020 806
internal_value=-1.17902e-05 -8.23911e-06 -0.000934806 0.000103599 0.00109832 -0.00149109 -0.00191906 -0.00101962 0.00041774 -0.00254626 -1.08919e-05 0.000419367 -1.5691e-05 -0.000108583 3.72322e-05 -0.000388895 0.00190097 -0.000471993 6.79036e-06 -0.00021975 -0.000567413 -6.27717e-05 1.72285e-05 9.78428e-06 2.88874e-05 8.30598e-05 -0.000282204 7.38733e-05 -0.000405441 -9.16952e-05
internal_weight=269275 268243 1032 360 231 672 558 332 171 161 267432 2950 264482 51536 33901 17635 360 16002 212946 18925 5887 13038 33541 33458 194021 26746 6712 26661 5100 2826
internal_count=269275 268243 1032 360 231 672 558 332 171 161 267432 2950 264482 51536 33901 17635 360 16002 212946 18925 5887 13038 33541 33458 194021 26746 6712 26661 5100 2826
is_linear=0
shrinkage=0.05


Tree=57
num_leaves=31
num_cat=0
split_feature=7 2 4 2 7 0 6 4 2 1 3 7 0 4 1 6 4 6 2 6 1 6 6 4 1 2 7 7 0 0
split_gain=0.396223 0.448041 0.426197 0.360887 0.44531 0.284976 0.245892 0.262938 0.240585 0.453647 0.451335 0.725906 0.966931 0.540827 0.434163 0.360232 0.238224 0.297908 0.349377 0.23649 0.19334 0.186538 0.186397 0.181073 0.321691 0.491035 0.583542 0.550518 0.379206 0.323904
threshold=0.068895718469190556 -0.29919394975115426 0.031979087282105065 0.225079449382973 0.079061678468717936 -0.010434782608695624 0.43178115732243499 -0.28731303670844915 0.29362218294380887 0.10798492700206642 1.0000000180025095e-35 0.084054682809110978 -0.036181291368311989 0.82609845294226092 0.066761192556678242 0.92563592641101933 -1.2140863899834828 1.085577884666143 -0.18948242230727122 0.70486642919293763 -0.074781837161467732 2.4440655663061612 1.0000000180025095e-35 1.1173375469307762 0.032962389578208191 -0.18265794825493178 0.054473624498138536 0.038542825624953349 0.012127726972499754 0.04036654509629601
decision_type=10 8 10 10 10 10 10 10 10 10 2 10 10 10 10 10 8 8 8 10 10 10 8 10 10 8 10 10 10 10
left_child=1 19 3 6 5 -5 20 -8 9 -4 11 12 -10 14 -14 -13 17 18 -3 -1 -2 -12 -18 24 29 26 27 28 -26 -24
right_child=2 16 8 4 -6 -7 7 -9 10 -11 21 15 13 -15 -16 -17 22 -19 -20 -21 -22 -23 23 -25 25 -27 -28 -29 -30 -31
leaf_value=-5.7372268803745563e-07 -0.0004212129157663599 0.0035242618306940195 -0.0021894286599878766 0.0062558395765790926 -0.00011119075678288936 0.001394687766176567 -2.8480949801965375e-05 -0.00109775236626737 0.0081010892279924276 3.9519404617749393e-05 -0.0011625992335396954 0.00088369662681361664 0.00086292722329194015 -0.002072157493759213 0.0064522370075186094 -0.0046252334078977983 0.0024956787387742912 4.5078648334010187e-05 0.00071655022595757626 0.0011724048705141453 0.0025865532073647262 0.0016342615462943085 -5.1716369109732563e-05 -0.00024750010713430034 0.0014837228738596841 7.3537074479316294e-05 -0.0018068522905172685 0.0026774335773266139 -0.0010222528081737668 0.00028078718966735995
leaf_weight=659 88 121 712 64 150 57 2156 784 56 336 1110 50 109 98 51 73 74 2435 1314 1235 136 63 182209 8050 370 58165 156 508 255 7631
leaf_count=659 88 121 712 64 150 57 2156 784 56 336 1110 50 109 98 51 73 74 2435 1314 1235 136 63 182209 8050 370 58165 156 508 255 7631
internal_value=-1.12007e-05 -1.97221e-06 -0.000409816 -4.19639e-05 0.0017092 0.00396588 -0.000191953 -0.00031362 -0.000885202 -0.0014748 -0.000501411 0.00087015 0.00214558 0.000852914 0.00264452 -0.00238583 -7.52653e-06 0.000381847 0.000953298 0.000764278 0.00140493 -0.00101238 -1.33803e-05 -1.41018e-05 -6.56513e-06 9.49281e-05 0.00106018 0.00145493 0.000461285 -3.83507e-05
internal_weight=269275 263182 6093 3435 271 121 3164 2940 2658 1048 1610 437 314 258 160 123 261288 3870 1435 1894 224 1173 257418 257344 249294 59454 1289 1133 625 189840
internal_count=269275 263182 6093 3435 271 121 3164 2940 2658 1048 1610 437 314 258 160 123 261288 3870 1435 1894 224 1173 257418 257344 249294 59454 1289 1133 625 189840
is_linear=0
shrinkage=0.05


Tree=58
num_leaves=31
num_cat=0
split_feature=7 4 8 1 1 8 5 4 8 7 0 5 4 8 8 0 5 5 7 4 5 5 4 4 1 5 4 0 1 8
split_gain=0.357592 0.384643 0.35592 0.213972 0.517698 0.31292 0.42824 0.520685 0.278236 0.377963 0.268336 0.503429 0.221238 0.264313 0.218599 0.260775 0.215932 0.204918 0.282836 0.199658 0.276793 0.191853 0.587957 0.207895 0.348916 0.345022 0.573548 0.34133 0.587677 0.359327
threshold=0.068895718469190556 0.031979087282105065 0.68539325521819683 0.1047995612843813 0.19168037263172447 0.77142856830612294 68.218354287684932 0.5843916806097863 0.7200823421257091 0.079061678468717936 -0.019538279110054176 66.433854731003393 0.83884699754025072 0.48045796536565066 0.094553288759069223 -0.023198693466470629 81.358519548871314 53.050397863208779 0.070843092138759015 -1.2140863899834828 41.341893214238603 84.36679887914751 1.4264144945704402 0.87946274317831652 0.043139448846459046 29.607629306072635 -0.3599047062504605 0.081793937462988034 -0.09063966622234286 0.6111725717874037
decision_type=10 10 10 10 10 10 10 10 10 10 10 10 10 10 10 10 10 10 10 8 10 10 8 10 10 8 8 10 8 10
left_child=19 2 -2 8 5 6 7 -5 9 10 11 -3 -6 -14 15 -11 -15 -10 -19 20 -1 23 -23 24 27 -26 -27 29 -29 -21
right_child=1 3 -4 4 12 -7 -8 -9 17 14 -12 -13 13 16 -16 -17 -18 18 -20 21 -22 22 -24 -25 25 26 -28 28 -30 -31
leaf_value=0.0002889170570270321 -0.00010296630632040467 -0.00079133065163340373 0.0040653147927234663 0.0027740892614615564 0.00014546532100522845 -0.00066352802503031282 0.0051222057759665275 -0.0028159034730365073 0.0028200142551213503 -0.0018075184154440649 -0.0017046329557291275 0.0045916164818832102 -0.0043505545243956584 -0.00020510752128110964 -0.0018835505222071062 -0.0059028504230552404 -0.002888698882350221 -0.0030967635639668023 6.2830892190101142e-05 -6.0704832999058071e-05 0.0031733739407568736 0.00062882794324329173 -0.0017277524195106417 -0.00017372605568826235 -0.00089295673309123559 0.0017671083970816435 0.00013875157160128716 0.0052313368572942812 0.00056154677476733591 0.00011657190252807396
leaf_weight=3863 3383 222 52 116 199 163 82 65 50 64 467 54 86 197 222 99 121 88 363 164948 85 2654 294 18412 790 549 36064 73 874 34576
leaf_count=3863 3383 222 52 116 199 163 82 65 50 64 467 54 86 197 222 99 121 88 363 164948 85 2654 294 18412 790 549 36064 73 874 34576
internal_value=-1.06406e-05 -0.000389326 -3.98657e-05 -0.000840942 -0.000276494 0.00105781 0.00212464 0.000766633 -0.00119749 -0.00163298 -0.000974148 0.000261855 -0.00121914 -0.0018913 -0.00290445 -0.00429487 -0.00122622 -0.00021698 -0.000553675 -1.8736e-06 0.000351019 -7.24798e-06 0.000393809 -1.18612e-05 6.67463e-07 0.000140862 0.000163168 -2.54893e-05 0.00092152 -2.99841e-05
internal_weight=269275 6093 3435 2658 1029 426 263 181 1629 1128 743 276 603 404 385 163 318 501 451 263182 3948 259234 2948 256286 237874 37403 36613 200471 947 199524
internal_count=269275 6093 3435 2658 1029 426 263 181 1629 1128 743 276 603 404 385 163 318 501 451 263182 3948 259234 2948 256286 237874 37403 36613 200471 947 199524
is_linear=0
shrinkage=0.05


Tree=59
num_leaves=31
num_cat=0
split_feature=7 2 4 2 7 2 3 7 5 5 6 1 6 5 6 4 5 4 5 2 6 4 6 5 6 1 2 4 7 1
split_gain=0.322726 0.406162 0.34714 0.320035 0.400131 0.222937 0.429978 0.633092 0.65837 0.818822 0.614687 0.369309 0.329661 0.274159 0.221659 0.23918 0.52764 0.549495 0.21789 0.308589 0.212892 0.202025 0.310846 0.223959 0.216579 0.197883 0.197504 0.180756 0.176115 0.174755
threshold=0.068895718469190556 -0.29919394975115426 0.031979087282105065 0.225079449382973 0.079061678468717936 0.29362218294380887 1.0000000180025095e-35 0.084054682809110978 66.705135707503814 75.64042598981753 0.88173167874633551 0.10798492700206642 0.92563592641101933 49.702161390374222 0.43178115732243499 -0.28731303670844915 39.954279827720789 -0.71362793478028175 43.103448271854823 0.02538707824926734 0.70486642919293763 -1.2599155670386655 1.2049747868104068 14.634146337756819 2.0291419757811746 0.070181745785140151 -0.18948242230727122 -0.14743296964141775 0.070843092138759015 -0.15738888560099426
decision_type=10 8 10 10 10 10 2 10 10 10 10 10 10 10 10 10 10 10 10 10 10 8 8 8 8 10 10 10 10 10
left_child=1 20 3 14 27 11 7 8 10 25 -7 13 -9 -4 -2 16 -16 -18 -19 -20 -1 22 26 24 29 -10 -3 -5 -13 -23
right_child=2 21 5 4 -6 6 -8 12 9 -11 -12 28 -14 -15 15 -17 17 18 19 -21 -22 23 -24 -25 -26 -27 -28 -29 -30 -31
leaf_value=2.0925304791701067e-06 0.0013370413147445756 0.0031224112950086831 0.0014484406158960653 0.0017692999203957746 -0.00011437719532599054 0.002647991157094267 -0.00092818514706166178 0.00099627692691865374 0.0048925986840040424 -0.00016080237572110953 -0.0037560483254534464 0.0023597615992912327 -0.0042737175295869375 -0.0022894877058292043 -0.00037462916339386481 -0.0010425014582175877 0.0064732042060663495 0.0031319271757483213 -0.0012555897621496115 0.0025626425718305161 0.0011150100648184358 0.0013918534967845742 -2.6700551868142451e-05 -5.0804127446177032e-06 -0.0017803498106023917 0.009340999393723905 0.00083118901525784054 0.0056355204298010756 -0.00055540319445379497 -0.00031971295450798371
leaf_weight=659 224 103 53 59 150 82 1173 50 50 63 69 64 73 659 1793 784 52 82 146 83 1235 154 1683 253295 248 50 1083 62 272 4722
leaf_count=659 224 103 53 59 150 82 1173 50 50 63 69 64 73 659 1793 784 52 82 146 83 1235 154 1683 253295 248 50 1083 62 272 4722
internal_value=-1.01086e-05 -1.77992e-06 -0.000369859 -3.78724e-05 0.0016112 -0.000798894 -0.000429448 0.000909267 0.00210037 0.00430398 -0.000278358 -0.00136646 -0.00213144 -0.00201124 -0.000179117 -0.000294634 -2.26819e-05 0.00171572 0.000920261 0.000128311 0.000727781 -7.06829e-06 0.000410195 -1.17008e-05 -0.000338967 0.0071168 0.00103017 0.00375034 -1.3371e-07 -0.000265656
internal_weight=269275 263182 6093 3435 271 2658 1610 437 314 163 151 1048 123 712 3164 2940 2156 363 311 229 1894 261288 2869 258419 5124 100 1186 121 336 4876
internal_count=269275 263182 6093 3435 271 2658 1610 437 314 163 151 1048 123 712 3164 2940 2156 363 311 229 1894 261288 2869 258419 5124 100 1186 121 336 4876
is_linear=0
shrinkage=0.05


Tree=60
num_leaves=31
num_cat=0
split_feature=8 2 6 1 4 2 5 8 5 8 3 8 2 8 1 4 6 6 6 2 1 2 1 5 8 6 5 8 6 8
split_gain=0.253279 0.215081 0.22883 0.214418 0.360384 0.791693 0.598839 0.914338 0.540756 0.477905 0.347811 0.388908 0.334884 0.332572 0.288887 0.38482 0.374023 0.287274 0.266551 0.258902 0.418476 0.38849 0.428863 0.535891 0.372267 0.50007 0.399283 0.342198 0.319138 0.317667
threshold=1.0000000180025095e-35 -0.10704438893568106 0.68535354957685657 0.050584170450210249 -0.40719827892798205 -0.17344976801515857 27.617602425476409 0.13320996694719225 29.607629306072635 0.19925112418734295 1.0000000180025095e-35 0.15244112247509006 -0.069751165146041558 0.61989833219557444 0.073663531254306705 0.94042340005163061 0.75099143627373122 0.48697091873904857 0.7015131783344527 0.15443695257483639 -0.016893621152957058 0.0039040319771477265 -0.23808310028742327 55.387639363571942 0.7200823421257091 0.40838345894995526 75.64042598981753 0.44723325029715799 0.95131173623803866 0.85517241207292927
decision_type=8 10 10 10 8 10 10 8 8 10 2 8 10 10 10 10 10 8 10 10 10 8 8 8 10 10 10 8 10 10
left_child=1 2 -1 19 5 6 -5 -8 17 18 11 -10 -12 -14 15 -15 -16 -6 -7 21 27 24 23 -23 26 -26 -2 -21 -29 -30
right_child=3 -3 -4 4 8 9 7 -9 10 -11 12 -13 13 14 16 -17 -18 -19 -20 20 -22 22 -24 -25 25 -27 -28 28 29 -31
leaf_value=0.0032546212016036098 1.7032809311673341e-06 -0.0003714651233934894 0.00087026879829469944 0.00055921120709567535 0.0019390766517832303 -0.0045478094670377764 0.010562664457096685 0.0024450356104728029 -0.00071076403078070558 0.0027426489459153698 0.0026608801388516307 0.00023220511264294768 -0.0010520885635600778 0.00052414704730557404 -0.0010227259854554266 -0.00063616615819763237 -8.1721576455432446e-05 -0.0019926478973736161 -0.00027499551779577787 0.0018108617234540892 -2.9859647538771687e-05 0.0054981538263458984 -0.00013845913687003268 -0.00013481949909443134 0.0054727745865454421 0.00058614966256565479 0.0019299863422760724 0.00015675160876215432 0.00086215931272146822 0.0046027985638228512
leaf_weight=131 133688 237 434 115 52 73 54 97 1134 65 111 30564 862 3642 1165 889 11284 436 73 465 9218 76 66811 95 54 1718 269 3904 1493 59
leaf_count=131 133688 237 434 115 52 73 54 97 1134 65 111 30564 862 3642 1165 889 11284 436 73 465 9218 76 66811 95 54 1718 269 3904 1493 59
internal_value=5.55899e-06 0.000892787 0.0014231 2.90854e-06 9.5611e-05 0.00146346 0.00327768 0.00534803 8.25979e-05 -0.000823662 9.88769e-05 0.00019847 -7.69661e-05 -9.3999e-05 -4.5361e-05 0.000296489 -0.000169782 -0.00157369 -0.0024114 -1.86303e-05 0.000180826 -3.35262e-05 -0.000132058 0.00236872 1.50993e-05 0.000735065 5.57548e-06 0.000508829 0.000397861 0.00100436
internal_weight=269268 802 565 268466 50616 477 266 151 50139 211 49651 31698 17953 17842 16980 4531 12449 488 146 217850 15139 202711 66982 171 135729 1772 133957 5921 5456 1552
internal_count=269268 802 565 268466 50616 477 266 151 50139 211 49651 31698 17953 17842 16980 4531 12449 488 146 217850 15139 202711 66982 171 135729 1772 133957 5921 5456 1552
is_linear=0
shrinkage=0.05


Tree=61
num_leaves=31
num_cat=0
split_feature=8 2 0 1 1 0 5 6 5 2 5 8 8 6 6 5 8 9 1 8 2 6 5 2 5 1 0 6 1 5
split_gain=0.228585 0.19411 0.310564 0.202549 0.193512 0.476498 0.417974 0.429002 0.335115 0.485746 0.451692 0.363193 0.342947 0.323665 0.293499 0.411316 0.324028 0.292719 0.382555 0.277441 0.568895 0.445653 0.450065 0.416278 0.367373 0.359459 0.383887 0.319596 0.565966 0.332098
threshold=1.0000000180025095e-35 -0.10704438893568106 -0.038564561464217488 -0.096978477157520046 0.050584170450210249 0.059174224623200218 11.189191036564852 2.5603091509611668 26.736391577725808 -0.1705184062372789 52.852029999055809 0.23129939643694131 0.19925112418734295 0.64523003444401839 1.6949258391604467 63.344801609305364 0.17569641369710343 1.0000000180025095e-35 0.26006599770700684 0.15783037525820851 0.28079413032914996 1.2698664334211114 72.193383674602458 0.043241763931419104 62.169652675677099 0.098675070426067282 -0.03774230354245716 0.77489056527903322 0.079401972898997544 47.947872818153279
decision_type=8 10 10 10 10 10 10 8 10 8 10 10 8 10 10 10 8 2 10 10 10 10 10 10 10 10 10 10 10 10
left_child=1 2 -1 -4 -2 6 -6 8 11 10 12 -8 -10 -14 15 -7 -16 18 -9 20 -11 24 -23 25 -22 -21 -27 28 -25 -30
right_child=4 -3 3 -5 5 14 7 17 9 19 -12 -13 13 -15 16 -17 -18 -19 -20 23 21 22 -24 27 -26 26 -28 -29 29 -31
leaf_value=9.5779993376577765e-05 -1.7698739001535814e-05 -0.0003528918496680374 0.0053529074061661958 0.0018691028742371903 0.0012073097023876963 -9.1063802545318781e-05 -0.00062803549178874242 -0.00063519718844121521 0.0025048103557935406 -0.00047692052836848138 -0.0017750112236667934 -0.0048590544195173955 0.0031177494797637187 -0.00016540970314218363 -0.0030437734918722392 -0.0012503838414036099 3.646919464141907e-05 0.00020927156129579036 -0.0030997446612889045 0.00026806284722269912 0.0031235900377511111 0.00052567864521943888 0.0067665048430297671 0.00025809918827744471 -0.00029570051837256891 -0.0019393023206078907 0.00096233572182945974 0.00014644307787665801 -0.0040832540460828213 -0.0009298357142638313
leaf_weight=263 217850 237 50 252 925 1585 301 1426 499 3425 110 61 97 332 87 1479 4583 926 177 9384 103 52 65 1523 331 118 3352 18237 89 1349
leaf_count=263 217850 237 50 252 925 1585 301 1426 499 3425 110 61 97 332 87 1479 4583 926 177 9384 103 52 65 1523 331 118 3352 18237 89 1349
internal_value=5.28104e-06 0.000848147 0.00135195 0.00244589 2.76311e-06 9.08304e-05 0.000155981 0.000132803 0.000173295 0.000187327 0.00125448 -0.001341 0.00161358 0.000576936 -0.000270406 -0.00065067 -2.09143e-05 -0.000498482 -0.000907328 0.000158199 -0.000237033 0.0012541 0.0039928 0.000204347 0.00051579 0.000428848 0.000863663 6.82144e-05 -0.000413601 -0.00112501
internal_weight=269268 802 565 302 268466 50616 42882 41957 39428 39066 1038 362 928 429 7734 3064 4670 2529 1603 38028 3976 551 117 34052 434 12854 3470 21198 2961 1438
internal_count=269268 802 565 302 268466 50616 42882 41957 39428 39066 1038 362 928 429 7734 3064 4670 2529 1603 38028 3976 551 117 34052 434 12854 3470 21198 2961 1438
is_linear=0
shrinkage=0.05


Tree=62
num_leaves=31
num_cat=0
split_feature=7 8 8 6 7 8 3 7 1 6 8 5 1 0 1 5 7 1 0 1 5 7 0 1 1 5 7 7 1 6
split_gain=0.230817 0.24179 0.228747 0.222539 0.359579 0.231132 0.504611 0.49758 0.580907 0.483456 0.832549 0.308233 0.458653 0.462575 0.40416 0.573453 0.344246 0.272294 0.271916 0.264155 0.42858 0.981583 0.31583 0.29703 0.259739 0.258067 0.42495 0.463058 0.374654 0.340865
threshold=0.013436842382080084 inf 1.0000000180025095e-35 0.58574905994985615 0.059819200537251725 0.6111725717874037 1.0000000180025095e-35 0.021109044138841175 -0.056118963753157385 1.1412876407726744 0.75094606584372503 57.840671386729639 0.16800697416389279 0.056741931854283674 0.013328754538470934 49.310932991630523 0.019712877105392868 0.073663531254306705 0.020981237474649198 0.098675070426067282 76.882066305004102 0.037695711979930241 0.076313887081616474 0.22843713725094186 -0.020223470661672845 51.095700996458042 0.055933224678610928 0.040970522754318658 -0.09063966622234286 0.8338100589495191
decision_type=8 8 8 8 10 8 2 10 10 10 10 10 10 10 10 8 8 10 10 10 10 10 10 8 10 10 10 10 10 10
left_child=1 -1 -2 -4 5 6 19 11 9 25 -11 14 13 -13 -7 16 -16 -15 -10 20 -5 -22 -21 -24 -8 -9 27 -27 -29 -28
right_child=2 -3 3 4 -6 7 24 8 18 10 -12 12 -14 17 15 -17 -18 -19 -20 22 21 -23 23 -25 -26 26 29 28 -30 -31
leaf_value=-0.00017407872220096563 0.00091395586044408874 -0.0017480430012018549 -8.9526037594924335e-05 7.2689940634509895e-06 -0.00026106227627746673 -0.00014923654005298095 -0.0001066935379651946 0.00016880588789075981 0.00023918670876342312 0.0014614554515232038 0.0079723444334033628 -0.00042174108993560128 -0.0032819771343116262 0.0001550076878629625 0.00047168915410399743 0.00085292864076711025 -0.001483749166828841 0.0043237102839800458 -1.0054003946438175e-05 0.00047600861367010484 0.00036045096939506726 0.0042312298487951544 -0.00035205142833241829 -0.0040252431388371852 -0.00068025928227199485 0.0017061874722341848 0.0059199497538716776 0.0016399558524128038 -0.00098390843936552608 0.00094611334368690028
leaf_weight=12150 706 249 44070 117032 9849 8718 4181 2114 30668 667 53 5284 136 75 410 2660 499 82 17014 5485 1187 190 563 61 3739 642 76 195 450 63
leaf_count=12150 706 249 44070 117032 9849 8718 4181 2114 30668 667 53 5284 136 75 410 2660 499 82 17014 5485 1187 190 563 61 3739 642 76 195 450 63
internal_value=5.01699e-06 -0.000205687 1.51876e-05 1.27106e-05 3.39539e-05 4.83208e-05 9.5145e-06 0.000121945 0.000200232 0.00075965 0.00194073 -0.000105682 -0.000413961 -0.000342273 3.42433e-05 0.00048243 -0.000601758 0.00233229 0.000150252 3.41289e-05 1.75873e-05 0.000894545 0.000354749 -0.000711129 -0.000377472 0.00051943 0.00103922 0.000755559 -0.000190647 0.00366562
internal_weight=269268 12399 256869 256163 212093 202244 132438 69806 51942 4260 720 17864 5577 5441 12287 3569 909 157 47682 124518 118409 1377 6109 624 7920 3540 1426 1287 645 139
internal_count=269268 12399 256869 256163 212093 202244 132438 69806 51942 4260 720 17864 5577 5441 12287 3569 909 157 47682 124518 118409 1377 6109 624 7920 3540 1426 1287 645 139
is_linear=0
shrinkage=0.05


Tree=63
num_leaves=31
num_cat=0
split_feature=7 8 1 8 0 6 4 7 4 8 6 8 0 7 8 7 0 5 1 7 6 5 5 8 6 1 7 0 8 5
split_gain=0.208312 0.218216 0.208563 0.206444 0.21126 0.209605 0.552879 0.358304 0.547156 0.642192 0.629145 0.489076 0.332514 0.316105 0.282265 0.601362 0.459254 0.450593 0.361206 0.264788 0.250047 0.245563 0.242901 0.655428 0.301678 0.360996 0.285336 0.237931 0.235078 0.379976
threshold=0.013436842382080084 inf -0.068965517241379268 1.0000000180025095e-35 -0.040258853145161137 0.79213668923321945 -0.74118881183265917 0.073071248271039071 0.11999239764784228 0.30721966170443199 1.2977721653984642 0.39668932116089489 -0.040258853145161137 0.027450269407221058 0.20227584126274714 0.038542825624953349 -0.052231862507044972 36.762584847071828 0.031297120543302033 0.070843092138759015 0.37777817132217473 26.736391577725808 20.785020217558074 0.11740844322310992 1.6722418876634639 -0.15738888560099426 0.037897260865345776 -0.025261703532264587 0.50659383237964506 35.69261880350728
decision_type=8 8 10 8 10 8 10 10 10 10 10 10 10 10 8 10 10 10 10 10 10 10 8 10 8 10 8 10 10 10
left_child=1 2 -1 4 -2 6 13 22 9 -9 -11 12 -10 -5 15 17 -17 -8 20 -20 21 -18 23 24 25 26 -7 -19 -15 -30
right_child=3 -3 -4 5 -6 7 14 8 11 10 -12 -13 -14 28 -16 16 18 27 19 -21 -22 -23 -24 -25 -26 -27 -28 -29 29 -31
leaf_value=-0.0019363641677578348 -0.00015264898523297636 -0.0016606408482614764 -0.00014114299303731218 0.0004159617288390088 0.0016010259017387946 0.0024665361895636635 -0.00011773147066439349 -0.000465895080672993 0.00012956709236007285 0.00074482131423075882 0.0057335900014330605 -0.00064885360262171361 -0.003628092521608374 -9.983356980766102e-05 -3.6462445072542932e-05 0.0049061890217234139 0.0027947114198809686 -0.0014934778856279243 0.001952387898633171 -0.0016441459037917505 -5.8946657946214059e-05 9.9053069628520169e-05 7.3799167177057397e-05 -0.0012122391429438581 -0.00072452316827916396 2.2017372037102547e-05 0.00016995608065889089 -0.00051896049725841224 -0.00070065603384440083 0.0021515928543424357
leaf_weight=164 295 249 11986 9258 411 288 10677 1013 74 231 87 809 288 6822 62251 54 160 671 435 58 3099 179 142611 1358 1159 4425 255 9411 192 298
leaf_count=164 295 249 11986 9258 411 288 10677 1013 74 231 87 809 288 6822 62251 54 160 671 435 58 3099 179 142611 1358 1159 4425 255 9411 192 298
internal_value=4.76614e-06 -0.000195403 -0.000165375 1.44283e-05 0.000868258 1.20751e-05 -4.2826e-05 4.93352e-05 -0.000544085 0.000149455 0.00210967 -0.00133239 -0.00285995 0.00022188 -9.32448e-05 -0.000236098 0.000326492 -0.000344096 0.000263581 0.00152927 8.20851e-05 0.00137134 5.92271e-05 -0.000218412 1.86155e-06 0.000171322 0.00138803 -0.000583819 -2.38534e-05 0.00103398
internal_weight=269268 12399 12150 256869 706 256163 103565 152598 2502 1331 318 1171 362 16570 86995 24744 3985 20759 3931 493 3438 339 150096 7485 6127 4968 543 10082 7312 490
internal_count=269268 12399 12150 256869 706 256163 103565 152598 2502 1331 318 1171 362 16570 86995 24744 3985 20759 3931 493 3438 339 150096 7485 6127 4968 543 10082 7312 490
is_linear=0
shrinkage=0.05


Tree=64
num_leaves=31
num_cat=0
split_feature=2 8 0 0 8 6 4 5 5 6 3 4 4 8 5 5 5 2 5 6 4 0 2 8 5 5 8 4 5 4
split_gain=0.176271 0.540153 0.393656 0.296825 0.286423 0.328762 0.325702 0.459193 0.444807 0.286694 0.279377 0.550564 0.366599 0.296653 0.262632 0.318532 0.262228 0.260765 0.281147 0.256474 0.263367 0.373507 0.292754 0.262992 0.340104 0.327046 0.347924 0.307528 0.285739 0.247652
threshold=0.29362218294380887 0.91231343233938167 -0.026577025783998284 0.076313887081616474 0.70008446889021692 0.56295236189311193 0.99555540874825887 75.64042598981753 86.352263577446465 2.2673683850001769 1.0000000180025095e-35 0.51183061292236742 0.72099149676907681 0.58893448791481096 74.079952285585975 66.433854731003393 51.873198831565766 0.0039040319771477265 36.111111093278431 1.085577884666143 0.72099149676907681 -0.020568957016377728 0.23269160944132808 0.66147025987619645 60.141572598933898 55.586624745675188 0.67084183288796218 0.29995240434532638 45.806566240794332 -0.091872161653097195
decision_type=10 8 10 10 10 10 10 10 10 10 2 10 10 8 10 10 10 8 8 8 10 10 10 10 10 10 10 8 10 10
left_child=17 3 14 4 10 -6 -7 -8 -9 -10 12 -12 16 -14 15 -3 -2 29 -19 -20 21 23 -23 24 -21 28 -27 -26 -25 -1
right_child=1 2 -4 -5 5 6 7 8 9 -11 11 -13 13 -15 -16 -17 -18 18 19 20 -22 22 -24 25 27 26 -28 -29 -30 -31
leaf_value=7.721345568683372e-06 -0.0010839088589388044 0.0018867185478175588 0.00054801936541065254 -0.0012771073241754877 -0.0012370822460019534 0.00053024191112337811 0.001402233692776841 -0.0026947140054958793 -0.0017422753459205695 0.0029892285967278963 -0.00054852779141969447 -0.0037781395165494679 -0.00287750457542214 0.00072258963009177177 -0.00036356147759678692 0.0061904018958800966 0.0023169304804240599 -0.00046724028916084463 -0.00011515958233894165 -0.00045719141057314766 -9.2948400072636456e-05 0.00024873767404506056 0.0015193610064147735 -0.0013846858623461837 0.0017253719956977619 0.0034094146795622588 -0.00015401562617086415 -2.3820991551973219e-06 0.0020311674304910785 0.00016998059280393273
leaf_weight=120807 76 109 3592 475 357 3491 178 295 59 70 693 163 123 107 55 71 223 4124 59162 5215 20145 16665 466 72 342 72 1409 1043 409 29200
leaf_count=120807 76 109 3592 475 357 3491 178 295 59 70 693 163 123 107 55 71 223 4124 59162 5215 20145 16665 466 72 342 72 1409 1043 409 29200
internal_value=4.52783e-06 0.000209065 0.000677727 -7.51767e-05 2.26668e-05 0.0002181 0.000345024 -0.000729055 -0.00162379 0.000825207 -0.000605259 -0.00116351 0.000298076 -0.00120268 0.00266032 0.00358428 0.0014525 -3.47351e-06 -6.22807e-05 -4.63754e-05 4.24026e-05 0.000148527 0.000283301 -0.000121133 -0.000272221 0.000387115 1.92234e-05 0.000424255 0.00151985 3.93063e-05
internal_weight=269268 10137 3827 6310 5835 4450 4093 602 424 129 1385 856 529 230 235 180 299 259131 109124 105000 45838 25693 17131 8562 6600 1962 1481 1385 481 150007
internal_count=269268 10137 3827 6310 5835 4450 4093 602 424 129 1385 856 529 230 235 180 299 259131 109124 105000 45838 25693 17131 8562 6600 1962 1481 1385 481 150007
is_linear=0
shrinkage=0.05


Tree=65
num_leaves=31
num_cat=0
split_feature=7 6 8 2 7 7 8 6 4 1 7 4 7 8 1 2 4 8 6 7 8 2 6 4 8 8 2 1 8 1
split_gain=0.270091 0.457391 0.450553 0.244626 0.45095 0.388373 0.755017 0.450883 0.621292 0.549518 0.424176 0.397191 0.332732 0.330697 0.336405 0.307558 0.300721 0.426829 0.532031 0.446772 0.563299 0.388452 0.359179 0.415414 0.298927 0.282891 0.279391 0.27651 0.275224 0.462645
threshold=0.073071248271039071 0.43178115732243499 0.62891700663002381 -0.091704494509509279 0.011966459963838884 0.035223353549260199 0.032297688241028778 1.1281896452231284 -0.95248443962480367 0.14460248547869184 0.048732584943597293 -0.040999722760166786 0.032822048358662585 0.27146047174202975 0.070181745785140151 -0.12809683200220565 -0.63355011249446469 0.15244112247509006 1.1479477205935829 0.03071372052733504 0.24117647020991875 -0.10557471541276413 0.63201327747901304 -0.99225335413760363 0.11740844322310992 0.22773087439012649 -0.052742964376994321 -0.063614609553772336 0.054054054030392575 -0.043862143593844265
decision_type=10 10 8 8 10 10 10 10 10 10 10 10 10 10 10 10 10 10 10 10 8 10 8 10 8 10 10 10 10 10
left_child=3 2 -2 4 -1 6 12 9 -9 -7 13 -11 -6 15 -15 -10 22 18 28 -19 21 -21 23 -8 26 -17 -5 -28 29 -18
right_child=1 -3 -4 24 5 7 16 8 10 11 -12 -13 -14 14 -16 25 17 19 -20 20 -22 -23 -24 -25 -26 -27 27 -29 -30 -31
leaf_value=-0.0012046525516910996 0.0039743311006737794 -0.00052659760849423911 -0.00067876585454398181 -4.1106583829957099e-05 0.00041229399713418804 0.00014012569323870321 0.0020272657689022295 -0.00025771454759582359 0.0024044926276242697 0.0066810100604521323 0.00029346900895030434 0.0010877771148845167 -0.00044927472786347755 -0.00042386823365840755 0.0025913254521668042 9.1661867957251768e-05 -0.0018218575920727481 -0.00017310352851458453 0.00036879164753633227 0.0020045597092061573 -8.7766316523394137e-05 -0.00061316549386098167 -7.3159585821901862e-05 0.00031129109339787011 -2.7682122321182453e-06 0.0039062371308883205 0.00022919919287106043 -0.000591351484399905 -0.00072062751763496153 0.00043664051268490041
leaf_weight=667 115 3870 95 9222 12814 14206 393 1051 1061 54 928 77 1228 327 129 300 278 6559 1703 805 1154 172 11258 3439 180934 58 1233 6136 7424 1230
leaf_count=667 115 3870 95 9222 12814 14206 393 1051 1061 54 928 77 1228 327 129 300 278 6559 1703 805 1154 172 11258 3439 180934 58 1233 6136 7424 1230
internal_value=4.3908e-07 -0.000403276 0.00186936 6.65853e-06 8.89746e-05 0.000101921 2.79688e-05 0.000298914 0.000779031 0.000169851 0.00116776 0.00339338 0.000336948 0.00160048 0.000429114 0.0019769 -9.81009e-05 -0.000228707 -0.000441118 3.12471e-05 0.000660218 0.00154371 6.91594e-05 0.000487277 -2.13941e-05 0.000709666 -0.00022452 -0.000454055 -0.000595538 2.02861e-05
internal_weight=268920 4080 210 264840 67315 66648 48457 18191 3854 14337 2803 131 14042 1875 456 1419 34415 19325 10635 8690 2131 977 15090 3832 197525 358 16591 7369 8932 1508
internal_count=268920 4080 210 264840 67315 66648 48457 18191 3854 14337 2803 131 14042 1875 456 1419 34415 19325 10635 8690 2131 977 15090 3832 197525 358 16591 7369 8932 1508
is_linear=0
shrinkage=0.05


Tree=66
num_leaves=31
num_cat=0
split_feature=2 4 4 6 6 0 1 0 8 4 8 8 2 1 0 8 0 1 4 1 0 8 0 6 0 1 8 4 1 6
split_gain=0.213866 0.274421 0.339307 0.454874 0.307902 0.386448 0.302669 0.360927 0.302119 0.286578 0.332127 0.273636 0.272532 0.269111 0.269805 0.259683 0.344236 0.257975 0.255926 0.24812 0.346654 0.244948 0.241956 0.240649 0.228854 0.365003 0.229408 0.227343 0.234875 0.288745
threshold=-0.091704494509509279 -0.240047222390287 -0.67903913970105811 1.1412876407726744 1.2202166521143678 0.048838080306593652 0.0013683635398149543 0.0022299030269397062 0.13881019790705293 -0.74118881183265917 0.14142193538900344 0.014691218756133996 -0.1705184062372789 0.09310529808872571 0.052427708969265858 1.0000000180025095e-35 -0.040258853145161137 0.0095087163232964195 -0.91821603805131502 -0.23808310028742327 -0.07805826330971298 0.54474552975359469 -0.066295578493882498 1.5361869485606656 -0.043478260869565126 -0.041804573519892467 0.56260117565321954 -0.85086216309341711 -0.094794384716213473 1.1035764293596644
decision_type=8 10 10 10 10 10 10 10 8 10 10 8 10 10 10 8 10 10 10 8 10 10 10 10 10 10 8 10 10 8
left_child=1 2 4 13 5 15 7 8 -3 10 22 18 -10 14 21 16 -1 -16 -2 20 -13 -4 -6 -11 -14 -26 -27 -17 29 -29
right_child=11 6 3 -5 9 -7 -8 -9 12 23 -12 19 24 -15 17 27 -18 -19 -20 -21 -22 -23 -24 -25 25 26 -28 28 -30 -31
leaf_value=-0.00056378838027982658 -0.001216373562051303 -0.00010702655475212781 -0.0002153484959287291 0.00038014998471414316 0.00065780680201184987 0.0045046736451111874 0.00020570506365249293 0.00018761664894255278 -0.0001959833442621554 0.00011507152300502316 -0.0010633883598448889 0.005283766208380899 -0.00045742117939516903 0.0017546037139094712 0.0021067555512547117 0.00035860429590252226 0.0023509256717191493 -0.0010340145911969659 0.0002330544389863514 -2.2732277668002576e-05 0.00054632150377703355 0.0009357870924877271 -0.00023584985923241308 0.0022006647191786517 0.0060378944188245404 0.0017820213109045091 0.004900983184563449 0.0004207464040877446 -4.3990568945635014e-05 0.0030800815714403578
leaf_weight=150 909 169 24529 4577 920 53 6261 704 93 359 1023 51 50 182 239 12188 312 90 458 198389 159 471 4286 225 86 290 74 1606 9908 109
leaf_count=150 909 169 24529 4577 920 53 6261 704 93 359 1023 51 50 182 239 12188 312 90 458 198389 159 471 4286 225 86 290 74 1606 9908 109
internal_value=4.17125e-07 7.63497e-05 4.09146e-05 -7.88284e-05 0.000156616 0.000239823 0.000357129 0.00100383 0.00175792 -0.000140475 -0.000239768 -2.57666e-05 0.00228941 -0.000161175 -0.000174941 0.00023051 0.00140459 0.00124758 -0.000730757 -2.0914e-05 0.00169684 -0.000193661 -7.79236e-05 0.000918596 0.00275169 0.00310826 0.0024161 0.00020773 4.95216e-05 0.000589765
internal_weight=268920 68954 61227 30088 31139 24326 7727 1466 762 6813 6229 199966 593 25511 25329 24273 462 329 1367 198599 210 25000 5206 584 500 450 364 23811 11623 1715
internal_count=268920 68954 61227 30088 31139 24326 7727 1466 762 6813 6229 199966 593 25511 25329 24273 462 329 1367 198599 210 25000 5206 584 500 450 364 23811 11623 1715
is_linear=0
shrinkage=0.05


Tree=67
num_leaves=31
num_cat=0
split_feature=7 8 2 4 5 2 4 5 0 7 2 7 4 1 2 0 4 1 8 8 1 5 7 7 5 5 0 8 5 4
split_gain=0.247296 0.220166 0.451973 0.597253 0.581514 0.424766 0.946356 0.963253 0.304567 0.234604 0.215794 0.367088 0.318499 0.283235 0.215662 0.419848 0.469303 0.632752 0.336859 0.287031 0.337227 0.359207 0.345026 0.244165 0.239552 0.317421 0.294398 0.291078 0.215166 0.213441
threshold=0.073071248271039071 0.19598326047377998 0.65459219715740546 0.47742145887718607 70.261214397015564 -0.064729683113820088 -0.29470393053016014 38.967239739451657 -0.0024577153494895749 0.079061678468717936 0.24887111530462872 0.084054682809110978 -0.16497451955648015 -0.0041653021817790728 -0.26822949801484008 0.045613811873003514 -0.49814658473674905 -0.029529180541995988 0.18723766890753532 0.37253760255862495 -0.031985444252844046 21.642745471086872 0.043054602623442122 0.038998441370282362 21.234128549628746 20.320806189805015 -0.07805826330971298 0.026163485247077154 11.189191036564852 -0.63992103437246917
decision_type=10 10 10 10 8 10 10 10 10 10 10 8 10 10 8 10 10 10 8 8 10 10 10 10 10 10 10 10 8 10
left_child=14 2 3 10 -4 6 7 8 -3 -8 12 -12 -2 -14 15 16 19 23 -17 20 24 -22 -23 -18 25 26 -1 29 -16 -26
right_child=1 5 4 -5 -6 -7 9 -9 -10 -11 11 -13 13 -15 28 18 17 -19 -20 -21 21 22 -24 -25 27 -27 -28 -29 -30 -31
leaf_value=0.0028185355895071883 -0.00051886210699893991 -0.00069254785255722356 0.0061994958049651286 -0.0037568761308116524 -0.0010529394297055523 -0.00035259529303467512 -0.0022741799817722814 0.010126559564843774 0.0044794242295161405 0.0012325856927640328 0.0033709477158953196 -0.0020773815553548048 -0.0043295638752169907 -0.0009284893197386905 -0.00047100872155204703 0.0041141005893839218 -0.0057061345438481886 0.00015424604520163868 -0.0007309025605209173 -0.00038872018624785531 0.00084696214546690169 0.007139685198909335 0.0020996644412389289 -0.0019430260296166312 -0.00081703094537640937 0.0038541622795154776 0.00048905008524605001 0.00056381685148649424 5.0039132369156848e-06 -0.004490632867906243
leaf_weight=154 1359 59 52 171 59 1701 114 50 55 82 81 50 112 135 2396 127 52 685 50 624 178 59 80 252 189 89 1137 462 258256 50
leaf_count=154 1359 59 52 171 59 1701 114 50 55 82 81 50 112 135 2396 127 52 685 50 624 178 59 80 252 189 89 1137 462 258256 50
internal_value=3.9627e-07 -0.000385907 -0.000757003 -0.000937442 0.0023446 -2.23741e-05 0.00153792 0.00434046 0.0018027 -0.000807064 -0.000659881 0.00129143 -0.000819048 -0.00247068 6.34748e-06 0.0003623 0.000257135 -0.000688274 0.00274546 0.000566535 0.000815109 0.0023343 0.00423895 -0.00258672 0.000583689 0.000966033 0.000766928 -0.000168997 6.28247e-07 -0.00158557
internal_weight=268920 4080 2019 1908 111 2061 360 164 114 196 1737 131 1606 247 264840 4188 4011 989 177 3022 2398 317 139 304 2081 1380 1291 701 260652 239
internal_count=268920 4080 2019 1908 111 2061 360 164 114 196 1737 131 1606 247 264840 4188 4011 989 177 3022 2398 317 139 304 2081 1380 1291 701 260652 239
is_linear=0
shrinkage=0.05


Tree=68
num_leaves=31
num_cat=0
split_feature=7 5 2 7 7 4 1 7 0 1 0 5 2 5 0 7 4 5 4 2 5 1 2 7 4 0 4 2 1 4
split_gain=0.223185 0.214343 0.198318 0.403663 0.331586 0.582233 0.431894 0.365264 0.402889 0.385865 0.342174 0.37645 0.338887 0.412259 0.335459 0.387693 0.370828 0.333166 0.494209 0.538464 0.380429 0.376271 0.312165 0.407219 0.300874 0.292386 0.284242 0.282966 0.302822 0.27725
threshold=0.073071248271039071 9.7108334254666762 -0.091704494509509279 0.011966459963838884 0.035223353549260199 -0.67903913970105811 -0.015805004171297595 0.053672811631288876 -0.026121467069455225 -0.0063845140381090229 0.027027027027027088 29.878048761358574 -0.16222110037345541 55.586624745675188 0.052427708969265858 0.048218597682754084 -0.51077124340055446 46.398305074424115 -0.18263252436617203 -0.1705184062372789 28.493462143451811 0.077482595617676245 -0.19327307726062062 0.029711263176090508 -0.33103940139176152 -0.0056283066380693461 -0.81681277957259724 -0.14155677326617019 0.0036589828572110021 -0.40025479034279504
decision_type=10 10 8 10 10 10 10 10 10 10 10 10 10 10 10 10 10 10 10 10 10 10 10 10 10 10 10 10 10 10
left_child=2 -2 3 -1 5 -5 12 8 -8 -9 17 -12 14 -14 16 -16 26 18 19 20 -10 29 23 -7 -23 -15 -6 -19 -29 -22
right_child=1 -3 -4 4 6 22 7 9 10 -11 11 -13 13 25 15 -17 -18 27 -20 -21 21 24 -24 -25 -26 -27 -28 28 -30 -31
leaf_value=-0.0011437760942383253 0.002088576244008353 -0.00042010586742462967 -1.9228201845175624e-05 0.00020238435387808017 2.9725900126087969e-05 -0.0010271554544725059 -0.00037577266382912103 0.0021372299419967402 0.0007727882544690622 -0.00045716235228576745 -0.0020012987349196563 0.00056660580274117158 -0.00031952355259972677 0.0049621342947830278 0.0036315163166830478 -0.00048944189808227952 -0.00058152365937869858 -0.00085236039008151291 0.0029516000115243652 0.00032149933306814212 0.00319038776763503 0.0081209658613136306 -7.0616592104731445e-05 3.3324385065730863e-05 0.0027657762588070775 -8.5473897119160182e-05 0.0007531239213254973 0.0037568765730315516 0.00046054996541835755 0.0010654232811132683
leaf_weight=667 87 3993 197525 23539 2556 2095 666 163 471 1187 164 1100 4499 64 156 90 1129 322 459 1044 307 51 21229 1594 54 52 2897 86 367 307
leaf_count=667 87 3993 197525 23539 2556 2095 666 163 471 1187 164 1100 4499 64 156 90 1129 322 459 1044 307 51 21229 1594 54 52 2897 86 367 307
internal_value=3.76456e-07 -0.000366612 6.03011e-06 8.01465e-05 9.23953e-05 2.40633e-05 0.000274417 0.000591676 0.000775641 -0.000143914 0.000937695 0.000233428 8.73286e-05 -0.000243641 0.000311029 0.00212385 0.000243275 0.00119438 0.00145728 0.00115026 0.00187734 0.00260091 -0.000144389 -0.000568927 0.00536687 0.00269941 0.000414044 0.000280843 0.00108634 0.00212791
internal_weight=268920 4080 264840 67315 66648 48457 18191 6748 5398 1350 4732 1264 11443 4615 6828 246 6582 3468 2693 2234 1190 719 24918 3689 105 116 5453 775 453 614
internal_count=268920 4080 264840 67315 66648 48457 18191 6748 5398 1350 4732 1264 11443 4615 6828 246 6582 3468 2693 2234 1190 719 24918 3689 105 116 5453 775 453 614
is_linear=0
shrinkage=0.05


Tree=69
num_leaves=31
num_cat=0
split_feature=7 6 8 8 0 4 4 1 6 4 6 8 4 8 4 4 8 0 1 5 5 4 8 6 1 7 8 5 6 4
split_gain=0.201424 0.410625 0.405576 0.191986 0.426266 0.311425 0.288608 0.210679 0.37301 0.340451 0.194183 0.612369 0.253026 0.443957 0.213033 0.20308 0.178025 0.232637 0.240729 0.162433 0.387912 0.216452 0.18029 0.208401 0.189202 0.161987 0.331411 0.204683 0.186396 0.32195
threshold=0.073071248271039071 0.43178115732243499 0.62891700663002381 0.19598326047377998 0.11807879403993272 -0.76276194069847458 0.80164327893500864 0.1047995612843813 0.88552461309724451 0.46919306990026333 0.74775458153293706 0.35238095186156998 0.51183061292236742 0.75094606584372503 -0.43438766962291697 -0.40719827892798205 1.0000000180025095e-35 -0.040258853145161137 -0.096978477157520046 42.708653762831922 49.509235899387157 -0.021092574274438173 0.97168590762528517 0.91718349947115263 0.048367155720096873 0.014916444573864424 0.0041166789392324803 11.189191036564852 0.57828628043297392 -0.97799571533919716
decision_type=10 10 8 10 10 10 10 10 10 10 10 10 10 10 10 10 8 10 10 10 10 10 10 10 10 8 10 10 8 10
left_child=16 2 -2 4 6 -5 7 9 -9 -3 11 -7 13 15 -12 -13 17 -1 -19 -16 21 -21 23 24 -22 26 -18 -28 29 -27
right_child=1 3 -4 5 -6 10 -8 8 -10 -11 14 12 -14 -15 19 -17 25 18 -20 20 22 -23 -24 -25 -26 28 27 -29 -30 -31
leaf_value=-0.00037192501070912407 0.0038021818427343697 -0.0008313080079741836 -0.00061255749523345582 0.0037746905260719363 0.0036384683059273257 0.0027304407682955788 -0.0041486705732120968 0.0042887769270843513 -0.00094621227219012459 -0.004237793655514222 0.0025763721100946252 -0.0045510665875025877 -0.0049936562744243513 0.0027291196858178889 -0.0017569703174688455 -0.001419677525413205 -0.0013220799386124468 0.0042690532878623347 0.00098661624692391171 0.0047911345195741604 -5.1618578520922946e-05 0.00041532831918448214 0.0023752302051378558 -0.00078455631967968469 0.0028791830971273656 0.00073987053430837663 -0.0012142039283726015 -7.5169446489103581e-05 3.394505601934889e-05 -0.00010782459398726012
leaf_weight=291 115 1546 95 50 52 93 68 54 92 77 82 62 52 59 126 314 571 64 439 65 172 50 65 710 81 1153 403 18505 204185 39229
leaf_count=291 115 1546 95 50 52 93 68 54 92 77 82 62 52 59 126 314 571 64 439 65 172 50 65 710 81 1153 403 18505 204185 39229
internal_value=3.57633e-07 -0.000348281 0.00180504 -0.000465128 -0.00082577 -0.000121235 -0.000952139 -0.000829265 0.000990017 -0.000992922 -0.000222113 -0.000987355 -0.00169732 -0.00130328 0.000106414 -0.00193602 5.7286e-06 0.000753292 0.00140426 -5.31897e-05 0.000134629 0.00288861 -0.000173453 -0.000345482 0.000886701 3.48064e-06 -0.000135286 -9.94465e-05 1.4533e-05 -8.36209e-05
internal_weight=268920 4080 210 3870 1889 1981 1837 1769 146 1623 1931 580 487 435 1351 376 264840 794 503 1269 1143 115 1028 963 253 264046 19479 18908 244567 40382
internal_count=268920 4080 210 3870 1889 1981 1837 1769 146 1623 1931 580 487 435 1351 376 264840 794 503 1269 1143 115 1028 963 253 264046 19479 18908 244567 40382
is_linear=0
shrinkage=0.05


Tree=70
num_leaves=31
num_cat=0
split_feature=0 6 2 8 7 7 6 8 2 7 3 2 7 1 8 6 8 2 8 1 1 7 1 1 0 8 6 7 1 2
split_gain=0.200302 0.195807 0.162321 0.351204 0.448684 0.204976 0.427101 0.441348 1.33709 0.598023 0.409249 0.513521 0.381127 0.316844 0.298974 0.266518 0.359106 0.29078 0.262737 0.252939 0.246685 0.242763 0.294585 0.244891 0.243608 0.238524 0.31676 0.345697 0.626538 0.332131
threshold=inf 1.0000000180025095e-35 -0.32084279149985417 0.16961907320596217 0.070843092138759015 0.059819200537251725 0.54273377100787001 inf 0.29362218294380887 0.084054682809110978 1.0000000180025095e-35 -0.12295690172034261 0.06361128722715019 -0.039057974210812578 0.018432200548505692 0.81951636972007724 0.31831738772629514 -0.079817201887150344 0.23809523601662891 0.085967762479124979 -0.23808310028742327 0.065185274809158783 0.05944845259693899 0.1047995612843813 0.0097301672739283935 0.6111725717874037 0.57828628043297392 0.021109044138841175 -0.056118963753157385 0.0014651504664450201
decision_type=8 8 8 8 10 10 10 8 10 10 2 10 10 10 10 10 10 10 10 10 10 10 10 10 10 8 8 10 10 10
left_child=1 -1 3 4 -3 25 19 10 -9 12 11 14 -10 -14 20 16 -13 18 -17 -7 -8 24 -23 -24 -19 -4 -27 -28 -29 -30
right_child=-2 2 5 -5 -6 6 7 8 9 -11 -12 15 13 -15 -16 17 -18 21 -20 -21 -22 22 23 -25 -26 26 27 28 29 -31
leaf_value=0.0024003345395698598 -0.0010631479463764964 0.0014693127364237045 -2.7661345821374543e-05 -0.00095139849391880451 -0.00014973868881217923 0.00066737644562585459 -0.00017617605288834944 -0.0022005736619152105 -0.0019042648331140033 -0.0022163480213465417 -0.00055605249984671873 0.0018241242390460051 0.0058628517520529309 0.0017449371690200944 -0.00061829247930185753 0.0002606075462501715 -0.00058402525445574169 0.0012992273666428394 0.0046349524861822528 -0.0020575639341647426 0.0038764684071481629 0.00050957762262106895 0.0056546425706416863 0.0020110415219620026 -0.00083119945733246305 -0.00017469140961515214 -6.5330726010139539e-05 0.00076300674218454396 0.00043969021859076307 7.3694222374603923e-05
leaf_weight=85 443 948 172617 374 780 1584 81 1004 61 122 3885 207 55 310 1713 51 614 249 105 90 70 266 61 189 291 10971 19599 4247 7312 40710
leaf_count=85 443 948 172617 374 780 1584 81 1004 61 122 3885 207 55 310 1713 51 614 249 105 90 70 266 61 189 291 10971 19599 4247 7312 40710
internal_value=-8.34623e-07 9.1711e-07 1.57704e-07 0.000437816 0.000738491 -3.29476e-06 -0.000214549 -0.000346443 -0.00111633 0.000870133 -0.000192901 0.000169132 0.00175405 0.00236544 -0.000430286 0.000718721 2.31452e-05 0.0011899 0.00320488 0.000520874 0.00170253 0.000892231 0.00166777 0.00290008 0.000151164 5.80852e-06 7.55519e-05 0.000113753 0.000180903 0.000129422
internal_weight=269094 268651 268566 2102 1728 266464 11008 9334 1552 548 7782 3897 426 365 1864 2033 821 1212 156 1674 151 1056 516 250 540 255456 82839 71868 52269 48022
internal_count=269094 268651 268566 2102 1728 266464 11008 9334 1552 548 7782 3897 426 365 1864 2033 821 1212 156 1674 151 1056 516 250 540 255456 82839 71868 52269 48022
is_linear=0
shrinkage=0.05


Tree=71
num_leaves=31
num_cat=0
split_feature=5 2 7 7 2 7 5 4 6 7 6 6 2 4 7 7 0 0 8 7 7 2 7 8 0 0 4 5 5 5
split_gain=0.228587 0.357513 0.516823 0.655164 0.262949 0.233028 0.232824 0.210266 0.209593 0.325634 0.372597 0.203716 0.199078 0.337649 0.43021 0.420136 0.37453 0.351324 0.320943 0.329084 0.318678 0.536253 0.508587 0.378382 0.303771 0.300272 0.290803 0.367473 0.33098 0.368507
threshold=84.36679887914751 0.28079413032914996 0.037275660282738245 0.044783073190515534 0.225079449382973 0.040174863921194688 89.350945490958722 1.0379820791358578 1.0270328941827052 0.050417968496791338 0.7015131783344527 1.0000000180025095e-35 -0.046906596475218269 -0.240047222390287 0.035223353549260199 0.053672811631288876 0.04413020094962717 0.089574882243653522 0.2645894821151285 0.066940537286215143 0.049831260130964027 0.30648267736161167 0.026519426707831601 0.92707669363633938 0.15039605358095179 0.039363937782084919 1.4264144945704402 81.358519548871314 69.897354001669427 66.705135707503814
decision_type=10 8 10 10 10 10 10 10 8 10 10 8 8 10 10 10 10 10 8 10 10 10 10 10 8 10 10 10 10 8
left_child=11 2 4 5 -2 -4 7 -6 9 10 -3 -1 13 17 -15 25 -17 -13 19 -14 21 23 -23 24 -20 -16 27 -22 29 -28
right_child=1 8 3 -5 6 -7 -8 -9 -10 -11 -12 12 18 14 15 16 -18 -19 20 -21 26 22 -24 -25 -26 -27 28 -29 -30 -31
leaf_value=0.0027107288666783184 0.00025229092818053461 -0.0035698732266340547 0.0029682444421470994 0.00036128244696365 0.0016781586445224668 0.0072524203628591896 -0.00015354004951760822 0.00565637484882461 -0.00042683126484947814 0.0037539380542624223 0.0011367678848067666 1.9220399956034694e-06 -0.00021305955863312509 7.2068773257397825e-05 0.0010081844293856061 -0.0005842074952444198 0.0015595595336519181 0.0024157599583792422 2.4777244378288083e-05 0.0029987654813157863 -0.00021365638912539386 0.0056218996427168013 0.00058684636231366369 -0.00047653906814210876 -0.0010415425670111118 -1.5554084826379133e-05 0.0014088270808791832 -0.0019069347966715854 0.0020828026189083308 -0.004339964788407087
leaf_weight=69 1083 54 54 119 76 77 69 59 1181 81 190 87928 25743 12211 3775 1101 250 151 109496 80 15903 51 3020 4004 672 884 63 327 273 50
leaf_count=69 1083 54 54 119 76 77 69 59 1181 81 190 87928 25743 12211 3775 1101 250 151 109496 80 15903 51 3020 4004 672 884 63 327 273 50
internal_value=-7.92891e-07 0.000430106 0.000966569 0.00304686 0.000562473 0.00548642 0.00220918 0.00341679 -0.000117401 0.00100702 9.51342e-05 -5.72136e-06 -6.42605e-06 4.65911e-05 0.000242514 0.000588823 -0.000187507 6.06025e-06 -4.17195e-05 -0.000203109 -1.05855e-05 1.84576e-05 0.000670463 9.19929e-07 1.82729e-05 0.00081394 -0.000215514 -0.000247772 0.00114084 -0.00113489
internal_weight=269094 3043 1537 250 1287 131 204 135 1506 325 244 266051 265982 106300 18221 6010 1351 88079 159682 25823 133859 117243 3071 114172 110168 4659 16616 16230 386 113
internal_count=269094 3043 1537 250 1287 131 204 135 1506 325 244 266051 265982 106300 18221 6010 1351 88079 159682 25823 133859 117243 3071 114172 110168 4659 16616 16230 386 113
is_linear=0
shrinkage=0.05


Tree=72
num_leaves=31
num_cat=0
split_feature=5 1 5 7 2 7 6 1 7 2 7 4 2 4 1 7 2 7 5 4 2 1 2 2 5 7 4 9 7 4
split_gain=0.206299 0.350834 0.246904 0.375402 0.312626 0.256833 0.214075 0.19463 0.343223 0.783987 0.454411 0.276439 0.228972 0.184154 0.218871 0.491446 0.322927 0.307943 0.284784 0.376082 0.516047 0.379075 0.214621 0.233761 0.3346 0.207692 0.204001 0.325673 0.266929 0.234074
threshold=84.36679887914751 0.2068991669203544 86.352263577446465 0.058752616110890658 0.65459219715740546 0.068895718469190556 1.3588892404331807 0.09310529808872571 0.039236893248547962 0.24887111530462872 0.049245603936570334 1.3422113471485175 0.25839402339364265 0.87946274317831652 0.15147380262110979 0.032243480305583876 0.28079413032914996 0.030087733250814895 81.358519548871314 1.4264144945704402 0.32268664290448762 0.22843713725094186 -0.024645537140768444 0.17041651231208924 70.622972347479006 0.04336510981720245 1.1173375469307762 1.0000000180025095e-35 0.033716780539192116 0.90901025542326297
decision_type=10 10 10 10 8 10 8 10 10 10 10 8 8 10 10 10 10 10 10 10 10 10 10 10 10 10 10 2 8 10
left_child=13 7 6 4 -4 -5 -3 8 12 -10 -11 -9 -2 -1 15 16 -15 -18 26 21 -21 -20 -17 25 -25 -24 29 28 -28 -16
right_child=1 2 3 5 -6 -7 -8 11 9 10 -12 -13 -14 14 18 22 17 -19 19 20 -22 -23 23 24 -26 -27 27 -29 -30 -31
leaf_value=6.0232124332390631e-06 0.00029194746776940944 0.00087473970085669031 -0.00012165145348448463 0.0037227900000895413 -0.0036756364496939478 -0.00012636316702200123 -0.0028016834188615961 0.0015852497964680794 0.0057681754369034687 -0.0035662411802874529 0.0026935525477471715 -0.0010286135780852815 -0.0016880145323969259 -9.0996006745614464e-05 -0.00088239295887770984 0.0020358959957301409 0.0039182023257516062 -0.00060687114481745505 -0.00045026673398579044 -0.0016671347169904039 0.0048744011245537219 -0.0036574754329056396 -0.0013370198238584978 0.00027966844154157387 -0.00095913391312755299 -0.00011814250646897689 0.00095080520317011277 0.00028241940753818962 -0.0014917943908212374 0.00081572291476824396
leaf_weight=247288 908 52 333 96 76 79 166 840 88 59 57 115 174 8989 229 71 98 61 221 64 57 158 1778 1042 1143 435 141 1952 541 1783
leaf_count=247288 908 52 333 96 76 79 166 840 88 59 57 115 174 8989 229 71 98 61 221 64 57 158 1778 1042 1143 435 141 1952 541 1783
internal_value=-7.53247e-07 0.0004086 -0.000488836 4.71693e-05 -0.00078205 0.00198517 -0.00192474 0.000729771 0.000328225 0.00220943 -0.000490308 0.00127049 -2.64568e-05 -5.43529e-06 -0.000156453 -0.000261433 -5.14865e-05 0.00218217 0.000121338 -0.00101249 0.00141442 -0.00178731 -0.000691193 -0.000735218 -0.000368364 -0.00109743 0.00024336 -4.6209e-05 -0.000986799 0.000622448
internal_weight=269094 3043 802 584 409 175 218 2241 1286 204 116 955 1082 266051 18763 13617 9148 159 5146 500 121 379 4469 4398 2185 2213 4646 2634 682 2012
internal_count=269094 3043 802 584 409 175 218 2241 1286 204 116 955 1082 266051 18763 13617 9148 159 5146 500 121 379 4469 4398 2185 2213 4646 2634 682 2012
is_linear=0
shrinkage=0.05


Tree=73
num_leaves=31
num_cat=0
split_feature=0 6 1 2 8 4 0 0 0 8 8 2 2 8 1 1 0 1 0 2 6 4 2 0 4 0 1 1 4 8
split_gain=0.162726 0.156855 0.151852 0.529955 0.669547 0.424996 0.398769 0.395835 0.340803 0.681536 0.581603 0.320685 0.354821 0.320512 0.330803 0.360195 0.330937 0.30792 0.302622 0.287102 0.287049 0.517691 0.282063 0.268585 0.279708 0.265196 0.263351 0.258585 0.247689 0.326166
threshold=inf 1.0000000180025095e-35 -0.052799211351304713 0.0562167312619909 0.25106509864781418 -0.36674309410159772 0.047217566885717994 0.15039605358095179 0.031932773109243702 0.83677729463455208 0.80382359519951585 0.23999290991948866 0.090595559390975869 0.17569641369710343 -0.23808310028742327 -0.085278129224466856 -0.08895198320300883 -0.057921142072838876 0.10082579029278151 -0.13360337118167867 1.0798930969807536 0.25576882262114425 -0.23318461280970601 -0.070991281012234661 -1.0765432739664587 -0.022026783297179272 -0.15738888560099426 -0.080369444355017514 -0.030882502787409859 0.53249094879544756
decision_type=8 8 10 10 8 10 10 10 10 8 8 10 10 8 8 8 10 8 10 8 10 10 8 10 10 10 10 10 8 8
left_child=1 -1 3 6 5 -5 13 18 10 -10 17 12 25 23 -15 28 -17 -6 19 26 -19 -22 -18 24 -3 -12 -8 -13 29 -16
right_child=-2 2 -4 4 8 -7 7 -9 9 -11 11 27 -14 14 15 16 22 20 -20 -21 21 -23 -24 -25 -26 -27 -28 -29 -30 -31
leaf_value=0.00214840028580511 -0.0009582143637344334 0.00037866729191617782 -1.9240756682154555e-05 -5.6700966804503257e-07 0.00014024423824459328 0.0038434286382157492 -0.00079255825118856751 -0.0027242888237678392 4.2623716138262794e-05 -0.0048007913089468668 0.0056282988574821507 0.001619656672301062 0.00031305165738490119 0.001794762588264844 -0.00052106072788544349 -0.0016045679991100572 -0.0011993376032659897 0.00079383166698346406 0.0036078514247305858 0.00018463258779565693 0.00071002162517724583 0.0072382813545678248 8.59160029925201e-05 8.4813230357061486e-05 0.0021028761101252219 0.0014082849340963314 0.0026959255819164751 0.0052100303062027143 -0.0009932668424779635 0.00013156212894119678
leaf_weight=85 443 838 211983 104 4669 233 67 68 345 92 64 96 372 220 5230 311 441 605 117 543 73 52 13335 23448 327 89 281 105 1438 3020
leaf_count=85 443 838 211983 104 4669 233 67 68 345 92 64 96 372 220 5230 311 441 605 117 543 73 52 13335 23448 327 89 281 105 1438 3020
internal_value=-7.15584e-07 8.63312e-07 1.83625e-07 7.29553e-05 0.000483596 0.00265715 1.59347e-05 0.000968008 0.00037197 -0.000977043 0.000468218 0.00179689 0.00114667 -5.1406e-06 -0.000135176 -0.000153034 8.35958e-06 0.000289552 0.00121709 0.000903153 0.00124451 0.00342578 4.47722e-05 0.000121629 0.00086263 0.00317352 0.00202429 0.00349522 -0.000387711 -0.000282161
internal_weight=269094 268651 268566 56583 6899 337 49684 1076 6562 437 6125 726 525 48608 23995 23775 14087 5399 1008 891 730 125 13776 24613 1165 153 348 201 9688 8250
internal_count=269094 268651 268566 56583 6899 337 49684 1076 6562 437 6125 726 525 48608 23995 23775 14087 5399 1008 891 730 125 13776 24613 1165 153 348 201 9688 8250
is_linear=0
shrinkage=0.05


Tree=74
num_leaves=31
num_cat=0
split_feature=5 1 5 6 2 6 6 1 2 4 4 2 4 5 1 5 6 0 5 1 1 0 0 1 0 0 2 6 5 1
split_gain=0.186444 0.316241 0.222787 0.271756 0.20043 0.193203 0.176791 0.17623 0.306856 0.249486 0.178931 0.169704 0.312318 0.306563 0.31688 0.93494 0.465618 0.416087 0.903603 0.398557 0.422216 0.31593 0.412948 0.315248 0.304398 0.302642 0.287357 0.287059 0.281959 0.28554
threshold=84.36679887914751 0.2068991669203544 86.352263577446465 1.5361869485606656 0.65459219715740546 1.3588892404331807 3.4582492346713782 0.09310529808872571 0.24887111530462872 1.3422113471485175 0.89317498498260806 -0.046906596475218269 -0.240047222390287 26.099290774959027 -0.032602569338200042 31.137582650300093 1.4726051119868486 -0.07805826330971298 26.736391577725808 -0.016364762769633886 0.14460248547869184 -0.022387377803962601 0.056741931854283674 -0.016893621152957058 -0.025261703532264587 0.089574882243653522 0.15443695257483639 1.7202531394024461 46.00370341198559 -0.0075543219974485423
decision_type=10 10 10 10 8 8 8 10 8 8 10 8 10 8 8 10 8 10 10 8 10 10 10 8 10 10 10 10 10 10
left_child=11 7 5 4 -4 -3 -7 8 10 -9 -2 12 25 -13 15 -15 26 19 21 -16 -21 24 23 -23 -19 28 -17 -27 -1 -30
right_child=1 2 3 -5 -6 6 -8 9 -10 -11 -12 13 -14 14 17 16 -18 18 -20 20 -22 22 -24 -25 -26 27 -28 -29 29 -31
leaf_value=2.4460057921688431e-05 0.0011797020753927401 0.00083196479737615364 9.8502662801585195e-05 0.00075110898373866551 -0.0032857994691849776 -0.0038092307874886739 -0.00034256652823056691 0.0015069493505680362 -0.0010798366440374792 -0.00097622085023549906 -0.00029508989231445221 -0.00057557254328621246 0.00023223748039827684 -0.00071324501323088811 0.0022978799433672225 7.4161259077133021e-05 0.00092124719553240617 0.0001443376392911005 -8.073702161469717e-05 -0.0015207869400314517 0.001668653567827752 -0.00062092750417623978 -0.00030953533020340379 0.0013681450767226478 -0.0031235008769167159 0.0040609288542123329 0.0005255910070565338 -0.00037059384086469732 -0.00016650348173624402 -0.0010660377236610316
leaf_weight=82296 690 52 87 409 88 111 55 840 303 115 293 2606 18223 3123 87 23414 2061 825 119126 1062 115 218 555 2310 78 89 4150 62 4557 1094
leaf_count=82296 690 52 87 409 88 111 55 840 303 115 293 2606 18223 3123 87 23414 2061 825 119126 1062 115 218 555 2310 78 89 4150 62 4557 1094
internal_value=-6.79806e-07 0.000388477 -0.000463567 4.55872e-05 -0.00160332 -0.00182754 -0.00266064 0.000693402 0.000311308 0.00120793 0.000740115 -5.13084e-06 4.38152e-05 -3.77108e-05 -2.879e-05 0.00010959 0.000196331 -6.52251e-05 -5.59586e-05 -0.000967773 -0.00120916 0.000684573 0.000925482 0.00119662 -0.000137934 4.84017e-06 0.000142128 0.00224136 1.00019e-06 -0.000340648
internal_weight=269094 3043 802 584 175 218 166 2241 1286 955 983 266051 106321 159730 157124 32748 29625 124376 123112 1264 1177 3986 3083 2528 903 88098 27564 151 87947 5651
internal_count=269094 3043 802 584 175 218 166 2241 1286 955 983 266051 106321 159730 157124 32748 29625 124376 123112 1264 1177 3986 3083 2528 903 88098 27564 151 87947 5651
is_linear=0
shrinkage=0.05


Tree=75
num_leaves=31
num_cat=0
split_feature=7 8 2 5 6 6 7 0 2 8 0 5 5 6 1 7 8 1 1 6 7 8 7 5 5 7 1 7 1 7
split_gain=0.185867 0.279522 0.404355 0.587057 0.385721 0.373432 0.272496 0.275352 0.258123 0.430635 0.228158 0.209732 0.196993 0.195819 0.194223 0.178349 0.168727 0.180054 0.301042 0.545253 0.58181 0.226001 0.168432 0.162201 0.213547 0.590596 0.244809 0.242276 0.271061 0.196979
threshold=0.073071248271039071 1.0000000180025095e-35 0.42303513137429588 56.016597496814796 1.236330386394894 0.43178115732243499 0.079061678468717936 -0.022784359495473413 -0.32084279149985417 0.16961907320596217 -0.028467402368874569 11.189191036564852 50.505246866188351 1.4310490402666254 0.043139448846459046 0.012320847569716444 0.95132488019122674 0.2068991669203544 0.15147380262110979 2.1979525349369644 0.052306130992699713 0.96074607427254322 0.079061678468717936 82.721296622103907 81.358519548871314 0.055933224678610928 0.090780493495887696 0.033571281333631749 0.12775959273898144 0.052946406917865098
decision_type=10 10 10 10 10 10 10 10 8 8 10 8 10 8 10 10 10 10 10 10 10 10 10 10 10 8 10 10 10 10
left_child=8 2 3 6 22 -3 12 -8 9 14 -5 13 -2 15 -1 -10 23 18 -18 20 21 -20 -4 24 -13 26 -26 28 -28 -25
right_child=1 5 4 10 -6 -7 7 -9 11 -11 -12 16 -14 -15 -16 -17 17 -19 19 -21 -22 -23 -24 29 25 -27 27 -29 -30 -31
leaf_value=0.0010087829981403381 -0.00080195984403374349 0.0024052127524071352 0.0043796581386301948 -0.0012457813395397557 -0.0029924308490008114 -0.0002435819304451596 -0.0009294160223860099 0.0031232976559549572 -0.0017538318040014216 -0.00089624034030872247 -0.0048005027119848737 1.685047452694831e-05 -0.0045838380865104991 -0.0013687353190434885 0.0040576604601334446 -0.00010343915381994674 -0.00038552110069842524 -0.001086044746388144 0.0030760958429760813 -0.0021556480535123821 0.0057876194182987497 0.00017076339417447647 0.00079791320715455374 0.000230859451080454 0.00037167994265525976 -0.0049069475880316581 -0.0017037787756139138 -0.0024714466385561433 0.002482111282069641 0.0014639646827612983
leaf_weight=1039 106 139 52 62 50 3115 95 75 178 331 166 253287 51 461 55 2037 2623 634 89 115 73 270 89 2937 487 78 88 206 69 364
leaf_count=1039 106 139 52 62 50 3115 95 75 178 331 166 253287 51 461 55 2037 2623 634 89 115 73 270 89 2937 487 78 88 206 69 364
internal_value=7.72999e-06 -0.000330563 -0.00120351 -0.0018864 0.000780811 -0.000130434 -0.000528534 0.000858546 1.28282e-05 0.000683959 -0.00383387 9.20556e-06 -0.00203047 -0.000431194 0.00116206 -0.000236067 1.37154e-05 -0.00031685 -0.000163012 0.000903977 0.00171846 0.000891027 0.00211884 1.85985e-05 1.40766e-05 -0.000743016 -0.000360914 -0.00134376 0.00013588 0.000366833
internal_weight=269421 4000 746 555 191 3254 327 170 265421 1425 228 263996 157 2676 1094 2215 261320 3804 3170 547 432 359 141 257516 254215 928 850 363 157 3301
internal_count=269421 4000 746 555 191 3254 327 170 265421 1425 228 263996 157 2676 1094 2215 261320 3804 3170 547 432 359 141 257516 254215 928 850 363 157 3301
is_linear=0
shrinkage=0.05


Tree=76
num_leaves=31
num_cat=0
split_feature=7 5 8 5 5 7 1 0 0 3 1 0 7 7 8 6 1 5 7 8 8 7 1 5 5 5 5 7 7 5
split_gain=0.179826 0.303174 0.264142 0.256068 0.280472 0.302684 0.344913 0.355286 0.344621 0.297514 0.50134 0.636472 0.226483 0.203246 0.31254 0.339194 0.460227 0.335129 0.377492 0.403897 0.355161 0.337062 0.333134 0.304936 0.293988 0.288926 0.28182 0.289912 0.278305 0.29911
threshold=0.055227318600763041 9.7108334254666762 0.88622776003250536 20.320806189805015 54.995216471685168 0.073071248271039071 -0.065664329910240057 -0.050461122088397641 -0.00079354584115232097 1.0000000180025095e-35 0.22843713725094186 0.068097587217287772 0.084054682809110978 0.020317250938672465 0.83677729463455208 0.57828628043297392 -0.0013630170918999538 67.609507282816807 0.038103135004358808 0.85517241207292927 0.8609775726248089 0.027793719009288748 -0.076159483882691267 70.622972347479006 14.634146337756819 48.32920221750436 35.054214223154069 0.053672811631288876 0.049245603936570334 64.554992302937606
decision_type=10 10 8 10 10 10 10 10 10 2 10 10 10 10 8 10 10 10 10 10 8 10 10 10 8 10 10 10 10 10
left_child=13 -2 -3 -4 12 6 -6 -8 -9 10 -10 -12 -5 24 -15 26 17 18 -17 22 -19 -22 25 -23 -1 -20 -16 -28 29 -24
right_child=1 2 3 4 5 -7 7 8 9 -11 11 -13 -14 14 15 16 -18 20 19 -21 21 23 28 -25 -26 -27 27 -29 -30 -31
leaf_value=-0.00060769771268419836 0.0016504108245725471 -6.1926840359183421e-05 0.0027486009275643312 -0.0012952392768842162 0.0030871026626045116 -0.0011983877974383248 0.0035636879794765266 -0.0014454474132269918 0.00019434498829159867 -0.00044202521312553916 0.0081020114158152374 0.0010671649869509984 0.0012822906400338022 1.7464480358245274e-05 -0.00070360530637284847 0.00088595673536795622 0.00015846546638904571 -0.00030981847850207781 0.00015570294203647516 0.0028685356155619957 -0.0002137420554087536 0.0059130462185528719 -0.0001182434802220735 0.0023762415338526755 -3.6289805906710084e-05 0.0030792909899970428 0.00018043748035225462 -0.0026534848175542333 -0.0024615079673325144 -0.0040830812846109569
leaf_weight=2331 231 12905 59 1343 89 650 64 440 421 826 51 87 91 155802 1694 3131 18398 124 433 110 72 95 707 170 65595 105 3048 93 205 51
leaf_count=2331 231 12905 59 1343 89 650 64 440 421 826 51 87 91 155802 1694 3131 18398 124 433 110 72 95 707 170 65595 105 3048 93 205 51
internal_value=7.34349e-06 -0.000148806 -0.000173217 -0.000521723 -0.000569224 -0.000262317 4.529e-05 -9.80246e-05 -0.000226435 0.000160832 0.00105164 0.003667 -0.00113167 1.80297e-05 4.5286e-05 0.000197721 0.000275883 0.000691075 0.000565957 -5.59656e-05 0.00197808 0.00281991 -0.000270286 0.00364415 -5.58987e-05 0.000726292 -0.000183807 9.65296e-05 -0.000827045 -0.000385007
internal_weight=269421 17257 17026 4121 4062 2628 1978 1889 1825 1385 559 138 1434 252164 184238 28436 23601 5203 4742 1611 461 337 1501 265 67926 538 4835 3141 963 758
internal_count=269421 17257 17026 4121 4062 2628 1978 1889 1825 1385 559 138 1434 252164 184238 28436 23601 5203 4742 1611 461 337 1501 265 67926 538 4835 3141 963 758
is_linear=0
shrinkage=0.05


Tree=77
num_leaves=31
num_cat=0
split_feature=4 7 1 7 8 6 9 6 8 0 7 6 7 8 7 8 0 6 8 1 0 7 1 7 7 7 4 7 8 0
split_gain=0.242564 0.297042 0.247208 0.289055 0.369266 0.261093 0.234304 0.316272 0.273331 0.25948 0.25866 0.231126 0.222876 0.235003 0.252927 0.223003 0.241486 0.22117 0.257808 0.38148 0.248114 0.229139 0.214339 0.270117 0.322481 0.405331 0.320593 0.233823 0.199606 0.197985
threshold=1.1173375469307762 0.033123585838905116 0.138593914159612 0.029958485683824681 0.67084183288796218 1.2977721653984642 1.0000000180025095e-35 2.8721210558773405 0.67572241838145319 0.03527687718704265 0.039940116966449654 1.3480971060625997 0.022479251124517274 0.95132488019122674 0.031666770218745262 0.91946033832292196 0.089574882243653522 1.6949258391604467 0.94246965447869058 0.32037338840207635 0.061806535162411642 0.04682658472744345 0.14460248547869184 0.070843092138759015 0.057757133189171216 0.059819200537251725 1.4264144945704402 0.045550372314020794 0.8609775726248089 -0.070991281012234661
decision_type=10 8 10 8 8 10 2 10 8 10 10 10 10 10 10 8 10 10 8 10 10 10 10 8 10 10 10 10 8 10
left_child=2 12 -1 4 -4 -6 7 8 -3 28 -8 -11 -2 15 -15 16 -14 18 20 21 -12 -20 -19 24 26 -26 -24 -28 -10 -5
right_child=1 6 3 29 5 -7 10 -9 9 11 17 -13 13 14 -16 -17 -18 22 19 -21 -22 -23 23 -25 25 -27 27 -29 -30 -31
leaf_value=7.0916536143943843e-06 -0.00045478297728010096 0.00099232912216393751 7.7382186689646922e-05 0.0020345079672846921 0.0056033923597736427 0.0018177560304288073 -0.00099908277536736828 -0.0030646716991923409 -0.002295723848080303 -0.0053064310319799312 -0.00018805266752476907 -0.00167061733936071 0.00044116177993516731 -0.00133483588132908 0.0020637197402090983 0.0015727818794466818 -0.001605428984054293 -0.0011414997540914018 -0.0012396167874006402 -0.0031676599325146529 -0.003998900694063022 0.0017682031948170725 0.0013121352478062112 -0.0023125828050270486 0.0060298058522963213 0.0012475702331586269 0.0013097283471332167 -0.0012136245188481775 0.00016239950245986503 0.00018613452666072232
leaf_weight=253765 1515 168 200 148 69 134 1017 191 115 60 72 161 1759 347 65 399 157 219 96 80 105 186 421 77 57 199 123 362 293 6861
leaf_count=253765 1515 168 200 148 69 134 1017 191 115 60 72 161 1759 347 65 399 157 219 96 80 105 186 421 77 57 199 123 362 293 6861
internal_value=6.97632e-06 -0.000260057 1.54052e-05 0.000300036 0.00160221 0.0031045 -0.000569056 -0.00123727 -0.000799334 -0.00127787 -0.000350013 -0.00265772 3.14589e-05 0.000301593 -0.000798656 0.000497404 0.000273461 -1.94657e-05 -0.000884888 -0.000120249 -0.00244873 0.000744264 0.000300467 0.000555343 0.000745386 0.00231236 0.00030262 -0.000573681 -0.000530454 0.000225164
internal_weight=269421 8244 261177 7412 403 203 4002 988 797 629 3014 221 4242 2727 412 2315 1916 1997 539 362 177 282 1458 1239 1162 256 906 485 408 7009
internal_count=269421 8244 261177 7412 403 203 4002 988 797 629 3014 221 4242 2727 412 2315 1916 1997 539 362 177 282 1458 1239 1162 256 906 485 408 7009
is_linear=0
shrinkage=0.05


Tree=78
num_leaves=31
num_cat=0
split_feature=4 1 5 3 1 2 3 0 5 4 0 4 1 0 6 5 0 4 4 6 6 6 0 0 1 5 0 5 6 6
split_gain=0.218914 0.223105 0.187334 0.37428 0.423811 0.28536 0.443765 0.329756 0.320762 0.323371 0.319217 0.317475 0.520829 0.328706 0.280792 0.276825 0.303114 0.265395 0.441885 0.446179 0.291046 0.333145 0.310541 0.482054 0.264998 0.444763 0.241391 0.370521 0.237038 0.238032
threshold=1.1173375469307762 0.138593914159612 66.155370199676042 1.0000000180025095e-35 0.071906364990049113 0.0064466621577963243 1.0000000180025095e-35 -0.027975805610717271 44.090909069865724 -0.18263252436617203 0.045613811873003514 -0.030882502787409859 -0.016364762769633886 0.025188916876574322 1.1346497903137316 38.378700507953454 0.0080525994727738155 0.30911728107099384 0.3362891616822582 0.88173167874633551 1.6505494143082171 1.2881132953148915 0.045613811873003514 0.056741931854283674 -0.23808310028742327 56.016597496814796 0.036250854993160171 41.927710838423003 1.2881132953148915 0.79882827968685144
decision_type=10 10 10 2 10 8 2 10 10 10 10 10 10 10 8 10 10 10 10 10 8 10 10 10 8 8 10 10 10 8
left_child=1 2 5 14 17 6 8 -8 9 -1 15 12 -10 -14 -4 16 -11 -5 19 -19 21 -20 -23 -24 25 -7 -17 -28 29 -9
right_child=-2 -3 3 4 -6 24 7 28 11 10 -12 -13 13 -15 -16 26 -18 18 20 -21 -22 22 23 -25 -26 -27 27 -29 -30 -31
leaf_value=3.9181837256933085e-05 -0.00024705450564267147 0.00028503409084936512 0.00012466275700156017 -0.00077782349330616379 -0.00052537607075831558 0.0045137736264683577 -0.00016532472158085768 0.00089622722336402539 -2.0354436184959115e-05 0.0006857758460461187 -0.00062546616726667911 4.5626290846674612e-05 -0.00063317964895846356 0.00025094944808820731 0.00057133416668575911 0.00067716951899797072 -0.00081995361766936 0.00063916820995259607 7.5176146633507284e-05 0.0051293522109600344 -0.00070213089173826713 0.00064486451557539725 0.0069926640143225379 0.0011444622575174691 -9.1603235133941394e-05 -0.00049629097191714933 0.00049374833407486664 0.004669563920351164 0.0017290022766102389 0.00010667363442061126
leaf_weight=96972 8244 7412 8756 792 3594 83 1571 2177 12025 673 643 18418 8103 1208 5882 3571 664 149 7214 88 966 1256 51 114 76307 95 116 98 479 1700
leaf_count=96972 8244 7412 8756 792 3594 83 1571 2177 12025 673 643 18418 8103 1208 5882 3571 664 149 7214 88 966 1256 51 114 76307 95 116 98 479 1700
internal_value=6.6275e-06 1.46349e-05 6.73707e-06 0.000126659 -5.59978e-05 -8.65257e-06 3.17784e-05 0.000455694 1.41453e-05 6.08107e-05 0.000424626 -0.000106453 -0.000237733 -0.000518474 0.000304149 0.000556451 -6.2021e-05 0.000102699 0.000173585 0.00230641 0.000120936 0.000213013 0.000912769 0.00295209 -8.71082e-05 0.00183986 0.000774918 0.00240604 0.000679666 0.000550021
internal_weight=269421 261177 253765 28862 14224 224903 148418 5927 142491 102737 5765 39754 21336 9311 14638 5122 1337 10630 9838 237 9601 8635 1421 165 76485 178 3785 214 4356 3877
internal_count=269421 261177 253765 28862 14224 224903 148418 5927 142491 102737 5765 39754 21336 9311 14638 5122 1337 10630 9838 237 9601 8635 1421 165 76485 178 3785 214 4356 3877
is_linear=0
shrinkage=0.05


Tree=79
num_leaves=31
num_cat=0
split_feature=4 7 2 8 6 8 4 5 2 0 6 6 7 5 4 5 7 7 4 7 2 5 7 8 3 2 7 2 8 7
split_gain=0.19757 0.26808 0.257893 0.265395 0.205842 0.264704 0.299034 0.372557 0.256016 0.212245 0.236404 0.205579 0.194795 0.187816 0.288865 0.256457 0.241599 0.345448 0.435754 0.208372 0.196597 0.187429 0.253926 0.257326 0.433206 0.320452 0.497579 0.598691 0.437304 0.418253
threshold=1.1173375469307762 0.033123585838905116 0.32268664290448762 0.9058488064324447 1.6093040268207586 0.95132488019122674 1.3422113471485175 76.247475864889722 0.065049367460316768 0.052427708969265858 1.5361869485606656 1.085577884666143 0.055933224678610928 74.584855952004844 1.1856484800993001 72.636242482043727 0.056835442829510065 0.066940537286215143 1.4264144945704402 0.043054602623442122 0.24887111530462872 66.155370199676042 0.010729015863647379 0.4935107756377779 1.0000000180025095e-35 0.42303513137429588 0.058752616110890658 0.29362218294380887 0.10704082939066545 0.035934833858425629
decision_type=10 8 10 10 10 10 10 10 8 10 10 10 8 10 10 10 10 10 10 10 10 10 8 10 2 10 10 10 10 10
left_child=21 2 -2 -4 5 9 7 11 -6 10 -3 -7 -11 15 19 -10 -16 18 -18 -15 -17 -1 -23 24 25 26 29 28 -28 -24
right_child=1 4 3 -5 8 6 -8 -9 13 12 -12 -13 -14 14 16 20 17 -19 -20 -21 -22 22 23 -25 -26 -27 27 -29 -30 -31
leaf_value=-2.0176771622880849e-06 -2.1370644573204914e-05 -0.00045751421778444972 0.00014825008263993 0.0050732021174375343 0.0016630127837303126 -0.0017356690223095939 0.0027050144349535306 -0.0032457005113828933 -0.00031379653026230089 -0.0035209432253910603 -0.0039377451261603516 0.0017784865975121679 -0.00057054709882083305 -0.00073459468201383374 -0.00095337868247409748 9.0767419125517462e-05 -0.00043354888050514581 -0.0013517185968036454 0.0048197385280128622 -0.0041659603945355724 0.0030481459301765026 0.0011801217355267427 0.00019577783033995126 1.7679217714788646e-05 -0.0026395675402965924 0.0019087488523617515 -0.0045496450396954801 0.0023440965597924506 -0.00061172084149686585 0.0010306292955585201
leaf_weight=228845 4132 339 59 51 155 64 78 100 1219 212 57 119 76 77 905 116 77 114 81 104 109 562 6343 22653 121 327 141 79 141 1965
leaf_count=228845 4132 339 59 51 155 64 78 100 1219 212 57 119 76 77 905 116 77 114 81 104 109 562 6343 22653 121 327 141 79 141 1965
internal_value=6.29613e-06 -0.000234702 4.22387e-05 0.00243164 -0.00052825 -0.00113146 -3.60716e-05 -0.000791565 -0.000315078 -0.00170958 -0.000958457 0.000549492 -0.00274237 -0.000424501 -0.000846621 -2.75215e-05 -0.000560653 0.000746028 0.00225959 -0.00270621 0.00152345 1.39032e-05 0.000126591 0.000107954 0.000332259 0.000372232 0.000314273 -0.00150296 -0.00258068 0.000393236
internal_weight=269421 8244 4242 110 4002 1045 361 283 2957 684 396 183 288 2802 1358 1444 1177 272 158 181 225 261177 32332 31770 9117 8996 8669 361 282 8308
internal_count=269421 8244 4242 110 4002 1045 361 283 2957 684 396 183 288 2802 1358 1444 1177 272 158 181 225 261177 32332 31770 9117 8996 8669 361 282 8308
is_linear=0
shrinkage=0.05


Tree=80
num_leaves=31
num_cat=0
split_feature=0 1 8 8 4 1 8 8 0 8 5 1 8 2 2 4 1 1 2 1 2 8 2 4 2 5 1 1 1 4
split_gain=0.155272 0.54736 0.434753 0.340251 0.347521 0.706036 0.22131 0.222671 0.484295 0.31344 0.293584 0.748238 0.528833 0.512544 0.371811 0.567408 0.580532 0.362373 0.460553 0.351704 0.877941 0.594441 0.561834 0.435297 0.615858 0.424888 0.414354 0.378688 0.32205 0.384222
threshold=-0.054216867469879519 0.09310529808872571 0.81468972556365615 0.25785105679588655 -1.0563087378980653 -0.23808310028742327 1.0000000180025095e-35 0.30721966170443199 0.018789731203352259 0.29613177425924059 38.967239739451657 0.012043736516303418 0.1045648154870117 -0.025826837682047295 -0.15025865227091237 -0.49814658473674905 0.043139448846459046 -0.039728611837739951 -0.13749805356586728 -0.029529180541995988 0.0562167312619909 0.18161289280619045 -0.11316382823439274 -0.030882502787409859 -0.01377161909206087 53.435361912632409 0.12324540571616761 -0.059815160984455377 0.032962389578208191 -0.38020637909664418
decision_type=8 8 10 10 8 10 8 10 10 10 10 8 8 8 10 8 10 10 10 10 10 8 8 10 8 10 10 10 10 10
left_child=1 2 3 4 -1 -6 -2 8 10 -10 11 13 17 -8 15 -13 -17 18 -12 20 -14 27 26 -24 -25 -26 -21 -22 -16 -30
right_child=6 -3 -4 -5 5 -7 7 -9 9 -11 12 14 19 -15 28 16 -18 -19 -20 22 21 -23 23 24 25 -27 -28 -29 29 -31
leaf_value=3.461773109613928e-05 0.0009321595447508331 -0.00089276637261406365 0.004009153683728073 -7.2135090449021387e-05 0.0051488842691967303 0.0007687691620176804 -3.507329162749536e-05 4.6216540158385271e-05 0.0001937218185298585 -0.00095424096338686125 -0.0012870558647927713 0.0023551105547092799 -4.3312752009271147e-05 -0.00053592615947188605 0.00041930152852451632 0.00010683621484138948 0.0013678474141288963 -0.00080478403621405304 0.00014856908874518645 0.00036257634410302231 0.0072549681892269298 0.00097003539316254436 -0.00054499570397311618 0.00031358643848838891 -0.00091613552730606361 -0.00015779070624788514 0.0038110872421465401 0.0018571196429988822 -0.0019310035603266038 -6.7278037052496191e-05
leaf_weight=1839 638 1007 80 3474 95 2915 47056 129440 22180 611 701 477 8608 5730 2444 2703 1378 5160 2751 2709 64 1313 9254 5490 2462 7395 90 66 361 1182
leaf_count=1839 638 1007 80 3474 95 2915 47056 129440 22180 611 701 477 8608 5730 2444 2703 1378 5160 2751 2709 64 1313 9254 5490 2462 7395 90 66 361 1182
internal_value=9.27818e-06 0.000208808 0.000340819 0.000305559 0.000576153 0.000907012 2.06401e-06 -2.21596e-07 -4.6394e-05 0.000162946 -9.08199e-05 -1.91754e-05 -0.000186212 -8.94416e-05 0.000414888 0.000723357 0.000532632 -0.000539503 -0.000142964 -0.000104971 0.000148016 0.00128936 -0.000197773 -0.000274143 -0.000110823 -0.000347204 0.000473461 0.00451452 6.22418e-05 -0.000503315
internal_weight=269673 9410 8403 8323 4849 3010 260263 259625 130185 22791 107394 61331 46063 52786 8545 4558 4081 8612 3452 37451 10051 1443 27400 24601 15347 9857 2799 130 3987 1543
internal_count=269673 9410 8403 8323 4849 3010 260263 259625 130185 22791 107394 61331 46063 52786 8545 4558 4081 8612 3452 37451 10051 1443 27400 24601 15347 9857 2799 130 3987 1543
is_linear=0
shrinkage=0.05


Tree=81
num_leaves=31
num_cat=0
split_feature=7 1 2 1 0 4 5 1 4 0 0 1 5 7 2 0 4 6 1 0 0 5 0 1 1 4 0 7 2 6
split_gain=0.164653 0.312289 0.223717 0.235961 0.317848 0.306775 0.334213 0.2155 0.192455 0.384815 0.209709 0.246059 0.374301 0.22088 0.216512 0.209194 0.187371 0.186885 0.401387 0.425399 0.188828 0.275564 0.322947 0.253006 0.471965 0.227389 0.182829 0.181435 0.244421 0.17975
threshold=0.02169689937894281 0.32037338840207635 0.14049137795938263 0.066761192556678242 0.081793937462988034 0.74308898190729644 48.32920221750436 -0.021889051712736859 -0.45379578502954682 0.019211573615185776 0.0069995132596002438 -0.19254923072727534 24.436513577071974 0.017396183076863591 -0.15725568967531342 0.04036654509629601 -0.59635219167300624 1.0270328941827052 0.079401972898997544 -0.0010334850877372623 0.012127726972499754 52.454968652640595 0.0033660487064265392 0.16800697416389279 0.13273324462366434 0.77773351498630372 0.039363937782084919 0.011966459963838884 -0.075981132634322532 1.261350245976679
decision_type=10 10 10 10 10 8 8 10 8 10 10 8 10 8 8 10 10 10 10 10 10 10 10 10 10 10 10 10 10 8
left_child=1 2 3 4 8 -5 -7 -6 9 27 11 12 -10 -13 -12 16 -11 18 19 -8 21 22 23 24 -20 -23 -3 28 -1 -29
right_child=-2 26 -4 5 7 6 17 -9 10 15 14 13 -14 -15 -16 -17 -18 -19 20 -21 -22 25 -24 -25 -26 -27 -28 29 -30 -31
leaf_value=-0.00097330068486402635 3.4267682291649559e-05 -0.00043998473882675177 0.00055989877292932436 0.001298309940228129 0.0023795606029825955 -0.0030539431977143257 -0.00059810624225065112 -0.0012455544323493801 0.00039627078599674078 0.0013867507845648512 -0.0026047345345360366 8.1210300042437351e-05 0.0053275860936712258 -0.0002018345843538095 -0.000282217756967625 0.0039747458223675222 8.4309894875987502e-05 -0.00030130165257411667 0.00052970606549551083 0.0040557547680267212 -0.00033974041150159517 -0.0023184429711060757 0.0047704745205524174 -0.0013096341606077934 0.0060883144632337951 0.001713612159311941 -0.0045036748885327292 7.2939167235111407e-05 -7.1547335730508604e-05 -0.00030650954367999572
leaf_weight=1114 189318 50 1488 687 209 81 73 51 148 573 101 11985 52 16222 15525 53 533 1025 152 150 661 96 69 86 51 55 62 23085 2309 3609
leaf_count=1114 189318 50 1488 687 209 81 73 51 148 573 101 11985 52 16222 15525 53 533 1025 152 150 661 96 69 86 51 55 62 23085 2309 3609
internal_value=8.81427e-06 -5.11545e-05 -4.7472e-05 -5.89476e-05 -7.67183e-05 0.000362555 0.000105307 0.00166848 -8.27435e-05 1.20973e-05 -0.000150107 -6.91792e-05 0.00167841 -8.15704e-05 -0.00029723 0.000906132 0.000759083 0.000211138 0.000588202 0.00253229 0.000217661 0.000941516 0.00169708 0.00096329 0.0019262 -0.000849814 -0.00268953 -2.23081e-05 -0.000365019 2.16381e-05
internal_weight=269673 80355 80243 78755 75569 3186 2499 260 75309 31276 44033 28407 200 28207 15626 1159 1106 2418 1393 223 1170 509 358 289 203 151 112 30117 3423 26694
internal_count=269673 80355 80243 78755 75569 3186 2499 260 75309 31276 44033 28407 200 28207 15626 1159 1106 2418 1393 223 1170 509 358 289 203 151 112 30117 3423 26694
is_linear=0
shrinkage=0.05


Tree=82
num_leaves=31
num_cat=0
split_feature=7 1 2 1 0 6 1 0 6 5 2 5 7 1 7 6 0 0 1 5 0 0 1 5 2 3 5 1 5 0
split_gain=0.148599 0.28184 0.201905 0.212955 0.286858 0.284708 0.257498 0.233048 0.410535 0.253952 0.21711 0.308647 0.211512 0.194488 0.175745 0.205557 0.167198 0.165003 0.155338 0.344576 0.149849 0.148251 0.205438 0.143907 0.143402 0.214136 0.176846 0.252013 0.423208 0.30811
threshold=0.02169689937894281 0.32037338840207635 0.14049137795938263 0.066761192556678242 0.081793937462988034 2.1979525349369644 0.079401972898997544 -0.0010334850877372623 0.82289008216108028 52.852029999055809 0.014287057180458198 48.32920221750436 0.021221643659886453 -0.021889051712736859 0.021221643659886453 0.72519234197989169 0.0018153063415267125 0.039363937782084919 -0.19254923072727534 24.436513577071974 0.15039605358095179 0.052427708969265858 0.062290126087848792 57.840671386729639 -0.01004470472925467 1.0000000180025095e-35 33.266059503258496 -0.086978427963726276 61.710078240786373 -0.052231862507044972
decision_type=10 10 10 10 10 10 10 10 10 8 8 8 8 10 10 10 10 10 8 10 10 10 10 10 8 2 8 8 8 10
left_child=1 2 3 4 18 6 7 23 9 -9 -8 -12 -10 20 15 16 -4 -3 19 -1 -6 22 -17 -5 25 -20 -26 28 29 -28
right_child=-2 17 14 5 13 -7 10 8 12 -11 11 -13 -14 -15 -16 21 -18 -19 24 -21 -22 -23 -24 -25 26 -27 27 -29 -30 -31
leaf_value=7.3245681043308073e-05 3.255429832859215e-05 -0.00041798545210622253 0.00076207599595363724 -0.0014923160639377911 0.0031600798135160511 -0.00095555442441314315 0.0015937478030294491 0.00069634110236970284 0.00056121699217287512 0.0048087657502576438 -0.0031712919404428153 0.00013179979541632535 0.0039320455715194562 -0.0011832767604466748 0.0020399155596282051 0.00050066974857517746 0.0044628721145986055 -0.0042784912271365046 -4.1507967248442969e-05 0.0042964044376276435 0.00026785035760929952 0.0027427806496584362 -0.00091221490205054077 0.001059705635348759 -0.00073811666894836483 0.00073095061467216816 0.0043544216685695572 -0.00011311309061497147 -0.0015137050831374337 -1.490296399859716e-05
leaf_weight=188 189318 50 76 109 144 372 240 52 443 135 74 1597 52 51 171 745 51 62 43667 65 65 52 393 112 1295 916 50 28164 755 209
leaf_count=188 189318 50 76 109 144 372 240 52 443 135 74 1597 52 51 171 745 51 62 43667 65 65 52 393 112 1295 916 50 28164 755 209
internal_value=8.37355e-06 -4.85968e-05 -4.50984e-05 -5.60003e-05 -7.28823e-05 0.000344427 0.00051628 0.00121207 0.00166932 0.0036652 0.000187498 -1.44772e-05 0.000915324 0.00158506 0.000531904 0.000336103 0.00224822 -0.00255505 -7.86063e-05 0.00115825 0.00226058 0.000132036 1.27403e-05 -0.000198984 -8.27755e-05 -2.56371e-05 -0.000166371 -0.000140995 -0.000915425 0.000828596
internal_weight=269673 80355 80243 78755 75569 3186 2814 903 682 187 1911 1671 495 260 1488 1317 127 112 75309 253 209 1190 1138 221 75056 44583 30473 29178 1014 259
internal_count=269673 80355 80243 78755 75569 3186 2814 903 682 187 1911 1671 495 260 1488 1317 127 112 75309 253 209 1190 1138 221 75056 44583 30473 29178 1014 259
is_linear=0
shrinkage=0.05


Tree=83
num_leaves=31
num_cat=0
split_feature=2 7 4 7 4 7 3 7 4 7 0 7 2 6 0 4 0 0 2 2 4 5 7 7 7 5 0 4 5 4
split_gain=0.145023 0.431255 0.300907 0.535991 0.399908 0.651327 0.398132 0.750047 0.755595 0.331326 0.217324 0.208482 0.182456 0.17326 0.172532 0.232367 0.314593 0.247583 0.160284 0.150064 0.274439 0.238064 0.238053 0.197156 0.455589 0.320902 0.263215 0.194492 0.225869 0.19004
threshold=0.3897788632604014 0.036494476576477579 0.66926294623214633 0.04728594744409189 1.5441925810724568 0.052946406917865098 1.0000000180025095e-35 0.079061678468717936 0.40732190437622123 0.043696133150102102 -0.0046380994130100764 0.032677986316878328 0.42303513137429588 0.48697091873904857 0.056741931854283674 0.40732190437622123 -0.059310384195960013 0.0022299030269397062 0.5317431461326293 -0.24845454019078497 -0.47951290906693039 17.609304298399298 0.02946017239278113 0.029711263176090508 0.043696133150102102 33.497390265903363 0.038285554059660616 -0.80139842889733937 7.3442423033744086 -0.70674008885377249
decision_type=10 10 10 10 10 10 2 10 10 10 10 10 10 10 10 10 8 10 10 8 10 8 10 10 10 10 10 10 10 10
left_child=19 11 3 9 -4 -6 7 8 -5 -3 -9 -2 -13 -8 15 17 -17 -15 -7 20 23 -21 -22 29 25 26 -25 -26 -29 -1
right_child=1 2 4 6 5 18 13 10 -10 -11 -12 12 -14 14 -16 16 -18 -19 -20 21 22 -23 -24 24 27 -27 -28 28 -30 -31
leaf_value=0.00030485131923991583 0.00034885278471241085 0.001320788686318944 -0.00033156339562211167 0.0067787731207113681 -0.002478900928802502 0.0062113874513571241 -0.0023966145819653514 0.00058536895199633036 0.0010627916923474153 0.0050590073014490731 -0.0037284126118590521 0.0009114950031895811 0.0040088167581831978 0.00020068645668367896 -0.0022038193225058953 -0.0018603097783046363 0.0012031563088054432 -0.0021357914496454348 0.0025034621564461101 -0.00027116875233558496 -0.0031419663922861219 5.1763881764341793e-06 -0.00017254510746675508 0.0011502050096106728 -0.00048085607608008705 -0.0011196891379139492 0.003787139809690416 0.0032783890668617783 0.00031471873522487042 -0.0010654454285566532
leaf_weight=717 120 150 2646 98 52 55 76 61 141 98 56 72 140 322 79 97 616 175 62 8045 70 249265 1886 1764 924 149 100 68 1178 391
leaf_count=717 120 150 2646 98 52 55 76 61 141 98 56 72 140 322 79 97 616 175 62 8045 70 249265 1886 1764 924 149 100 68 1178 391
internal_value=7.95488e-06 0.000271627 0.000150694 0.000624834 -0.000180952 0.00217715 0.000311678 0.00180081 0.00340658 0.00279799 -0.00147935 0.00201423 0.0029569 -7.66979e-05 6.00854e-05 0.000207894 0.000786387 -0.000622017 0.0042465 2.85599e-06 0.000227243 -3.46376e-06 -0.000278813 0.000414324 0.000571408 0.00111319 0.00129167 6.88286e-05 0.00047646 -0.00017871
internal_weight=269673 5116 4784 1969 2815 169 1721 356 239 248 117 332 212 1365 1289 1210 713 497 117 264557 7247 257310 1956 5291 4183 2013 1864 2170 1246 1108
internal_count=269673 5116 4784 1969 2815 169 1721 356 239 248 117 332 212 1365 1289 1210 713 497 117 264557 7247 257310 1956 5291 4183 2013 1864 2170 1246 1108
is_linear=0
shrinkage=0.05


Tree=84
num_leaves=31
num_cat=0
split_feature=0 4 8 6 5 8 6 4 0 2 4 5 5 7 7 6 5 2 0 7 7 0 8 7 8 0 7 2 6 5
split_gain=0.135384 0.470524 0.559463 0.296283 0.295623 0.276701 0.372832 0.268398 0.361699 0.355773 0.312335 0.276586 0.33788 0.261401 0.246132 0.218488 0.203508 0.38381 0.338423 0.227058 0.239757 0.202394 0.201728 0.198176 0.190728 0.420746 0.312965 0.316154 0.781266 0.297451
threshold=-0.054216867469879519 0.5389050432709187 0.81468972556365615 2.349245140747239 58.448584680144791 0.27146047174202975 1.8689944477999509 0.2646784276949064 -0.07805826330971298 0.3897788632604014 0.22887828527695728 59.090252740256197 60.581154083426703 0.055933224678610928 0.084054682809110978 1.0743782764191436 51.095700996458042 -0.051533033238413788 -0.070991281012234661 0.052306130992699713 0.045550372314020794 -0.059310384195960013 1.0000000180025095e-35 0.053672811631288876 0.30721966170443199 0.018789731203352259 0.073071248271039071 0.34107168447774633 1.2698664334211114 76.882066305004102
decision_type=8 10 10 10 10 10 8 8 10 10 10 10 10 8 10 10 10 10 10 10 10 10 8 8 10 10 10 10 10 10
left_child=1 2 4 21 5 6 13 10 23 -10 11 -6 15 16 -15 -13 18 -18 19 20 -1 -3 -2 -9 25 -24 27 29 -29 -27
right_child=22 3 -4 -5 7 -7 -8 8 9 -11 -12 12 -14 14 -16 -17 17 -19 -20 -21 -22 -23 24 -25 -26 26 -28 28 -30 -31
leaf_value=0.0018138511459211604 0.00088881401466880624 -0.0025338871993550462 0.0051379724009104587 0.00070570264916656718 0.0045437002247158574 -0.00028837734379171101 -0.00019803246546272582 -0.0038819379324354884 0.00060830585213295107 0.00490232227962224 0.0047120986872419991 0.00083232578940178263 0.0018902507457890104 -0.00061623111174280106 0.0030233213162122697 -0.0036913996386959171 0.0054386125843756015 0.00079949429034188919 0.0003579877253008363 0.0048312950037036314 -0.00045196312365886927 -0.00016833776135172229 -8.5502493911980524e-05 -0.00040885912092896749 4.1617075213053496e-05 0.00017895192698685821 -0.0010428693062437303 2.1720708096644988e-05 0.0056558291539329153 -0.0014939729137615331
leaf_weight=617 638 308 59 155 57 2497 1932 57 348 56 83 51 220 521 51 56 69 126 1677 51 144 128 107394 147 129440 21705 536 190 91 269
leaf_count=617 638 308 59 155 57 2497 1932 57 348 56 83 51 220 521 51 56 69 126 1677 51 144 128 107394 147 129440 21705 536 190 91 269
internal_value=7.55713e-06 0.000193871 0.000285399 -0.00117191 0.000252716 0.000144081 0.000352224 0.00102933 0.000336921 0.00120352 0.00193079 0.00132963 0.000769374 0.000678728 -0.000291726 -0.00153523 0.000885546 0.00244103 0.000763682 0.00160155 0.0013851 -0.00183941 8.20804e-07 -0.00137928 -1.36134e-06 -4.40938e-05 0.000151029 0.000179783 0.00184629 0.000158472
internal_weight=269673 9410 8819 591 8760 7685 5188 1075 608 404 467 384 327 3256 572 107 2684 195 2489 812 761 436 260263 204 259625 130185 22791 22255 281 21974
internal_count=269673 9410 8819 591 8760 7685 5188 1075 608 404 467 384 327 3256 572 107 2684 195 2489 812 761 436 260263 204 259625 130185 22791 22255 281 21974
is_linear=0
shrinkage=0.05


Tree=85
num_leaves=31
num_cat=0
split_feature=2 1 0 8 0 5 0 0 4 4 2 4 8 2 8 0 5 5 8 1 2 0 1 2 8 2 5 0 5 1
split_gain=0.214557 0.280636 0.600834 0.485166 0.472815 0.526557 0.588973 0.397523 0.342823 0.338407 0.32669 0.322875 0.427364 0.405046 0.36115 0.320875 0.334432 0.314682 0.473492 0.40766 0.315834 0.304163 0.287092 0.27879 0.273062 0.370994 0.300305 0.272509 0.265509 0.261826
threshold=0.0039040319771477265 -1.0000000180025095e-35 0.04036654509629601 0.54917477760649025 -0.054216867469879519 75.099602289294651 0.056741931854283674 -0.056499373782354582 -0.40025479034279504 -0.92919963281544626 0.0039040319771477265 -1.0000000180025095e-35 0.32211996020547135 -0.078576079247292138 0.31831738772629514 0.0013867488772997263 39.954279827720789 28.493462143451811 0.10195031188011575 -0.0092242049070026515 -0.15480182505966114 -0.01419307015493154 0.17857975875780266 -0.066018724736477893 0.10195031188011575 -0.13950913290526754 54.801442114025576 0.10082579029278151 29.607629306072635 -0.17162639202663535
decision_type=10 8 10 10 8 8 8 10 10 8 8 10 10 8 8 10 10 8 8 10 8 10 10 10 8 10 8 8 10 10
left_child=1 2 3 7 -3 10 21 8 -1 28 -6 17 13 14 -13 16 -5 18 23 -20 -21 -7 -23 -11 25 -19 29 -8 -9 -26
right_child=-2 4 -4 15 5 6 27 9 -10 11 -12 12 -14 -15 -16 -17 -18 24 19 20 -22 22 -24 -25 26 -27 -28 -29 -30 -31
leaf_value=0.00027584221012626875 -6.1482384519312175e-05 -0.001013947645692199 0.00069795496414604369 -1.0676084432450022e-05 0.00011375381904085351 0.00019216806443200589 -0.0015203840919759148 -7.0802659035930379e-05 0.0020580810968921369 0.00025410411912269923 -0.00080249893901333184 0.0016874943730120625 -0.00050801673875660409 0.00052451387653414149 0.0065281330817379057 -0.00013295375528653928 0.00090644696414908857 -0.00080826730441214902 -0.00036757262479746267 -0.00096696580731077126 0.00112883449903413 0.0014771466584494149 -0.00065786487520466945 -0.00068498570720073443 -0.0019314660799939225 -0.00025034845558719493 -0.00058737602085463282 0.0002064704148141979 0.0003309209902119965 -8.8651619499607133e-05
leaf_weight=4275 110548 901 2848 1467 47937 808 334 8911 288 12213 993 168 973 1938 50 2129 3083 4189 9189 230 823 2134 170 845 194 10321 3541 723 7639 29858
leaf_count=4275 110548 901 2848 1467 47937 808 334 8911 288 12213 993 168 973 1938 50 2129 3083 4189 9189 230 823 2134 170 845 194 10321 3541 723 7639 29858
internal_value=-7.9714e-06 2.9193e-05 -1.83794e-05 -3.83172e-05 0.000121846 0.000141119 0.000680531 -6.7088e-05 0.000388331 -8.99034e-05 9.51591e-05 -0.000135319 0.000361813 0.000754366 0.00279773 0.000373687 0.00061075 -0.000157104 -6.28479e-06 -0.000260789 0.000671062 0.00102688 0.00131962 0.000193334 -0.000230157 -0.000411418 -0.000151864 -0.000339196 0.000114621 -0.000100548
internal_weight=269720 159172 105172 102324 54000 53099 4169 95645 4563 91082 48930 74532 3129 2156 218 6679 4550 71403 23300 10242 1053 3112 2304 13058 48103 14510 33593 1057 16550 30052
internal_count=269720 159172 105172 102324 54000 53099 4169 95645 4563 91082 48930 74532 3129 2156 218 6679 4550 71403 23300 10242 1053 3112 2304 13058 48103 14510 33593 1057 16550 30052
is_linear=0
shrinkage=0.05


Tree=86
num_leaves=31
num_cat=0
split_feature=2 8 6 1 0 5 4 2 8 0 8 5 8 5 8 5 4 8 0 6 2 0 1 5 0 1 1 0 8 5
split_gain=0.193638 0.266319 0.424816 0.300905 0.498417 0.458702 0.560476 0.821534 0.506225 0.440355 0.388469 0.320462 0.270221 0.264576 0.38053 0.257981 0.415162 0.277887 0.536918 0.445079 0.271567 0.261323 0.344394 0.235299 0.374267 0.310291 0.341188 0.259358 0.233885 0.230721
threshold=0.0039040319771477265 0.7200823421257091 0.40838345894995526 0.045230039706666177 -0.022387377803962601 28.493462143451811 -0.34587254577512 -0.15967739204414053 0.13603785811251509 0.064879818699374772 0.29241979326276563 66.155370199676042 0.20227584126274714 46.962616813212946 0.56703283408178051 43.70314948067567 -0.22397619115681436 0.54917477760649025 -0.0086493679308050613 0.74466395471854219 -0.1146997533716284 0.033538536309326579 0.0042157775487722269 28.493462143451811 -0.010182232955034285 0.079401972898997544 0.070181745785140151 0.0049936423561541829 0.018432200548505692 19.306490255620954
decision_type=10 10 10 8 8 8 8 10 8 10 8 10 10 8 8 8 10 8 10 10 8 10 10 10 10 10 10 10 10 10
left_child=1 3 -3 11 -5 10 7 -7 -8 23 -6 15 -9 14 -11 16 21 19 -19 -17 -18 -1 29 24 -10 26 27 -26 -21 -23
right_child=-2 2 -4 4 5 6 8 12 9 13 -12 -13 -14 -15 -16 17 20 18 -20 28 -22 22 -24 -25 25 -27 -28 -29 -30 -31
leaf_value=-1.0864692710047632e-05 -5.8408265245168793e-05 0.004784928391494885 0.00045124916595804345 -0.00048935950374432422 -0.00033312911077746418 0.0037839601399158001 -0.0010225365437345946 -0.0012388773372601892 -2.9789936835362455e-05 -0.00066333832935645039 -0.0032349772227008391 0.00071059489931886107 0.0019098045801261574 -8.62915633019732e-05 -0.0043754045101021362 -0.00045637394920368325 0.001359958550659787 0.00049166160801480279 -0.00021713629095794037 -0.0020070076239814163 0.00032353992773864656 -0.0011166952027557527 -0.0004406961666075392 0.00035714872864356888 0.0029031795338798679 0.00029462369317925893 0.0056721315311733635 0.0011002809072896524 -3.0530854530182821e-05 0.000768806085039625
leaf_weight=88793 110548 58 2261 2272 499 286 696 174 687 260 150 1543 112 1153 94 10865 762 4739 6125 151 3706 172 924 11288 288 447 56 649 17101 2861
leaf_count=88793 110548 58 2261 2272 499 286 696 174 687 260 150 1543 112 1153 94 10865 762 4739 6125 151 3706 172 924 11288 288 447 56 649 17101 2861
internal_value=-7.57283e-06 2.77333e-05 0.000559638 1.98694e-05 0.000205791 0.000299584 0.000351833 0.00188907 0.000295533 0.000357011 -0.00100382 -5.92629e-06 -5.82708e-06 -0.000453384 -0.00164903 -1.40438e-05 2.95305e-05 -0.000122717 9.20494e-05 -0.0002057 0.000500297 6.85251e-06 0.000404417 0.000448048 0.000930451 0.00138857 0.001881 0.00165443 -4.78302e-05 0.00066188
internal_weight=269720 159172 2319 156853 19111 16839 16190 572 15618 14922 649 137742 286 1507 354 136199 97218 38981 10864 28117 4468 92750 3957 13415 2127 1440 993 937 17252 3033
internal_count=269720 159172 2319 156853 19111 16839 16190 572 15618 14922 649 137742 286 1507 354 136199 97218 38981 10864 28117 4468 92750 3957 13415 2127 1440 993 937 17252 3033
is_linear=0
shrinkage=0.05


Tree=87
num_leaves=31
num_cat=0
split_feature=2 1 0 0 5 2 5 4 6 6 0 5 2 5 0 1 5 0 2 5 3 1 6 1 5 3 4 4 5 2
split_gain=0.174758 0.239343 0.520005 0.555752 0.36505 0.326922 0.237052 0.402245 0.25859 0.772975 0.377849 0.282651 0.563769 0.229565 0.243379 0.227028 0.303165 0.341081 0.291891 0.250141 0.26967 0.31958 0.243905 0.341527 0.842489 0.327181 0.324133 0.28305 0.374553 0.28037
threshold=0.0039040319771477265 0.071906364990049113 -0.032696969171048855 0.056741931854283674 44.284125602012338 -0.085033167916594807 33.497390265903363 -0.3528066901266495 0.4247346127170098 0.50716150775313829 0.00096805421103585154 35.89881648927193 -0.1705184062372789 48.32920221750436 0.076313887081616474 -0.052799211351304713 30.888761160743723 0.021426348320916725 0.059678156735150541 72.636242482043727 1.0000000180025095e-35 -0.039728611837739951 0.96482550934878264 -0.060721062618595771 65.589279665839854 1.0000000180025095e-35 0.37129417159447992 0.29995240434532638 67.609507282816807 0.28079413032914996
decision_type=10 8 8 10 8 8 8 10 8 8 10 8 8 10 10 10 10 10 10 10 2 10 10 10 10 2 10 10 10 10
left_child=1 -1 -3 6 -5 13 7 -4 -8 10 -10 12 -11 -6 -15 16 -2 18 -18 -17 -21 -22 25 -24 -25 29 27 28 -27 -20
right_child=15 2 3 4 5 -7 8 -9 9 11 -12 -13 -14 14 -16 19 17 -19 22 20 21 -23 23 24 -26 26 -28 -29 -30 -31
leaf_value=9.3888444970447332e-06 -0.0010174183550712076 -0.00079971740920040829 0.0011969519719748209 -0.0021981192405686181 0.0046826480444556538 -0.00044915008265911853 -0.002193127100177794 -0.0016481182724497796 0.0067084674536569151 0.0064614172225507596 0.0012383452510995861 0.00050139183236038961 0.00064302012444172494 -0.0017880178834223806 0.0029188566596100207 -0.0001168582361721556 -2.6891842020701442e-05 -0.00066606500281967806 0.00066459086653858552 0.00030589275437050849 0.002966790364683702 -0.00011245691740163005 0.00072778869184178161 0.0012828998480247157 0.0082853123355932819 9.6702865625464723e-05 -0.0020378320126478028 0.0021553393649264767 -0.0036219775310850572 0.0029969643876199418
leaf_weight=147861 525 1072 206 263 52 1189 83 313 76 60 54 7697 136 53 57 81402 4001 1002 1764 7982 85 9701 1193 210 54 2073 187 160 70 139
leaf_count=147861 525 1072 206 263 52 1189 83 313 76 60 54 7697 136 53 57 81402 4001 1002 1764 7982 85 9701 1193 210 54 2073 187 160 70 139
internal_value=-7.19419e-06 2.63467e-05 0.000248025 0.000357721 -0.000493827 -0.000162052 0.000517072 -0.000518861 0.000583399 0.000612123 0.00443626 0.000549138 0.00242416 0.00194511 0.000650999 -5.54879e-05 0.000156052 0.000212817 0.000302213 -7.97582e-05 9.0211e-05 -8.5711e-05 0.000527298 0.0010879 0.00271521 0.000341366 -3.58609e-05 0.000126696 -2.47659e-05 0.000834953
internal_weight=269720 159172 11311 10239 1614 1351 8625 519 8106 8023 130 7893 196 162 110 110548 11378 10853 9851 99170 17768 9786 5850 1457 264 4393 2490 2303 2143 1903
internal_count=269720 159172 11311 10239 1614 1351 8625 519 8106 8023 130 7893 196 162 110 110548 11378 10853 9851 99170 17768 9786 5850 1457 264 4393 2490 2303 2143 1903
is_linear=0
shrinkage=0.05


Tree=88
num_leaves=31
num_cat=0
split_feature=7 5 2 8 6 8 9 2 4 8 2 7 5 4 5 6 7 2 4 8 6 5 7 2 2 4 8 7 8 7
split_gain=0.29363 0.30804 0.20221 0.372842 0.200637 0.194189 0.177485 0.434484 0.633358 0.228153 0.394246 0.689336 0.921984 0.343868 0.34011 0.330253 0.248364 0.199226 0.195135 0.173805 0.166456 0.168984 0.250804 0.188495 0.295529 0.360085 0.374878 0.35722 0.712121 0.353323
threshold=0.068895718469190556 80.202179339743097 -0.32084279149985417 0.20227584126274714 0.43178115732243499 0.84274905879301187 1.0000000180025095e-35 0.42303513137429588 1.1173375469307762 0.94246965447869058 0.28079413032914996 0.079061678468717936 66.705135707503814 -0.19951669932723329 66.155370199676042 0.89705518832092135 0.079061678468717936 -0.18265794825493178 0.5027545543433326 0.91946033832292196 1.0000000180025095e-35 71.003441841506728 0.010729015863647379 0.0039040319771477265 0.15443695257483639 0.29087327050483608 0.8609775726248089 0.032390809754010451 0.76130113397639287 0.049831260130964027
decision_type=10 10 8 8 10 8 2 10 10 8 10 10 10 10 10 10 10 10 10 8 8 8 8 8 10 10 8 10 10 10
left_child=2 4 3 -1 -2 -3 9 -8 -9 -6 13 12 18 16 15 -13 17 -11 -12 -7 -4 23 -23 -22 29 -26 27 28 -27 -25
right_child=1 5 20 -5 6 19 7 8 -10 10 11 14 -14 -15 -16 -17 -18 -19 -20 -21 21 22 -24 24 25 26 -28 -29 -30 -31
leaf_value=0.0011757279853585835 0.00094658168730612613 0.00041097201506740279 0.0022505771905565694 -0.0008531862066760011 -0.00025421820567552529 -0.0051240053692008141 -0.0015413375034723886 0.007295451396802332 -0.00054654322224310958 0.00089352195455621075 0.0011334700230509042 0.0021326469766271266 0.0062466034907157778 -0.0030638773616409334 -0.0052268137948946487 -0.0034009790621124785 0.0018452258165925742 -0.0028791452641530879 -0.0029758756971344927 -0.0018069659882582658 1.8524696413825517e-05 0.0012968649766958154 9.3806546858486462e-05 -8.7827559917385363e-05 0.00051868272244462487 0.00097221656643833399 0.0003490354749269344 -0.00040658280830271443 -0.001040327701328953 -0.00052134175236631609
leaf_weight=879 316 56 82 305 4489 61 82 51 52 52 65 56 81 311 60 52 75 107 52 112 145208 440 28086 66593 4147 1428 4515 6215 635 5057
leaf_count=879 316 56 82 305 4489 61 82 51 52 52 65 56 81 311 60 52 75 107 52 112 145208 440 28086 66593 4147 1428 4515 6215 635 5057
internal_value=-6.83448e-06 -0.00034893 1.12124e-06 0.000653077 -0.000279108 -0.00214817 -0.000348457 0.00117437 0.00333639 -0.000400628 -0.00112207 0.000147195 0.00214598 -0.00197446 -0.00220852 -0.000531691 -0.000526553 -0.00164532 -0.000692906 -0.00297656 -1.82045e-06 -2.52452e-06 0.000112363 -1.65421e-05 -7.40202e-05 0.000113794 -1.74548e-05 -0.000217347 0.000352747 -0.000118425
internal_weight=269720 6130 263590 1184 5901 229 5585 185 103 5400 911 366 198 545 168 108 234 159 117 173 262406 262324 28526 233798 88590 16940 12793 8278 2063 71650
internal_count=269720 6130 263590 1184 5901 229 5585 185 103 5400 911 366 198 545 168 108 234 159 117 173 262406 262324 28526 233798 88590 16940 12793 8278 2063 71650
is_linear=0
shrinkage=0.05


Tree=89
num_leaves=31
num_cat=0
split_feature=7 5 2 7 6 9 2 4 5 5 6 4 4 5 2 4 6 6 2 4 3 2 2 7 2 6 3 7 4 4
split_gain=0.265001 0.278006 0.1876 0.186036 0.181075 0.16018 0.392122 0.571606 0.211599 0.179673 0.421355 0.462579 0.23732 0.196299 0.406316 0.230014 0.173163 0.24334 0.25572 0.365313 0.416645 0.209428 0.363036 0.322359 0.170925 0.22348 0.166652 0.164153 0.161708 0.20658
threshold=0.068895718469190556 80.202179339743097 -0.3627475075192157 0.075517149084893084 0.43178115732243499 1.0000000180025095e-35 0.42303513137429588 1.1173375469307762 53.248969405813519 39.954279827720789 0.69185311402471872 -0.63992103437246917 -0.42105923336609474 48.905996069173035 0.23999290991948866 -0.26383113010512238 1.2698664334211114 1.1753735957338798 0.3897788632604014 0.53019978575856863 1.0000000180025095e-35 0.3897788632604014 0.25839402339364265 0.073071248271039071 -0.10132817990817548 0.60060948237453116 1.0000000180025095e-35 0.075517149084893084 0.40732190437622123 0.29087327050483608
decision_type=10 10 8 10 10 2 10 10 10 10 10 10 10 10 10 10 10 10 10 10 2 10 10 10 10 10 2 10 10 10
left_child=2 4 -1 -3 -2 8 -7 -8 9 -6 24 -12 -13 14 15 -14 17 18 -10 20 -20 22 -18 -23 -11 -26 27 -15 29 -22
right_child=1 3 -4 -5 5 6 7 -9 16 10 11 12 13 26 -16 -17 21 -19 19 -21 28 23 -24 -25 25 -27 -28 -29 -30 -31
leaf_value=0.0010165739486062959 0.00089925260475911856 -0.0035624918913050932 -6.8692494763314835e-07 -0.00070612251469445589 -0.00038342588380629503 -0.0014642706285685121 0.0069306786925367571 -0.00051921610541355156 -0.0013389346885842306 0.0011353955761143496 0.0053340081530526134 -0.001751764281863257 0.0031653997028628605 0.00080238087118939612 0.0054672784905767805 -0.00022276024610619062 -0.00022959075608274101 -0.0031400974941789175 0.0041549268409960555 -0.0016248664747725166 0.00047862157693759257 0.0018893315612951976 0.0036514698765936424 -0.0023726740378576024 -0.0004842630525472687 -0.0034078298492685836 0.0016035838158131811 -0.0024788113322430924 0.0017666941988281908 -0.0025877985866235432
leaf_weight=454 316 107 263136 122 2107 82 51 52 971 76 60 83 78 72 66 140 196 122 77 237 152 63 87 150 182 102 112 81 100 86
leaf_count=454 316 107 263136 122 2107 82 51 52 971 76 60 83 78 72 66 140 196 122 77 237 152 63 87 150 182 102 112 81 100 86
internal_value=-6.49276e-06 -0.000331484 1.06518e-06 -0.00204076 -0.000265152 -0.000331034 0.00111565 0.00316957 -0.000380597 -0.000116978 0.000416677 0.00113842 0.000740107 0.00111684 0.00203012 0.000989517 -0.000752203 -0.000986529 -0.000824646 -5.87343e-05 0.000835659 7.21872e-05 0.000963527 -0.00111208 -0.000970679 -0.00153428 0.000138072 -0.000934721 7.94947e-05 -0.000629413
internal_weight=269720 6130 263590 229 5901 5585 185 103 5400 3159 1052 692 632 549 284 218 2241 1745 1623 652 415 496 283 213 360 284 265 153 338 238
internal_count=269720 6130 263590 229 5901 5585 185 103 5400 3159 1052 692 632 549 284 218 2241 1745 1623 652 415 496 283 213 360 284 265 153 338 238
is_linear=0
shrinkage=0.05


Tree=90
num_leaves=31
num_cat=0
split_feature=1 7 2 0 0 0 0 7 6 8 6 1 1 8 8 0 0 0 1 4 4 6 0 4 7 7 8 6 7 4
split_gain=0.182563 0.256028 0.564485 0.448141 0.298192 0.38257 0.267302 0.251206 0.24417 0.363158 0.238912 0.194294 0.187542 0.185168 0.181381 0.242204 0.351773 0.253211 0.214832 0.159377 0.190799 0.14609 0.160949 0.144841 0.139226 0.138773 0.160294 0.183932 0.13764 0.362922
threshold=-0.13975089850557351 0.044028506789199028 -0.20524185014866811 -0.0053768259236345308 -0.0029536280684057665 0.0035908044237208396 -0.0071023756736813262 0.027208323080054719 0.95566352544280153 0.32211996020547135 0.97398537477434799 -0.15738888560099426 -0.19254923072727534 0.04761904757553595 0.22447098423516193 0.081793937462988034 0.061806535162411642 0.15039605358095179 -0.14738400708105606 -1.4263930892379502 -0.78563246780086693 2.4440655663061612 -0.043478260869565126 -0.95248443962480367 0.034532214767357947 0.041538599729037541 0.20528607269751348 0.87380071825851158 0.054473624498138536 1.3422113471485175
decision_type=10 10 8 10 10 10 10 10 10 10 10 10 10 10 8 10 10 10 8 10 10 10 10 10 10 10 8 10 10 10
left_child=1 2 3 7 10 12 -3 -1 -8 -10 25 -5 -6 21 23 16 18 -17 -16 -12 -21 22 -9 -7 -13 26 27 -4 -2 -30
right_child=28 6 4 11 5 14 8 13 9 -11 19 24 -14 -15 15 17 -18 -19 -20 20 -22 -23 -24 -25 -26 -27 -28 -29 29 -31
leaf_value=-0.00086613073931508799 -3.8452334185396133e-06 0.00017756926454562136 0.0005940026071920597 0.0020078095798627855 0.0036672225093158581 0.00051047358750733304 -0.001544105687855579 0.0025497707252778567 -0.00053803312572307056 0.0035540279078607761 0.00058286225373345001 0.0031930705501450108 0.00079982676530641547 -0.00026158594292467909 -0.0015722741738780973 0.0032753062043297063 -0.0035363638008089914 -0.00063548119258925772 0.00056848759733361856 -0.0017765503776342912 0.001189970426757129 -0.00081611194080068628 0.00091333504738642327 0.0041071930248290298 0.0067392361168749637 -0.0017207431927963625 1.9139309004115228e-05 0.0035385287820912819 -0.00019062612591173091 0.0013033983675734117
leaf_weight=172 244460 2032 241 146 150 57 538 342 389 63 127 62 92 166 149 111 73 66 549 431 62 57 268 55 50 100 2019 68 16111 417
leaf_count=172 244460 2032 241 146 150 57 538 342 389 63 127 62 92 166 149 111 73 66 549 431 62 57 268 55 50 100 2019 68 16111 417
internal_value=-5.80295e-06 0.000220389 0.00042016 0.00135071 0.000149978 0.000783374 -0.000150662 0.000873512 -0.000824364 3.23205e-05 -0.000120587 0.00320958 0.00257714 0.00123272 0.000373855 0.000149044 -0.000233883 0.00181705 0.000111506 -0.000996599 -0.00140348 0.00160461 0.00183081 0.00227672 0.00477618 0.000103106 0.000181451 0.00124199 -1.32867e-05 -0.000152932
internal_weight=269623 8635 5613 1263 4350 1302 3022 1005 990 452 3048 258 242 833 1060 948 771 177 698 620 493 667 610 112 112 2428 2328 309 260988 16528
internal_count=269623 8635 5613 1263 4350 1302 3022 1005 990 452 3048 258 242 833 1060 948 771 177 698 620 493 667 610 112 112 2428 2328 309 260988 16528
is_linear=0
shrinkage=0.05


Tree=91
num_leaves=31
num_cat=0
split_feature=5 1 8 2 8 0 0 7 1 2 8 0 2 5 1 0 0 8 2 8 2 4 7 0 1 5 2 8 0 0
split_gain=0.176528 0.464564 0.314049 0.523949 0.424605 0.300815 0.282563 0.318552 0.565746 0.44159 0.481628 0.414695 0.404437 0.391161 0.31916 0.368486 0.383999 0.480878 0.392538 0.389366 0.546566 0.452287 0.639533 0.987053 0.587838 0.438575 0.314902 0.297087 0.289473 0.497913
threshold=71.003441841506728 -0.088746941272430643 0.30721966170443199 0.068540010185996883 0.79298332245770065 -0.10995113925832838 -0.062339272320136634 0.054473624498138536 0.22843713725094186 0.30648267736161167 0.82545314673190862 0.11807879403993272 0.46454772059302524 68.881771044823552 0.12775959273898144 -0.039379130652040677 0.10082579029278151 0.51515151440329221 0.21138725944221473 0.0041166789392324803 0.23269160944132808 0.47742145887718607 0.079061678468717936 0.03272600367994339 -0.037089470787727889 25.776397509223937 0.5317431461326293 0.04097852104903988 -0.0048780487804878639 -0.01419307015493154
decision_type=8 8 8 10 10 8 10 8 10 10 8 10 10 10 10 10 10 10 8 10 8 8 8 10 10 10 8 8 10 10
left_child=6 -2 3 -3 5 -4 26 8 9 -8 13 -10 28 -11 15 27 19 18 -18 20 25 22 23 24 -22 -17 -1 -9 29 -12
right_child=1 2 4 -5 -6 -7 7 14 11 10 12 -13 -14 -15 -16 16 17 -19 -20 -21 21 -23 -24 -25 -26 -27 -28 -29 -30 -31
leaf_value=0.00025753689239218646 -0.00098726454258974772 -6.3550064797821907e-05 -0.0017269791277853407 -0.0027481659012092105 -6.0477145883952505e-05 0.00036319943506540111 -2.1000789095315856e-05 0.0031879375379888172 0.0024801256911664276 0.00042661387966363691 0.0018123025122029639 -0.0022648457947345275 -0.0019676074083946958 -0.0027106013042230777 -0.00087320659702255212 0.00067370610487381356 0.0013323072314960884 -0.00066431205832110404 0.0061994954392396136 -0.00012187637590459601 0.0086560752955847416 -0.00066251942443820103 -0.00038812697564751127 -0.0030613935461231306 0.0026087796828101598 -0.0019017156091422295 0.0021483751289728707 0.00036561199067942934 0.0013114428797284588 0.0066334677522536375
leaf_weight=5165 933 721 174 243 11094 16070 216360 99 351 500 162 53 71 124 1768 193 106 145 68 9317 64 1755 345 51 108 1152 230 1603 518 80
leaf_count=5165 933 721 174 243 11094 16070 216360 99 351 500 162 53 71 124 1768 193 106 145 68 9317 64 1755 345 51 108 1152 230 1603 518 80
internal_value=-5.5128e-06 0.000110499 0.000146688 -0.000740274 0.000177964 0.00034081 -1.96217e-05 -2.78354e-05 -1.16954e-05 -1.51626e-05 0.000852983 0.00185764 0.00164127 -0.000196807 -0.000237807 -0.000162945 -0.000251566 0.00146227 0.00323443 -0.000293669 -0.000730036 -0.000265613 0.000960743 0.00304756 0.00485894 -0.00153216 0.000338147 0.000529778 0.00197842 0.00340608
internal_weight=269623 29235 28302 964 27338 16244 240388 234993 218219 217815 1455 404 831 624 16774 15006 13304 319 174 12985 3668 2323 568 223 172 1345 5395 1702 760 242
internal_count=269623 29235 28302 964 27338 16244 240388 234993 218219 217815 1455 404 831 624 16774 15006 13304 319 174 12985 3668 2323 568 223 172 1345 5395 1702 760 242
is_linear=0
shrinkage=0.05


Tree=92
num_leaves=31
num_cat=0
split_feature=1 8 7 0 2 7 6 1 7 4 8 0 0 0 4 2 6 0 7 6 6 8 0 6 1 7 4 2 7 8
split_gain=0.159204 0.233108 0.282164 0.520569 0.246646 0.244603 0.21948 0.26245 0.19561 0.539827 0.218391 0.193208 0.366171 0.201628 0.18663 0.181222 0.25018 0.167724 0.178929 0.15025 0.153293 0.201428 0.148337 0.135395 0.27449 0.276804 0.29292 0.22847 0.133251 0.132033
threshold=-0.13975089850557351 0.20528607269751348 0.045942379692413306 -0.0046380994130100764 -0.18590175023651842 0.027208323080054719 0.61814667560551106 -0.15738888560099426 0.066940537286215143 -0.69248361658208812 0.6111725717874037 0.081793937462988034 0.061806535162411642 0.15039605358095179 -0.94007964123255672 0.11943287493974721 0.80585243110246374 -0.01644265621884133 0.042420322669416401 0.97398537477434799 0.52990710852304213 0.04327412654055534 0.0038129901713771512 0.27650921227003539 -0.0041653021817790728 0.029092281587469383 0.091279182578036591 -0.073446805743991025 0.041827604897578967 0.6111725717874037
decision_type=10 10 8 10 10 10 10 10 10 10 10 10 10 10 10 10 10 10 10 10 10 10 10 8 10 10 10 10 10 10
left_child=1 2 3 4 5 -1 -5 22 10 -10 15 12 -4 -13 -9 -3 -17 18 -7 20 -6 -22 -8 24 -2 -26 27 -27 -21 -25
right_child=23 8 11 6 19 17 7 14 9 -11 -12 13 -14 -15 -16 16 -18 -19 -20 28 21 -23 -24 29 25 26 -28 -29 -30 -31
leaf_value=-0.00071550963706720414 5.0737568562001339e-05 -0.0010578295914196651 9.7920899615128157e-05 -9.4334620371228084e-05 -0.0021135880781803281 0.0011898141793607183 0.0038028757435420307 0.0020435749821371171 0.0041620998411192834 -0.00034855611236900519 0.0016410598819978379 0.0027647505967543667 -0.0029932567966170611 -0.00062424244330913734 0.005226251531104161 -0.0012748380170548978 0.0033895443253864517 -0.00052261054960545149 0.0035470425425187893 -0.0012773641398258614 -0.00016823878079824347 0.0023977941878570164 0.00069168464192030524 -3.4770676337267971e-05 0.00020280554939139015 0.0024757170103575019 0.00030288220824379675 0.0070759187663360593 0.001264742180161799 4.8328690712336585e-05
leaf_weight=204 802 1009 4272 84 50 763 51 74 85 302 96 131 98 66 122 58 57 125 90 366 190 128 154 196736 144 55 57 53 60 63141
leaf_count=204 802 1009 4272 84 50 763 51 74 85 302 96 131 98 66 122 58 57 125 90 366 190 128 154 196736 144 55 57 53 60 63141
internal_value=-5.23716e-06 0.000205989 0.000330214 0.000761797 0.000401525 0.000859367 0.00222963 0.00271644 -0.000337293 0.000642156 -0.000647988 9.76486e-05 2.85993e-05 0.00162935 0.00402463 -0.000843493 0.00103707 0.00118787 0.00143853 -0.000280048 0.000459981 0.00086463 0.00146569 -1.22257e-05 0.000538567 0.00180471 0.00320274 0.00473322 -0.000919321 -1.45804e-05
internal_weight=269623 8635 7028 2461 1976 1182 485 401 1607 387 1220 4567 4370 197 196 1124 115 978 853 794 368 318 205 260988 1111 309 165 108 426 259877
internal_count=269623 8635 7028 2461 1976 1182 485 401 1607 387 1220 4567 4370 197 196 1124 115 978 853 794 368 318 205 260988 1111 309 165 108 426 259877
is_linear=0
shrinkage=0.05


Tree=93
num_leaves=31
num_cat=0
split_feature=5 1 7 2 8 5 7 7 4 8 2 1 7 7 5 5 4 6 5 8 2 7 2 1 8 1 5 4 4 6
split_gain=0.157653 0.699453 0.175547 0.299163 0.457748 0.46643 0.518848 0.332511 0.34729 0.360824 0.312574 0.24055 0.436333 0.671564 0.759081 0.353712 0.386205 0.312598 0.44381 0.293264 0.565701 0.280088 0.247607 0.227368 0.221633 0.338636 0.307005 0.219487 0.221322 0.218963
threshold=82.721296622103907 -0.024187700884355286 0.054473624498138536 0.30648267736161167 0.82545314673190862 76.882066305004102 0.030846398290682961 0.048218597682754084 0.73182799324622916 0.6564396703211085 0.36249146008198335 0.10170033609193742 0.04275317982542725 0.04728594744409189 64.062499894897442 64.304637370408599 0.62118419287325011 0.93440859701951429 70.261214397015564 0.9058488064324447 0.36249146008198335 0.051045454732637836 0.46454772059302524 0.010731513435961017 0.92707669363633938 0.2068991669203544 67.314036753084238 0.97647239300175082 0.53019978575856863 1.381807549578892
decision_type=8 8 8 10 8 10 10 10 10 10 10 10 10 10 10 10 10 10 10 10 10 10 10 10 10 10 10 10 10 10
left_child=2 -2 3 24 7 11 -7 -5 9 -9 -8 12 -6 14 -14 -15 -17 -13 29 20 -16 -18 -20 -11 25 -1 27 28 -27 -19
right_child=1 -3 -4 4 5 6 10 8 -10 23 -12 17 13 15 19 16 21 18 22 -21 -22 -23 -24 -25 -26 26 -28 -29 -30 -31
leaf_value=-5.1751910160765849e-06 -0.00070978243715783017 0.00037444621570284064 -0.00015290266297852885 0.0002868951261422181 0.00064922965796159263 0.0044065456765157917 -0.0019642188651151234 0.0030639635529695897 -0.0036730069170725537 -0.0023979164537740873 0.00020644913390594443 -0.0010981971950134242 0.01023289635024198 -0.0012456634334133319 0.00088247212454337976 -0.00024123142406075115 0.0019749921698045607 0.0017123768559379625 -0.00030925766028712604 0.00010706556877623514 0.0077484597260384664 0.0066671397986869194 0.0032529149419258767 0.00041891154930965993 -0.00037353226454248459 0.0033897525049242714 0.0001242970944478609 0.0032130302440285747 5.3938749764268795e-05 0.0052958825128511175
leaf_weight=229869 1800 8568 20535 824 434 58 246 57 122 180 509 194 51 96 55 83 69 94 307 51 66 59 58 119 4068 68 534 186 185 78
leaf_count=229869 1800 8568 20535 824 434 58 246 57 122 180 509 194 51 96 55 83 69 94 307 51 66 59 58 119 4068 68 534 186 185 78
internal_value=-4.97531e-06 0.000186212 -1.26212e-05 -5.53987e-07 0.000438955 0.000833832 -0.00015072 -0.000321685 -0.00137079 -0.000581822 -0.000500815 0.00130607 0.00182476 0.00278736 0.00487566 0.00127046 0.00241523 0.000622051 0.00124352 0.00328718 0.00462756 0.00413778 0.000256786 -0.00127684 -7.68237e-06 -1.2352e-06 0.000929579 0.00190912 0.000950521 0.00333746
internal_weight=269623 10368 259255 238720 3810 2508 813 1302 478 356 755 1695 964 530 223 307 211 731 537 172 121 128 365 299 234910 230842 973 439 253 172
internal_count=269623 10368 259255 238720 3810 2508 813 1302 478 356 755 1695 964 530 223 307 211 731 537 172 121 128 365 299 234910 230842 973 439 253 172
is_linear=0
shrinkage=0.05


Tree=94
num_leaves=31
num_cat=0
split_feature=5 1 8 8 4 1 4 4 8 7 7 7 5 8 5 1 5 6 7 7 4 4 1 8 6 1 8 6 1 7
split_gain=0.148168 0.39032 0.284252 0.379931 0.266247 0.253077 0.27075 0.224406 0.221513 0.221159 0.362385 0.272842 0.391408 0.315204 0.235435 0.229008 0.220235 0.218222 0.215827 0.211527 0.208966 0.250459 0.206345 0.208713 0.318476 0.214641 0.189927 0.290132 0.184212 0.302266
threshold=71.003441841506728 -0.088746941272430643 0.79298332245770065 0.30721966170443199 0.51183061292236742 -0.028350515463917477 0.46919306990026333 0.30911728107099384 0.31831738772629514 0.02983530351560745 0.038542825624953349 0.043696133150102102 84.36679887914751 0.56260117565321954 74.584855952004844 0.17857975875780266 70.622972347479006 1.0000000180025095e-35 0.02616633882716456 0.028624462016337369 1.5441925810724568 0.81380051105069662 -0.015805004171297595 0.76130113397639287 0.84412295810120741 -0.080369444355017514 0.70008446889021692 0.77138318546841 0.15147380262110979 0.032526501253455693
decision_type=8 8 10 8 10 10 10 8 8 8 8 8 10 8 10 10 10 8 10 10 10 10 10 8 10 10 8 10 10 10
left_child=16 -2 3 4 19 6 -4 -5 18 15 26 12 13 14 -12 -10 17 -1 -9 -3 21 22 23 24 -13 -25 -11 -28 -7 -30
right_child=1 2 5 7 -6 28 -8 8 9 10 11 20 -14 -15 -16 -17 -18 -19 -20 -21 -22 -23 -24 25 -26 -27 27 -29 29 -31
leaf_value=0.0031934742780648315 -0.0009046693601970834 -0.0010823861286833282 -1.0722612166097641e-05 -0.00097940808179591181 -0.0013712865526886318 -0.00021945382553674496 0.0044119967525609984 0.00038935395346444872 0.00062696414095702235 -0.00075350343121351887 0.00063025365144510391 0.0050607064801554847 0.0046597164036550872 0.00011380964712461454 0.0036985434535262009 -0.002314555101138331 -0.00074828394473667342 -1.5228157980960356e-05 0.0049233165727575676 0.0013178736797834821 0.0030741953061750303 -0.00062621316545487086 0.00062262543974658379 0.00025492512870557948 -7.4423715543364078e-05 -0.00060586854659798494 -0.0018982315719714045 0.00064062267898923938 0.0014928003873339751 4.2771350343323452e-05
leaf_weight=53 933 156 74 326 585 7816 65 53 5328 1325 115 52 75 479 137 67 1027 239308 52 223 65 771 3112 2359 72 1045 135 676 414 2725
leaf_count=53 933 156 74 326 585 7816 65 53 5328 1325 115 52 75 479 137 67 1027 239308 52 223 65 771 3112 2359 72 1045 135 676 414 2725
internal_value=-4.72654e-06 0.000101559 0.00013473 0.000261961 -0.000702458 -6.26188e-05 0.00205746 0.000319194 0.000345789 0.00033059 0.00019603 0.00034579 0.00121982 0.000866887 0.00229833 0.000590434 -1.76525e-05 -1.45177e-05 0.00263474 0.000329904 0.000251559 0.000226803 0.00032585 6.40686e-05 0.00207902 -9.33145e-06 -0.000384641 0.000218002 -8.95189e-05 0.000234014
internal_weight=269623 29235 28302 17208 964 11094 139 16244 15918 15813 10418 8282 806 731 252 5395 240388 239361 105 379 7476 7411 6640 3528 124 3404 2136 811 10955 3139
internal_count=269623 29235 28302 17208 964 11094 139 16244 15918 15813 10418 8282 806 731 252 5395 240388 239361 105 379 7476 7411 6640 3528 124 3404 2136 811 10955 3139
is_linear=0
shrinkage=0.05


Tree=95
num_leaves=31
num_cat=0
split_feature=7 2 2 1 5 7 8 4 1 5 8 4 8 2 4 5 1 7 1 1 5 2 8 1 7 5 5 5 4 8
split_gain=0.174635 0.551799 0.526727 0.435631 0.334793 0.31836 0.609941 1.03983 0.704557 0.659908 0.635057 0.53813 0.524246 0.509033 0.505545 0.503774 0.467506 0.377663 0.524506 0.367431 0.362483 0.412002 0.317697 0.353769 0.463272 0.450242 0.361124 0.334927 0.390358 0.342035
threshold=0.036669205911247595 -0.082479211422832363 0.42303513137429588 -0.19254923072727534 30.888761160743723 0.04275317982542725 0.71014492616397173 -0.21559474687226379 0.12775959273898144 75.64042598981753 0.85517241207292927 0.38914920008888487 0.44723325029715799 0.13720367789013468 0.83884699754025072 51.282051236028927 0.013328754538470934 0.058752616110890658 0.051809658994896764 -0.049605159225076904 61.710078240786373 0.19973999517365862 0.39668932116089489 0.062290126087848792 0.066940537286215143 29.332769766351905 48.710601712684358 54.597701116478426 -0.12021761019656536 0.50224926047455021
decision_type=10 10 10 8 10 10 10 10 10 10 10 10 8 10 10 10 10 10 10 10 10 10 8 10 10 10 10 10 10 8
left_child=2 22 3 4 -1 -3 11 19 9 10 14 -7 13 -13 20 -12 -15 18 -17 -8 -9 -22 23 26 25 -25 -2 29 -29 -24
right_child=1 5 -4 -5 -6 6 7 8 -10 -11 15 12 -14 16 -16 17 -18 -19 -20 -21 21 -23 27 24 -26 -27 -28 28 -30 -31
leaf_value=0.001030691481430697 0.00027309286541483561 -0.00033356086962947612 0.0023970441466957849 4.617919509545511e-06 0.0050482477734719103 -0.00039672722480091924 0.0082491856329143052 0.00087375658825329476 -0.0003602915063764585 -0.00080913195382484922 0.0058390832217853697 0.0016362505885402377 -8.2411333668286273e-05 0.003278103355842177 -0.0025194944094109814 0.00054260034371456426 -0.0014478150748778362 -0.00018806064265554704 0.0025026090172266067 0.0024003289631921157 -0.0011305489105292662 0.00041616242088770184 -0.0010947909216247017 -0.0014257587421007789 -0.00075017833394895963 0.0017684888169027986 -0.00060908805534048071 0.0052694841008185632 0.00058592950163428772 -7.15962319257353e-05
leaf_weight=382 11283 18390 231 199492 60 14638 50 2238 3920 878 63 969 4700 64 150 601 287 347 790 58 614 1441 1084 123 303 1070 1293 52 308 3313
leaf_count=382 11283 18390 231 199492 60 14638 50 2238 3920 878 63 969 4700 64 150 601 287 347 790 58 614 1441 1084 123 303 1070 1293 52 308 3313
internal_value=-1.28004e-05 -8.1379e-05 1.08489e-05 8.09196e-06 0.00157606 -0.00016796 -7.22165e-05 0.000225808 0.000178055 0.000474365 0.000654844 -0.000233073 0.000164862 0.0010453 0.000333801 0.00144685 -0.000586109 0.00128763 0.00165576 0.00510813 0.000433496 -4.59693e-05 0.000149445 0.000268858 0.000995729 0.00143916 0.000182392 -0.000203799 0.00126244 -0.000323846
internal_weight=269192 69027 200165 199934 442 50198 31808 11150 11042 7122 6244 20658 6020 1320 4443 1801 351 1738 1391 108 4293 2055 18829 14072 1496 1193 12576 4757 360 4397
internal_count=269192 69027 200165 199934 442 50198 31808 11150 11042 7122 6244 20658 6020 1320 4443 1801 351 1738 1391 108 4293 2055 18829 14072 1496 1193 12576 4757 360 4397
is_linear=0
shrinkage=0.05


Tree=96
num_leaves=31
num_cat=0
split_feature=3 2 8 4 4 2 0 1 4 2 4 8 2 6 0 2 1 6 2 6 1 1 1 8 6 8 2 6 0 4
split_gain=0.126847 0.464839 0.412172 0.638674 0.348097 0.339691 0.307328 0.287839 0.417767 0.297085 0.375209 0.326151 0.284821 0.610066 0.277848 0.235497 0.32294 0.814703 0.231717 0.289147 0.312814 0.273999 0.321131 0.40152 0.4066 0.284055 0.436267 0.334149 0.263327 0.277975
threshold=1.0000000180025095e-35 0.14049137795938263 0.59353702287685184 0.16578027505997298 0.74308898190729644 0.09502747050501216 0.048838080306593652 -0.026582193079394464 -0.44766326763838243 0.3897788632604014 0.3272388760345209 0.44723325029715799 -0.095852632071626462 0.5819273057482256 -0.03403253894659513 0.5317431461326293 0.2068991669203544 0.8161330962061798 0.011655288528068632 0.70486642919293763 0.1047995612843813 0.019906505293905589 -0.031985444252844046 0.80382359519951585 0.85146481948946462 0.71014492616397173 0.36249146008198335 0.74130878642245379 0.011824711433406023 0.39838769196475304
decision_type=2 10 10 10 10 10 10 10 10 10 10 8 10 10 10 10 10 10 10 10 10 10 10 10 10 10 10 10 10 10
left_child=1 -1 3 12 18 -5 -7 8 -3 11 -11 14 13 -2 -10 -9 17 -17 28 20 -20 22 23 -21 -25 26 -23 -27 -4 -30
right_child=2 7 4 5 -6 6 -8 15 9 10 -12 -13 -14 -15 -16 16 -18 -19 19 21 -22 25 -24 24 -26 27 -28 -29 29 -31
leaf_value=-1.2745064971342817e-05 0.0065245433188974855 -0.0017692050631955714 0.00062163776059864513 -0.00053054599767257693 -0.00021870963755035762 -0.001421906519312708 -0.0052754464542010323 0.0001640816082666024 -0.0007241691260312039 0.0011449506622739137 0.0064536024817355431 0.00049376201775463621 -0.00015287056288475291 0.00028889554165429076 0.0028904264859180608 -3.1110374164758345e-05 -0.00024529022934152185 0.0067473588641025596 -0.00017407107892690734 0.00020813736202083684 -0.0022695146565348588 -5.736360378188728e-05 -0.00019471819525695525 -0.00022244261486745371 0.0034863094606986029 0.0019570770499138883 -0.0039622552373136085 0.00041342357607046922 -0.0016352494440586701 0.00055398220608720585
leaf_weight=200568 50 135 3179 1888 14849 1236 54 10181 65 80 57 1104 5965 182 292 101 142 79 8320 3239 182 1545 8271 119 195 372 75 6087 289 291
leaf_count=200568 50 135 3179 1888 14849 1236 54 10181 65 80 57 1104 5965 182 292 101 142 79 8320 3239 182 1545 8271 119 195 372 75 6087 289 291
internal_value=-1.21604e-05 5.50735e-06 -7.88372e-05 -0.000381556 -1.84712e-05 -0.000957842 -0.00158322 0.000304694 0.000901705 0.00112735 0.00335366 0.000918581 -8.60201e-05 0.00163279 0.00223231 0.000206187 0.00153748 0.00294388 7.39719e-05 2.51514e-05 -0.000218928 0.000129415 -2.39342e-05 0.000373633 0.00208076 0.000353849 -0.000238146 0.000502329 0.000442886 -0.000536859
internal_weight=269192 212804 56388 9375 47013 3178 1290 12236 1733 1598 137 1461 6197 232 357 10503 322 180 32164 28405 8502 19903 11824 3553 314 8079 1620 6459 3759 580
internal_count=269192 212804 56388 9375 47013 3178 1290 12236 1733 1598 137 1461 6197 232 357 10503 322 180 32164 28405 8502 19903 11824 3553 314 8079 1620 6459 3759 580
is_linear=0
shrinkage=0.05


Tree=97
num_leaves=31
num_cat=0
split_feature=7 2 2 4 8 8 8 8 1 7 4 1 7 8 7 8 8 1 4 7 7 2 2 4 0 4 8 2 7 7
split_gain=0.161973 0.520051 0.406978 0.337815 0.665366 0.335213 0.306806 0.483803 0.286495 0.394934 0.265386 0.696289 0.332761 0.400482 0.264185 0.389182 0.379762 0.692709 0.440919 0.402368 0.455476 0.428439 0.5339 0.407358 0.377045 0.373964 0.453767 0.940244 0.617594 0.479068
threshold=0.035934833858425629 -0.082479211422832363 0.42303513137429588 -0.38676948585315718 0.50224926047455021 0.39668932116089489 0.54917477760649025 0.56260117565321954 0.062290126087848792 0.066940537286215143 0.031979087282105065 0.037486143618059915 0.048732584943597293 0.53249094879544756 0.04275317982542725 0.12512729655249896 0.73026093693571581 0.11159149277058301 -0.18263252436617203 0.046375553000835915 0.045942379692413306 0.30648267736161167 0.054573968210210551 0.41659463704380001 -0.025261703532264587 0.42480299560766693 0.61989833219557444 0.14049137795938263 0.049245603936570334 0.058752616110890658
decision_type=8 8 10 8 10 8 10 10 10 10 10 10 10 8 8 8 10 10 10 10 10 10 10 10 10 8 8 10 8 10
left_child=2 5 -1 4 -3 8 10 -8 -2 -10 -7 -12 -13 -14 -5 -16 25 18 -18 20 21 22 -20 -23 -24 -17 27 29 -29 -27
right_child=1 3 -4 14 -6 6 7 -9 9 -11 11 12 13 -15 15 16 17 -19 19 -21 -22 23 24 -25 -26 26 -28 28 -30 -31
leaf_value=1.1708819946568435e-05 0.00019488158907054158 -0.00072936356308472491 0.0022627870494902913 -0.00025593051954281683 0.00039500802955394081 -0.00046373713015712226 0.0042493336552458429 0.00026643666248598761 0.0012978564728828017 -0.00071203217783285058 0.004056756055591298 -0.0025400261399741082 0.0046114992217626428 -0.0014474501354076591 0.0027518388014522361 -0.00034116915601890645 0.0052046073685108017 -0.00025714872300340667 0.0034824572691174514 0.00029338399963792352 0.0037975972868853438 0.0067520440355729079 0.0023687880197555554 0.0017928525471986906 -0.00037447679482765367 0.0010865575264607016 -9.208560229166989e-05 -0.0021130284238190179 0.00044393112716947645 0.0038530979546935254
leaf_weight=186951 13463 5536 201 18029 1726 4043 89 532 1264 303 120 115 50 60 126 11815 51 4302 130 4393 156 50 149 241 786 1411 11938 392 594 176
leaf_count=186951 13463 5536 201 18029 1726 4043 89 532 1264 303 120 115 50 60 126 11815 51 4302 130 4393 156 50 149 241 786 1411 11938 392 594 176
internal_value=-1.15524e-05 -7.01318e-05 1.41265e-05 -0.0001417 -0.000462128 0.000151301 -0.000202938 0.000837254 0.000269357 0.000909218 -0.000350149 0.000980973 -0.000659445 0.00130662 -9.91899e-05 -2.22114e-05 -3.17656e-05 0.000226306 0.000575505 0.000535524 0.00123904 0.000944697 0.000480122 0.00264495 6.26852e-05 -0.000132324 3.77195e-05 0.000639979 -0.000572629 0.00139337
internal_weight=269192 82040 187152 62001 7262 20039 5009 621 15030 1567 4388 345 225 110 54739 36710 36584 10258 5956 5905 1512 1356 1065 291 935 26326 14511 2573 986 1587
internal_count=269192 82040 187152 62001 7262 20039 5009 621 15030 1567 4388 345 225 110 54739 36710 36584 10258 5956 5905 1512 1356 1065 291 935 26326 14511 2573 986 1587
is_linear=0
shrinkage=0.05


Tree=98
num_leaves=31
num_cat=0
split_feature=7 2 2 1 2 5 8 1 5 5 5 5 8 2 1 8 7 7 8 5 7 7 5 5 7 8 5 1 3 5
split_gain=0.148842 0.451061 0.43144 0.394274 0.304812 0.30259 0.259833 0.290976 0.379381 0.407412 0.326767 0.280766 0.303974 0.27269 0.32131 0.394816 0.268952 0.252746 0.494755 0.774178 0.551731 0.553279 0.518618 0.35936 0.325828 0.320683 0.344711 0.318037 0.314313 0.745992
threshold=0.036669205911247595 -0.082479211422832363 0.42303513137429588 -0.19254923072727534 -0.081104630092150951 30.888761160743723 0.39668932116089489 0.062290126087848792 33.041957815277904 59.295989284251469 48.710601712684358 54.597701116478426 0.50224926047455021 -0.097092977454388205 0.048367155720096873 0.57600180401789769 0.073071248271039071 0.04275317982542725 0.71014492616397173 65.869427013971674 0.058752616110890658 0.057757133189171216 52.454968652640595 54.211319412778764 0.06094917433654435 0.67084183288796218 76.247475864889722 0.090780493495887696 1.0000000180025095e-35 84.36679887914751
decision_type=10 10 10 8 10 10 8 10 10 10 10 10 8 10 10 8 10 10 10 10 10 10 10 10 10 10 10 10 2 10
left_child=2 6 3 5 -3 -1 7 10 -9 16 -2 12 -8 14 15 -13 -10 28 23 20 21 -20 24 -19 -22 -25 -27 -26 29 -6
right_child=1 4 -4 -5 17 -7 11 8 9 -11 -12 13 -14 -15 -16 -17 -18 18 19 -21 22 -23 -24 25 27 26 -28 -29 -30 -31
leaf_value=0.00098157131389446 0.00025025936727405868 -0.0024106897915722866 0.0021704602153524272 5.058224513497152e-06 -0.00016841704910964834 0.0048010227739966171 -0.001021750559448768 -0.00050765932920105556 0.0019326478260386843 -0.0013411094748415054 -0.00058890827102409712 0.0069220468287690077 -5.7164131697292432e-05 -0.0010769628231752325 -0.00022106624269508757 0.0016530159086903075 -0.0010064063588266865 -0.00040938011381551803 0.00086530445535571647 -0.00016648678057329641 -0.0013941708909034536 0.0043444304737500191 -0.00073742897352200827 0.00010782680660286322 0.0042849134256516307 -0.0010138460868846942 0.0028242080168227757 -0.00033157657093878067 -0.00055153602682914387 0.0039511455585320085
leaf_weight=382 11283 149 231 199492 11024 60 1084 362 924 125 1293 53 3313 99 100 108 85 10556 3618 6169 58 118 1005 8927 126 1037 62 53 7185 111
leaf_count=382 11283 149 231 199492 11024 60 1084 362 924 125 1293 53 3313 99 100 108 85 10556 3618 6169 58 118 1005 8927 126 1037 62 53 7185 111
internal_value=-1.09748e-05 -7.42868e-05 1.08584e-05 8.36324e-06 -0.000152566 0.00150005 0.000134406 0.000242398 0.000901611 0.00135148 0.00016398 -0.000185052 -0.000294965 0.00115741 0.00200493 0.00338754 0.00168506 -0.000145844 -6.04652e-05 0.000207823 0.000671688 0.000975191 -0.000241266 -0.000205767 0.00186272 8.60886e-06 -0.000797323 0.00291802 -0.000293714 -0.000127351
internal_weight=269192 69027 200165 199934 50198 442 18829 14072 1496 1134 12576 4757 4397 360 261 161 1009 50049 31729 11147 4978 3736 1242 20582 237 10026 1099 179 18320 11135
internal_count=269192 69027 200165 199934 50198 442 18829 14072 1496 1134 12576 4757 4397 360 261 161 1009 50049 31729 11147 4978 3736 1242 20582 237 10026 1099 179 18320 11135
is_linear=0
shrinkage=0.05


Tree=99
num_leaves=31
num_cat=0
split_feature=7 2 2 5 8 7 4 1 8 6 1 4 1 8 5 6 6 6 1 5 2 7 2 6 7 4 5 5 8 1
split_gain=0.135023 0.388684 0.371957 0.28842 0.628497 0.651875 0.83258 0.534096 0.6126 0.523098 0.510887 0.461857 0.313759 0.286935 0.4565 0.420682 0.445303 0.350244 0.28267 0.290341 0.32522 0.268455 0.255273 0.251018 0.275197 0.369668 0.297985 0.250685 0.27338 0.506518
threshold=0.036669205911247595 0.42303513137429588 -0.082479211422832363 59.928089866327966 0.71014492616397173 0.041538599729037541 -0.081634386871794737 -0.23808310028742327 0.54066315440122692 0.53852485209868095 -0.059815160984455377 0.83884699754025072 0.17857975875780266 0.48468205419792432 74.584855952004844 1.2787812200896804 1.2977721653984642 1.2125205212079571 0.17857975875780266 45.048183000459765 -0.034263983294332549 0.048218597682754084 -0.081104630092150951 0.50210660955191655 0.06094917433654435 -0.2481743671088876 39.756949441393317 51.873198831565766 0.79298332245770065 0.063716578234004909
decision_type=8 10 8 8 10 10 10 10 8 8 10 10 10 8 10 10 10 10 10 10 8 10 8 8 10 10 10 10 10 10
left_child=1 -1 -2 4 7 27 10 8 -4 -8 -7 13 -11 14 -5 17 21 -15 22 -20 -21 -17 -9 24 -24 -26 -27 28 -6 -30
right_child=2 -3 3 11 5 6 9 18 -10 12 -12 -13 -14 15 -16 16 -18 -19 19 20 -22 -23 23 -25 25 26 -28 -29 29 -31
leaf_value=9.7115482682471145e-06 0.00012768590774859842 0.0020619372074246341 3.2511307564500263e-05 0.0003833091379178389 -0.00046559665130329318 0.0069771469423645432 -0.0013862538521905053 -0.0025748262540899389 0.0072164854849688714 0.0008695424454905397 0.0019279835662241477 -0.00034666980386602824 -0.0012505047600883546 -7.5045057661372378e-06 0.002624075350797739 0.0013030453331209304 0.00051838866515586588 -0.0014169896723960566 -0.0026963760483060747 0.0043275625912226846 0.00065308969595840292 0.0061988814246433325 -0.00018226574422117051 -0.00043198700524723624 -9.2553405918669764e-05 0.0056883319875473638 0.0015244796065877935 -0.0010314502463471954 0.0039199932514426125 -0.0017642875155676543
leaf_weight=190966 18829 231 73 2027 364 76 333 131 50 2434 147 7710 188 16295 256 56 2184 453 52 72 368 56 3355 20679 372 53 227 982 113 60
leaf_count=190966 18829 231 73 2027 364 76 333 131 50 2434 147 7710 188 16295 256 56 2184 453 52 72 368 56 3355 20679 372 53 227 982 113 60
internal_value=-1.0426e-05 1.2191e-05 -6.58695e-05 -0.000127467 -0.000235842 0.000295543 0.000702777 -0.000333983 0.00295283 0.000480456 0.00364877 -1.50156e-05 0.000717533 0.000104882 0.000634573 4.13824e-05 0.000676075 -4.56283e-05 -0.000349956 0.000836809 0.00125437 0.00375096 -0.000373484 -0.000361802 4.01055e-07 0.000940351 0.00231264 -0.000556458 0.00031215 0.00194857
internal_weight=269192 191197 77995 59166 30129 4697 3178 25432 123 2955 223 29037 2622 21327 2283 19044 2296 16748 25309 492 440 112 24817 24686 4007 652 280 1519 537 173
internal_count=269192 191197 77995 59166 30129 4697 3178 25432 123 2955 223 29037 2622 21327 2283 19044 2296 16748 25309 492 440 112 24817 24686 4007 652 280 1519 537 173
is_linear=0
shrinkage=0.05


Tree=100
num_leaves=31
num_cat=0
split_feature=4 9 2 5 8 1 2 7 2 5 7 1 3 5 8 2 7 1 7 2 8 7 4 5 4 5 1 1 7 7
split_gain=0.187063 0.209409 0.446406 0.200064 0.24664 0.345997 0.370463 0.40449 0.338732 0.337267 0.379123 0.333512 0.375064 0.247509 0.242768 0.647478 0.321059 0.302924 0.289854 0.226618 0.291316 0.424144 0.370814 0.407545 0.384391 0.320216 0.293884 0.446506 0.389292 0.311238
threshold=1.1173375469307762 1.0000000180025095e-35 0.3897788632604014 64.803739384027395 0.51933701571380653 0.32037338840207635 0.5317431461326293 0.055933224678610928 0.225079449382973 73.138336581420717 0.065185274809158783 -0.076159483882691267 1.0000000180025095e-35 72.193383674602458 0.24786432093169333 0.015640532069790884 0.026519426707831601 0.0048080225517029848 0.041827604897578967 0.0051465002353683351 0.54917477760649025 0.022693076900447157 -0.41411456341770297 37.990490990513585 -0.85976734206880923 52.065370752628233 0.14460248547869184 0.090780493495887696 0.030087733250814895 0.027676272207392796
decision_type=10 2 10 10 10 10 10 10 10 10 10 10 2 10 8 10 10 10 10 10 10 10 10 10 10 10 10 10 8 10
left_child=3 2 -2 19 5 6 7 11 -9 10 -10 -5 14 -8 15 16 17 -13 -18 20 -1 -22 23 24 -23 26 27 28 29 -24
right_child=1 -3 -4 4 -6 -7 13 8 9 -11 -12 12 -14 -15 -16 -17 18 -19 -20 -21 21 22 25 -25 -26 -27 -28 -29 -30 -31
leaf_value=7.6543454411760674e-06 -0.00043875997989366035 -7.648079855467841e-05 -0.0030909635072782484 0.0042850083634860953 3.1479396427483771e-05 -0.0031475926430074548 0.00040591120817641053 -0.0018783399508211865 -0.00073703931477354543 -0.0025807799225939176 0.003543025452111449 0.0016969159630383546 -0.0016257425163422664 0.0040409774681540661 0.0004796009100365001 -0.0014549566967224405 0.0024944190461375455 -0.0012925059608547189 -0.0011721936038652943 -8.1494757778871054e-05 -0.00012416305181490038 -0.0018453688793766397 -3.0364816765532594e-05 0.0014823501956641063 0.00066207351257289299 0.00067865448166564855 -0.0034096856153557663 0.00208309314487393 -0.00068268341004268027 0.0017033069414626241
leaf_weight=143450 2045 6050 172 54 25018 72 81 381 102 70 105 129 236 111 9349 603 294 247 66 67610 4663 189 862 1547 799 2441 65 235 1661 370
leaf_count=143450 2045 6050 172 54 25018 72 81 381 102 70 105 129 236 111 9349 603 294 247 66 67610 4663 189 862 1547 799 2441 65 235 1661 370
internal_value=5.34527e-06 -0.000228816 -0.000644524 1.27676e-05 0.000120611 0.000307996 0.000329031 0.000293086 -0.000911037 0.000419441 0.00143401 0.000365259 0.000345883 0.00250743 0.000389418 -0.000240247 0.000754956 -0.00026688 0.00182221 -5.01489e-06 2.80715e-05 0.000256316 0.0004735 0.000975707 0.000182411 0.000247534 -8.20516e-05 -1.29032e-05 -0.000183162 0.0004903
internal_weight=269077 8267 2217 260810 36918 11900 11828 11636 658 277 207 10978 10924 192 10688 1339 736 376 360 223892 156282 12832 8169 2535 988 5634 3193 3128 2893 1232
internal_count=269077 8267 2217 260810 36918 11900 11828 11636 658 277 207 10978 10924 192 10688 1339 736 376 360 223892 156282 12832 8169 2535 988 5634 3193 3128 2893 1232
is_linear=0
shrinkage=0.05


Tree=101
num_leaves=31
num_cat=0
split_feature=6 4 0 5 7 0 4 5 2 7 2 6 6 7 5 2 0 0 7 6 0 2 7 4 2 7 2 7 5 0
split_gain=0.188225 0.168216 0.196347 0.188567 0.239863 0.269484 0.470426 0.49551 0.259162 0.276976 0.369135 0.244039 0.281177 0.215246 0.199751 0.198503 0.193043 0.18733 0.194562 0.569233 0.184122 0.321458 0.232757 0.191407 0.236769 0.692162 0.178022 0.428547 0.196984 0.174423
threshold=0.27650921227003539 1.1173375469307762 -0.018548287706632079 65.062388575563773 0.049831260130964027 -0.036923076923076885 0.68978436022049339 65.589279665839854 0.15080085516008138 0.051045454732637836 0.21138725944221473 0.84794815975670168 0.96930806793349611 0.010729015863647379 71.384803105610402 0.0051465002353683351 0.081793937462988034 0.071774098249793319 0.084054682809110978 0.87776125432104735 0.15039605358095179 0.65459219715740546 0.06361128722715019 1.5441925810724568 0.25839402339364265 0.053672811631288876 0.028257707173133809 0.024744768966475917 68.881771044823552 0.064879818699374772
decision_type=8 10 10 10 8 10 10 10 8 8 10 10 10 10 10 10 10 10 10 10 10 10 10 10 8 10 10 10 10 10
left_child=-1 3 -3 15 5 6 7 -5 -6 10 -10 -9 -13 -7 -14 -2 -17 18 29 -20 21 -4 -23 24 25 -22 27 28 -15 -11
right_child=1 2 20 4 8 13 -8 11 9 17 -12 12 14 26 -16 16 -18 -19 19 -21 23 22 -24 -25 -26 -27 -28 -29 -30 -31
leaf_value=0.0006527848454478851 2.3562434206842647e-05 -0.0026693056234055098 -0.00022514893393632172 0.0058306048083449566 -0.00099099715851950934 0.0010670086614064953 -0.00079489935670193725 -0.00087751567496389949 -0.0046185018947081909 0.00020246084054548793 -0.00059244907300588421 0.0043841750392461199 0.00061148386876496688 0.00038882909806686137 0.0026835722061704197 -8.9229028707213319e-05 0.00059561509849052744 -0.00091997113150348313 0.0028271128090564162 -0.0036648167656004754 -0.00032620212789907153 -0.00049707953473373959 -0.0050854108403870935 -0.00020729500202137658 0.00037470782935604408 0.0071267941639111465 7.045381077791491e-05 0.00091394746897987167 -0.00060989948398188604 0.0024310454770198301
leaf_weight=1117 155627 81 7424 62 850 615 294 121 70 3589 305 78 419 996 161 67158 1045 427 50 104 66 52 59 340 185 59 24504 2150 979 90
leaf_count=1117 155627 81 7424 62 850 615 294 121 70 3589 305 78 419 996 161 67158 1045 427 50 104 66 52 59 340 185 59 24504 2150 979 90
internal_value=5.07801e-06 2.37802e-06 -0.000219673 9.44584e-06 0.000115885 0.00017083 0.00092674 0.0015286 -0.000188428 -4.12468e-05 -0.00134398 0.0011862 0.0015657 0.000141492 0.00118667 -7.60879e-06 -7.87359e-05 7.34303e-05 0.000184096 -0.00155705 -0.000195431 -0.000265082 -0.00293592 0.000611988 0.00151056 0.00319161 0.00012161 0.000425496 -0.000106237 0.000256979
internal_weight=269077 267960 8266 259694 35864 30379 1135 841 5485 4635 375 779 658 29244 580 223830 68203 4260 3833 154 8185 7535 111 650 310 125 28629 4125 1975 3679
internal_count=269077 267960 8266 259694 35864 30379 1135 841 5485 4635 375 779 658 29244 580 223830 68203 4260 3833 154 8185 7535 111 650 310 125 28629 4125 1975 3679
is_linear=0
shrinkage=0.05


Tree=102
num_leaves=31
num_cat=0
split_feature=6 4 6 5 8 4 5 8 1 2 3 6 1 5 8 2 6 2 1 9 2 8 5 6 1 4 8 4 2 5
split_gain=0.169873 0.15404 0.207485 0.226167 0.176382 0.145148 0.187137 0.241983 0.304835 0.333018 0.273746 0.268606 0.235835 0.223289 0.215204 0.39998 0.22137 0.209725 0.198192 0.181836 0.390907 0.175969 0.287838 0.195254 0.173121 0.354977 0.472393 0.353907 0.652331 0.537735
threshold=0.27650921227003539 -1.2140863899834828 1.085577884666143 37.177006148992291 0.29241979326276563 1.1173375469307762 65.062388575563773 0.51933701571380653 0.32037338840207635 0.5317431461326293 1.0000000180025095e-35 0.77489056527903322 -0.096978477157520046 72.193383674602458 0.24786432093169333 0.015640532069790884 0.37777817132217473 -0.038946941207282919 0.030525852347334296 1.0000000180025095e-35 0.3897788632604014 0.80916595075554609 76.247475864889722 0.75425518290187721 0.043139448846459046 0.29087327050483608 0.77142856830612294 -0.40719827892798205 -0.16492180462303777 23.699636682426711
decision_type=8 8 8 10 10 10 10 10 10 10 2 10 10 10 8 10 8 10 10 2 10 10 10 10 8 10 10 8 10 10
left_child=-1 2 3 4 -2 6 24 8 9 10 14 21 -13 -11 15 18 -16 -14 -8 20 -7 -9 23 -23 25 26 -3 28 29 -26
right_child=1 5 -4 -5 -6 19 7 11 -10 13 -12 12 17 -15 16 -17 -18 -19 -20 -21 -22 22 -24 -25 27 -27 -28 -29 -30 -31
leaf_value=0.00062014560083582587 0.00078142582648816283 -1.7647294624879681e-05 3.743415842963197e-05 0.0024170383669906703 -0.00087678507277031748 -0.00040350542302516803 0.0010637832100506186 -0.00057132646663849221 -0.0029663856268521607 0.0003858540437431657 -0.0013820934951589425 -0.0025525073447904313 0.003320562786322233 0.0038575317375017966 0.003382075300830747 -0.0012729745147403997 0.0003847223100300324 0.00010994546528048278 -0.00062875143673494984 -6.6716981379455256e-05 -0.0028853742129962656 0.00053719957308038624 -0.00086082557816903485 -0.0012204800952696877 -0.0004375166475074366 -0.00022157082588780794 0.00067623263337850635 6.6572465725518235e-05 -0.00054636297454760082 0.0037750414862945461
leaf_weight=1117 1126 160259 2620 184 187 2045 498 2762 71 80 241 83 51 110 62 572 9557 19116 265 6049 172 1545 675 176 105 21871 2491 34423 292 272
leaf_count=1117 1126 160259 2620 184 187 2045 498 2762 71 80 241 83 51 110 62 572 9557 19116 265 6049 172 1545 675 176 105 21871 2491 34423 292 272
internal_value=4.82411e-06 2.25912e-06 0.000305742 0.000775325 0.00054526 -2.47642e-06 4.19302e-06 0.000110091 0.000299667 0.000320035 0.000284806 2.11126e-05 0.000106972 0.00239577 0.000321479 -0.000273406 0.000404042 0.000118488 0.000475944 -0.000208689 -0.000596055 -0.00029932 1.42369e-05 0.000357448 -1.30928e-05 -3.24428e-05 -7.02699e-06 8.87085e-05 0.0012277 0.00260178
internal_weight=269077 267960 4117 1497 1313 263843 255577 35864 11456 11385 11195 24408 19250 190 10954 1335 9619 19167 763 8266 2217 5158 2396 1721 219713 184621 162750 35092 669 377
internal_count=269077 267960 4117 1497 1313 263843 255577 35864 11456 11385 11195 24408 19250 190 10954 1335 9619 19167 763 8266 2217 5158 2396 1721 219713 184621 162750 35092 669 377
is_linear=0
shrinkage=0.05


Tree=103
num_leaves=31
num_cat=0
split_feature=6 4 5 6 2 0 1 2 8 8 6 0 2 5 8 4 8 8 1 6 1 2 8 5 4 5 8 1 2 6
split_gain=0.15331 0.139021 0.195521 0.147448 0.155202 0.163702 0.155385 0.167423 0.183723 0.176471 0.142657 0.149672 0.14086 0.19056 0.271014 0.241023 0.281486 0.192476 0.182579 0.16348 0.126949 0.182069 0.542212 0.165091 0.126886 0.178814 0.216822 0.274952 0.300828 0.242417
threshold=0.27650921227003539 -1.2140863899834828 41.141141123844569 1.085577884666143 -0.11006045212671516 -0.052231862507044972 -0.12716893308091839 -0.15264933228715913 0.0041166789392324803 0.020329404365286397 0.82654532230866018 -0.043478260869565126 -0.32084279149985417 13.654556564743389 0.060999075736290674 -0.52324214812199099 0.012871287119155065 0.17254817583601204 -0.19254923072727534 0.73816324167196423 -0.0025113258843526549 0.065049367460316768 0.42968295946104235 29.332769766351905 1.1173375469307762 65.062388575563773 0.51933701571380653 0.32037338840207635 0.5317431461326293 0.77489056527903322
decision_type=8 8 10 10 8 10 10 10 10 8 8 10 8 10 10 10 10 10 10 10 10 10 10 10 10 10 10 10 10 10
left_child=20 2 3 4 6 -6 10 9 -9 -8 11 -2 13 15 -15 16 -3 -16 -18 -17 -1 22 23 -22 25 -14 27 28 -27 -28
right_child=1 12 -4 -5 5 -7 7 8 -10 -11 -12 -13 24 14 17 19 18 -19 -20 -21 21 -23 -24 -25 -26 26 29 -29 -30 -31
leaf_value=0.00027201954228274353 -0.0027592073602136225 0.0030571693540240689 0.0025446289198527588 9.3214245718398125e-06 -0.0023735941422242928 0.00036548956353812224 0.0055006542145697914 -0.0015084019307430615 0.0017997782563698333 0.0013963935495121405 0.0011971039872893099 0.00093100758397486074 -1.6224546686720587e-05 -0.00042611785414768487 0.0015567415933358687 0.0014993433757738855 -0.0020192552478639067 -0.00091517210651113835 0.0013378709018586872 -0.0021107904705118768 0.0031436254043894062 -0.00099601487064797248 0.0067277962160296745 -0.0001318198187618691 -0.00019825462974677169 0.00026962498503934669 -0.00028435391665702778 -0.0028180663423074907 0.0022759841140175827 0.00010162325945531654
leaf_weight=825 61 214 94 2563 59 723 55 51 237 50 174 50 217807 866 385 52 54 99 162 79 55 59 50 128 8266 11190 5158 71 190 19250
leaf_count=825 61 214 94 2563 59 723 55 51 237 50 174 50 217807 866 385 52 54 99 162 79 55 59 50 128 8266 11190 5158 71 190 19250
internal_value=4.5829e-06 2.14616e-06 0.000290455 0.000237785 0.000638847 0.000158832 0.00119249 0.00183709 0.00121395 0.00354624 0.000303631 -0.00109695 -2.3526e-06 0.000425363 0.0001035 0.0011999 0.00177193 0.00105112 0.000498589 -0.00067776 0.000589138 0.00148511 0.00211337 0.000852604 -5.47312e-06 8.08891e-07 0.00010427 0.000283771 0.000303123 2.0057e-05
internal_weight=269077 267960 4117 4023 1460 782 678 393 288 105 285 111 263843 1911 1350 561 430 484 216 131 1117 292 233 183 261932 253666 35859 11451 11380 24408
internal_count=269077 267960 4117 4023 1460 782 678 393 288 105 285 111 263843 1911 1350 561 430 484 216 131 1117 292 233 183 261932 253666 35859 11451 11380 24408
is_linear=0
shrinkage=0.05


Tree=104
num_leaves=31
num_cat=0
split_feature=6 0 8 8 5 2 5 1 8 1 8 0 2 5 6 6 2 0 6 8 1 2 0 2 2 5 8 2 6 1
split_gain=0.138362 0.118955 0.320262 0.265287 0.314849 0.306158 0.271417 0.790848 0.401514 0.485106 0.511444 0.465293 0.382789 0.338328 0.371509 0.304871 0.291451 0.284812 0.322765 0.269046 0.543272 0.289647 0.255957 0.328875 0.299362 0.373354 0.276569 0.252333 0.244332 0.243976
threshold=0.27650921227003539 0.010910108500135853 0.47214763640315688 0.6111725717874037 65.062388575563773 0.028257707173133809 43.70314948067567 0.012043736516303418 0.097048649989857641 -0.013026436013790053 0.17254817583601204 -0.059310384195960013 0.029733328756107128 43.303231664960975 0.47010975810972544 0.81951636972007724 -0.11158987858232959 0.0069995132596002438 0.4813804502166108 0.18161289280619045 0.22843713725094186 0.01826285487393298 -0.027027027027027025 0.0039040319771477265 -0.15480182505966114 23.699636682426711 0.3604740832465238 0.29362218294380887 1.3938999483564487 0.11507086535438783
decision_type=8 10 10 10 10 10 10 10 8 10 10 10 10 8 10 8 10 10 8 10 10 10 10 10 8 10 10 10 10 10
left_child=-1 3 -3 4 6 -5 7 -2 16 10 11 15 17 14 -9 -10 -8 28 -19 -11 21 -21 23 -16 25 -24 29 -14 -13 -27
right_child=1 2 -4 5 -6 -7 8 13 9 19 -12 12 27 -15 22 -17 -18 18 -20 20 -22 -23 24 -25 -26 26 -28 -29 -30 -31
leaf_value=0.00055968141343732032 -2.7642305658324162e-05 3.8160830352310701e-05 -0.00016484680245021756 0.00040316437008196845 0.00026773439640881142 6.4417248677429279e-05 -0.0013619824409056398 -0.00049773233192485411 -0.00071831771611219407 -0.00049445992952695252 -4.2162940471656905e-05 -2.4084868595256672e-05 0.0014294038116786105 0.0012408941528215564 -1.0915010120818573e-05 0.0029544939946821985 -0.00035476356699935927 0.0052718045408255421 0.00090282856006653313 1.8260405695880696e-05 0.0045080197349480367 -0.00036455801223005618 -0.00033728232060599591 -0.0030275502766016872 0.00037424951869074883 0.0015100817319011401 -0.0017531113608950568 -0.0020201613224344328 0.0019207251182593373 0.0047258894331823672
leaf_weight=1117 77941 45049 34159 8664 9824 28984 964 1187 70 6638 16135 3638 994 1142 791 293 2817 52 226 11782 63 8510 345 102 6030 1211 62 56 169 62
leaf_count=1117 77941 45049 34159 8664 9824 28984 964 1187 70 6638 16135 3638 994 1142 791 293 2817 52 226 11782 63 8510 345 102 6030 1211 62 56 169 62
internal_value=4.35376e-06 2.03885e-06 -4.93876e-05 2.36195e-05 -5.96847e-06 0.000142374 -2.50006e-05 2.82174e-05 -0.000115249 -7.6657e-05 9.97522e-05 0.000516231 0.000393934 0.000426476 0.000331474 0.00224624 -0.000611563 0.000175069 0.00172005 -0.000218037 -0.000127892 -0.000142285 0.000445884 -0.00035548 0.000538701 0.00112896 0.00150788 0.00124543 6.2249e-05 0.0016667
internal_weight=269077 267960 79208 188752 151104 37648 141280 88873 52407 48626 21633 5498 5135 10932 9790 363 3781 4085 278 26993 20355 20292 8603 893 7710 1680 1335 1050 3807 1273
internal_count=269077 267960 79208 188752 151104 37648 141280 88873 52407 48626 21633 5498 5135 10932 9790 363 3781 4085 278 26993 20355 20292 8603 893 7710 1680 1335 1050 3807 1273
is_linear=0
shrinkage=0.05


Tree=105
num_leaves=31
num_cat=0
split_feature=2 3 1 6 6 7 7 1 6 5 7 6 2 7 5 7 7 1 3 7 6 6 7 5 7 7 7 5 1 1
split_gain=0.105419 0.366211 0.425025 0.593435 0.158642 0.318014 0.324542 0.238987 0.163253 0.205337 0.181808 0.121599 0.117067 0.376246 0.345853 0.456342 0.451567 0.371716 0.450793 0.532906 0.434856 0.347281 0.324627 0.319676 0.266088 0.235621 0.754774 0.383103 0.252602 0.226912
threshold=0.65459219715740546 1.0000000180025095e-35 0.32037338840207635 0.74130878642245379 1.0170115748360005 0.066940537286215143 0.084054682809110978 0.11507086535438783 1.5361869485606656 89.350945490958722 0.075517149084893084 1.1753735957338798 0.3897788632604014 0.036494476576477579 76.882066305004102 0.066940537286215143 0.079061678468717936 0.10798492700206642 1.0000000180025095e-35 0.068895718469190556 0.92996735694619359 0.64523003444401839 0.053672811631288876 60.141572598933898 0.059819200537251725 0.04728594744409189 0.043696133150102102 75.099602289294651 0.058139534883720929 0.044190259021546503
decision_type=10 2 10 10 10 10 10 10 10 10 10 10 10 10 10 10 10 10 2 10 10 10 10 10 10 10 10 10 10 10
left_child=12 2 3 -2 5 7 -7 -3 10 -10 11 -6 -1 -14 16 24 17 18 19 22 -19 -18 -15 -20 -16 26 29 28 -27 -25
right_child=1 4 -4 -5 8 6 -8 -9 9 -11 -12 -13 13 14 15 -17 21 20 23 -21 -22 -23 -24 25 -26 27 -28 -29 -30 -31
leaf_value=4.1915977501974192e-06 -0.00049596155348878644 -3.5926523923990321e-05 -0.0023963836569558172 0.0061161525345827181 -0.0013219055905529676 -0.0028778952482531256 0.0012450149119197307 0.0045275378958859408 -0.0015535956459551685 0.0016092367938223395 -0.00053279971582517825 -0.0041050581559021445 0.0019316943054738798 0.0043690853061214572 -0.00053887662415646781 0.0026690161192464163 0.0022465028076952037 -0.0022331865162164891 -0.0010798781874880035 0.0066329118032189844 0.00051937877882899037 -0.002294939516918951 -0.00028200039879026776 0.0024571292359135389 -0.0029350614718546592 0.00052038845583031142 0.0065688953564788863 -0.0030001531961569264 0.0027100263873742533 -0.0016127325803635345
leaf_weight=264306 65 64 51 71 57 123 78 52 158 76 94 126 316 62 1065 103 52 188 186 77 606 221 95 68 130 491 78 62 180 69
leaf_count=264306 65 64 51 71 57 123 78 52 158 76 94 126 316 62 1065 103 52 188 186 77 606 221 95 68 130 491 78 62 180 69
internal_value=6.35537e-06 -0.000502245 0.00149622 0.00295595 -0.00095359 -7.4881e-05 -0.00127796 0.00200976 -0.0014987 -0.000526351 -0.00232011 -0.00323817 8.27905e-06 0.000275095 0.000134863 -0.000524309 0.000486241 0.000728196 0.00122767 0.00322576 -0.000132362 -0.0014299 0.00155473 0.000815369 -0.000799549 0.00118722 0.0026427 0.000760308 0.00110777 0.000407345
internal_weight=269370 1015 187 136 828 317 201 116 511 234 277 183 268355 4049 3733 1298 2435 2162 1368 234 794 273 157 1134 1195 948 215 733 671 137
internal_count=269370 1015 187 136 828 317 201 116 511 234 277 183 268355 4049 3733 1298 2435 2162 1368 234 794 273 157 1134 1195 948 215 733 671 137
is_linear=0
shrinkage=0.05


Tree=106
num_leaves=31
num_cat=0
split_feature=8 2 7 2 0 2 8 5 5 7 7 0 0 8 0 4 7 7 2 7 5 7 7 1 8 7 2 8 7 7
split_gain=0.0988001 0.15638 0.114539 0.10637 0.132644 0.0944823 0.474026 0.516044 0.198989 0.158487 0.192372 0.190966 0.174224 0.124905 0.123929 0.266886 0.122108 0.112643 0.107061 0.339562 0.312132 0.411848 0.407539 0.33761 0.63121 0.48969 0.493215 0.323194 0.290656 0.364662
threshold=1.0000000180025095e-35 -0.24845454019078497 0.032390809754010451 -0.088991508567865737 -0.050461122088397641 0.65459219715740546 0.95132488019122674 72.636242482043727 77.611940197148598 0.079061678468717936 0.068895718469190556 0.056741931854283674 -0.01644265621884133 0.84906492955078761 0.15039605358095179 1.0889217266561968 0.065185274809158783 0.073071248271039071 0.3897788632604014 0.036494476576477579 76.882066305004102 0.066940537286215143 0.079061678468717936 0.081445378995278608 0.95132488019122674 0.068895718469190556 0.46454772059302524 0.7665064055682691 0.04728594744409189 0.04275317982542725
decision_type=8 10 10 10 10 10 8 10 10 10 10 10 10 10 10 10 10 10 10 10 10 10 10 10 8 10 10 10 10 10
left_child=1 -1 3 4 -3 18 9 -8 -9 10 11 12 -7 -11 15 16 -10 -12 -2 -20 22 -22 23 24 28 26 -26 -25 29 -21
right_child=5 2 -4 -5 -6 6 7 8 14 13 17 -13 -14 -15 -16 -17 -18 -19 19 20 21 -23 -24 27 25 -27 -28 -29 -30 -31
leaf_value=0.0024060880711476787 2.2659824280687505e-06 -0.0011393869636646872 -0.0013619597818303323 -0.00069239620713852819 0.0012095596219056891 -0.0023495317024137497 0.0043919463406305722 -0.0026903194883264952 0.0028197554996170636 0.00071563984847739621 -0.004657866473270344 -0.0032192622808465132 0.00087159129020829621 -0.0021357545534286789 0.0021102553035940645 -0.0030778158966197886 -0.00056210475444209344 -0.0020891776098434542 0.0018351095603503396 0.00014922046156730069 -0.00075957196127347142 0.0025355653537242921 -0.0013584077441399652 -0.0015501837765781142 0.0044948501707403922 0.0071831319617506649 -0.0017242979901877919 0.00053553855766740684 0.00032009556247510822 0.0046105236772727579
leaf_weight=100 263482 70 91 138 425 62 83 58 56 133 71 70 130 54 85 55 51 107 316 86 1195 103 273 249 80 70 53 731 795 98
leaf_count=100 263482 70 91 138 425 62 83 58 56 133 71 70 130 54 85 55 51 107 316 86 1195 103 273 249 80 70 53 731 795 98
internal_value=6.0376e-06 0.000552701 0.000296708 0.000535158 0.000877385 4.36023e-06 -0.000477133 0.000896453 -5.47795e-05 -0.00132713 -0.00184537 -0.000983635 -0.000168563 -0.000107757 0.000564092 -0.000247166 0.00120784 -0.00311377 6.18699e-06 0.00026134 0.00012812 -0.000498093 0.000461929 0.000691787 0.00126071 0.00379813 0.00201654 5.59482e-06 0.000734566 0.00252535
internal_weight=269370 824 724 633 495 268546 1015 388 305 627 440 262 192 187 247 162 107 178 267531 4049 3733 1298 2435 2162 1182 203 133 980 979 184
internal_count=269370 824 724 633 495 268546 1015 388 305 627 440 262 192 187 247 162 107 178 267531 4049 3733 1298 2435 2162 1182 203 133 980 979 184
is_linear=0
shrinkage=0.05


Tree=107
num_leaves=31
num_cat=0
split_feature=4 6 5 1 7 6 7 7 5 6 4 4 3 5 1 7 0 1 5 4 1 4 7 0 7 5 5 6 1 7
split_gain=0.0941947 0.361369 0.183974 0.20495 0.183651 0.160054 0.228027 0.24078 0.193421 0.139335 0.266792 0.402816 0.279597 0.266317 0.240366 0.246061 0.228112 0.221978 0.275929 0.203658 0.188979 0.448559 0.344033 0.216315 0.181907 0.487532 0.246808 0.211489 0.32877 0.31232
threshold=-1.0059685273863292 0.69185311402471872 38.378700507953454 -0.07889864011601154 0.026044389389599753 1.1544726702269428 0.044401498149700465 0.036494476576477579 40.155440404798334 1.253007325915507 0.72099149676907681 -0.74118881183265917 1.0000000180025095e-35 59.928089866327966 0.085967762479124979 0.0292149956623305 0.024591055851870384 -0.033891581867556968 69.557319285064295 1.1485950055336345 0.14460248547869184 -0.14743296964141775 0.029711263176090508 -0.022784359495473413 0.044028506789199028 58.253513398121008 64.803739384027395 1.5194087571650152 -0.057921142072838876 0.03125647285141462
decision_type=8 10 10 10 10 10 10 10 10 10 10 10 2 10 10 8 10 10 10 10 10 8 8 10 10 10 10 10 10 10
left_child=1 -1 -3 5 -5 -4 7 8 -7 19 11 -11 14 -14 15 -12 -17 24 -19 20 -2 -22 -23 -24 25 -13 -26 -27 -29 -30
right_child=9 2 3 4 -6 6 -8 -9 -10 10 12 17 13 -15 -16 16 -18 18 -20 -21 21 22 23 -25 26 27 -28 28 29 -31
leaf_value=0.00072104085529289244 -2.3330595469095465e-05 -5.5237391307670931e-05 0.00062318821333649463 0.00067549947769375551 0.0024965804730057379 -0.0028347525172284804 0.0018073543428296325 -0.0046787952197021544 0.00059211741702165459 -0.00031469194632600608 5.929895479671836e-05 0.00051875137167664586 0.00057376983182399414 -0.00035268483962212186 0.00031321111790174293 -0.0016675593044749614 -0.00029408518234003096 0.0001235905637126263 0.00079185051782619011 -0.00092606291375365961 0.0050527157938340681 0.0034224359643207319 -0.00076610646021576471 0.00037099236858223754 0.00027005783552401475 0.0014670355197934745 -0.0021476643394756443 0.00073139668145979001 0.0083385097798891368 0.0027499463902786376
leaf_weight=2198 199468 9923 319 623 178 70 57 53 100 3856 3977 2761 853 8559 6121 430 1018 21716 1663 618 50 85 492 2790 877 240 120 55 50 50
leaf_count=2198 199468 9923 319 623 178 70 57 53 100 3856 3977 2761 853 8559 6121 430 1018 21716 1663 618 50 85 492 2790 877 240 120 55 50 50
internal_value=5.73572e-06 0.000134352 2.04651e-05 0.000557033 0.00108018 -0.000142539 -0.00101492 -0.00173631 -0.000818947 -1.06134e-06 7.16919e-05 0.00016393 -6.64489e-05 -0.000268721 9.84382e-05 -0.000143889 -0.000701954 0.000230963 0.000171125 -1.97753e-05 -1.70147e-05 0.000351679 0.000281869 0.000200531 0.000567814 0.000753806 -2.09418e-05 0.00239681 0.00383645 0.00554423
internal_weight=269370 13521 11323 1400 801 599 280 223 170 255849 52346 31388 20958 9412 11546 5425 1448 27532 23379 203503 202885 3417 3367 3282 4153 3156 997 395 155 100
internal_count=269370 13521 11323 1400 801 599 280 223 170 255849 52346 31388 20958 9412 11546 5425 1448 27532 23379 203503 202885 3417 3367 3282 4153 3156 997 395 155 100
is_linear=0
shrinkage=0.05


Tree=108
num_leaves=31
num_cat=0
split_feature=6 8 7 5 1 8 5 6 5 8 5 7 7 5 0 7 0 5 0 5 6 6 5 1 6 0 0 0 1 8
split_gain=0.0940449 0.144888 0.277154 0.130794 0.102452 0.213731 0.380599 0.318544 0.496137 0.632081 0.238121 0.227897 0.253318 0.207591 0.265773 0.260762 0.217693 0.357901 0.207921 0.215904 0.207316 0.236944 0.206079 0.185449 0.174471 0.16062 0.23444 0.221639 0.189324 0.172999
threshold=4.1205965995928295 0.83104930563871315 0.037275660282738245 60.806165978921008 0.14460248547869184 0.52376905140679997 47.341772144907331 0.74130878642245379 60.581154083426703 0.22113589819460297 36.330605226763858 0.073071248271039071 0.068895718469190556 64.803739384027395 0.019211573615185776 0.023464049159820644 0.056741931854283674 59.928089866327966 0.11807879403993272 65.869427013971674 1.6293135691175762 1.3480971060625997 74.079952285585975 0.22843713725094186 1.3938999483564487 -0.023621527712836373 0.0013867488772997263 1.0000000180025095e-35 0.2068991669203544 0.91231343233938167
decision_type=10 10 10 10 10 10 10 8 10 10 8 10 10 10 10 10 10 10 10 10 10 10 10 10 10 10 10 10 10 10
left_child=4 2 -2 -4 -1 7 -7 8 9 -6 -9 12 13 14 23 22 17 20 19 -17 21 -16 -15 -12 -13 -8 27 -27 29 -28
right_child=1 -3 3 -5 5 6 25 10 -10 -11 11 24 -14 15 16 18 -18 -19 -20 -21 -22 -23 -24 -25 -26 26 28 -29 -30 -31
leaf_value=1.1806926375936031e-06 -2.1145851795494908e-06 0.00035489751986888759 -0.00054298099593549812 -0.002825569416790805 0.0078555219180998399 -0.0031769232954629648 -0.00063545021629562808 -0.0029350460239651582 -0.00037995477300137282 0.00093244679891915237 -0.00024552158195229463 7.4929566242930935e-05 0.0034870988084834869 1.2824031201979288e-05 0.0013660331573723834 -0.0027296613473310207 0.00055931947954608629 0.00456073293913374 0.0024178250966590559 0.00019080438918088341 0.0035265119017704447 -0.0023397538658173288 -0.0037774395060841924 0.001774956765338221 -0.0032229313695458827 0.00061755094199950338 -7.460098173663911e-05 0.0034594966410155838 -0.00038124996938123805 0.00073774576117012893
leaf_weight=258431 363 340 93 193 64 93 766 54 100 68 664 89 70 65 253 69 472 111 95 764 85 52 80 137 73 941 1592 74 2005 1114
leaf_count=258431 363 340 93 193 64 93 766 54 100 68 664 89 70 65 253 69 472 111 95 764 85 52 80 137 73 941 1592 74 2005 1114
internal_value=5.44893e-06 -0.000481228 -0.00091926 -0.00208333 7.24237e-06 0.000164682 -9.73837e-07 0.000488856 0.00227657 0.00428909 0.000356474 0.000414202 0.000515575 0.000442513 0.000774563 -0.000106468 0.00132984 0.00205576 0.000201639 -5.11069e-05 0.0013428 0.000734227 -0.00207836 0.000100053 -0.00141114 4.45227e-05 0.000135487 0.000824747 -1.30168e-05 0.000259824
internal_weight=269370 989 649 286 268381 9950 6585 3365 232 132 3133 3079 2917 2847 1774 1073 973 501 928 833 390 305 145 801 162 6492 5726 1015 4711 2706
internal_count=269370 989 649 286 268381 9950 6585 3365 232 132 3133 3079 2917 2847 1774 1073 973 501 928 833 390 305 145 801 162 6492 5726 1015 4711 2706
is_linear=0
shrinkage=0.05


Tree=109
num_leaves=31
num_cat=0
split_feature=8 6 5 7 8 5 7 6 7 5 1 6 7 4 6 4 4 5 8 7 1 8 7 7 7 8 1 1 8 3
split_gain=0.0890735 0.123829 0.0967332 0.0893732 0.245677 0.159572 0.148602 0.115995 0.105373 0.1895 0.214037 0.156077 0.142593 0.0999607 0.19177 0.374197 0.218732 0.20273 0.284865 0.2272 0.199795 0.270145 0.294877 0.188961 0.182272 0.284803 0.372943 0.264258 0.306654 0.208397
threshold=1.0000000180025095e-35 0.64875452722813576 24.768242559201592 0.014916444573864424 1.0000000180025095e-35 71.003441841506728 0.010729015863647379 0.70814819812322238 0.012320847569716444 32.562800235558818 -0.007009345794392551 0.51175356168094421 0.013885887765426005 0.87946274317831652 1.2787812200896804 -0.74118881183265917 -1.0059685273863292 40.937392309191949 0.0076205593874229217 0.055933224678610928 -0.022432729349975807 0.77695416947184071 0.04516356898295245 0.028979321979119455 0.033417484923777406 0.86699122854662136 0.063716578234004909 0.12775959273898144 0.98548752424217623 1.0000000180025095e-35
decision_type=8 10 10 8 10 10 10 8 10 10 10 10 10 10 10 10 8 10 10 10 10 8 10 8 8 8 10 10 10 2
left_child=1 2 -1 4 -2 7 -7 8 -6 10 -10 -12 -11 14 16 -16 17 19 -19 -5 21 -17 23 -23 27 26 -26 -15 -29 -28
right_child=3 -3 -4 13 5 6 -8 -9 9 12 11 -13 -14 24 15 20 -18 18 -20 -21 -22 22 -24 -25 25 -27 29 28 -30 -31
leaf_value=0.0029810091138110363 -0.0013177387674129281 0.00023743699561527614 0.00040937095464235458 0.00025078218201313109 -0.00019260640028802306 0.0011795208789694667 8.6380703361010747e-05 -0.00018974970359418822 0.00049415823991974127 0.00039141329516015919 0.00010003372331589668 0.0032909255335239738 -0.00051516045547877034 -7.9697836526098452e-05 -0.0002086564499000022 0.00040310822270220645 -9.5339884684531209e-06 -0.0019916330882490188 0.0017197386894857458 -0.0012490360766508393 0.00014484919030189824 0.00094375265200204888 -0.00012942001282348123 0.0044441422979276547 -0.002196644178054367 -1.1563828672690013e-05 -0.00017882651382921581 0.00044153625233601598 0.0039052719610150563 -0.00098548912458797685
leaf_weight=82 405 676 66 6968 1842 456 977 13199 861 946 54 132 801 8237 6728 4796 185912 59 418 262 23957 58 101 115 325 5134 2565 2008 66 1164
leaf_count=82 405 676 66 6968 1842 456 977 13199 861 946 54 132 801 8237 6728 4796 185912 59 418 262 23957 58 101 115 325 5134 2565 2008 66 1164
internal_value=5.17649e-06 0.000524234 0.0018342 3.58382e-06 -9.90092e-05 -7.33924e-05 0.000434233 -0.000114179 0.000100976 0.000294527 0.000826432 0.00236454 -2.4251e-05 1.16936e-05 2.09327e-05 0.000127321 1.28636e-06 0.0002623 0.00126068 0.000196432 0.000205195 0.000490345 0.00201731 0.0032706 -9.69894e-05 -0.000258933 -0.000572202 4.73166e-05 0.000551761 -0.000430625
internal_weight=269370 824 148 268546 19673 19268 1433 17835 4636 2794 1047 186 1747 248873 229374 35755 193619 7707 477 7230 29027 5070 274 173 19499 9188 4054 10311 2074 3729
internal_count=269370 824 148 268546 19673 19268 1433 17835 4636 2794 1047 186 1747 248873 229374 35755 193619 7707 477 7230 29027 5070 274 173 19499 9188 4054 10311 2074 3729
is_linear=0
shrinkage=0.05


Tree=110
num_leaves=31
num_cat=0
split_feature=6 0 7 8 8 8 3 2 6 7 2 0 7 0 7 0 5 8 7 8 8 5 6 6 6 8 7 7 0 7
split_gain=0.137722 0.313797 0.353638 0.220225 0.179599 0.17189 0.36458 0.334082 0.439135 0.281636 0.359395 0.299886 0.37736 0.29974 0.294683 0.387177 0.398827 0.415092 0.428986 0.400824 0.354091 0.44847 0.396079 0.301801 0.277083 0.375649 0.275048 0.264908 0.314576 0.262948
threshold=2.1343770088931624 0.10082579029278151 0.079061678468717936 0.96074607427254322 inf 0.6111725717874037 1.0000000180025095e-35 -0.095852632071626462 0.5819273057482256 0.025502230703826016 0.09502747050501216 -0.047276873929753598 0.037487772843979549 0.011824711433406023 0.036124634949462442 -0.0083869749076860827 47.148288966063795 0.62431416532479123 0.043054602623442122 0.80382359519951585 0.76130113397639287 50.300367361102197 0.99235458943258958 0.76808371994810398 0.56295236189311193 0.63822425733608601 0.031804127038711529 0.033417484923777406 0.04154046774269083 0.051698813434739997
decision_type=10 10 10 8 8 10 2 10 10 10 10 10 10 10 10 10 10 10 10 8 10 10 10 10 10 10 10 10 10 10
left_child=1 5 -3 -4 -2 6 -1 8 -8 13 11 12 -11 -7 27 16 17 -16 23 -18 -17 -22 -23 -19 25 -12 -9 28 -13 -24
right_child=4 2 3 -5 -6 9 7 26 -10 10 24 14 -14 -15 15 20 19 18 -20 -21 21 22 29 -25 -26 -27 -28 -29 -30 -31
leaf_value=-7.3816409692475137e-06 -0.0002118129103054031 0.00050313762305432706 0.0012325112289680099 0.0057694278885873987 0.00088542809794654525 3.8285117303471011e-05 0.0053889882297620982 -9.7677252586901759e-05 0.00038237827554181804 -0.0022687769337790087 0.0017725714845997658 0.00055856446141891078 0.00023326699319080004 -0.00041860782329901873 0.0057556999071190756 -0.00061774272855055377 -8.8517304517910216e-05 0.0011731196958638835 0.0031751511358860383 0.0023278681832407393 0.0029482275465124988 -0.00094655208032951585 0.0017219890626694627 -0.0029578715773063034 9.1746144601244741e-05 -0.00063768301838581891 -0.00061126219381251292 0.0012014308973448352 -0.00069734723456148099 -0.0016512642965476583
leaf_weight=188338 11024 1479 54 53 386 12643 56 5275 201 240 174 6226 405 5013 63 2064 1174 130 174 201 160 459 355 67 23492 2279 5154 1456 542 69
leaf_count=188338 11024 1479 54 53 386 12643 56 5275 201 240 174 6226 405 5013 63 2064 1174 130 174 201 160 459 355 67 23492 2279 5154 1456 542 69
internal_value=-4.69982e-06 2.81822e-06 0.000703957 0.00347977 -0.000174693 -1.51861e-06 -2.35012e-05 -0.000307604 0.00147331 7.47205e-05 0.000148562 0.000354871 -0.000697726 -9.14387e-05 0.00040654 0.000100283 0.000681811 0.00200326 0.00136605 0.000264714 -0.000238302 0.000512577 7.12361e-05 -0.000231837 3.89458e-05 -0.000466715 -0.00035149 0.000589609 0.000457988 0.00117304
internal_weight=269406 257996 1586 107 11410 256410 199024 10686 257 57386 39730 13785 645 17656 13140 4916 1809 434 371 1375 3107 1043 883 197 25945 2453 10429 8224 6768 424
internal_count=269406 257996 1586 107 11410 256410 199024 10686 257 57386 39730 13785 645 17656 13140 4916 1809 434 371 1375 3107 1043 883 197 25945 2453 10429 8224 6768 424
is_linear=0
shrinkage=0.05


Tree=111
num_leaves=31
num_cat=0
split_feature=6 5 6 5 8 4 7 6 8 2 6 4 7 6 8 5 5 7 5 4 8 5 8 4 7 2 6 6 2 6
split_gain=0.127734 0.207687 0.14296 0.325344 0.194271 0.284914 0.313022 0.27525 0.262536 0.217034 0.203935 0.193616 0.3616 0.352011 0.264764 0.21337 0.166857 0.187309 0.164953 0.164596 0.162734 0.347922 0.345163 0.285327 0.479932 0.498836 0.407435 0.403838 0.29896 0.659274
threshold=2.1343770088931624 9.7108334254666762 1.6949258391604467 28.493462143451811 0.51933701571380653 1.5441925810724568 0.038103135004358808 1.9032115473160072 0.62431416532479123 0.46454772059302524 1.8034516744201159 1.0166187260216664 0.042130702872240168 1.8689944477999509 0.37642585511339244 72.636242482043727 66.705135707503814 0.055933224678610928 75.64042598981753 1.1485950055336345 0.6111725717874037 46.00370341198559 0.10704082939066545 0.14725621160019339 0.049245603936570334 0.043241763931419104 0.56295236189311193 1.0798930969807536 -0.0026589432199914382 0.65544579512200696
decision_type=8 8 10 10 10 10 10 10 10 10 10 10 10 10 8 10 10 10 10 10 10 10 8 10 10 10 10 10 10 10
left_child=2 -2 20 -4 11 6 18 8 10 16 -8 -5 14 -14 19 -16 -9 -18 -6 -13 21 -1 -23 24 -22 27 -25 28 -26 -30
right_child=1 -3 3 4 5 -7 7 9 -10 -11 -12 12 13 -15 15 -17 17 -19 -20 -21 23 22 -24 26 25 -27 -28 -29 29 -31
leaf_value=2.9494965722958916e-05 -0.0021336724105367466 -0.0001131441277431231 -0.00059903242646204178 0.00035182759804869789 -0.00036194168664306376 -0.0035740836411369617 0.0015259208617461302 -0.00066071796850421607 0.00086171879016087643 -0.0021942200562694953 0.0054141817207952652 0.00091011798088272509 0.00072918447581204505 0.0061089708017842735 0.00069390009659955876 0.0033136056560973551 0.0015563385528001678 -0.0014621494323595443 0.00045701314212486877 -0.0020122439441679608 0.00016657405696149106 -0.00059127134208270633 -8.6538240394433394e-05 -0.0005524947972882022 0.0019089296228496943 0.00054571658457913859 5.2353575121222047e-05 -0.0010950270407192875 0.008511790289666997 0.002075905372893953
leaf_weight=111594 128 19860 1234 5088 2837 54 77 271 808 105 60 84 55 68 249 113 279 63 785 113 11688 3564 68280 3008 198 1089 37427 64 69 94
leaf_count=111594 128 19860 1234 5088 2837 54 77 271 808 105 60 84 55 68 249 113 279 63 785 113 11688 3564 68280 3008 198 1089 37427 64 69 94
internal_value=-4.46483e-06 -0.000126083 5.2815e-06 0.000171181 0.000256737 3.93701e-05 7.6291e-05 0.00064418 0.00120488 -9.37948e-05 0.00322881 0.000457868 0.00124897 0.00370338 0.000708918 0.00151165 0.000265984 0.0010003 -0.000184449 -0.000766161 -3.35586e-06 -2.57562e-05 -0.000111577 7.3253e-05 0.000275075 0.0011127 7.3583e-06 0.00256549 0.00321445 0.0048003
internal_weight=269406 19988 249418 12343 11109 5339 5285 1663 945 718 137 5770 682 123 559 362 613 342 3622 197 237075 183438 71844 53637 13202 1514 40435 425 361 163
internal_count=269406 19988 249418 12343 11109 5339 5285 1663 945 718 137 5770 682 123 559 362 613 342 3622 197 237075 183438 71844 53637 13202 1514 40435 425 361 163
is_linear=0
shrinkage=0.05


Tree=112
num_leaves=31
num_cat=0
split_feature=6 0 6 5 2 7 4 1 1 5 5 5 0 7 4 6 1 4 6 5 5 0 1 1 5 7 2 7 4 0
split_gain=0.11528 0.208644 0.778559 0.187438 0.128333 0.206197 0.172961 0.295192 0.256236 0.43005 0.180416 0.222393 0.165594 0.164144 0.283194 0.274676 0.21222 0.161534 0.338499 0.240829 0.221896 0.286389 0.220951 0.197923 0.171944 0.170235 0.14875 0.144745 0.162499 0.143319
threshold=2.1343770088931624 0.11807879403993272 1.0170115748360005 9.7108334254666762 -0.24845454019078497 0.075517149084893084 -0.42105923336609474 -0.026582193079394464 0.037486143618059915 23.307225878688119 35.054214223154069 41.141141123844569 -0.0056283066380693461 0.027793719009288748 -0.70674008885377249 0.69491137344285259 -0.047324267690747095 -0.80139842889733937 1.1753735957338798 16.925915639070251 22.053231932455265 -0.042307153507199317 -0.11843624673773361 -0.068965517241379268 24.436513577071974 0.038330976880495846 -0.28142985723929298 0.022260992922864185 -0.74885217463607889 0.0075376884422110333
decision_type=8 10 10 8 8 10 10 10 10 10 10 10 10 10 10 10 10 10 10 10 10 8 10 10 10 10 10 10 10 10
left_child=1 4 -3 -2 5 6 8 26 13 -10 29 -12 -13 14 27 -16 -17 20 -19 -20 21 22 -15 24 -21 -23 -8 -1 -29 -9
right_child=3 2 -4 -5 -6 -7 7 10 9 -11 11 12 -14 17 15 16 -18 18 19 23 -22 25 -24 -25 -26 -27 -28 28 -30 -31
leaf_value=0.0017128862578031279 -0.0020269887710579583 0.0058204093236397482 0.00031608216157959159 -0.00010748693023761823 -3.5308814617621428e-06 -0.00060695527713698248 -0.00075939743348418082 -0.0013530812994232342 -0.00065771873018497396 0.0052997338356099268 0.0027351619199849665 -0.0016398872540551513 0.0010939916140867629 0.0021899688002425441 0.00025917164536030403 -0.0045672362845602206 -0.0010337870278384626 0.00050927784148204218 0.0002687520409694869 0.006644320090187116 -0.00064376656287368694 0.0007543533150688429 -0.0011231494547731321 0.0017316597927344479 0.0027510587057312493 -0.00098486032443630546 -0.0031974997712845483 -0.00061382145437575324 0.0024556566260049723 0.00042170956724432062
leaf_weight=155 128 71 675 19860 241826 685 157 228 54 69 125 85 159 312 126 86 84 2257 116 53 615 276 60 135 61 287 104 279 51 227
leaf_count=155 128 71 675 19860 241826 685 157 228 54 69 125 85 159 312 126 86 84 2257 116 53 615 276 60 135 61 287 104 279 51 227
internal_value=-4.24159e-06 5.01742e-06 0.000839952 -0.000119779 2.51267e-06 0.000215993 0.000307491 -0.000265521 0.000429973 0.00268427 0.000198635 0.00102019 0.000141616 0.000373991 -0.000291274 -0.00151002 -0.0028213 0.000498529 0.000737739 0.00215045 9.38784e-05 0.000579067 0.00165559 0.00302706 0.00456108 -0.000132244 -0.0017309 0.000452535 -0.000139448 -0.000467636
internal_weight=269406 249418 746 19988 248672 6846 6161 1085 5076 123 824 369 244 4953 781 296 170 4172 2622 365 1550 935 372 249 114 563 261 485 330 455
internal_count=269406 249418 746 19988 248672 6846 6161 1085 5076 123 824 369 244 4953 781 296 170 4172 2622 365 1550 935 372 249 114 563 261 485 330 455
is_linear=0
shrinkage=0.05


Tree=113
num_leaves=31
num_cat=0
split_feature=6 8 7 4 5 6 8 5 1 4 1 8 7 8 7 5 1 7 6 7 7 8 4 5 1 1 1 7 4 7
split_gain=0.106393 0.162268 0.146132 0.198918 0.183094 0.133553 0.22651 0.355285 0.423252 0.427947 0.351904 0.491601 0.450513 0.338312 0.439973 0.388412 0.350638 0.333868 0.320047 0.337442 0.412414 0.358136 0.548079 0.294092 0.290436 0.286074 0.28504 0.399975 0.487143 0.263219
threshold=2.1343770088931624 inf 0.057757133189171216 0.48583506881752903 62.872817551059583 1.5043727894306957 0.6111725717874037 46.00370341198559 -0.013026436013790053 -0.5472446635205831 -0.015805004171297595 0.16075021778074713 0.038103135004358808 0.60682228875209776 0.033884834145942809 52.263145240974545 -0.059815160984455377 0.06361128722715019 0.4813804502166108 0.04516356898295245 0.035223353549260199 0.42127626048784911 -0.47951290906693039 51.873198831565766 -0.059815160984455377 0.03563853062781553 -0.10487348131908285 0.032822048358662585 -0.47951290906693039 0.025721836794511042
decision_type=10 8 8 10 10 10 10 10 8 8 10 8 10 8 10 10 10 10 8 10 10 10 10 10 10 10 10 10 10 8
left_child=5 -2 3 -3 -5 6 7 8 9 29 12 -12 13 26 -15 -16 -17 -11 25 20 -20 -21 -23 -14 -19 -10 27 28 -9 -1
right_child=1 2 -4 4 -6 -7 -8 10 18 17 11 -13 23 14 15 16 -18 24 19 21 -22 22 -24 -25 -26 -27 -28 -29 -30 -31
leaf_value=0.00011763162307588209 -0.00018872535151351938 -0.0013962578253378557 -0.001611357522569261 0.003817528950748965 0.00097692387509876167 0.00011879501064723521 8.5624694616125841e-05 0.00018162137267234573 -9.6380520159052152e-05 -0.00031712311148912055 -0.00070618269279246117 -0.00015069711212899054 -0.00071475822613787353 0.00046479731388727173 0.00029620664079767504 0.0073038822192360055 0.0025874731927379808 -0.00035802167492338842 0.00017363948806214515 -5.01593974725317e-05 0.00070809570174910018 0.0029797734181732771 -0.0020025982717968615 -5.2793295887774583e-05 0.001521361829703991 -0.0012677935239195711 6.9969909232179775e-05 0.00023134355740738813 0.0066460794945562484 -9.748399204879385e-05
leaf_weight=29718 11024 59 52 80 195 22559 50222 51 3480 16642 4405 41573 2636 1352 119 55 139 363 30281 2288 4098 62 503 4616 474 613 14205 205 68 27269
leaf_count=29718 11024 59 52 80 195 22559 50222 51 3480 16642 4405 41573 2636 1352 119 55 139 363 30281 2288 4098 62 503 4616 474 613 14205 205 68 27269
internal_value=-4.02951e-06 -0.000153442 0.00085423 0.00123809 0.00180328 2.57834e-06 -8.55726e-06 -3.40952e-05 1.95262e-05 -5.16869e-05 -0.000123529 -0.000203916 3.41113e-05 0.000180781 0.000855872 0.00254511 0.0039246 -0.000268116 0.000147849 0.000193984 0.000237347 -0.00032854 -0.00145586 -0.000293408 0.000706289 -0.000271821 0.000103417 0.00156982 0.0038756 1.46961e-05
internal_weight=269406 11410 386 334 275 257996 235437 185215 115791 74466 69424 45978 23446 16194 1665 313 194 17479 41325 37232 34379 2853 565 7252 837 4093 14529 324 119 56987
internal_count=269406 11410 386 334 275 257996 235437 185215 115791 74466 69424 45978 23446 16194 1665 313 194 17479 41325 37232 34379 2853 565 7252 837 4093 14529 324 119 56987
is_linear=0
shrinkage=0.05


Tree=114
num_leaves=31
num_cat=0
split_feature=2 1 8 7 8 6 1 5 2 2 7 8 6 4 8 7 7 6 7 2 8 7 5 7 2 1 2 7 6 7
split_gain=0.0987566 0.33572 0.257968 0.609469 0.367185 0.356063 0.268374 0.236706 0.247131 0.236274 0.253406 0.411999 0.279228 0.231994 0.216395 0.241251 0.323333 0.208029 0.203745 0.311696 0.419129 0.485646 0.485309 0.333255 0.256839 0.920544 0.2492 0.248155 0.248943 0.241772
threshold=0.15443695257483639 -0.030158730158730104 0.44723325029715799 0.038998441370282362 0.40927627140838274 0.96482550934878264 -0.033891581867556968 71.769045585759457 0.19973999517365862 0.011655288528068632 0.06094917433654435 0.74568449334108189 1.2698664334211114 0.071678513734989693 0.80916595075554609 0.04728594744409189 0.040174863921194688 1.3588892404331807 0.025292673691645704 0.09502747050501216 0.69487750502626466 0.0292149956623305 77.611940197148598 0.039940116966449654 0.097204641482651968 -0.056118963753157385 0.10437241159604972 0.028160040679056846 0.64875452722813576 0.0081742625780446224
decision_type=10 10 8 10 10 10 10 10 10 8 10 8 10 10 10 10 10 10 8 8 8 10 10 10 10 10 8 10 10 10
left_child=9 2 3 -2 -5 14 7 8 -7 -1 18 12 -12 -13 -4 16 -16 -15 24 20 21 -20 -23 -24 29 -26 -21 28 -22 -11
right_child=1 -3 5 4 -6 6 -8 -9 -10 10 11 13 -14 17 15 -17 -18 -19 19 26 27 22 23 -25 25 -27 -28 -29 -30 -31
leaf_value=2.1109978815702441e-05 0.004593708295930898 1.1272899380631245e-05 -2.6284134355468724e-05 -0.0011452609605666038 0.0029665135481136752 0.0017868272949779181 0.0038146497416036099 0.0033222277891344792 0.0001097514081368566 0.001069567568381043 -0.00043356469267829992 -0.00017808385466610243 0.0018469896843708302 -0.0029125235193779315 0.00088422430223966057 -0.00013019256772490862 0.0061975402936805049 -6.6572329864978701e-05 0.00039444912918789975 -0.00059237451613032436 -0.0014900677503576914 -0.00020483308927591494 0.0004618193172688615 0.004786305249248988 0.0067458664770059006 6.2241155178951546e-05 -8.5610593879338029e-05 0.00054233320209356116 0.00013839271752689127 -0.00027388011070549875
leaf_weight=156095 124 27146 2952 157 83 330 85 92 657 340 1045 167 154 343 67 107 50 79 5138 2741 286 14167 99 81 52 5560 21104 6504 1308 22293
leaf_count=156095 124 27146 2952 157 83 330 85 92 657 340 1045 167 154 343 67 107 50 79 5138 2741 286 14167 99 81 52 5560 21104 6504 1308 22293
internal_value=-3.82804e-06 7.88476e-05 0.00046881 0.00174735 0.000276728 0.000361578 0.00110966 0.000896575 0.000670476 -1.49127e-05 -8.3939e-05 -0.000672614 -0.000140649 -0.00175551 8.74051e-05 0.00158567 0.00315487 -0.00237975 -7.07281e-05 -1.14726e-05 0.000102977 -2.26728e-05 -0.000172054 0.00240784 -0.00017862 0.000124171 -0.000143863 0.000405309 -0.00015379 -0.000253698
internal_weight=269406 31850 4704 364 240 4340 1164 1079 987 237556 81461 1788 1199 589 3176 224 117 422 79673 51428 27583 19485 14347 180 28245 5612 23845 8098 1594 22633
internal_count=269406 31850 4704 364 240 4340 1164 1079 987 237556 81461 1788 1199 589 3176 224 117 422 79673 51428 27583 19485 14347 180 28245 5612 23845 8098 1594 22633
is_linear=0
shrinkage=0.05


Tree=115
num_leaves=31
num_cat=0
split_feature=0 1 6 6 0 7 6 2 6 6 2 4 6 7 1 6 1 4 0 7 4 4 0 1 6 2 7 6 4 4
split_gain=0.135264 0.3047 0.270069 0.258429 0.216578 0.20727 0.27453 0.267072 0.281371 0.230686 0.183418 0.308244 0.238782 0.18489 0.225285 0.207259 0.19342 0.207786 0.287935 0.214739 0.280047 0.207318 0.249728 0.18761 0.186648 0.178344 0.176142 0.21929 0.172035 0.169145
threshold=-0.034701010940929415 0.090780493495887696 0.54273377100787001 0.52990710852304213 -0.10995113925832838 0.065185274809158783 1.085577884666143 0.054573968210210551 1.2977721653984642 0.91718349947115263 -0.25731976722325567 -0.89784475571887323 0.82654532230866018 0.070843092138759015 -0.11843624673773361 0.68535354957685657 0.0192318259825679 -0.51708818195280837 -0.020923014041504481 0.040435130959160917 -0.40719827892798205 -0.72697674998527051 -0.020923014041504481 -0.026582193079394464 1.121793882126102 0.12809340207289702 0.068895718469190556 0.62858974848366278 -0.46021432627474995 0.67967603969500423
decision_type=8 8 10 10 10 10 8 8 8 10 8 8 10 10 10 10 10 10 10 10 10 10 10 10 10 8 10 10 10 10
left_child=1 2 3 4 -1 6 -3 -8 -9 -7 11 12 -2 14 15 -13 17 21 -19 23 28 22 -16 -20 -23 -10 -12 -28 -21 -11
right_child=10 5 -4 -5 -6 9 7 8 25 29 26 13 -14 -15 16 -17 -18 18 19 20 -22 24 -24 -25 -26 -27 27 -29 -30 -31
leaf_value=0.0030619959105703844 -0.0026200904430826637 -0.0021400750943369653 0.00010464878176856443 0.0029972206929232926 0.00045397024713984282 0.0038303531633288252 -0.0022709511644152798 0.0019690714694940259 0.0014035889718082323 -0.0012784379973298813 -1.2461073131260799e-05 -2.8558634718448468e-05 -0.00021550038081255123 -0.00017752882638534003 0.0014549129471922195 0.0024085969138031944 0.0014055419635334038 -0.0027945727139699304 -0.002911190565739278 0.00095319748297697517 -0.00047441852164175166 0.00072501606483591538 -0.0011960914712382375 -0.00015523150230162882 0.0026419418469655061 -0.00060612588422749277 0.00030682514056981441 -0.00061438101014684755 0.0039948545095721292 0.0013858043646905573
leaf_weight=83 137 268 23053 115 1945 51 172 137 122 113 233986 123 419 925 131 300 455 106 94 128 239 975 276 180 146 1160 871 2501 73 126
leaf_count=83 137 268 23053 115 1945 51 172 137 122 113 233986 123 419 925 131 300 455 106 94 128 239 975 276 180 146 1160 871 2501 73 126
internal_value=4.05022e-07 0.000105815 0.000154559 0.00069146 0.000560709 -0.000465683 -0.000659628 -0.000410251 -0.000184711 0.000777572 -1.15027e-05 0.000297566 -0.000807998 0.000445649 0.000624335 0.00169992 0.000462018 0.000279181 -0.000362891 -1.88509e-06 0.000682381 0.000623748 -0.00034282 -0.00110071 0.000974678 -0.000414874 -1.76318e-05 -0.00037643 0.00205788 0.000126142
internal_weight=269410 27345 25196 2143 2028 2149 1859 1591 1419 290 242065 4707 556 4151 3226 423 2803 2348 820 714 440 1528 407 274 1121 1282 237358 3372 201 239
internal_count=269410 27345 25196 2143 2028 2149 1859 1591 1419 290 242065 4707 556 4151 3226 423 2803 2348 820 714 440 1528 407 274 1121 1282 237358 3372 201 239
is_linear=0
shrinkage=0.05


Tree=116
num_leaves=31
num_cat=0
split_feature=0 1 5 4 8 4 1 8 1 8 7 1 5 6 1 6 0 8 0 8 1 8 7 8 1 0 4 5 7 0
split_gain=0.122076 0.274992 0.348075 0.356116 0.490085 0.301277 0.397628 0.326736 0.394196 0.307597 0.258644 0.292219 0.280757 0.248147 0.238424 0.217592 0.299133 0.336657 0.382481 0.261556 0.234893 0.227046 0.267481 0.214344 0.210811 0.292004 0.561026 0.289917 0.253395 0.189165
threshold=-0.034701010940929415 0.090780493495887696 58.658407418078561 0.22887828527695728 0.78756700837013283 0.28215517691900677 0.015198642801810715 0.81468972556365615 0.081445378995278608 0.11218260928264435 0.032526501253455693 -0.0097530783573728224 67.609507282816807 0.79213668923321945 -0.055235903337169205 0.66212877028363393 -0.10995113925832838 0.32944221471637353 -0.056499373782354582 0.62891700663002381 0.02511731468444112 0.38440111380459507 0.055227318600763041 0.29965738472661957 0.015863042843271228 -0.041268872720168208 0.61186367619012305 69.208938858797325 0.062182765303145433 -0.048797578059879325
decision_type=8 8 8 10 10 8 10 8 10 10 10 8 10 10 10 10 10 8 10 10 10 10 10 10 10 10 8 10 10 10
left_child=1 2 3 4 15 6 9 10 24 -4 11 -7 -13 -5 -12 16 -1 18 -18 -19 -17 22 -22 -20 28 27 -27 -26 -9 -15
right_child=-2 -3 5 13 -6 7 -8 8 -10 -11 14 12 -14 29 -16 20 17 19 23 -21 21 -23 -24 -25 25 26 -28 -29 -30 -31
leaf_value=0.0040499280182773184 -1.0927546335701967e-05 -0.00044239904177665766 0.0033556281535614598 -0.0030458875551284872 0.0037246435302026788 0.0034759610392228199 0.0044293722573043358 0.0005000723046467146 0.0051960408879334445 0.00069119861407913007 0.0016596088274221481 -0.00069624910528156246 0.0022178067131975016 -0.0016380913742209992 -0.0007122724261495627 5.7970079947139717e-05 0.0048244617575320843 -0.00019071326035935356 0.00071156263824573198 0.0018052603619407273 -0.00068607721725129529 -0.0020073881283357935 0.0028219113250088413 0.0040513582989874786 -0.00054468118898512333 0.0069118647544662683 0.00060369289546672797 0.003437131038003827 -0.0031322615177772359 4.3077369311390613e-05
leaf_weight=58 242065 2149 120 121 93 87 88 820 51 1113 116 252 123 270 1223 16387 67 1592 828 183 360 272 64 51 160 65 77 64 51 440
leaf_count=58 242065 2149 120 121 93 87 88 820 51 1113 116 252 123 270 1223 16387 67 1592 828 183 360 272 64 51 160 65 77 64 51 440
internal_value=3.84771e-07 0.000100524 0.000146831 6.12309e-05 0.000103464 0.000550297 0.00118226 0.00028004 0.000888117 0.00095051 -0.000154831 0.000865247 0.000259561 -0.000952928 -0.000506792 8.65087e-05 0.000496824 0.000421088 0.00118291 1.50688e-05 1.976e-05 -0.000879878 -0.00015657 0.000905339 0.000710507 0.00171744 0.00349124 0.000592979 0.000287387 -0.00059624
internal_weight=269410 27345 25196 20786 19955 4410 1321 3089 1288 1233 1801 462 375 831 1339 19862 2779 2721 946 1775 17083 696 424 879 1237 366 142 224 871 710
internal_count=269410 27345 25196 20786 19955 4410 1321 3089 1288 1233 1801 462 375 831 1339 19862 2779 2721 946 1775 17083 696 424 879 1237 366 142 224 871 710
is_linear=0
shrinkage=0.05


Tree=117
num_leaves=31
num_cat=0
split_feature=2 5 1 8 5 2 1 6 2 6 7 2 7 8 8 1 5 7 7 6 2 5 5 1 1 2 8 2 5 6
split_gain=0.118885 0.153512 0.170261 0.268259 0.556706 0.349872 0.331251 0.393749 0.320544 0.312874 0.307425 0.280148 0.289178 0.556222 0.274097 0.31165 0.26303 0.44737 0.292406 0.291086 0.269903 0.258252 0.256471 0.397575 0.485612 0.268173 0.24065 0.623103 0.373507 0.447795
threshold=-0.25731976722325567 14.634146337756819 -0.053627066939369743 0.13881019790705293 33.266059503258496 -0.17949952311596049 0.046287056575604175 1.3076523575614649 -0.048041102870407019 1.2977721653984642 0.02662810260383033 0.01826285487393298 0.079061678468717936 0.31831738772629514 0.23809523601662891 -0.0058426653965632505 45.048183000459765 0.03630989795466992 0.018358435625879813 1.2698664334211114 -0.1212304634663947 29.332769766351905 26.099290774959027 0.038390740840234201 -0.011958454686946283 -0.078576079247292138 0.17254817583601204 0.015640532069790884 67.008265075488623 0.74775458153293706
decision_type=8 8 10 8 10 10 10 10 10 10 10 10 10 8 8 10 10 10 8 10 8 8 8 10 10 10 10 10 10 10
left_child=-1 -2 16 4 5 -4 7 -6 10 -8 -7 12 22 -14 15 -13 18 26 -3 20 -20 -22 23 24 -5 -26 27 -18 -28 -30
right_child=1 2 3 11 6 8 9 -9 -10 -11 -12 14 13 -15 -16 -17 17 -19 19 -21 21 -23 -24 -25 25 -27 28 -29 29 -31
leaf_value=0.00021736978000007909 -0.00028453414975168016 0.00049389422038918567 -0.00043245827946050783 -0.00052054803812269762 -0.00037244068499703542 0.00040592247917964943 -0.00073982663706538088 0.00036612699222436857 -0.0005602149027265507 -0.0029079145139390182 -0.00024233046980379159 0.00011833167364624124 -0.00065901944312610715 0.0051853106634196233 -3.927155261168401e-05 -0.00086197272167220184 0.000700671355970208 1.585599628450696e-05 0.00022430601426173545 -0.00040046386861621546 -0.00047963287488300926 3.0185494805084166e-06 8.7898588999349068e-05 -0.001999195859146615 8.165760111039614e-05 0.0013847254750069178 0.00031003898295190791 0.0033687085646884312 -2.3727457804712825e-05 0.006447977285662836
leaf_weight=6167 4812 2912 2786 3327 15407 8914 683 2044 1287 220 2301 1299 84 79 85075 2157 1543 7528 11033 4544 3440 14262 80950 312 1246 578 4058 255 52 55
leaf_count=6167 4812 2912 2786 3327 15407 8914 683 2044 1287 220 2301 1299 84 79 85075 2157 1543 7528 11033 4544 3440 14262 80950 312 1246 578 4058 255 52 55
internal_value=3.65533e-07 -4.71823e-06 4.91958e-07 -1.9307e-05 -0.000148621 7.4239e-05 -0.000334253 -0.000285934 0.000187154 -0.00126804 0.000272919 5.53711e-06 6.94901e-05 0.00217351 -5.70036e-05 -0.000493508 8.36814e-05 0.000272112 1.34396e-05 -2.86014e-05 3.02029e-05 -9.07743e-05 6.55213e-05 -0.000266062 -0.000161085 0.000494582 0.000595623 0.00107906 0.000386925 0.00330285
internal_weight=269410 263243 258431 208749 33642 15288 18354 17451 12502 903 11215 175107 86576 163 88531 3456 49682 13491 36191 33279 28735 17702 86413 5463 5151 1824 5963 1798 4165 107
internal_count=269410 263243 258431 208749 33642 15288 18354 17451 12502 903 11215 175107 86576 163 88531 3456 49682 13491 36191 33279 28735 17702 86413 5463 5151 1824 5963 1798 4165 107
is_linear=0
shrinkage=0.05


Tree=118
num_leaves=31
num_cat=0
split_feature=0 8 7 8 5 2 7 5 8 5 7 1 7 5 2 5 5 2 2 0 1 1 8 5 1 6 0 8 8 0
split_gain=0.1138 0.25055 0.305938 0.259 0.257931 0.243736 0.422309 0.430202 0.620752 0.406399 0.392357 0.392171 0.72045 0.340256 0.33809 0.322891 0.31726 0.303645 0.279665 0.315499 0.282987 0.275203 0.267052 0.373076 0.242519 0.235624 0.228707 0.222904 0.575616 0.227975
threshold=-0.0086493679308050613 0.46399371873530987 0.019961249488777404 0.82003939512827007 41.341893214238603 0.080079439350605588 0.053672811631288876 50.904664042458258 0.59803098225275841 35.054214223154069 0.028507910920793807 -0.015805004171297595 0.052306130992699713 22.053231932455265 -0.0026589432199914382 30.402657440870488 63.100230331110048 0.022442770989939857 -0.072198681309912069 -0.010434782608695624 -0.061728395061728385 0.021419044945838798 0.51515151440329221 46.00370341198559 -0.0097530783573728224 0.37777817132217473 -0.070991281012234661 0.58031706261755611 0.54066315440122692 -0.020216614783719052
decision_type=8 8 8 8 10 8 10 10 10 10 10 10 10 10 10 10 10 10 10 10 10 10 10 10 10 8 10 8 10 10
left_child=1 4 3 -3 25 6 9 8 13 10 -4 12 16 -8 -9 -12 18 -18 19 20 -11 22 -15 -24 -10 -1 -13 28 29 -22
right_child=-2 2 5 -5 -6 -7 7 14 24 11 15 26 -14 21 -16 -17 17 -19 -20 -21 27 -23 23 -25 -26 -27 -28 -29 -30 -31
leaf_value=0.00093496388637383156 -2.5321923522207967e-05 -8.1633433067908638e-05 0.00063640849073211497 -0.0010871495177572645 -0.00015393671056693716 5.5464412517323451e-05 0.0030640141492007554 -0.0029688611456553295 0.0049436305816925596 0.00033901532790248616 -5.1887260587743115e-05 -0.0026754951973292813 0.0053114560579604932 -0.0015595017747305775 -0.00053406914653917909 -0.0013290270607386806 0.0049803275638554672 0.001324235629013712 0.00047198921762377178 0.004597196623217315 0.00023577625327342159 0.0015713874439464513 0.0020188318621957983 -0.0030422149281948804 0.0010970014604806369 3.9742548779373838e-05 0.00026009731379647252 0.0011386340952498667 0.0068584520298255874 0.0042745901455637069
leaf_weight=750 165897 3364 1119 791 23377 19649 67 243 80 624 1351 67 86 545 345 781 79 202 5264 68 116 121 134 50 84 36795 6817 424 70 50
leaf_count=750 165897 3364 1119 791 23377 19649 67 243 80 624 1351 67 86 545 345 781 79 202 5264 68 116 121 134 50 84 36795 6817 424 70 50
internal_value=3.47257e-07 4.14864e-05 0.000134522 -0.000273057 -2.35552e-05 0.000178582 0.000307348 -0.00045185 0.000140194 0.000381369 -0.000121787 0.00049933 0.000763337 -0.000366509 -0.00154028 -0.000519733 0.000706626 0.0023521 0.000636738 0.00127819 0.00110241 -0.000636915 -0.00100345 0.000643547 0.00297341 5.76255e-05 0.000231526 0.00182417 0.00305581 0.00145229
internal_weight=269410 103513 42591 4155 60922 38436 18787 1669 1081 17118 3251 13867 6983 917 588 2132 6897 281 6616 1352 1284 850 729 184 164 37545 6884 660 236 166
internal_count=269410 103513 42591 4155 60922 38436 18787 1669 1081 17118 3251 13867 6983 917 588 2132 6897 281 6616 1352 1284 850 729 184 164 37545 6884 660 236 166
is_linear=0
shrinkage=0.05


Tree=119
num_leaves=31
num_cat=0
split_feature=0 1 5 4 5 6 1 6 6 6 1 7 7 5 5 7 0 5 4 4 4 6 4 5 6 1 6 1 1 0
split_gain=0.106091 0.246433 0.311854 0.319859 0.282094 0.418815 0.248463 0.224092 0.199152 0.345345 0.208551 0.403946 0.361526 0.251287 0.247763 0.213502 0.198147 0.190234 0.281953 0.191256 0.180881 0.211179 0.280663 0.298147 0.23714 0.230623 0.217746 0.176884 0.302218 0.171594
threshold=-0.034701010940929415 0.090780493495887696 58.658407418078561 0.22887828527695728 60.581154083426703 1.121793882126102 -0.059815160984455377 0.79213668923321945 0.54273377100787001 0.52990710852304213 -0.10774410774410774 0.03686004482621686 0.046375553000835915 18.76197877986878 26.439040657847737 0.050417968496791338 -0.08895198320300883 45.229723179479301 0.20231661901130507 0.3362891616822582 0.68978436022049339 0.73155446571181104 0.28215517691900677 70.622972347479006 1.1479477205935829 0.008897079860274772 1.253007325915507 -0.09063966622234286 -0.066742900730086083 -0.056499373782354582
decision_type=8 8 8 10 8 10 10 10 10 10 10 8 8 10 10 8 10 8 8 8 10 8 8 10 10 10 10 10 10 10
left_child=1 2 3 8 5 27 -7 -5 9 10 13 14 -13 -1 -12 -14 -15 -3 -19 -20 21 -6 -23 24 -24 -25 -26 -4 -29 -9
right_child=-2 17 4 7 20 6 -8 29 -10 -11 11 12 15 16 -16 -17 -18 18 19 -21 -22 22 23 25 26 -27 -28 28 -30 -31
leaf_value=-0.0018324589004914743 -1.0215797696644887e-05 -0.0033229783911850642 0.0049173566859897098 -0.0028935787715364154 -0.00079517142995386028 -0.0026638699921022638 0.00075472083979668126 -0.0019896314298716929 5.4789090791433128e-05 0.0034438237228009497 -0.00084256652252016862 -0.002635932912174066 0.002942042511783476 0.004650665034556337 0.0030769098899327222 -0.00029612920411287071 0.0013886190194170923 0.0028720854588424449 -0.0033844598509690342 -0.000368391982709814 -0.0011905842946283015 0.0014336686760566047 0.00045153048163930733 0.0001406708914766403 -0.0024003399277667276 0.0025256793844133907 -0.00024512105505570132 -0.0015809411271475256 0.0026099954999744433 -0.00014137332673986845
leaf_weight=50 242065 55 62 121 325 66 273 163 18653 105 56 162 58 57 144 416 254 66 54 1974 184 691 1296 176 146 239 594 50 308 547
leaf_count=50 242065 55 62 121 325 66 273 163 18653 105 56 162 58 57 144 416 254 66 54 1974 184 691 1296 176 146 239 594 50 308 547
internal_value=3.29894e-07 9.36831e-05 0.000137519 5.64953e-05 0.000519416 0.00139648 8.91545e-05 -0.00090465 9.65209e-05 0.000694389 0.000453211 1.95202e-05 -0.000596812 0.00145755 0.00197946 0.000100103 0.00198649 -0.000420276 -0.000344035 -0.000448701 0.000337084 0.00041816 0.000543664 0.000292749 4.3778e-05 0.00151421 -0.00067034 0.00245168 0.00202467 -0.000565692
internal_weight=269410 27345 25196 20786 4410 759 339 831 19955 1302 1197 836 636 361 200 474 311 2149 2094 2028 3651 3467 3142 2451 2036 415 740 420 358 710
internal_count=269410 27345 25196 20786 4410 759 339 831 19955 1302 1197 836 636 361 200 474 311 2149 2094 2028 3651 3467 3142 2451 2036 415 740 420 358 710
is_linear=0
shrinkage=0.05


Tree=120
num_leaves=31
num_cat=0
split_feature=7 1 3 8 4 4 1 1 8 4 4 5 1 6 1 0 0 4 0 1 7 8 4 5 6 5 4 5 4 0
split_gain=0.125093 0.255846 0.178958 0.339291 0.347825 0.326123 0.284635 0.32881 0.635085 0.375351 0.311131 0.304753 0.261414 0.251383 0.248286 0.28735 0.266439 0.258239 0.314786 0.290127 0.200286 0.589428 0.585333 0.229954 0.284445 0.400688 0.249393 0.221291 0.421409 0.3448
threshold=0.012621321768486548 -0.065664329910240057 1.0000000180025095e-35 0.6564396703211085 0.73182799324622916 0.60248127982763122 0.019906505293905589 -0.056118963753157385 0.66623571998419873 0.5027545543433326 0.45134855145007935 60.581154083426703 0.12324540571616761 1.4883171927674639 0.13273324462366434 -0.07805826330971298 -0.050461122088397641 0.31795701776941004 -0.059310384195960013 0.062290126087848792 0.02686157183790434 0.8609775726248089 0.3362891616822582 64.554992302937606 0.72519234197989169 70.622972347479006 0.64977701337552107 46.962616813212946 0.071678513734989693 0.017955135715581719
decision_type=8 10 2 10 10 10 10 10 8 10 8 10 10 10 10 10 10 10 10 10 10 10 10 10 10 10 10 10 10 10
left_child=1 -1 -2 5 6 12 7 8 11 10 -10 -5 13 -4 15 -8 17 -17 -19 -20 -9 27 -23 -24 -25 26 -26 -22 29 -29
right_child=2 -3 3 4 -6 -7 14 20 9 -11 -12 -13 -14 -15 -16 16 -18 18 19 -21 21 22 23 24 25 -27 -28 28 -30 -31
leaf_value=-0.0024099804664500001 2.6000006488241935e-05 -0.00015053273949866631 -0.00029241792460835597 0.0020638258190688176 -0.00019513299706789297 -0.0011020234412764994 -0.0024344909881215751 -0.00034431214581876076 0.0003018284284140142 -0.0036461358785565045 0.0037835606988936444 0.0065468319916081701 0.0023086449190147917 0.00053386553482932494 -0.00078511177066267193 0.0045100306475754177 0.00035058307340579578 -0.0003477596538303545 0.0051560080019703164 0.00040201169044545772 -0.0011922102058315534 0.0064374636355787511 -0.00010312918656993254 1.3214606047317454e-05 0.0028485155301279435 0.00088975101091966636 0.0069926011507335465 0.0007412822189047098 -0.00017943641721038575 0.0047705563410234304
leaf_weight=127 204443 9301 12605 122 14614 1116 90 5338 1516 58 67 55 102 993 483 68 8968 166 69 60 443 50 366 218 126 234 51 775 6347 57
leaf_count=127 204443 9301 12605 122 14614 1116 90 5338 1516 58 67 55 102 993 483 68 8968 166 69 60 443 50 366 218 126 234 51 775 6347 57
internal_value=-2.06038e-06 -0.000180969 4.43711e-06 -7.54872e-05 -3.33911e-07 -0.000280114 0.00011032 -2.12571e-05 0.000611363 0.000304445 0.000449192 0.00345685 -0.000213162 -0.000232078 0.000320533 0.000377217 0.000404337 0.00173234 0.00109206 0.00294485 -0.000103378 4.50132e-05 0.00115861 0.00089334 0.00147316 0.00224754 0.00404257 -0.000107664 -4.07393e-05 0.00101733
internal_weight=269028 9428 259600 55157 40341 14816 25727 15823 1818 1641 1583 177 13700 13598 9904 9421 9331 363 295 129 14005 8667 1045 995 629 411 177 7622 7179 832
internal_count=269028 9428 259600 55157 40341 14816 25727 15823 1818 1641 1583 177 13700 13598 9904 9421 9331 363 295 129 14005 8667 1045 995 629 411 177 7622 7179 832
is_linear=0
shrinkage=0.05


Tree=121
num_leaves=31
num_cat=0
split_feature=7 2 2 4 2 7 7 1 1 7 4 7 6 5 4 5 1 2 7 7 0 2 7 0 6 6 2 5 0 0
split_gain=0.112896 0.258535 0.149785 0.127419 0.22178 0.362949 1.42089 2.0175 0.350482 0.196353 0.322349 0.20141 0.341382 0.226337 0.263751 0.203125 0.19468 0.189751 0.186752 0.184719 0.183461 0.19926 0.260256 0.256182 0.213314 0.251041 0.286347 0.222462 0.212996 0.209191
threshold=0.012621321768486548 -0.07729918596037065 0.054573968210210551 0.74308898190729644 0.15443695257483639 0.022913603576878383 0.022044759013178344 0.028205128205128219 -0.030158730158730104 0.053672811631288876 -0.29470393053016014 0.084054682809110978 1.1156669296880801 63.100230331110048 0.42480299560766693 64.062499894897442 0.017187146653098066 -0.035411610418662191 0.079061678468717936 0.041264316431061085 -0.07805826330971298 0.3897788632604014 0.04682658472744345 0.037228874289992782 1.3370387318917689 1.7202531394024461 0.17937159640724534 47.750753854781351 0.03527687718704265 0.047217566885717994
decision_type=8 10 10 10 10 10 8 10 10 10 10 10 10 10 10 10 10 10 10 8 10 10 10 10 10 10 10 10 10 10
left_child=1 -1 -3 4 9 6 -6 -8 18 -2 -11 13 17 -12 15 -15 19 -13 -7 -5 -10 23 -23 28 27 26 -26 -25 -22 -28
right_child=3 2 -4 16 5 8 7 -9 20 10 11 12 -14 14 -16 -17 -18 -19 -20 -21 21 22 -24 24 25 -27 29 -29 -30 -31
leaf_value=-0.00077554008184279005 1.3991882993544307e-05 -0.00013555893737274434 0.00055284286468316611 -0.00051917282230176697 0.00010490979536339526 0.00061906368834787424 0.0012903205617145763 0.013867691634222865 -0.0013338922404209114 4.5534424329610154e-05 -0.00042296267599080005 0.0014856856632488999 0.0039076674851062504 -0.0050316338451450761 -0.00028104799480098202 -0.0018035747869380133 -6.8727187333089614e-05 -0.0027655724957674887 -0.0005213274250880658 -0.0025537687627681669 -0.00010129725783702943 0.0017704732186984325 0.00022629474232845737 0.0024892675886578745 -0.0003761656422284432 -0.00037446353553520148 0.00071981111774221073 -4.0477004143915529e-05 -0.0022474925792686502 0.0044910128118337148
leaf_weight=1493 199502 7045 890 825 491 4150 88 50 249 6003 4248 53 69 58 282 305 29903 52 393 129 9691 345 1305 97 64 107 50 835 117 139
leaf_count=1493 199502 7045 890 825 491 4150 88 50 249 6003 4248 53 69 58 282 305 29903 52 393 129 9691 345 1305 97 64 107 50 835 117 139
internal_value=-1.95736e-06 -0.00017192 -5.83469e-05 4.21525e-06 1.70811e-05 0.000184679 0.00136478 0.00584734 0.000142364 2.61852e-06 -0.000202351 -0.000496026 0.00117564 -0.000555472 -0.00142819 -0.00231935 -9.11593e-05 -0.000619699 0.000520412 -0.000794291 1.02408e-05 3.64909e-05 0.000549168 -3.97179e-05 0.000622105 0.00165583 0.00251449 0.000222812 -0.000126899 0.00349334
internal_weight=269028 9428 7935 259600 228743 18171 629 138 17542 210572 11070 5067 174 4893 645 363 30857 105 4543 954 12999 12750 1650 11100 1292 360 253 932 9808 189
internal_count=269028 9428 7935 259600 228743 18171 629 138 17542 210572 11070 5067 174 4893 645 363 30857 105 4543 954 12999 12750 1650 11100 1292 360 253 932 9808 189
is_linear=0
shrinkage=0.05


Tree=122
num_leaves=31
num_cat=0
split_feature=3 8 2 7 9 7 6 5 7 5 7 2 7 5 6 7 6 7 6 7 0 7 7 5 8 0 7 6 5 5
split_gain=0.105627 0.306003 0.258429 0.331782 0.532709 0.48035 0.374539 0.567432 0.414251 0.268836 0.254012 0.229405 0.322086 0.42322 0.402323 0.251549 0.228612 0.223644 0.22197 0.2182 0.179071 0.295566 0.418221 0.206774 0.195487 0.189213 0.352179 0.226431 0.228173 0.418714
threshold=1.0000000180025095e-35 0.6564396703211085 0.3897788632604014 0.057757133189171216 1.0000000180025095e-35 0.084054682809110978 0.58574905994985615 68.218354287684932 0.073071248271039071 78.431372505959288 0.053672811631288876 -0.018590271721468762 0.040435130959160917 46.20134157461041 0.73492640369554352 0.027329101590553163 0.75771676208867789 0.04682658472744345 0.93440859701951429 0.012621321768486548 0.020530856433820691 0.045942379692413306 0.06361128722715019 52.065370752628233 0.98548752424217623 0.10082579029278151 0.051045454732637836 2.5603091509611668 56.214217423369426 53.630997389788085
decision_type=2 10 10 10 2 10 10 10 10 10 10 10 10 10 10 10 10 10 10 8 10 10 10 10 10 10 10 10 10 10
left_child=2 -2 19 9 5 6 -5 8 -8 10 -4 12 13 -3 15 -15 -7 -11 -14 -1 24 23 25 -22 -13 27 -27 28 29 -23
right_child=1 11 3 4 -6 16 7 -9 -10 17 -12 20 18 14 -16 -17 -18 -19 -20 -21 21 22 -24 -25 -26 26 -28 -29 -30 -31
leaf_value=-0.00024226095612639933 -0.00025483418618673623 -0.0020006184060023064 0.0020772571700261766 -0.0011592491455923984 0.0044551294064149264 0.0004456246353904991 0.0022193317145469005 0.0006160360442824522 0.0082761648014701653 -7.6915838595914801e-05 -0.0014994368157152771 4.9851130472189965e-05 -0.0023338987030118944 0.0053705962220524815 0.00080586781724851196 0.0019808387823001994 -0.0040737400563704155 -0.0031959943158194576 0.00097182903325098542 2.0579431330634201e-05 0.00097750142862404791 0.00049569574856342608 -0.00076758970538643454 -0.00038389661468587755 0.0025725712183282362 -0.0022775196640184093 0.0005706061073646973 0.0029165397967996177 0.00041470551523802805 0.0048090993304206429
leaf_weight=8215 15154 90 165 85 127 51 55 147 58 137 71 28524 124 93 467 133 62 99 86 203386 289 156 811 7989 77 159 342 114 1674 88
leaf_count=8215 15154 90 165 85 127 51 55 147 58 137 71 28524 124 93 467 133 62 99 86 203386 289 156 811 7989 77 159 342 114 1674 88
internal_value=-1.85949e-06 -6.27116e-05 1.42708e-05 0.000794139 0.00158984 0.000795321 0.00172203 0.00266399 0.00532815 -0.000192062 0.00100122 7.92661e-06 0.000758686 0.00122503 0.00164395 0.00337574 -0.00203403 -0.00138534 -0.000980124 1.03752e-05 -1.06077e-05 -0.000176107 0.000220616 -0.000336368 5.66428e-05 0.000537013 -0.00033329 0.00075159 0.000622913 0.00205135
internal_weight=269028 56370 212658 1057 585 458 345 260 113 472 236 41216 993 783 693 226 113 236 210 211601 40223 11622 3344 8278 28601 2533 501 2032 1918 244
internal_count=269028 56370 212658 1057 585 458 345 260 113 472 236 41216 993 783 693 226 113 236 210 211601 40223 11622 3344 8278 28601 2533 501 2032 1918 244
is_linear=0
shrinkage=0.05


Tree=123
num_leaves=31
num_cat=0
split_feature=3 8 4 4 2 1 9 1 6 1 5 4 1 8 2 4 4 2 6 2 6 2 6 2 8 2 6 5 4 1
split_gain=0.0953285 0.276526 0.278096 0.278008 0.233232 0.23336 0.264217 0.237288 0.212072 0.210818 0.24387 0.308031 0.203581 0.261733 0.235309 0.18719 1.08607 0.45057 0.179173 0.178069 0.168627 0.167475 0.215035 0.16684 0.165018 0.402982 0.389324 0.274793 0.200637 0.225731
threshold=1.0000000180025095e-35 0.60225195820188426 0.29995240434532638 0.73182799324622916 0.3897788632604014 0.19168037263172447 1.0000000180025095e-35 0.32037338840207635 1.7462420465785153 0.019906505293905589 46.962616813212946 0.071678513734989693 -0.066742900730086083 0.65210175778263302 0.189021640767469 0.3362891616822582 0.40732190437622123 0.65459219715740546 1.0023796188250913 -0.023437500000000052 1.4883171927674639 0.0051465002353683351 0.38899516842181386 -0.034263983294332549 0.71014492616397173 0.30648267736161167 1.253007325915507 42.13421341485283 0.28215517691900677 0.042140418973867562
decision_type=2 10 10 10 10 10 2 10 10 10 10 10 10 10 10 10 10 10 10 10 10 10 10 10 10 10 10 10 10 10
left_child=4 2 20 9 -1 15 8 -8 18 10 -3 12 13 -12 -14 -6 -17 -18 -7 -5 -2 -13 -23 -4 25 26 27 -11 29 -26
right_child=1 3 23 19 5 6 7 -9 -10 24 11 21 14 -15 -16 16 17 -19 -20 -21 -22 22 -24 -25 28 -27 -28 -29 -30 -31
leaf_value=9.8564016947360494e-06 -0.00022072065899098254 -0.0006593990679612193 0.0011139854249424823 0.0026831516452754541 -0.00037355548426232959 -0.0025634604178776501 -0.00080407345830462882 0.0026071166748386949 -0.0041595684151338828 0.0028868304515754064 0.00016152973650109844 0.0006207156326815624 0.00015701778041356116 0.002085996027946329 0.0024329184275340612 0.0084395282227045839 0.00027459633883864648 0.0041805546268975985 0.0015902930508471199 -0.00019319087167193164 0.00068982372354326512 -0.0014701999127694123 -7.8271413717550164e-05 -0.00089247863481654573 0.00038256586925832295 -0.0027244406615772533 0.0011817318890256173 -0.00045239743623118778 0.00029095108321371929 0.002351993150041802
leaf_weight=211601 7397 1382 109 54 135 50 100 104 59 64 323 840 2490 390 119 54 411 90 54 15136 546 283 14199 2093 332 139 569 1650 7996 259
leaf_count=211601 7397 1382 109 54 135 50 100 104 59 64 323 840 2490 390 119 54 411 90 54 15136 546 283 14199 2093 332 139 569 1650 7996 259
internal_value=-1.76652e-06 -5.9576e-05 -0.000295965 -7.69586e-06 1.35573e-05 0.000754432 -0.000264248 0.000934965 -0.0017651 7.80894e-05 -1.85322e-05 2.89725e-05 0.000465444 0.00121418 0.000260825 0.00129625 0.00170242 0.000976265 -0.000406704 -0.000182966 -0.00015813 -6.56599e-05 -0.000105472 -0.000793158 0.00025385 -0.000110648 4.84918e-05 -0.000327712 0.000356658 0.00124565
internal_weight=269028 56370 10145 46225 212658 1057 367 204 163 31035 20026 18644 3322 713 2609 690 555 501 104 15190 7943 15322 14482 2202 11009 2422 2283 1714 8587 591
internal_count=269028 56370 10145 46225 212658 1057 367 204 163 31035 20026 18644 3322 713 2609 690 555 501 104 15190 7943 15322 14482 2202 11009 2422 2283 1714 8587 591
is_linear=0
shrinkage=0.05


Tree=124
num_leaves=31
num_cat=0
split_feature=7 2 8 3 8 4 4 2 2 7 9 7 4 5 4 4 7 5 0 0 7 7 5 8 7 2 0 4 5 5
split_gain=0.0883607 0.233053 0.152049 0.137224 0.255462 0.283094 0.254262 0.216459 0.204721 0.284784 0.471527 0.431792 0.823325 0.340872 0.305893 0.259675 0.420385 0.262149 0.174478 0.167053 0.156903 0.239239 0.153654 0.149372 0.246916 0.1659 0.146353 0.193972 0.183767 0.243413
threshold=0.012621321768486548 -0.07729918596037065 0.17254817583601204 1.0000000180025095e-35 0.6564396703211085 0.60248127982763122 0.73182799324622916 -0.0222367686495854 0.3897788632604014 0.057757133189171216 1.0000000180025095e-35 0.079061678468717936 0.42480299560766693 73.576251344163992 0.5843916806097863 0.68978436022049339 0.052946406917865098 79.261974704181185 -0.03774230354245716 0.048838080306593652 0.033123585838905116 0.052946406917865098 77.611940197148598 0.73026093693571581 0.036494476576477579 0.15443695257483639 0.00096805421103585154 1.0620545557555838 67.609507282816807 82.721296622103907
decision_type=8 10 8 2 10 10 10 10 10 10 2 10 10 10 10 10 10 10 10 10 10 10 10 10 10 10 10 10 10 10
left_child=1 2 -1 8 5 19 -6 -8 -2 15 11 12 -11 14 -14 -10 17 -17 -9 -5 -7 -22 -12 24 25 -20 27 -25 -29 -30
right_child=3 -3 -4 4 6 20 7 18 9 10 22 -13 13 -15 -16 16 -18 -19 23 -21 21 -23 -24 26 -26 -27 -28 28 29 -31
leaf_value=-0.00043759510481810888 1.9057638628386221e-05 -4.421094803855355e-05 -0.0016105699229109498 -0.00019906003553695438 9.3614989724952495e-05 -0.00059453524172106567 0.0030841761726917993 -0.0012659934202545427 0.0019180032674895456 0.0059968783079324683 0.006171741822941436 -0.0013688120314102967 0.00097919670749563792 0.0023680260881519645 -0.0041800155675322829 0.0019427977749859699 -0.0040973083360884817 -0.0011740195977455548 -0.00074951069323752522 0.0015431643041979737 -0.002568084856954686 0.00043370751960098683 0.002653830388839172 5.2419597202309991e-05 -0.0025025405352087316 0.0015306061101965701 -0.00020158564030724644 0.0035509584997844412 -0.00011272032379429898 0.0035641602240502838
leaf_weight=1127 203386 7935 366 13561 25727 749 51 360 111 85 54 162 56 96 59 111 78 172 429 139 280 87 73 2623 173 98 10548 73 201 58
leaf_count=1127 203386 7935 366 13561 25727 749 51 360 111 85 54 162 56 96 59 111 78 172 429 139 280 87 73 2623 173 98 10548 73 201 58
internal_value=-1.67819e-06 -0.000152042 -0.000725143 3.78264e-06 -6.62046e-05 -0.000243763 -9.92942e-07 -0.000167544 2.26646e-05 0.00071671 0.00145391 0.000706401 0.00184216 0.000168458 -0.0016677 -0.000196976 -0.000847288 4.84777e-05 -0.000178932 -0.000181383 -0.00100953 -0.00185649 0.00414964 -0.000151378 -0.000863543 -0.000325504 -0.000114459 0.000196542 0.00133519 0.000710674
internal_weight=269028 9428 1493 259600 55157 14816 40341 14614 204443 1057 585 458 296 211 115 472 361 283 14563 13700 1116 367 127 14203 700 527 13503 2955 332 259
internal_count=269028 9428 1493 259600 55157 14816 40341 14614 204443 1057 585 458 296 211 115 472 361 283 14563 13700 1116 367 127 14203 700 527 13503 2955 332 259
is_linear=0
shrinkage=0.05


Tree=125
num_leaves=31
num_cat=0
split_feature=1 7 4 8 7 6 7 8 8 7 8 1 4 7 0 8 7 1 8 8 6 8 7 1 0 0 9 4 4 1
split_gain=0.0990878 0.242687 0.362215 0.540085 0.489901 0.427718 0.358609 0.295273 0.425468 0.286307 0.259023 0.282962 0.251458 0.227764 0.219751 0.219536 0.286858 0.273504 0.287194 0.269792 0.234694 0.281241 0.224036 0.223207 0.33652 0.37367 0.281664 0.3138 0.247528 0.319603
threshold=0.044190259021546503 0.030087733250814895 -0.36674309410159772 0.14967353912178671 0.043054602623442122 0.67517867182735014 0.027329101590553163 0.10704082939066545 0.13320996694719225 0.039236893248547962 0.7665064055682691 0.16800697416389279 -0.23190213440951987 0.042420322669416401 -0.045962451797564134 0.53667481635254954 0.048732584943597293 0.2068991669203544 0.83677729463455208 0.70517419753052002 1.2049747868104068 0.91231343233938167 0.044028506789199028 0.079401972898997544 0.068097587217287772 -0.070991281012234661 1.0000000180025095e-35 1.1173375469307762 0.35373948376264092 0.071906364990049113
decision_type=8 8 8 8 10 10 10 10 10 10 8 10 10 8 10 8 8 10 8 8 10 8 10 10 10 8 2 10 8 10
left_child=-1 6 4 9 5 -3 10 -7 -9 -4 12 -12 -2 14 -5 22 17 18 -17 -19 21 -20 -15 24 25 -18 27 -25 29 -27
right_child=1 2 3 13 -6 7 -8 8 -10 -11 11 -13 -14 15 -16 16 23 19 20 -21 -22 -23 -24 26 -26 28 -28 -29 -30 -31
leaf_value=-1.0104264227598491e-05 -0.0009173219307730897 -3.0087597721165964e-05 -0.0022572585092877403 -0.0013858896417268838 -0.0002633838765849116 0.00034724075580015783 0.00055330447543259522 0.0081453897981662998 0.0029786308600466185 -0.0002674845101595296 -0.00029489083094733721 0.0024075056477379283 0.00026114319959768016 -0.00050186081966072278 -0.00010986070821377759 9.0718704264022515e-05 -0.001132773480544483 -0.0041050892588682473 0.0016518418062044058 -0.00026134836859585323 0.0017557300619987883 -5.3873431819765618e-05 0.0006552493238822074 -0.00034217477206025882 -0.0011996162777769665 -0.0013083634747610112 0.00031169190285261082 -0.0019849816542372029 0.00062928639009790055 0.0025218379979308411
leaf_weight=210197 473 134 409 344 363 60 5347 54 152 324 4493 99 10526 491 17595 1540 396 50 378 525 677 670 2826 5170 397 336 1644 308 3244 65
leaf_count=210197 473 134 409 344 363 60 5347 54 152 324 4493 99 10526 491 17595 1540 396 50 378 525 677 670 2826 5170 397 336 1644 308 3244 65
internal_value=5.97685e-06 6.31811e-05 -1.18852e-05 -3.38934e-05 0.00106658 0.00227351 0.000199963 0.00343398 0.00433302 -0.00137774 7.87825e-05 -0.000236629 0.000210465 -7.02089e-06 -0.00013433 0.000114996 3.55238e-05 0.000409941 0.000587025 -0.000595587 0.0010301 0.000561356 0.000483968 -8.88502e-05 0.000189475 0.000325943 -0.000262285 -0.000434541 0.000484421 -0.000687508
internal_weight=269287 59090 38152 37389 763 400 20938 266 206 733 15591 4592 10999 36656 17939 18717 15400 3840 3265 575 1725 1048 3317 11560 4438 4041 7122 5478 3645 401
internal_count=269287 59090 38152 37389 763 400 20938 266 206 733 15591 4592 10999 36656 17939 18717 15400 3840 3265 575 1725 1048 3317 11560 4438 4041 7122 5478 3645 401
is_linear=0
shrinkage=0.05


Tree=126
num_leaves=31
num_cat=0
split_feature=5 1 3 6 6 7 6 6 1 4 7 2 6 7 4 7 7 4 2 5 7 2 1 1 1 2 6 4 1 5
split_gain=0.146203 0.254311 0.189885 0.253848 0.298714 0.257332 0.209957 0.184405 0.173482 0.386991 0.252123 0.311168 0.252905 0.237617 0.211976 0.175567 0.457656 0.251593 0.219426 0.20237 0.206974 0.191889 0.282994 0.267988 0.189637 0.253418 0.433635 0.173009 0.391501 0.184965
threshold=72.193383674602458 -0.088746941272430643 1.0000000180025095e-35 1.4582995398390131 1.5361869485606656 0.036494476576477579 0.4247346127170098 1.0000000180025095e-35 -0.035138528423186537 0.45134855145007935 0.036669205911247595 0.3897788632604014 0.73492640369554352 0.033884834145942809 0.65998057755851236 0.052306130992699713 0.054473624498138536 0.72099149676907681 0.42303513137429588 73.138336581420717 0.03946003414417007 0.32268664290448762 0.02511731468444112 0.055555555555555698 0.12324540571616761 0.20525490716530362 0.90902863172469661 0.87946274317831652 -0.12716893308091839 41.341893214238603
decision_type=8 8 2 8 10 10 8 8 10 10 10 10 10 10 10 10 10 10 10 10 10 10 10 10 10 10 10 8 10 10
left_child=7 -2 6 8 5 -5 -3 -1 9 -4 11 14 -12 -13 -10 17 18 19 -17 -14 -21 22 -22 -23 -19 -26 -27 -9 -29 -30
right_child=1 2 3 4 -6 -7 -8 27 10 -11 12 13 15 -15 -16 16 -18 24 -20 20 21 23 -24 -25 25 26 -28 28 29 -31
leaf_value=0.0029425958720615867 -0.00068693814566050948 -0.0020080392612582348 -8.9084937814820284e-05 -0.00049501528072872891 -0.00019364088632381431 -0.0031104134591786489 0.0002794901538799245 3.3129217577395039e-06 -0.00020000148787465791 0.0044608547329747427 -0.0012339311974847783 0.00087092844660986322 -0.002082047229976256 0.0049077920151355033 0.00060371865341323503 0.0014705268084071578 6.4312165535878967e-05 -0.0015989713616790049 0.0056491131759493765 0.0030657008199883192 0.0011899580190929779 2.3306708995397521e-05 -0.0030723791799197597 0.0041838989290784324 0.0029122352019994189 0.0027763385393219878 -0.0012353974243560517 0.0019631939733101588 -0.00093002210359547819 -0.00016481612511052288
leaf_weight=53 945 101 124 209 3392 171 14645 229421 1310 75 516 83 61 65 2195 70 650 418 57 94 81 103 75 62 59 81 400 210 842 12719
leaf_count=53 945 101 124 209 3392 171 14645 229421 1310 75 516 83 61 65 2195 70 650 418 57 94 81 103 75 62 59 81 400 210 842 12719
internal_value=5.67801e-06 0.000118275 0.000148594 -1.55597e-05 -0.000342569 -0.00167194 0.000263822 -6.37667e-06 0.000171927 0.00162572 0.000126582 0.000398153 -0.000237206 0.00264388 0.000303327 -4.59203e-06 0.000600694 -0.000332561 0.00334596 0.000606999 0.00100226 0.000398008 -0.000859243 0.00158668 -0.000799398 -0.00018047 -0.000559824 -7.01935e-06 -0.000179152 -0.000212328
internal_weight=269287 26042 25097 10351 3772 380 14746 243245 6579 199 6380 3653 2727 148 3505 2211 777 1434 127 476 415 321 156 165 958 540 481 243192 13771 13561
internal_count=269287 26042 25097 10351 3772 380 14746 243245 6579 199 6380 3653 2727 148 3505 2211 777 1434 127 476 415 321 156 165 958 540 481 243192 13771 13561
is_linear=0
shrinkage=0.05


Tree=127
num_leaves=31
num_cat=0
split_feature=5 1 0 2 1 1 4 7 1 5 2 5 1 2 2 5 4 1 5 4 2 7 5 2 7 4 2 6 4 2
split_gain=0.131948 0.229516 0.168913 0.228487 0.261409 0.25391 0.356107 0.351466 0.222068 0.203029 0.21444 0.19046 0.219835 0.270014 0.186791 0.186212 0.177399 0.197031 0.291429 0.481366 0.327268 0.294592 0.502379 0.22011 0.20904 0.235395 0.219896 0.198551 0.22851 0.362146
threshold=72.193383674602458 -0.088746941272430643 -0.070991281012234661 -0.2204671338228493 -0.12716893308091839 -0.09063966622234286 -0.99225335413760363 0.045550372314020794 -0.15738888560099426 45.806566240794332 -0.048041102870407019 21.234128549628746 -0.071217989168363291 -0.14802652256159152 0.225079449382973 30.888761160743723 0.87946274317831652 0.053007751304393287 33.497390265903363 -0.36674309410159772 -0.13360337118167867 0.043054602623442122 25.776397509223937 0.5317431461326293 0.021810767382656266 0.67967603969500423 -0.0222367686495854 0.43178115732243499 -0.23190213440951987 -0.18265794825493178
decision_type=8 8 10 10 10 10 8 8 10 10 10 10 10 10 10 10 8 10 10 10 10 10 10 10 10 10 8 10 10 10
left_child=2 -2 3 5 9 6 7 -1 -8 10 -5 -6 13 -13 -15 -14 17 23 19 20 21 22 -19 -4 25 26 -20 -26 29 -29
right_child=1 -3 16 4 11 -7 8 -9 -10 -11 -12 12 15 14 -16 -17 -18 18 24 -21 -22 -23 -24 -25 27 -27 -28 28 -30 -31
leaf_value=0.0018990536637656227 -0.00065259124921688996 0.00014116426239436935 -1.5264026314795657e-05 -0.00061417225970140357 -0.0019223863740223013 -0.0010806115139280941 0.004952151174401646 -0.00093422028554375589 0.0015774800964227888 -0.002023159324523671 0.001966568095952791 -0.00088236304875408686 0.0029553420454348357 0.0013680170490536739 0.0044230797040191562 -2.1634725656528339e-05 -0.00018613440092924569 -0.0012148935196886737 0.00036482302044810985 -0.0014320925965785639 -0.0022112243920800428 -0.00013155375237744742 0.0045849380268107266 -0.0013774426748152189 -0.0011106886743692255 -0.00021332101970178869 0.0015780952728819586 0.0027938215486765241 0.0001079961733629144 0.00036460815522574609
leaf_weight=262 945 25097 200041 473 83 113 98 188 97 201 97 128 55 554 55 1169 13658 54 739 724 79 169 121 297 322 574 755 202 21299 638
leaf_count=262 945 25097 200041 473 83 113 98 188 97 201 97 128 55 554 55 1169 13658 54 739 724 79 169 121 297 322 574 755 202 21299 638
internal_value=5.39411e-06 0.000112361 -6.05784e-06 0.000335191 0.000127709 0.00110572 0.00148875 0.000715375 0.00327347 -0.000656811 -0.000174994 0.000423632 0.000522928 0.00120517 0.00164393 0.000112135 -1.11451e-05 -5.70549e-07 0.000129833 -0.000649155 0.000690908 0.00135739 0.00279528 -1.72834e-05 0.000166259 0.000647302 0.000977956 0.000121969 0.000139897 0.000948776
internal_weight=269287 26042 243245 3573 2815 758 645 450 195 771 570 2044 1961 737 609 1224 239672 226014 25676 1147 423 344 175 200338 24529 2068 1494 22461 22139 840
internal_count=269287 26042 243245 3573 2815 758 645 450 195 771 570 2044 1961 737 609 1224 239672 226014 25676 1147 423 344 175 200338 24529 2068 1494 22461 22139 840
is_linear=0
shrinkage=0.05


Tree=128
num_leaves=31
num_cat=0
split_feature=5 1 3 0 1 6 6 7 6 0 1 5 6 1 1 4 7 1 4 4 6 4 6 6 0 7 7 4 0 5
split_gain=0.119083 0.207138 0.171371 0.270016 0.420103 0.229098 0.269589 0.232242 0.194852 0.177718 0.214187 0.177125 0.167094 0.163995 0.158178 0.355953 0.227475 0.250435 0.224342 0.56323 0.217384 0.189348 0.180793 0.40347 0.174606 0.174222 0.461865 0.209524 0.197615 0.187149
threshold=72.193383674602458 -0.088746941272430643 1.0000000180025095e-35 0.15039605358095179 0.10798492700206642 1.4582995398390131 1.5361869485606656 0.036494476576477579 0.4247346127170098 -0.07805826330971298 0.051809658994896764 79.261974704181185 1.0000000180025095e-35 -0.096978477157520046 -0.03771210438557359 0.45134855145007935 0.036669205911247595 0.17857975875780266 1.1173375469307762 1.0889217266561968 0.73492640369554352 0.65998057755851236 0.82654532230866018 0.78166842613365328 0.050560434785319915 0.052306130992699713 0.054473624498138536 0.72099149676907681 -0.03403253894659513 73.138336581420717
decision_type=8 8 2 10 10 8 10 10 8 8 8 8 8 10 10 10 10 10 10 10 10 10 10 10 10 10 10 10 10 10
left_child=12 13 3 8 -5 14 7 -7 -3 10 -10 -6 -1 -2 15 -4 17 18 19 21 -18 -16 23 -23 -24 27 -27 28 -22 -30
right_child=1 2 5 4 11 6 -8 -9 9 -11 -12 -13 -14 -15 16 -17 20 -19 -20 -21 25 22 24 -25 -26 26 -28 -29 29 -31
leaf_value=0.0028013963944208374 -0.00038958879359422648 -0.0019146954920258152 3.2095583045995263e-05 -0.0047747001884448706 0.0019401705188846045 -0.00047732275714607616 -0.00019101705555625147 -0.0029619509711989599 0.002231261699460447 0.00031741823008756633 -0.0012945159771322451 -0.0011497834007828855 -6.3667197608082999e-06 -0.0025032040280899151 -0.00014341194319294879 0.0047620813944377009 -0.0011459467365864103 0.0033571406893315725 -0.0015572954201309949 0.0053282946078596939 0.0029084270731514093 0.00072833018849265921 0.00026606097693141151 0.004446044190481971 0.0028552879606757093 0.0033349573209761731 4.9876875945764559e-05 -0.00076648674142326418 -0.0026291334307858381 0.00050649653906503919
leaf_weight=53 842 101 118 66 66 209 3392 171 50 13996 311 156 243192 103 1347 60 523 69 153 57 73 339 1533 93 68 128 652 958 55 353
leaf_count=53 842 101 118 66 66 209 3392 171 50 13996 311 156 243192 103 1347 60 523 69 153 57 73 339 1533 93 68 128 652 958 55 353
internal_value=5.1244e-06 0.000106743 0.000134106 0.000243573 -0.00127238 -2.18399e-05 -0.000332498 -0.00159541 0.00027377 0.000289166 -0.000806181 -0.000231148 -5.75494e-06 -0.000619962 0.000156273 0.00162647 0.000115389 0.000373416 0.000316069 0.000399463 -0.000228929 0.000316344 0.000620963 0.00152867 0.000376034 -1.27958e-05 0.000588967 -0.000338977 0.000512487 8.38013e-05
internal_weight=269287 26042 25097 14746 288 10351 3772 380 14458 14357 361 222 243245 945 6579 178 6401 3659 3590 3437 2742 3380 2033 432 1601 2219 780 1439 481 408
internal_count=269287 26042 25097 14746 288 10351 3772 380 14458 14357 361 222 243245 945 6579 178 6401 3659 3590 3437 2742 3380 2033 432 1601 2219 780 1439 481 408
is_linear=0
shrinkage=0.05


Tree=129
num_leaves=31
num_cat=0
split_feature=8 7 1 2 4 4 7 2 6 7 7 7 7 2 8 1 7 0 7 8 2 2 2 6 7 0 2 8 1 7
split_gain=0.0894434 0.299198 0.339478 0.306672 0.451016 0.41291 0.384232 0.341882 0.397595 0.296324 0.258377 0.252692 0.243509 0.351966 0.356602 0.419565 0.33718 0.263574 0.251723 0.460806 0.320296 0.289261 0.321683 0.286561 0.281296 0.357991 0.294919 0.721807 0.290789 0.279026
threshold=0.30721966170443199 0.038998441370282362 -0.17162639202663535 -0.033025928327681413 0.51183061292236742 -0.82554577926733008 0.068895718469190556 0.065049367460316768 1.3588892404331807 0.059819200537251725 0.049245603936570334 0.04336510981720245 0.036669205911247595 0.30648267736161167 0.91946033832292196 0.10798492700206642 0.029588326954101025 0.15039605358095179 0.018358435625879813 0.82003939512827007 -0.040055635513874081 0.011655288528068632 -0.19327307726062062 0.81262377010659892 0.02616633882716456 -0.050461122088397641 0.13107358875951461 0.77695416947184071 0.138593914159612 0.025397247701499374
decision_type=8 10 10 10 10 10 10 10 10 10 10 10 10 10 10 10 10 10 8 8 10 8 10 8 8 10 10 8 10 10
left_child=1 2 -1 5 9 -3 -7 8 11 10 -5 -6 13 17 -15 -16 -17 18 19 20 23 22 -20 -2 25 -23 -27 28 29 -28
right_child=12 3 -4 4 7 6 -8 -9 -10 -11 -12 -13 -14 14 15 16 -18 -19 21 -21 -22 24 -24 -25 -26 26 27 -29 -30 -31
leaf_value=0.0011736709360010919 4.2568162483589344e-05 -0.0002756620436254845 -6.9905597234357878e-05 -0.00040195700442920764 0.0021324423692931304 0.00058529675942553766 -0.00024579801390754475 -0.00030707226811106468 0.00025056611096564062 0.00092869901588384985 -0.0016054365992161366 0.0065584661768606075 -6.2594031573129681e-05 0.00028459443858323651 8.4304425543473097e-05 0.006969075052834609 0.0024408746909686226 -0.0019603654749923596 -0.00051983759808190604 -0.00065495334790556926 0.0001274497144230277 0.003797656881190427 0.0002487281045422152 -0.0008453528678601665 0.00011229595688058965 -0.00023697798312944079 0.0013426009692363279 -0.00039736644182312053 -0.0018938834042569925 -0.00038036811010010998
leaf_weight=552 1801 2562 94408 1609 64 7896 1688 203 108 304 617 65 49974 777 162 51 212 161 1422 3127 12577 58 31981 1834 35876 15199 1549 2087 86 277
leaf_count=552 1801 2562 94408 1609 64 7896 1688 203 108 304 617 65 49974 777 162 51 212 161 1422 3127 12577 58 31981 1834 35876 15199 1549 2087 86 277
internal_value=4.86818e-06 -2.97877e-05 -6.26767e-05 0.000176824 -0.000278612 0.00028819 0.000438919 0.00119887 0.00248877 -0.000535565 -0.000735536 0.00436261 2.88287e-05 7.0653e-05 0.000921527 0.00208599 0.00331897 6.11861e-05 6.42033e-05 -9.922e-05 7.97083e-06 9.99004e-05 0.000216009 -0.000405423 2.9553e-05 -0.000124606 -0.000136456 0.000245599 0.000947413 0.00108123
internal_weight=269287 110076 94960 15116 2970 12146 9584 440 237 2530 2226 129 159211 109237 1202 425 263 108035 107874 19339 16212 88535 33403 3635 55132 19256 19198 3999 1912 1826
internal_count=269287 110076 94960 15116 2970 12146 9584 440 237 2530 2226 129 159211 109237 1202 425 263 108035 107874 19339 16212 88535 33403 3635 55132 19256 19198 3999 1912 1826
is_linear=0
shrinkage=0.05


Tree=130
num_leaves=31
num_cat=0
split_feature=6 4 5 2 7 6 5 2 7 6 4 7 5 7 4 2 7 6 2 7 5 6 6 7 0 0 7 6 4 2
split_gain=0.111952 0.352252 0.343785 0.387539 0.296907 0.29375 0.255243 0.240592 0.32474 0.271713 0.277397 0.236228 0.24599 0.209523 0.204342 0.203287 0.192738 0.218775 0.210761 0.233321 0.196306 0.278249 0.189052 0.19461 0.185502 0.205214 0.235361 0.261742 0.317771 0.184443
threshold=1.0974429876554652 -0.92919963281544626 37.790559832584186 -0.087657895193063926 0.045942379692413306 0.71829843525091264 22.894895672215231 -0.11006045212671516 0.034206060103639156 1.2049747868104068 -0.2481743671088876 0.019712877105392868 24.436513577071974 0.043696133150102102 -1.3229231923792539 -0.12997619918198747 0.065185274809158783 1.3076523575614649 -0.21500824586268383 0.036124634949462442 32.562800235558818 1.6722418876634639 1.2881132953148915 0.057757133189171216 -0.001980198019802037 0.047217566885717994 0.031958304682792045 1.4883171927674639 -0.41411456341770297 -0.12809683200220565
decision_type=10 8 10 8 10 10 10 8 10 10 10 10 10 10 10 10 10 10 10 10 10 10 10 10 10 10 10 10 10 10
left_child=1 2 3 4 5 13 -2 8 11 10 -10 -8 -13 -1 -7 -12 18 -18 22 20 -20 -22 -11 -24 -14 26 -26 28 -28 -21
right_child=6 -3 -4 -5 -6 14 7 -9 9 16 15 12 24 -15 -16 -17 17 -19 19 29 21 -23 23 -25 25 -27 27 -29 -30 -31
leaf_value=0.00078950905927569902 -0.00029195042074312076 -4.7792600668320339e-05 0.00082771686972312819 -0.00032532263944821141 -0.00092365323592826323 0.0015831247353393554 0.00084804307585012505 3.1278751418956369e-05 0.00098541232320712899 -0.00046721931159252175 0.0021669529082002834 0.0012495003861556007 -0.00047865878298166949 0.0039405197538952856 6.6084533495478412e-05 0.0058917916576177176 0.0020457484104917968 -0.00077597249137659739 -0.00021807468462058528 0.00039567141520255832 0.0013215878008517215 0.0054068022331132132 0.0015154405037341107 0.0045830360300033908 0.00019619968982740826 -0.00090075942857489411 0.0058371957637064044 -0.00062999077152550947 0.00092846132439958369 -0.0010239085946968586
leaf_weight=2290 5377 177584 2011 3377 441 236 819 65131 605 103 130 327 2310 54 3735 51 80 486 97 1032 142 59 418 59 1461 362 64 62 68 294
leaf_count=2290 5377 177584 2011 3377 441 236 819 65131 605 103 130 327 2310 54 3735 51 80 486 97 1032 142 59 418 59 1461 362 64 62 68 294
internal_value=-9.10217e-06 -2.99766e-05 0.00023055 0.000112036 0.000330651 0.000418243 4.06918e-05 6.48102e-05 0.00030669 0.000678696 0.00149919 6.49847e-05 -7.2816e-05 0.000862101 0.000156244 0.00321649 0.000445879 -0.000377143 0.000657235 0.000365035 0.00162924 0.00252073 0.0014754 0.00189487 -0.000172746 0.000177605 0.000413477 0.00204978 0.00330845 8.09229e-05
internal_weight=269265 189728 12144 10133 6756 6315 79537 74160 9029 3556 786 5473 4654 2344 3971 181 2770 566 2204 1624 298 201 580 477 4327 2017 1655 194 132 1326
internal_count=269265 189728 12144 10133 6756 6315 79537 74160 9029 3556 786 5473 4654 2344 3971 181 2770 566 2204 1624 298 201 580 477 4327 2017 1655 194 132 1326
is_linear=0
shrinkage=0.05


Tree=131
num_leaves=31
num_cat=0
split_feature=1 8 0 5 8 0 5 7 6 6 0 8 6 6 6 7 5 1 0 5 7 7 7 8 6 1 7 8 7 1
split_gain=0.106574 0.414384 0.280341 0.258577 0.427137 0.228952 0.222937 0.439038 0.307748 0.365756 0.218993 0.202491 0.257784 0.289856 0.237748 0.386307 0.19254 0.217187 0.268227 0.21381 0.235296 0.213646 0.210312 0.280938 0.198449 0.195336 0.301685 0.301222 0.215083 0.204972
threshold=-0.030775117980691043 0.80382359519951585 0.10082579029278151 31.617647055772178 0.092197808567767756 0.050560434785319915 58.878504661662596 0.075517149084893084 0.63536151319041323 0.62858974848366278 0.15039605358095179 0.36842105117728546 1.4883171927674639 1.5897696991501069 1.3269139140591426 0.035582665312475961 18.20754993687834 -0.012491137028202258 0.013428541016496711 30.143540663125858 0.017825467801817995 0.028035940640548769 0.023668688393738632 0.16961907320596217 0.40838345894995526 0.056850005935716326 0.027329101590553163 0.08498065276214313 0.058752616110890658 0.0095087163232964195
decision_type=10 10 10 10 8 10 10 10 8 10 10 10 8 10 10 10 8 10 10 8 8 10 10 8 8 10 8 8 10 10
left_child=1 2 6 5 -5 16 -1 8 9 -8 -4 -10 14 -14 -13 -16 21 22 25 20 -20 -2 23 -18 -22 26 -19 -28 29 -29
right_child=3 -3 10 4 -6 -7 7 -9 11 -11 -12 12 13 -15 15 -17 17 18 19 -21 24 -23 -24 -25 -26 -27 27 28 -30 -31
leaf_value=8.2627851997610016e-07 0.00010920867158666493 0.0013507269762706858 0.0028222844047661151 -0.00042936590594305378 -3.5408178574354635e-05 -0.00073360593155129359 -6.4829818105465709e-05 -0.0016691686402886428 0.0011788635082851957 -0.0041827517727922115 -0.00049236979421661933 0.00040345239221343762 0.005081188471956273 0.00093652297083109094 0.0015556733233317958 -0.0032667522603462987 0.0005615117645941869 0.00030468374504624978 0.0011576744788885038 0.00051714668410329594 0.0025122985995840283 -0.00082254949721659917 -0.00035457457160543309 -0.00026122670485541664 -0.00068635044916622685 -0.00020685037342280685 -0.00016624842079695452 0.00073861207962959798 -0.00054919341174271806 0.0016413148665780858
leaf_weight=83440 1636 595 157 7212 149600 742 1454 268 1153 56 73 2925 59 148 66 112 2446 4610 218 1006 50 986 2658 1802 1606 914 524 1094 176 1479
leaf_count=83440 1636 595 157 7212 149600 742 1454 268 1153 56 73 2925 59 148 66 112 2446 4610 218 1006 50 986 2658 1802 1606 914 524 1094 176 1479
internal_value=-8.64707e-06 3.55609e-05 2.68575e-05 -3.10296e-05 -5.35268e-05 0.000129714 2.23864e-05 0.000310637 0.000399468 -0.000217547 0.00177024 0.000608228 0.000409454 0.00211785 0.000295487 -0.00147866 0.000159923 0.000216517 0.000347972 -7.08477e-05 -0.000386495 -0.000241178 -5.75325e-06 0.000212506 -0.000589773 0.000485086 0.000565313 0.000932409 0.00114183 0.0012575
internal_weight=269265 90506 89911 178759 156812 21947 89681 6241 5973 1510 230 4463 3310 207 3103 178 21205 18583 11677 2880 1874 2622 6906 4248 1656 8797 7883 3273 2749 2573
internal_count=269265 90506 89911 178759 156812 21947 89681 6241 5973 1510 230 4463 3310 207 3103 178 21205 18583 11677 2880 1874 2622 6906 4248 1656 8797 7883 3273 2749 2573
is_linear=0
shrinkage=0.05


Tree=132
num_leaves=31
num_cat=0
split_feature=6 5 8 2 7 8 7 8 0 7 5 8 6 0 8 5 2 7 0 6 5 3 5 0 2 7 6 5 6 8
split_gain=0.103943 0.230733 0.432345 0.217516 0.292998 0.263481 0.377492 0.338653 0.280647 0.210715 0.220926 0.241554 0.209663 0.197162 0.393685 0.446055 0.289962 0.432023 0.331323 0.625092 0.242075 0.236008 0.231958 0.229049 0.211297 0.254785 0.207641 0.272345 0.254236 0.204611
threshold=1.0974429876554652 22.894895672215231 0.11740844322310992 -0.11006045212671516 0.034206060103639156 0.39668932116089489 0.065185274809158783 0.55369438885340105 -0.022387377803962601 0.019712877105392868 24.436513577071974 0.092197808567767756 1.6722418876634639 -0.0083869749076860827 0.46399371873530987 27.335105162222131 0.063182897862232759 0.022806943077190171 -0.030438898389434196 0.45806781455587359 20.785020217558074 1.0000000180025095e-35 37.790559832584186 -0.022784359495473413 -0.10132817990817548 0.011966459963838884 0.96930806793349611 57.034183011470525 0.70814819812322238 0.557985266028166
decision_type=10 10 10 8 10 10 10 10 10 10 10 8 10 10 10 8 10 10 10 10 10 2 10 10 8 10 10 10 10 10
left_child=13 2 12 4 9 6 8 -7 -6 -3 -11 -12 -2 14 15 24 17 23 19 -19 -20 29 -22 -16 25 -1 28 -28 -23 -21
right_child=1 3 -4 -5 5 7 -8 -9 -10 10 11 -13 -14 -15 16 -17 -18 18 20 21 22 26 -24 -25 -26 -27 27 -29 -30 -31
leaf_value=-0.0019527093404018666 0.00014247875608667363 0.0008026605193046948 -0.0012431171897585329 3.0813431830790593e-05 0.00041269238015173744 -0.0017861817549500202 -0.00032559504665109149 0.0022374520650254967 0.0014622769870242449 0.001186090011538764 -0.00058397711834904363 0.00016878711503286851 -0.00062987591014240785 -7.0717576202294829e-05 0.00076219920754861097 -0.0001152888334713075 2.7312671312372745e-05 0.0045157775907647231 0.0037303497572766919 0.0010213775800938184 3.8739638517929532e-05 0.00033865204429721455 0.00089410776335786747 -0.00030484750230387429 -0.00013105699403950698 0.00037591916175763322 -0.00024422907992041165 0.0035815879601674774 -0.0015691038743475016 -0.00028623293932239675
leaf_weight=119 3216 819 952 65131 1073 216 631 69 1567 327 1900 2427 1209 112157 622 42788 11071 77 69 649 952 251 4733 2627 3102 9115 207 60 574 555
leaf_count=119 3216 819 952 65131 1073 216 631 69 1567 327 1900 2427 1209 112157 622 42788 11071 77 69 649 952 251 4733 2627 3102 9115 207 60 574 555
internal_value=-8.21471e-06 3.97651e-05 -0.000276503 6.26963e-05 0.000292684 0.000646042 0.000773084 -0.000812039 0.00103568 6.30952e-05 -6.70517e-05 -0.000161754 -6.85442e-05 -2.83286e-05 3.296e-05 -3.89193e-05 0.000209477 0.000386757 0.000581579 8.44524e-05 0.000786598 -6.41591e-05 0.000750869 -0.000100568 0.000225972 0.00034591 -0.000596451 0.000615505 -0.000988684 0.000418617
internal_weight=269265 79537 5377 74160 9029 3556 3271 285 2640 5473 4654 4327 4425 189728 77571 55124 22447 11376 8127 2373 5754 2296 5685 3249 12336 9234 1092 267 825 1204
internal_count=269265 79537 5377 74160 9029 3556 3271 285 2640 5473 4654 4327 4425 189728 77571 55124 22447 11376 8127 2373 5754 2296 5685 3249 12336 9234 1092 267 825 1204
is_linear=0
shrinkage=0.05


Tree=133
num_leaves=31
num_cat=0
split_feature=1 0 0 4 4 4 4 6 4 6 0 0 0 6 6 6 7 0 7 5 5 1 7 4 4 1 5 7 4 5
split_gain=0.101057 0.294381 0.527525 0.126001 0.54556 0.192527 0.192846 0.155343 0.162989 0.148741 0.165347 0.14146 0.134801 0.11238 0.147385 0.576763 0.186378 0.129037 0.158186 0.366481 0.124183 0.116325 0.109432 0.233417 0.911214 0.255385 0.267775 0.306984 0.206353 0.223242
threshold=0.26006599770700684 -0.017311450145031045 0.0091743119266055623 1.0379820791358578 0.99555540874825887 1.1856484800993001 1.2768143495111557 1.8689944477999509 1.0889217266561968 1.5897696991501069 0.047217566885717994 0.014493580646335104 0.052427708969265858 1.7462420465785153 2.8721210558773405 3.1031203251961537 0.055227318600763041 0.022921502073827597 0.068895718469190556 72.636242482043727 79.261974704181185 0.32037338840207635 0.075517149084893084 0.48583506881752903 0.44198032478668831 0.068448214997069115 64.304637370408599 0.084054682809110978 0.031979087282105065 33.266059503258496
decision_type=8 8 8 8 10 8 8 10 10 10 10 8 10 8 8 8 10 8 8 10 10 10 8 10 10 10 10 8 10 8
left_child=22 -2 -3 4 9 7 12 8 -5 10 -4 -8 -7 -13 16 -16 20 -17 -19 21 -15 -20 -1 24 28 -25 -27 -28 29 -24
right_child=1 2 3 5 -6 6 11 -9 -10 -11 -12 13 -14 14 15 17 -18 18 19 -21 -22 -23 23 25 -26 26 27 -29 -30 -31
leaf_value=-5.5629625108900763e-06 -0.00047513367086280826 0.0017611684569832432 0.0030179824451417002 0.0019056677741420298 0.00572230042845784 0.0036428060744810864 -0.0018251971773018964 -0.0029098171596502968 -0.0016606634173019113 -0.0017890576971694829 -0.00089749653841583775 -0.0013749058554307003 0.00066777792006255472 0.0014742831410023008 -0.0052139374054386289 0.0019811402342747898 0.0027403888687491419 0.0011535673696901007 -8.2535534792899589e-05 -0.0042577786380066894 -0.001738216286009577 0.0022827559370886198 -0.00063507455569110436 -0.0027400735586707017 0.0056024486256385413 -0.0023819860883156287 0.0025207194738969623 -0.0013870403696931502 -0.00098192391241140316 3.3807423319502726e-05
leaf_weight=255622 1095 638 56 53 53 64 95 93 81 73 52 113 94 65 50 100 125 290 947 52 56 55 1542 180 69 108 108 94 712 6530
leaf_count=255622 1095 638 56 53 53 64 95 93 81 73 52 113 94 65 50 100 125 290 947 52 56 55 1542 180 69 108 108 94 712 6530
internal_value=-7.80398e-06 0.000232645 0.00047446 0.000154663 0.00126076 4.37209e-05 0.000192843 -0.00133976 -0.0002501 -4.56575e-05 0.00113275 5.65793e-05 0.00187285 0.000153055 0.000252284 6.5554e-05 0.00138633 0.000248362 0.000119435 -0.000165099 -1.24935e-05 4.72958e-05 -1.17061e-05 -0.000179781 -0.000120985 -0.00124206 -0.000372254 0.000702257 -0.000165944 -9.39696e-05
internal_weight=269265 4300 3205 2567 234 2333 2106 227 134 181 108 1948 158 1853 1740 1494 246 1444 1344 1054 121 1002 264965 9343 8853 490 310 202 8784 8072
internal_count=269265 4300 3205 2567 234 2333 2106 227 134 181 108 1948 158 1853 1740 1494 246 1444 1344 1054 121 1002 264965 9343 8853 490 310 202 8784 8072
is_linear=0
shrinkage=0.05


Tree=134
num_leaves=31
num_cat=0
split_feature=1 2 0 3 7 0 2 7 7 4 5 2 1 1 7 0 1 7 3 2 4 1 5 0 5 4 7 0 4 7
split_gain=0.0960885 0.385056 0.375797 0.262766 0.518827 0.403294 0.437847 0.366479 0.359081 0.332671 0.235768 0.372998 0.303353 0.343743 0.311748 0.297094 0.239198 0.259742 0.258462 0.357966 0.303727 0.278759 0.313374 0.298554 0.223372 0.283214 0.254851 0.218548 0.210353 0.209684
threshold=-0.030775117980691043 0.15443695257483639 0.04036654509629601 1.0000000180025095e-35 0.032975736110415835 0.021426348320916725 0.25839402339364265 0.079061678468717936 0.070843092138759015 0.21070965844497119 31.617647055772178 -0.13360337118167867 0.05944845259693899 -0.0081078119972283185 0.051045454732637836 0.020081004754210822 0.021419044945838798 0.084054682809110978 1.0000000180025095e-35 0.10437241159604972 0.60248127982763122 0.16800697416389279 60.806165978921008 0.038285554059660616 56.829412551055334 0.38040815117754667 0.037695711979930241 0.01277753631922063 -0.42105923336609474 0.066940537286215143
decision_type=10 10 10 2 10 10 10 10 10 10 10 8 10 10 8 10 10 8 2 10 10 10 10 10 10 8 8 10 10 10
left_child=1 2 -1 4 9 6 27 8 -8 -3 11 15 13 28 -14 -2 -12 -18 19 21 -20 22 -19 -24 26 -26 -4 -6 -13 -7
right_child=10 3 24 -5 5 29 7 -9 -10 -11 16 12 14 -15 -16 -17 17 18 20 -21 -22 -23 23 -25 25 -27 -28 -29 -30 -31
leaf_value=-6.6254168509878285e-06 -1.4032762318523008e-05 0.0071193568729180498 0.0012679009039081412 0.00023247050817243225 0.00023591087357588368 0.00011785984719888522 0.002625296377980724 -0.00017489553253126138 0.0072190039687224528 0.0019584277594204696 -0.00011350185568680967 0.00017324631318811241 -0.0025503794307399903 0.00061963667641160654 -0.00016289707032260124 -0.00084039386089669707 2.0873921044812052e-05 -0.0011156068931998046 0.0033899682950434074 -0.0036752152669227178 -0.00093328669453364649 -0.0024314494642284014 -7.0392539139567435e-05 0.0034255328862410452 0.00066294095262752059 0.0055616968197236757 0.00013706981816623875 0.0036332948503139265 -0.0010045366355379793 -0.0029916535264947605
leaf_weight=83626 6556 53 755 3163 659 130 177 81 56 76 76401 6152 155 6216 1160 1304 79260 411 77 114 86 183 190 90 70 51 1465 51 404 93
leaf_count=83626 6556 53 755 3163 659 130 177 81 56 76 76401 6152 155 6216 1160 1304 79260 411 77 114 86 183 190 90 70 51 1465 51 404 93
internal_value=-7.41378e-06 3.45632e-05 1.08654e-05 0.00048339 0.00106018 0.000747904 0.00116752 0.00272221 0.00372936 0.00407881 -2.86668e-05 0.000124823 0.000278794 0.000353245 -0.000444311 -0.000151129 -5.01489e-05 1.00448e-05 -0.00073567 -0.00104 0.00110899 -0.000696277 -0.000236745 0.0010533 0.000635679 0.00272771 0.000521654 0.000479948 0.000100668 -0.00117893
internal_weight=269265 90506 85967 4539 1376 1247 1024 314 233 129 178759 21947 14087 12772 1315 7860 156812 80411 1151 988 163 874 691 280 2341 121 2220 710 6556 223
internal_count=269265 90506 85967 4539 1376 1247 1024 314 233 129 178759 21947 14087 12772 1315 7860 156812 80411 1151 988 163 874 691 280 2341 121 2220 710 6556 223
is_linear=0
shrinkage=0.05


Tree=135
num_leaves=31
num_cat=0
split_feature=4 6 2 1 4 2 1 8 2 6 0 2 4 8 1 1 4 2 4 1 8 0 4 7 1 0 0 2 1 7
split_gain=0.152347 0.258899 0.304811 0.431616 0.165761 0.305086 0.170295 0.144934 0.165035 0.13763 0.165242 0.3705 0.210103 0.185519 0.421559 0.277475 0.254766 0.440848 0.589786 0.318512 0.417673 0.247256 0.256851 0.249571 0.2406 0.697923 0.334965 0.306385 0.597449 0.395777
threshold=-1.0059685273863292 0.8338100589495191 -0.10850160730437557 -0.09931705989073901 -1.1206182975259085 -0.25731976722325567 -0.10487348131908285 0.030142983409298402 -0.051533033238413788 0.79546734343051129 0.02348121821676619 0.13720367789013468 -0.38020637909664418 0.38853297847854912 0.079401972898997544 0.081445378995278608 0.14725621160019339 0.15443695257483639 0.83884699754025072 -0.074781837161467732 0.62891700663002381 0.0013867488772997263 -0.84254831456206036 0.056835442829510065 0.043139448846459046 -0.07805826330971298 -0.08895198320300883 0.059678156735150541 -0.028350515463917477 0.032103619945936163
decision_type=8 10 8 10 10 10 10 8 10 10 8 10 8 10 10 10 10 10 10 10 10 10 10 10 8 10 10 10 10 10
left_child=1 2 3 4 -1 -6 -7 8 -4 10 13 12 -12 24 16 -16 19 -18 -19 20 21 23 -23 -15 26 -26 -2 -28 29 -29
right_child=9 -3 7 -5 5 6 -8 -9 -10 -11 11 -13 -14 14 15 -17 17 18 -20 -21 -22 22 -24 -25 25 -27 27 28 -30 -31
leaf_value=-0.00049610959705852762 0.0019956671284539831 1.960429854779684e-05 -0.00035129069737411444 0.0017161081380506376 -0.0027108947416259483 0.0015770177653765727 -0.0013149877314170791 0.0003097627690059841 -0.0033324346333616773 2.4933082919419866e-05 0.00072818595895256526 -0.0006050307106685675 0.00013372409498182131 4.781113030979862e-06 -0.0034513636948593726 -0.000574781311817876 -0.00028738633608626102 0.0002391995808126686 0.004741139818420257 0.00024750234458068113 0.0010806295389862756 0.0017391681067238096 -0.0018244062475930507 -0.0014060236716317716 -0.0021367655837541233 0.00028599477814514855 -0.00018071596063611416 0.0022805228570519968 -0.0002987129470354297 0.00053006717732452936
leaf_weight=444 182 9357 433 946 55 416 58 1688 52 141849 2048 1344 5420 1476 88 1770 9873 4308 74 18437 452 56 521 398 312 6289 57600 436 1973 1245
leaf_count=444 182 9357 433 946 55 416 58 1688 52 141849 2048 1344 5420 1476 88 1770 9873 4308 74 18437 452 56 521 398 312 6289 57600 436 1973 1245
internal_value=6.45745e-07 0.000164678 0.000496413 0.000955621 0.000216237 0.000814123 0.00122314 9.08808e-05 -0.000670919 -7.96665e-06 -4.87953e-05 0.000159209 0.000296747 -6.61707e-05 2.31984e-05 -0.000711024 6.15236e-05 -0.000102143 0.000315225 0.000170852 -0.000315955 -0.000573506 -0.00147855 -0.000294846 -0.000115367 0.000171482 -0.000146187 -0.000152551 0.000291429 0.000984082
internal_weight=269600 13449 4092 1919 973 529 474 2173 485 256151 114302 8812 7468 105490 37453 1858 35595 14255 4382 21340 2903 2451 577 1874 68037 6601 61436 61254 3654 1681
internal_count=269600 13449 4092 1919 973 529 474 2173 485 256151 114302 8812 7468 105490 37453 1858 35595 14255 4382 21340 2903 2451 577 1874 68037 6601 61436 61254 3654 1681
is_linear=0
shrinkage=0.05


Tree=136
num_leaves=31
num_cat=0
split_feature=4 6 2 2 4 8 2 6 2 8 6 5 8 2 0 5 8 5 0 4 2 6 5 4 8 2 5 8 0 4
split_gain=0.137493 0.233656 0.275092 0.214026 0.198922 0.130803 0.148944 0.128516 0.163116 0.233873 0.162408 0.187723 0.383402 0.335775 0.304423 0.244317 0.238761 0.288312 0.236468 0.232859 0.360672 0.26678 0.230344 0.221171 0.248723 0.295798 0.238511 0.225681 0.224671 0.213757
threshold=-1.0059685273863292 0.8338100589495191 -0.10850160730437557 -0.25731976722325567 -1.1206182975259085 0.030142983409298402 -0.051533033238413788 0.33369681696033587 -0.11316382823439274 0.089797525915072243 0.79546734343051129 39.756949441393317 0.11740844322310992 -0.090341596686865019 0.022412765753629164 39.362878236306308 0.29613177425924059 39.172821064648438 -0.07805826330971298 -0.56582534893374137 -0.046906596475218269 0.66886321027131757 9.7108334254666762 -0.77020885620134005 0.58893448791481096 -0.087657895193063926 66.705135707503814 0.34065933841323487 -0.028948805926338802 -0.39363239389633869
decision_type=8 10 8 10 10 8 10 8 8 10 8 10 8 10 10 10 10 10 10 10 8 10 10 10 8 8 10 10 10 10
left_child=1 2 3 -1 -5 6 -4 8 9 -2 11 14 13 -13 16 -16 18 -18 -9 20 -20 22 -21 27 28 -26 -27 -14 -25 -23
right_child=7 -3 5 4 -6 -7 -8 10 -10 -11 -12 12 23 -15 15 -17 17 -19 19 21 -22 29 -24 24 25 26 -28 -29 -30 -31
leaf_value=-0.0012335163724459233 0.00016749729253268065 1.8624087490679713e-05 -0.00033372616451209433 0.00034542338553544388 0.0014349543332361425 0.00029427463002592577 -0.0031658128913617336 0.0030510831530652163 7.4639506827364326e-05 0.0017585089406645972 2.160581352864872e-05 -0.0010067801137019913 -9.4134655213748441e-05 -0.00018084047827081763 0.00046548935230241904 0.0033257830785224578 0.00013377341991266549 0.0013306296778458704 0.00010958553424144228 0.0023562812809187392 -0.00055751935968349406 -0.0002258830280768043 -0.00044600453479169233 -0.00070200325760357159 0.00080469766228910382 6.8219056622732428e-05 -0.00032758875911817541 0.0013279187606057413 -0.00015298518463754412 0.00056585016294805567
leaf_weight=110 529 9357 433 659 1150 1688 52 60 2193 410 150307 2153 557 2872 2454 77 9602 531 15535 74 2330 2073 8119 1997 1160 18455 4795 559 27861 1448
leaf_count=110 529 9357 433 659 1150 1688 52 60 2193 410 150307 2153 557 2872 2454 77 9602 531 15535 74 2330 2073 8119 1997 1160 18455 4795 559 27861 1448
internal_value=6.13458e-07 0.000156444 0.000471592 0.00090784 0.00103805 8.63368e-05 -0.000637373 -7.56832e-06 0.000310753 0.000862188 -1.15087e-05 -5.99678e-05 -0.000116534 -0.000534721 2.08084e-05 0.000552507 -1.30277e-05 0.000196492 -8.46585e-05 -9.10193e-05 2.258e-05 -0.000264269 -0.000420694 -7.85913e-05 -9.29199e-05 2.54668e-05 -1.3411e-05 0.000618166 -0.000189705 9.97147e-05
internal_weight=269600 13449 4092 1919 1809 2173 485 256151 3132 939 253019 102712 60409 5025 42303 2531 39772 10133 29639 29579 17865 11714 8193 55384 54268 24410 23250 1116 29858 3521
internal_count=269600 13449 4092 1919 1809 2173 485 256151 3132 939 253019 102712 60409 5025 42303 2531 39772 10133 29639 29579 17865 11714 8193 55384 54268 24410 23250 1116 29858 3521
is_linear=0
shrinkage=0.05


Tree=137
num_leaves=31
num_cat=0
split_feature=4 5 8 2 2 1 7 8 5 5 5 2 2 7 8 5 5 7 7 7 8 7 1 0 8 5 7 2 8 8
split_gain=0.124088 0.172189 0.433093 0.21028 0.199397 0.346924 0.206869 0.198849 0.320447 0.195219 0.179586 0.177992 0.184048 0.167863 0.144918 0.13453 0.121476 0.196587 0.128805 0.18882 0.157334 0.119958 0.114657 0.537172 0.272482 0.361287 0.255029 0.581837 0.423913 0.200476
threshold=-1.0059685273863292 40.937392309191949 0.038807900958983656 -0.11961245595280844 -0.10850160730437557 -0.073522063441808602 0.030846398290682961 0.42526503026784274 30.402657440870488 38.782973245065286 30.402657440870488 -0.041226858582622088 -0.02107364987734683 0.010145335452347465 0.0076205593874229217 14.634146337756819 38.578680197660347 0.043054602623442122 0.045550372314020794 0.044401498149700465 0.23129939643694131 0.050417968496791338 0.12324540571616761 -0.08895198320300883 0.5279297541824578 46.398305074424115 0.030331016218215278 0.30648267736161167 0.9058488064324447 0.19303797430174457
decision_type=8 10 10 10 8 10 10 10 10 10 10 10 10 8 8 10 10 10 8 10 10 10 8 8 10 10 10 8 10 8
left_child=1 4 -3 -4 5 7 10 16 -9 -7 13 -8 -13 -6 -12 -15 18 -18 19 -1 21 -20 -2 -24 29 -26 27 -27 -29 -25
right_child=22 2 3 -5 6 9 11 8 -10 -11 14 12 -14 15 -16 -17 17 -19 20 -21 -22 -23 23 24 25 26 -28 28 -30 -31
leaf_value=0.00026402206692570254 -1.6075871201913759e-05 -0.00087192539067473265 0.0042211101688838133 0.0012923438658942491 0.0011735413711462224 0.00090945592597851954 -0.0013527182806859933 -0.0049509361647069455 0.00028995013080670366 0.0039841876880489981 -0.00096636447846821681 0.0027987252275689291 -0.00078289285401239052 -0.0019143172766463705 0.00038866993863314074 -0.00034518314604841988 -0.0021908060733068619 0.0014632142059361707 -0.0017986325601848452 0.0032647858997631191 0.0022959275543689727 -0.00024256774267720008 -0.0019333212892301739 -0.0013332034774463286 -0.002578056130133679 0.0003174580116281731 -8.8948301022127854e-05 0.00094273457387259005 0.0066982797816252486 0.00043003445132332586
leaf_weight=4818 239268 241 71 448 171 1173 541 50 70 54 215 58 94 147 2399 1930 126 52 162 53 50 526 313 165 136 1188 7942 63 65 7011
leaf_count=4818 239268 241 71 448 171 1173 541 50 70 54 215 58 94 147 2399 1930 126 52 162 53 50 526 313 165 136 1188 7942 63 65 7011
internal_value=5.82784e-07 0.000148622 0.000879651 0.001693 0.000104838 0.000279738 -0.000119778 0.000120825 -0.00189375 0.00104477 -4.58283e-06 -0.000927975 0.000583777 -0.000332265 0.000277219 -0.000456239 0.0001626 -0.00112334 0.000203409 0.000296673 -0.000412158 -0.000608967 -7.1899e-06 0.000118743 0.000157506 -1.97065e-05 1.78757e-05 0.000662554 0.00386547 0.000389492
internal_weight=269600 13449 760 519 12689 7134 5555 5907 120 1227 4862 693 152 2248 2614 2077 5787 178 5609 4871 738 688 256151 16883 16570 9394 9258 1316 128 7176
internal_count=269600 13449 760 519 12689 7134 5555 5907 120 1227 4862 693 152 2248 2614 2077 5787 178 5609 4871 738 688 256151 16883 16570 9394 9258 1316 128 7176
is_linear=0
shrinkage=0.05


Tree=138
num_leaves=31
num_cat=0
split_feature=4 6 2 7 4 2 7 2 2 6 0 0 2 6 5 0 5 2 5 7 7 0 7 7 7 5 4 2 0 4
split_gain=0.111989 0.212742 0.237007 0.194639 0.222955 0.237215 0.148195 0.144437 0.201472 0.116331 0.160864 0.156716 0.216891 0.144802 0.168854 0.219357 0.246518 0.162775 0.229052 0.262165 0.294947 0.253464 0.208932 0.346411 0.256445 0.257925 0.184296 0.165757 0.157466 0.206119
threshold=-1.0059685273863292 0.8338100589495191 -0.10850160730437557 0.021929664077578532 -1.1206182975259085 -0.25731976722325567 0.048732584943597293 -0.1212304634663947 -0.13749805356586728 0.33369681696033587 0.02348121821676619 -0.026121467069455225 0.010369648820969581 0.79546734343051129 39.756949441393317 0.022412765753629164 39.362878236306308 -0.25731976722325567 22.894895672215231 0.033275881399993615 0.029711263176090508 0.012127726972499754 0.048732584943597293 0.03630989795466992 0.042130702872240168 26.439040657847737 -0.75569551344728014 -0.18265794825493178 -0.033354908516315555 -0.62723556309173689
decision_type=8 10 8 10 10 10 10 10 10 8 10 10 8 10 10 8 10 8 10 10 10 10 10 10 10 10 10 10 10 10
left_child=1 2 3 -1 6 -6 -5 8 -7 10 11 12 -2 14 15 -11 -17 22 19 20 -19 -21 23 -15 25 28 -23 -22 -25 -30
right_child=9 -3 -4 4 5 7 -8 -9 -10 13 -12 -13 -14 17 -16 16 -18 18 -20 21 27 26 -24 24 -26 -27 -28 -29 29 -31
leaf_value=0.0016412822176577969 0.0040950444493751464 9.6834567679754111e-06 8.4309504391840681e-05 -1.4681041908548459e-06 -0.0021116830126369939 0.0010881595866965308 -0.0028130062734887293 -0.0003561960445456523 0.003205143799476156 -1.7896204488370951e-05 0.0028175449563986473 0.00017526787950424924 -0.00030000345952710351 0.00019913638603784854 -0.00010842516767714866 0.00029764375815638354 0.0030980167465168053 -0.00026348616647082655 2.9564571072468075e-05 -0.00058885492369980163 0.0020005024958490618 4.9948593368753794e-05 -2.8961738491092215e-05 0.0017221417131454307 0.0006149425108724169 0.00096155609420510825 -0.0034226387091711116 0.00011640982774209126 0.0066832836703014601 0.0026301513188412753
leaf_weight=550 61 9357 2173 475 56 525 52 118 143 44879 62 2957 52 819 61758 4453 80 5192 132656 592 231 50 1375 54 239 115 162 236 73 55
leaf_count=550 61 9357 2173 475 56 525 52 118 143 44879 62 2957 52 819 61758 4453 80 5192 132656 592 231 50 1375 54 239 115 162 236 73 55
internal_value=5.53645e-07 0.000141191 0.000441904 0.000846829 0.000527655 0.00103246 -0.000278887 0.00125647 0.00154135 -6.83041e-06 0.000296026 0.000245102 0.00207254 -1.05793e-05 -5.33061e-05 1.5585e-05 0.000347066 2.29065e-05 1.54035e-05 -0.00027526 -0.000155227 -0.00112011 0.000405258 0.000845887 0.00183411 0.00281519 -0.00260363 0.00104837 0.00398645 0.0049417
internal_weight=269600 13449 4092 1919 1369 842 527 786 668 256151 3132 3070 113 253019 111170 49412 4533 141849 139119 6463 5659 804 2730 1355 536 297 212 467 182 128
internal_count=269600 13449 4092 1919 1369 842 527 786 668 256151 3132 3070 113 253019 111170 49412 4533 141849 139119 6463 5659 804 2730 1355 536 297 212 467 182 128
is_linear=0
shrinkage=0.05


Tree=139
num_leaves=31
num_cat=0
split_feature=4 5 2 1 7 5 7 5 2 2 7 7 0 0 7 1 4 5 0 0 0 0 5 5 5 2 5 7 2 2
split_gain=0.10107 0.156569 0.170975 0.302109 0.197288 0.224458 0.186792 0.16209 0.160535 0.166092 0.151546 0.14844 0.139543 0.148215 0.230185 0.135436 0.18503 0.133 0.155777 0.128858 0.122379 0.131025 0.121431 0.117571 0.115577 0.149096 0.115558 0.202027 0.209238 0.111784
threshold=-1.0059685273863292 40.937392309191949 -0.10850160730437557 -0.09931705989073901 0.016327559054624002 16.925915639070251 0.030846398290682961 30.402657440870488 -0.041226858582622088 -0.02107364987734683 0.010145335452347465 0.012621321768486548 -0.033354908516315555 -0.028948805926338802 0.020199207454447584 -0.063614609553772336 -1.2599155670386655 41.534475409655847 -0.021663773373435721 -0.054216867469879519 -0.048797578059879325 -0.0076130737545192497 14.634146337756819 36.551724114403498 31.617647055772178 -0.085033167916594807 45.423202778420446 0.035399379558920398 -0.1212304634663947 -0.13749805356586728
decision_type=8 10 8 10 10 10 10 10 10 10 8 10 10 10 10 10 10 10 10 10 10 10 10 10 10 10 10 10 10 10
left_child=1 2 3 4 -1 29 7 10 -8 -10 -4 -5 -9 14 -14 20 -17 18 -3 -18 -13 23 -12 -22 25 -15 27 28 -19 -6
right_child=-2 17 6 11 5 -7 8 12 9 -11 22 15 13 24 -16 16 19 26 -20 -21 21 -23 -24 -25 -26 -27 -28 -29 -30 -31
leaf_value=-0.0031037717092070073 -6.4888863146289397e-06 0.0034188775586024411 0.0011132891036513099 -0.0014199435984275106 0.00082843072906859478 -0.00017224224342440937 -0.0012869666605402287 -0.00032087794976735012 0.0026562460767936189 -0.00074617742942249842 -0.0018205324277067146 -0.00027263240430201811 0.00021466635221294161 0.0034871808122499989 0.0033203549135365179 0.0042246798855165822 0.0035014676963613721 0.0036397014686232209 1.7412046033244293e-06 0.00087910012546268739 0.0010081971837803698 -0.00040485463299585816 -0.00032974407889306572 -0.00060036147807559538 0.00015439752298970823 0.00058199670515023171 0.0021762575481997365 -0.0019883362185155844 0.00026217274654797071 -0.0016004302270011977
leaf_weight=51 256151 93 171 84 901 3262 541 738 58 94 147 399 129 61 111 51 51 52 52 575 1354 232 1930 124 1415 160 89 86 388 50
leaf_count=51 256151 93 171 84 901 3262 541 738 58 94 147 399 129 61 111 51 51 52 52 575 1354 232 1930 124 1415 160 89 86 388 50
internal_value=5.25963e-07 0.000134131 9.23801e-05 0.000254336 -1.2606e-05 2.48138e-05 -0.000115612 -6.14942e-06 -0.000883589 0.000552116 -0.000317461 0.000650937 0.000261574 0.000490704 0.00165105 0.000713375 0.00132868 0.000831215 0.00219342 0.00109274 0.000515859 0.000699841 -0.000435255 0.000873244 0.000320483 0.00138388 0.000510045 0.000228119 0.000661335 0.00070073
internal_weight=269600 13449 12689 7134 4264 4213 5555 4862 693 152 2248 2870 2614 1876 240 2786 677 760 145 626 2109 1710 2077 1478 1636 221 615 526 440 951
internal_count=269600 13449 12689 7134 4264 4213 5555 4862 693 152 2248 2870 2614 1876 240 2786 677 760 145 626 2109 1710 2077 1478 1636 221 615 526 440 951
is_linear=0
shrinkage=0.05


Tree=140
num_leaves=31
num_cat=0
split_feature=6 6 4 2 5 7 2 6 7 5 7 2 7 1 5 5 1 1 2 4 4 7 7 1 2 2 7 6 7 5
split_gain=0.155532 0.124439 0.437191 0.249155 0.370546 0.226386 0.212541 0.26024 0.194387 0.233084 0.216834 0.186204 0.474019 0.329566 0.283185 0.225237 0.363345 0.314702 0.409999 0.288919 0.263642 0.256307 0.241663 0.654396 0.256379 0.361121 0.237832 0.230727 0.218879 0.334374
threshold=1.0000000180025095e-35 0.84794815975670168 -0.76276194069847458 -0.29919394975115426 22.894895672215231 0.075517149084893084 0.029733328756107128 0.62174119467419764 0.030087733250814895 12.499999998266235 0.041827604897578967 -0.11632211591706552 0.032526501253455693 0.14460248547869184 39.954279827720789 42.904110266833079 -0.016364762769633886 -0.016893621152957058 -0.095852632071626462 -0.071356982140794847 0.5843916806097863 0.084054682809110978 0.043696133150102102 -0.094794384716213473 -0.085033167916594807 0.09953131082860546 0.051045454732637836 0.67194574199141255 0.051045454732637836 49.112425994818118
decision_type=8 10 8 8 10 10 10 10 10 10 10 8 10 10 10 10 10 8 8 8 10 10 10 10 10 10 10 10 10 10
left_child=-1 2 6 5 -5 8 -2 -8 9 -3 -10 12 -4 14 -14 17 20 18 -13 28 22 -21 23 27 -24 -26 -27 -17 -18 -30
right_child=1 3 11 4 -6 -7 7 -9 10 -11 -12 15 13 -15 -16 16 19 -19 -20 21 -22 -23 24 -25 25 26 -28 -29 29 -31
leaf_value=0.0022237784831926131 0.00017632490822909106 0.00083239674326274302 -0.00041973468454158873 -0.00028653680987574936 5.2673159751589631e-05 -0.00047376216103923194 0.00020348469000677335 0.0037890738970807955 0.0022475710754246954 -0.0035257348439236193 0.00073252569364672972 0.00058564248328367332 0.0002331084194374163 0.0036993471759600538 -0.00037056808943582099 0.0008453463971259753 -0.00043935665965458048 0.00020066470660269126 -0.00019785931829631256 -0.00013855220586357395 -0.0022985777354964957 0.0025190622507400076 0.0014974232869068014 8.4115063142725698e-05 -0.00079654719459261317 -0.0006183910368233827 0.00038850872889896015 0.0024473440817453945 -0.00057992797908634644 -0.0041166061443478749
leaf_weight=79 18590 77 11275 8601 125879 356 114 91 325 51 864 1902 6116 62 2847 638 5927 19099 13672 29769 118 91 205 16991 2124 854 1872 347 187 104
leaf_count=79 18590 77 11275 8601 125879 356 114 91 325 51 864 1902 6116 62 2847 638 5927 19099 13672 29769 118 91 205 16991 2124 854 1872 347 187 104
internal_value=5.57197e-06 4.92089e-06 -2.94784e-05 3.85223e-05 3.09781e-05 0.000644941 0.000193982 0.00179514 0.000947339 -0.000904046 0.00114665 -6.62554e-05 -0.00020357 6.64868e-05 4.13571e-05 -3.65697e-05 -9.58204e-05 6.46398e-05 -0.000102173 -0.000195021 5.8785e-05 -0.000130453 7.0863e-05 0.000156751 -0.000234562 -0.00030777 7.30676e-05 0.0014097 -0.000505089 -0.0018439
internal_weight=269227 269148 132995 136153 134480 1673 18795 205 1317 128 1189 114200 20300 9025 8963 93900 59227 34673 15574 36078 23149 29860 23031 17976 5055 4850 2726 985 6218 291
internal_count=269227 269148 132995 136153 134480 1673 18795 205 1317 128 1189 114200 20300 9025 8963 93900 59227 34673 15574 36078 23149 29860 23031 17976 5055 4850 2726 985 6218 291
is_linear=0
shrinkage=0.05


Tree=141
num_leaves=31
num_cat=0
split_feature=4 5 5 8 7 4 7 8 7 4 7 0 5 5 0 5 7 5 7 7 4 5 2 7 2 0 2 7 8 0
split_gain=0.102557 0.109016 0.128487 0.0845536 0.270524 0.599685 0.428886 0.231519 0.257233 0.19401 0.259541 0.266774 0.269888 0.358912 0.173601 0.165593 0.223884 0.225233 0.196638 0.385974 0.403135 0.214428 0.31338 0.192942 0.447971 0.404759 0.623641 0.293837 0.291608 0.42909
threshold=-1.2599155670386655 37.177006148992291 37.990490990513585 0.85517241207292927 0.02686157183790434 0.39838769196475304 0.051045454732637836 0.88622776003250536 0.040701661468941046 0.68978436022049339 0.070843092138759015 0.054494406694063253 63.821138200031818 57.034183011470525 -0.03774230354245716 57.034183011470525 0.051698813434739997 53.435361912632409 0.045942379692413306 0.055227318600763041 1.4264144945704402 78.431372505959288 0.42303513137429588 0.052946406917865098 0.46454772059302524 0.048838080306593652 0.29362218294380887 0.048732584943597293 0.89237539003806587 0.076313887081616474
decision_type=8 10 10 10 10 8 10 10 10 10 10 10 10 10 10 10 10 10 10 10 10 10 10 10 10 10 10 10 10 10
left_child=1 -1 -3 -2 -5 6 7 8 -6 10 11 14 13 -13 -7 16 17 -11 -17 20 23 -22 -23 24 27 26 -25 28 -20 -30
right_child=3 2 -4 4 5 9 -8 -9 -10 15 -12 12 -14 -15 -16 18 -18 -19 19 -21 21 22 -24 25 -26 -27 -28 -29 29 -31
leaf_value=0.00019376674086437129 -5.4063914892363243e-06 0.002940667238437574 0.00058838821477554166 -0.00019795223766299878 0.0013590846157658112 0.0026297732648149406 -0.0018223979335743935 0.0061147965660149402 0.005341334416464504 -0.00044189476831761994 0.003541243755550478 0.0033772196735270205 0.004427497086637631 -0.0020034889568437317 0.00024556201902457391 -0.00013962347855820599 -0.001449326245262679 0.0025960020193902204 0.0050290024990404386 -0.00026696498341651685 -0.0026347075520139437 0.0030002494291442544 -0.0023452290548728067 -0.00013323235558345914 -0.0011254994734516803 -3.3060033200564536e-05 0.0069196276366710668 0.00062120205280472495 0.00078569779211196719 0.0050973833721080749
leaf_weight=2758 249042 78 227 5047 147 79 50 55 56 86 71 63 82 61 2275 5829 69 210 84 1334 112 58 52 50 214 91 84 527 262 74
leaf_count=2758 249042 78 227 5047 147 79 50 55 56 86 71 63 82 61 2275 5829 69 210 84 1334 112 58 52 50 214 91 84 527 262 74
internal_value=5.29338e-06 0.000292963 0.00118995 1.98289e-06 0.000109461 0.000237951 0.00241589 0.00323726 0.00245764 0.000180944 0.000559271 0.000476567 0.00220197 0.000730258 0.000325576 7.19925e-05 0.00111549 0.00171337 2.85679e-05 0.000361806 0.000883437 -0.00109471 0.000473296 0.00120028 0.000940579 0.00254035 0.00428796 0.00140746 0.00239404 0.0017353
internal_weight=269227 3063 305 266164 17122 12075 308 258 203 11767 2631 2560 206 124 2354 9136 365 296 8771 2942 1608 222 110 1386 1161 225 134 947 420 336
internal_count=269227 3063 305 266164 17122 12075 308 258 203 11767 2631 2560 206 124 2354 9136 365 296 8771 2942 1608 222 110 1386 1161 225 134 947 420 336
is_linear=0
shrinkage=0.05


Tree=142
num_leaves=31
num_cat=0
split_feature=6 6 2 5 8 8 7 7 5 5 1 8 7 1 0 0 0 2 0 7 8 1 8 5 7 2 8 0 2 8
split_gain=0.140509 0.111396 0.224722 0.334732 0.319274 0.214531 0.223349 0.205179 0.210332 0.193065 0.34211 0.29375 0.248364 0.393558 0.397091 0.466385 0.400187 0.281298 0.244208 0.264984 0.251127 0.291468 0.239441 0.220332 0.210367 0.236471 0.54744 0.208639 0.205215 0.210352
threshold=1.0000000180025095e-35 0.84794815975670168 -0.29919394975115426 22.894895672215231 0.097048649989857641 0.19303797430174457 0.075517149084893084 0.030087733250814895 12.499999998266235 42.904110266833079 -0.016364762769633886 0.20227584126274714 0.043696133150102102 -0.09063966622234286 0.018374384594533225 -0.0071023756736813262 -0.010434782608695624 -0.090341596686865019 0.022412765753629164 0.025832622043519066 0.31831738772629514 -0.17162639202663535 0.60225195820188426 41.729608533438117 0.025721836794511042 -0.01377161909206087 0.51933701571380653 0.056741931854283674 -0.086319873398335842 0.3604740832465238
decision_type=8 10 8 10 10 10 10 10 10 10 10 8 10 10 10 10 10 8 10 8 10 10 10 10 10 10 10 10 10 8
left_child=-1 9 5 4 -4 6 7 8 -3 18 12 -12 13 14 15 16 17 -11 20 -20 -2 -22 -17 -23 -25 26 -26 -14 29 -15
right_child=1 2 3 -5 -6 -7 -8 -9 -10 10 11 -13 27 28 -16 22 -18 -19 19 -21 21 23 -24 24 25 -27 -28 -29 -30 -31
leaf_value=0.0021133910363011028 -5.1761425563918003e-05 0.00079078860429732448 -8.8967202513790341e-05 4.9656783474510427e-05 -0.00077771112263331512 -0.0021599406389947009 -0.00039127195190861297 0.0012535532872020672 -0.0033491777982014945 -0.0012698065495400244 -0.00054800232299081152 -0.00013283533847767626 -0.00020791074820185817 -0.00073359076934300976 0.0037461122000140359 -0.0012664842010905483 0.0045625044746228985 0.0013650154346865487 0.0012038025551915706 0.00020835192912869671 -0.0028267265681643041 0.00013903770398109323 0.0023242936629146614 4.4069484308628101e-05 0.00071112652948466517 0.00046231242737018773 0.0045276497572345979 -0.0029941800459603071 0.00013599896852339291 0.00023926934691970397
leaf_weight=79 49252 77 6306 125879 2295 67 349 1129 51 119 4890 33103 5623 1460 116 331 86 681 784 4539 80 13411 54 525 241 389 154 68 16192 897
leaf_count=79 49252 77 6306 125879 2295 67 349 1129 51 119 4890 33103 5623 1460 116 331 86 681 784 4539 80 13411 54 525 241 389 154 68 16192 897
internal_value=5.02871e-06 4.40986e-06 3.62015e-05 2.90368e-05 -0.000272744 0.000612119 0.000727765 0.00103846 -0.000858729 -2.81367e-05 -9.10451e-05 -0.000186271 5.01303e-05 0.000133295 0.000945709 0.000690125 0.00132149 0.000973086 2.95531e-05 0.000354967 2.50981e-06 0.000183116 -0.000762843 0.000199474 0.000818652 0.00133735 0.00219909 -0.000241203 7.25472e-05 -0.000363351
internal_weight=269227 269148 136153 134480 8601 1673 1606 1257 128 132995 63620 37993 25627 19936 1387 1271 886 800 69375 5323 64052 14800 385 14720 1309 784 395 5691 18549 2357
internal_count=269227 269148 136153 134480 8601 1673 1606 1257 128 132995 63620 37993 25627 19936 1387 1271 886 800 69375 5323 64052 14800 385 14720 1309 784 395 5691 18549 2357
is_linear=0
shrinkage=0.05


Tree=143
num_leaves=31
num_cat=0
split_feature=6 6 4 8 7 7 7 1 0 2 2 7 8 2 8 6 4 0 4 2 2 8 7 7 4 8 0 7 1 7
split_gain=0.12681 0.100737 0.402329 0.269014 0.25914 0.251539 0.228933 0.317989 0.234745 0.226633 0.198211 0.439327 0.275151 0.573576 0.263392 0.342976 0.213943 0.359204 0.21524 0.219017 0.265031 0.197626 0.206412 0.197222 0.193756 0.18905 0.186804 0.184566 0.184429 0.472601
threshold=1.0000000180025095e-35 0.8588532387688248 -0.76276194069847458 0.4763019474533613 0.02686157183790434 0.016482506386382087 0.037487772843979549 -0.09931705989073901 0.0059821141438176637 -0.29919394975115426 -0.11632211591706552 0.032526501253455693 0.0076205593874229217 -0.22651167371318895 0.092197808567767756 0.31108502795383225 -0.010893551089916615 0.0097301672739283935 -0.65962784368940908 -0.14155677326617019 -0.15264933228715913 0.19303797430174457 0.075517149084893084 0.030087733250814895 -0.77783010811878517 0.29965738472661957 0.015253724747256283 0.041827604897578967 0.079401972898997544 0.079061678468717936
decision_type=8 10 8 10 8 10 10 10 10 8 8 10 10 10 10 10 10 10 10 10 10 10 10 10 10 10 10 10 10 10
left_child=-1 2 3 4 5 -2 7 -5 -9 21 11 12 13 -4 -13 -16 18 -18 19 20 -17 22 23 -3 -11 -19 -6 -25 -12 -30
right_child=1 9 10 6 26 -7 -8 8 -10 24 28 14 -14 -15 15 16 17 25 -20 -21 -22 -23 -24 27 -26 -27 -28 -29 29 -31
leaf_value=0.0020077214425258763 -0.0001049420448483821 -0.00084973608987056653 -0.0019351721881475934 -0.002441372306983373 -0.00015461651458943107 0.00044545534543031942 0.0023544579885123548 0.00057060173515176087 0.0030715459688936417 -0.00012254868892524885 -1.3622823476767523e-05 -0.00023300351970132884 -0.0004986044474171703 0.00072085878702767209 0.0030907742642469847 -0.00047746430934306021 -0.002172959491012576 -0.00049463001171677883 0.00046977198346635031 -0.0023198954456637257 0.0031612449125468472 -0.0021044396535216947 -0.00035101934037389795 0.0022875675704335514 5.2333240562687387e-05 0.0034517751150008923 0.00098222007697235472 0.00084518243669018931 -0.00036677273893926619 0.0034574042240487096
leaf_weight=79 2879 125 247 82 7007 7441 209 1171 102 18419 90551 4239 10090 1148 108 410 220 71 3895 135 57 64 345 307 113035 53 381 799 5476 82
leaf_count=79 2879 125 247 82 7007 7441 209 1171 102 18419 90551 4239 10090 1148 108 410 220 71 3895 135 57 64 345 307 113035 53 381 799 5476 82
internal_value=4.77727e-06 4.18937e-06 -2.60653e-05 0.00018559 0.000130073 0.000291909 0.00081417 0.00057659 0.000770992 3.51169e-05 -6.09938e-05 -0.000201445 -0.000407606 0.000250579 5.62563e-05 0.000304018 0.000241847 -0.000959959 0.00033378 -0.000546105 -3.33392e-05 0.000619257 0.000729864 0.00103279 2.78292e-05 0.00119214 -9.59897e-05 0.00124556 -3.07828e-05 -0.000310353
internal_weight=269227 269148 136054 19272 17708 10320 1564 1355 1273 133094 116782 20673 11485 1395 9188 4949 4841 344 4497 602 467 1640 1576 1231 131454 124 7388 1106 96109 5558
internal_count=269227 269148 136054 19272 17708 10320 1564 1355 1273 133094 116782 20673 11485 1395 9188 4949 4841 344 4497 602 467 1640 1576 1231 131454 124 7388 1106 96109 5558
is_linear=0
shrinkage=0.05


Tree=144
num_leaves=31
num_cat=0
split_feature=6 4 6 7 2 0 0 7 7 8 2 6 4 8 7 4 2 0 7 7 7 0 7 8 2 6 2 8 0 2
split_gain=0.114446 0.0943449 0.133371 0.172158 0.153635 0.173585 0.131084 0.128468 0.189622 0.0926982 0.0957953 0.0855949 0.313102 0.268871 0.233448 0.221603 0.23078 0.216204 0.201879 0.186632 0.232152 0.194453 0.238885 0.176698 0.2232 0.207818 0.192399 0.168625 0.320022 0.205187
threshold=1.0000000180025095e-35 -1.2599155670386655 1.228362115022344 0.066940537286215143 -0.12997619918198747 -0.056499373782354582 -0.047276873929753598 0.050417968496791338 0.044028506789199028 0.0076205593874229217 -0.10704438893568106 0.84794815975670168 -0.76276194069847458 0.4763019474533613 0.039940116966449654 -0.80139842889733937 -0.3627475075192157 0.0059821141438176637 0.065185274809158783 0.025940186588538031 0.016482506386382087 0.015253724747256283 0.02946017239278113 0.089797525915072243 -0.056168967307077759 1.8689944477999509 -0.18948242230727122 0.018432200548505692 -0.045962451797564134 -0.16774193548387098
decision_type=8 8 8 10 10 10 10 10 8 8 10 10 8 10 10 10 8 10 10 8 10 10 10 10 10 10 10 8 10 10
left_child=-1 2 3 4 -2 -6 7 8 -4 -7 -11 12 13 19 17 23 18 -15 -17 20 -3 -21 -23 24 25 27 -25 -13 29 -29
right_child=1 11 6 -5 5 9 -8 -9 -10 10 -12 15 -14 14 -16 16 -18 -19 -20 21 -22 22 -24 26 -26 -27 -28 28 -30 -31
leaf_value=0.0019073353847304563 0.0016417654603266146 -0.00013214423128013917 0.00035088731053299019 -0.0015369509011563139 -0.0018783442633591493 -0.00066705960879127294 -0.00051270800309658035 0.0018635163177736103 -0.0024924170730325087 0.002115570342721185 0.00058597303118573026 -0.00013853955993518014 -5.8485342635534155e-05 0.00039681263055213375 0.0026152280098524342 0.0031328551031442153 4.8809480620794099e-05 0.0026633954771956348 0.00053144790464891426 -0.00013458121403593464 0.00041866643852749811 0.0035089026922632202 0.00039622652546248723 -0.0012675360830931297 -0.00080144737246633344 -0.00073172569334095292 -0.00027323601133106651 0.0022754414948605471 0.00016286517762830057 0.00045296254239495377
leaf_weight=79 385 2703 847 83 74 112 735 125 63 128 511 3447 114200 1236 159 108 117396 115 241 7248 6545 77 309 535 831 768 5370 315 4179 303
leaf_count=79 385 2703 847 83 74 112 735 125 63 128 511 3447 114200 1236 159 108 117396 115 241 7248 6545 77 309 535 831 768 5370 315 4179 303
internal_value=4.53841e-06 3.9799e-06 0.000279892 0.000665916 0.000817022 0.000432142 -2.10258e-06 0.000360501 0.000154043 0.000659806 0.000892371 8.03781e-07 -2.76509e-05 0.000163807 0.000803028 2.90664e-05 5.26261e-05 0.000589749 0.00133647 0.000106632 0.000257676 -7.6346e-05 0.00101715 -0.000147085 -1.73614e-05 5.49394e-05 -0.000363321 0.000128224 0.000319914 0.0013819
internal_weight=269227 269148 3063 1293 1210 825 1770 1035 910 751 639 266085 132592 18392 1510 133493 117745 1351 349 16882 9248 7634 386 15748 9843 9012 5905 8244 4797 618
internal_count=269227 269148 3063 1293 1210 825 1770 1035 910 751 639 266085 132592 18392 1510 133493 117745 1351 349 16882 9248 7634 386 15748 9843 9012 5905 8244 4797 618
is_linear=0
shrinkage=0.05


Tree=145
num_leaves=31
num_cat=0
split_feature=8 6 2 6 8 2 7 6 5 4 5 5 5 7 7 2 4 4 2 7 5 6 9 4 7 7 5 8 7 2
split_gain=0.0715072 0.219474 0.170055 0.101094 0.0725812 0.262456 0.172685 0.273904 0.217016 0.20712 0.162361 0.134605 0.125506 0.124479 0.120887 0.182479 0.237972 0.0982185 0.101212 0.103332 0.0862576 0.0815061 0.0644118 0.245759 0.377874 0.22365 0.196822 0.193722 0.193541 0.371731
threshold=1.0000000180025095e-35 1.3938999483564487 -0.1146997533716284 0.67517867182735014 0.0058939096232452906 -0.082479211422832363 0.024959169904222034 0.98785225238545293 11.189191036564852 -1.2599155670386655 24.768242559201592 22.478065484455573 25.113122166642793 0.034697562260999779 0.04275317982542725 -0.18948242230727122 -1.0563087378980653 -0.90803001982795273 -0.1705184062372789 0.022149829861266585 18.20754993687834 1.0000000180025095e-35 1.0000000180025095e-35 1.2768143495111557 0.044783073190515534 0.079061678468717936 72.636242482043727 0.29965738472661957 0.052306130992699713 0.23269160944132808
decision_type=8 10 10 10 8 10 10 10 10 10 10 10 10 10 10 10 10 10 10 10 10 8 2 10 8 10 10 8 10 10
left_child=1 2 3 -1 5 6 7 17 13 12 -11 -7 -10 -8 15 -12 -17 -2 20 -20 -19 -6 23 -23 -25 26 28 -28 29 -24
right_child=4 -3 -4 -5 21 11 8 -9 9 10 14 -13 -14 -15 -16 16 -18 18 19 -21 -22 22 25 24 -26 -27 27 -29 -30 -31
leaf_value=0.0027596055698514673 0.00038802365927276597 -0.0014235107067293029 -0.00024489371772320507 0.0009870180277591126 0.0016373610408137258 -0.0039528177177999167 0.0026418124970335227 -0.00053515979230562194 -0.00039011706702991292 -0.00035819645405859787 -0.0034944882891175116 -0.0011615770482846226 0.0023572574264387816 -3.4974229760225678e-05 0.00010812888440119512 -0.0032769037460942253 -0.00020311746613982598 0.0017875338489472194 0.0015734594877453913 0.0040157243549213588 -0.00082062213879191515 -3.1843062420080398e-06 -0.00018083971596710778 -0.00045932407444461231 -0.0039344523351112579 0.0027514480141690003 -0.0025348518788617233 0.00034599153591676141 -0.0010206742415457034 0.0010644961233041391
leaf_weight=107 354 128 235 324 76 52 78 517 89 482 136 255 78 98 82 96 183 61 171 58 66 253728 4470 443 95 80 59 5339 526 692
leaf_count=107 354 128 235 324 76 52 78 517 89 482 136 255 78 98 82 96 183 61 171 58 66 253728 4470 443 95 80 59 5339 526 692
internal_value=-1.11258e-06 0.000472685 0.00083712 0.00142708 -2.51439e-06 -0.000253229 -8.68864e-05 0.000340289 -0.000483365 -0.000734417 -0.00101204 -0.00163436 0.000893088 0.00115133 -0.00164615 -0.00199278 -0.00126076 0.000977764 0.00156419 0.00219202 0.000432114 1.8248e-07 -2.86287e-07 -5.44784e-06 -0.00107296 0.00011725 9.82406e-05 0.000314504 -0.000106997 -1.38943e-05
internal_weight=269158 794 666 431 268364 2856 2549 1227 1322 1146 979 307 167 176 497 415 279 710 356 229 127 265508 265432 254266 538 11166 11086 5398 5688 5162
internal_count=269158 794 666 431 268364 2856 2549 1227 1322 1146 979 307 167 176 497 415 279 710 356 229 127 265508 265432 254266 538 11166 11086 5398 5688 5162
is_linear=0
shrinkage=0.05


Tree=146
num_leaves=31
num_cat=0
split_feature=0 1 8 6 5 5 4 4 1 8 8 1 1 6 0 4 5 4 5 6 8 6 5 6 6 6 8 6 1 8
split_gain=0.109414 0.266 0.457525 0.462648 0.308467 0.276467 0.428247 0.30049 0.271605 0.276787 0.239347 0.236224 0.230244 0.229995 0.343701 0.226878 0.427124 0.36148 0.221162 0.26593 0.220311 0.208577 0.212688 0.20487 0.201704 0.291394 0.198938 0.194515 0.381511 0.198127
threshold=-0.03403253894659513 0.037486143618059915 0.82545314673190862 0.93852309894547736 69.897354001669427 58.048114338556445 0.27303798695973497 0.14725621160019339 0.018543991081803716 0.33690003084557646 0.74568449334108189 -0.020223470661672845 0.033857468179067103 1.1827272614234292 -0.056499373782354582 0.76603336843422387 72.193383674602458 0.71088751332961142 48.32920221750436 0.62174119467419764 1.0000000180025095e-35 0.84062132502054177 60.141572598933898 1.2787812200896804 0.72519234197989169 0.88552461309724451 0.7200823421257091 0.4813804502166108 -0.014680604026845621 0.060999075736290674
decision_type=10 8 10 10 10 10 10 10 10 10 8 10 10 10 10 8 10 10 8 8 8 10 10 10 10 10 8 8 10 10
left_child=1 2 5 -4 18 7 8 27 9 11 -6 21 13 14 -8 17 -17 -12 -3 -20 -2 22 -7 26 -11 -26 -15 28 29 -1
right_child=20 4 3 -5 10 6 12 -9 -10 24 15 -13 -14 23 -16 16 -18 -19 19 -21 -22 -23 -24 -25 25 -27 -28 -29 -30 -31
leaf_value=-0.00048414006140426425 0.0011173221026432459 -0.0014784984914142953 -1.0512113458589539e-05 0.0048935184319299314 -0.00058709180513865364 0.003810736030805856 -0.0017485034097909566 -0.00087137486613871268 0.0045585634536109863 -0.0011965945610843069 0.0013994265067403353 0.00024307757506634249 0.0028167815893750127 -0.00042592969733629035 0.00090690345562619836 0.004357105642207898 -0.00083392637552320468 0.006104226508446468 -0.0038143435238315818 -0.00024440094805733346 -1.4139042755241723e-05 0.0036958408845429672 -0.00026465510774378962 -0.00035896439302061565 0.0025540862353962664 0.00034866481548093001 -0.004113842506052518 8.5290653901417136e-05 0.0050909547534999707 0.0016048153743587834
leaf_weight=217 431 452 91 102 246 50 149 811 57 140 190 135 69 66 669 50 191 52 53 3314 239845 211 89 516 194 657 82 19738 53 238
leaf_count=217 431 452 91 102 246 50 149 811 57 140 190 135 69 66 669 50 191 52 53 3314 239845 211 89 516 194 657 82 19738 53 238
internal_value=-1.05695e-06 9.08914e-05 0.000156491 0.00258126 -0.000260098 0.000137106 0.000579241 7.23508e-05 0.00117189 0.0010411 0.000682389 0.00201984 -6.52659e-06 -0.000137976 0.000423217 0.00132896 0.000243051 0.00241038 -0.000440007 -0.000300595 -1.21095e-05 0.00270516 0.00120131 -0.000829325 0.000562101 0.000851428 -0.00246923 0.000110154 0.0010762 0.000608544
internal_weight=269158 28882 24334 193 4548 24141 3084 21057 1533 1476 729 485 1551 1482 818 483 241 242 3819 3367 240276 350 139 664 991 851 148 20246 508 455
internal_count=269158 28882 24334 193 4548 24141 3084 21057 1533 1476 729 485 1551 1482 818 483 241 242 3819 3367 240276 350 139 664 991 851 148 20246 508 455
is_linear=0
shrinkage=0.05


Tree=147
num_leaves=31
num_cat=0
split_feature=0 1 2 7 6 2 2 4 7 4 2 6 7 2 1 7 6 3 2 1 1 7 6 2 0 7 0 7 7 6
split_gain=0.098746 0.240065 0.336473 0.233585 0.208092 0.259025 0.371685 0.231143 0.183187 0.201748 0.280213 0.203337 0.191518 0.347165 0.29733 0.176083 0.168438 0.165898 0.360093 0.15726 0.156443 0.292801 0.570554 0.235301 0.22372 0.203273 0.195013 0.262137 0.199929 0.185212
threshold=-0.03403253894659513 0.037486143618059915 0.034107964581856616 0.066940537286215143 0.53852485209868095 0.044832636602666683 0.014287057180458198 -0.37387472563994312 0.055933224678610928 0.19279918734741519 0.086456866001647717 2.6997656663647489 0.06094917433654435 0.34107168447774633 0.060833618136249663 0.03125647285141462 0.52990710852304213 1.0000000180025095e-35 0.30648267736161167 -0.030775117980691043 0.14460248547869184 0.079061678468717936 1.8345948309903883 0.010369648820969581 -0.015284348446939875 0.084054682809110978 -0.0081258146998960928 0.052306130992699713 0.041827604897578967 1.2444221120988184
decision_type=10 8 8 10 10 8 10 8 10 10 10 10 10 10 10 10 10 2 10 10 8 10 10 8 10 10 10 8 10 10
left_child=1 4 3 15 5 6 16 -7 -4 -10 -11 12 13 -12 -14 -3 19 18 -16 -1 -2 23 25 29 -25 -23 27 28 -26 -22
right_child=20 2 8 -5 -6 7 -8 -9 9 10 11 -13 14 -15 17 -17 -18 -19 -20 -21 21 22 -24 24 26 -27 -28 -29 -30 -31
leaf_value=0.00051877292018147998 -2.0334362275403563e-05 0.00034632941569129132 -0.00022094603802939069 0.0018963424883309177 0.00010407108988240904 -0.0021199138703958289 0.0053224074967544192 0.00039263996297788549 0.0035405872240517056 -0.0031849360645865091 0.0042852885789482513 -0.0022062835369301456 -0.0028798472540752995 -0.00043995790838380344 -0.00030749012635519302 -0.0017258547043907996 0.0037374301816776607 0.00027434861657993055 0.0055767500761878461 0.0027708014028353825 0.0015921754986636056 0.0050079951048426245 -0.0028480560144446064 -0.00066853233726587929 0.0012237655472218697 0.0017495756486652651 8.2240697355712955e-05 0.0023193852639209495 -0.0017269648037537345 0.00021845526798273398
leaf_weight=559 229292 122 2977 58 22263 99 55 1214 56 50 99 55 59 64 52 642 54 262 52 90 467 81 51 953 133 117 8331 233 101 517
leaf_count=559 229292 122 2977 58 22263 99 55 1214 56 50 99 55 59 64 52 642 54 262 52 90 467 81 51 953 133 117 8331 233 101 517
internal_value=-1.0041e-06 8.63468e-05 -0.000247093 -0.00116272 0.000148666 0.00062806 0.00136401 0.000203194 -4.50939e-05 0.000653854 0.000420583 0.00070095 0.000972885 0.00242998 0.000414047 -0.00139496 0.00105432 0.00094503 0.00263463 0.000831073 -1.1504e-05 0.000172831 0.00186786 0.000133514 5.91519e-05 0.00308257 0.000137975 0.00113224 -4.98403e-05 0.000870414
internal_weight=269158 28882 4548 822 24334 2071 758 1313 3726 749 693 643 588 163 425 764 703 366 104 649 240276 10984 249 10735 9751 198 8798 467 234 984
internal_count=269158 28882 4548 822 24334 2071 758 1313 3726 749 693 643 588 163 425 764 703 366 104 649 240276 10984 249 10735 9751 198 8798 467 234 984
is_linear=0
shrinkage=0.05


Tree=148
num_leaves=31
num_cat=0
split_feature=0 5 4 4 5 6 5 5 2 6 2 7 4 5 6 2 6 1 0 2 0 6 3 6 6 6 7 6 6 1
split_gain=0.0891182 0.226433 0.41373 0.328732 0.326021 0.257577 0.298682 0.21927 0.284944 0.238479 0.210206 0.364307 0.207068 0.260424 0.201762 0.228879 0.19927 0.192061 0.186418 0.278218 0.221932 0.237482 0.226859 0.201042 0.311457 0.186695 0.184216 0.1814 0.178659 0.289922
threshold=-0.03403253894659513 57.423902378793336 0.28215517691900677 0.14725621160019339 69.897354001669427 0.72519234197989169 60.581154083426703 65.869427013971674 0.12520391734195571 1.1827272614234292 0.65459219715740546 0.06361128722715019 0.77773351498630372 78.431372505959288 0.72172921347597752 0.21138725944221473 1.3480971060625997 -0.086978427963726276 -0.056499373782354582 0.044832636602666683 -0.045962451797564134 1.0974429876554652 1.0000000180025095e-35 0.78166842613365328 0.88935139677679054 0.79882827968685144 0.023993180992825356 1.2202166521143678 0.46422611227298244 -0.014680604026845621
decision_type=10 10 10 10 10 8 10 10 8 10 10 10 10 10 8 8 10 10 10 8 10 8 2 8 8 10 8 10 10 10
left_child=1 3 5 14 26 6 -3 9 -9 18 11 12 13 -6 15 28 -13 -11 19 -7 21 22 -20 -22 -25 -21 -4 -19 29 -1
right_child=-2 2 4 -5 10 7 -8 8 -10 17 -12 16 -14 -15 -16 -17 -18 27 20 25 23 -23 -24 24 -26 -27 -28 -29 -30 -31
leaf_value=0.0009418340302660193 -1.0928788597446077e-05 0.0013299595683366212 0.0020793133202893104 -0.00074996461374433464 0.00078014605346652397 0.006399557359982282 -0.0020286578653276976 0.0017695142436068415 -0.0022067773398011924 -0.0019932576644350777 -0.0012343127726521545 0.0015928486832326241 -0.0005732386221051596 0.0038080322244319559 -8.8930143637386576e-06 -0.0014689782734016391 0.0059709335279756427 -0.0017553798287090932 0.0015996054616436118 0.0049202323509380226 -0.00032733575507466284 0.003111725363551694 -0.0022693725236458706 0.0047703507827158067 0.0015868027854291239 0.0014225550531698911 -0.0002990773704045398 0.0013099893398848417 0.00036067944376969561 0.0049127202420667926
leaf_weight=309 240276 124 84 1332 576 50 142 82 100 64 115 51 236 81 18205 157 53 55 61 50 70 51 100 113 240 161 2645 394 3127 54
leaf_count=309 240276 124 84 1332 576 50 142 82 100 64 115 51 236 81 18205 157 53 55 61 50 70 51 100 113 240 161 2645 394 3127 54
internal_value=-9.53899e-07 8.20295e-05 0.000364426 1.26242e-05 6.81807e-05 0.000977176 -0.000462987 0.00121796 -0.000415261 0.00142892 0.000789819 0.0010233 0.000697123 0.00115345 5.91082e-05 0.000398555 0.00382399 0.000569243 0.00192112 0.00304606 0.00145875 0.000138381 -0.000803486 0.00212049 0.0026059 0.00225139 -0.000225869 0.000934499 0.000482567 0.00153254
internal_weight=269158 28882 5698 23184 3841 1857 266 1591 182 1409 1112 997 893 657 21852 3647 104 513 896 261 635 212 161 423 353 211 2729 449 3490 363
internal_count=269158 28882 5698 23184 3841 1857 266 1591 182 1409 1112 997 893 657 21852 3647 104 513 896 261 635 212 161 423 353 211 2729 449 3490 363
is_linear=0
shrinkage=0.05


Tree=149
num_leaves=31
num_cat=0
split_feature=0 8 8 6 5 2 5 5 0 6 6 7 0 5 2 0 2 6 8 8 7 5 6 7 5 3 5 0 6 5
split_gain=0.0838683 0.277149 0.148601 0.317395 0.384236 0.247055 0.227738 0.246207 0.213367 0.172719 0.380569 0.164391 0.207663 0.182061 0.170303 0.164336 0.151785 0.144372 0.23676 0.140861 0.140768 0.16183 0.140582 0.13565 0.127481 0.120175 0.111935 0.100307 0.0960812 0.0809499
threshold=-0.070991281012234661 0.79849641347406208 0.25445544589299574 1.8689944477999509 60.581154083426703 0.0014651504664450201 36.330605226763858 43.70314948067567 -0.10995113925832838 1.5361869485606656 1.3480971060625997 0.024854628734690593 -0.10995113925832838 19.833660984713578 -0.14583851833416292 -0.07805826330971298 0.007670901056846314 0.91309043372232235 0.022222221893004001 0.002344561211347366 0.037695711979930241 35.262275908707522 1.0320920183646733 0.051698813434739997 29.048843183304587 1.0000000180025095e-35 21.642745471086872 -0.07805826330971298 1.3588892404331807 50.109613126950592
decision_type=8 10 10 8 10 8 10 10 10 10 10 8 10 10 10 10 10 10 10 10 10 10 10 8 10 2 8 10 10 10
left_child=1 2 3 4 5 8 -4 25 -1 10 16 -5 13 -13 23 -12 22 18 -10 28 27 24 -9 -15 -22 -8 -14 -21 -19 -28
right_child=-2 -3 6 11 -6 -7 7 9 17 -11 15 12 26 14 -16 -17 -18 19 -20 20 21 -23 -24 -25 -26 -27 29 -29 -30 -31
leaf_value=-0.00031550984266946866 -4.3916196268927467e-06 0.0037482209408269476 -0.0019366539175812978 0.0025690534110905886 0.004987409276266893 -0.0011416495162100621 0.00070416008386855284 -0.0034920839499682187 0.00153868226679797 0.00047070124355912319 -0.0018243249775120301 -0.00043654090312370301 -0.002398063739542522 0.00088785974030064323 -0.00060261396553519617 -0.0053593448929023001 0.00020079645665852343 -0.0011711842975400942 0.0054702289130116981 0.0014150514878637247 0.00077324521533834447 0.001976991495692994 5.9862870525998567e-05 0.0037870792534640922 -0.002626863875604399 0.0032047440323072513 -0.00073617810473261276 0.003377069057974599 0.0013868340971510346 0.0013249172291790066
leaf_weight=224 265025 55 169 53 57 146 137 60 138 479 96 230 96 76 65 50 481 100 53 152 60 101 52 86 51 74 568 114 58 52
leaf_count=224 265025 55 169 53 57 146 137 60 138 479 96 230 96 76 65 50 481 100 53 152 60 101 52 86 51 74 568 114 58 52
internal_value=-9.06203e-07 0.000222593 0.000175043 0.000417324 0.000976619 0.000785629 -0.000200963 4.30747e-06 0.00105336 -0.000268855 -0.000748216 -0.000154744 -0.000277814 0.000554906 0.00155945 -0.00303495 -0.000185209 0.00142413 0.00262964 0.0010621 0.0014899 0.000528777 -0.00184297 0.00242695 -0.000788967 0.00158114 -0.000809312 0.00225592 -0.000232165 -0.000563312
internal_weight=269158 4133 4078 2480 1254 1197 1598 1429 1051 1218 739 1226 1173 457 227 146 593 827 191 636 478 212 112 162 111 211 716 266 158 620
internal_count=269158 4133 4078 2480 1254 1197 1598 1429 1051 1218 739 1226 1173 457 227 146 593 827 191 636 478 212 112 162 111 211 716 266 158 620
is_linear=0
shrinkage=0.05


Tree=150
num_leaves=31
num_cat=0
split_feature=7 2 8 7 7 0 8 8 4 8 2 6 8 0 2 6 4 4 8 6 2 6 7 8 7 8 4 7 8 6
split_gain=0.171158 0.294284 0.432414 0.244445 0.304388 0.244362 0.2265 0.216467 0.27953 0.574472 0.446624 0.327056 0.37349 0.319207 0.275615 0.47998 0.292813 0.258985 0.251359 0.249542 0.667447 0.388735 0.248064 0.24028 0.236168 0.388143 0.332566 0.317348 0.393434 0.304497
threshold=0.036669205911247595 0.30648267736161167 0.91946033832292196 0.027208323080054719 0.03125647285141462 0.068097587217287772 0.61541130580174574 0.27146047174202975 -0.28731303670844915 0.54066315440122692 -0.12809683200220565 0.50210660955191655 0.62891700663002381 0.010910108500135853 -0.055033357388052921 0.45188364337852277 -0.21559474687226379 -0.091872161653097195 0.6111725717874037 0.45188364337852277 0.052972831907851743 0.39910471140893738 0.062182765303145433 0.68539325521819683 0.04275317982542725 0.73026093693571581 0.66926294623214633 0.055227318600763041 0.83677729463455208 0.92996735694619359
decision_type=8 10 10 10 10 10 8 8 8 10 10 8 10 10 10 10 10 10 8 10 10 10 10 10 8 10 10 10 10 10
left_child=1 -1 6 -4 -5 -6 -3 -2 9 -9 -11 12 14 19 15 16 -10 23 -17 20 21 -12 -15 -14 -13 -26 -27 28 -28 -29
right_child=7 2 3 4 5 -7 -8 8 11 10 13 24 17 22 -16 18 -18 -19 -20 -21 -22 -23 -24 -25 25 26 27 29 -30 -31
leaf_value=1.6683189426077572e-05 9.0950765024107175e-05 0.0025107367648830071 0.0050774745268735372 -0.0011153924727113917 0.0016791345671394401 0.0054744344222574281 -0.00019543703862280826 -0.0005085620544680587 -0.002473471306730062 0.0035400604438715769 0.0018573201265938294 -0.0002734302950383809 6.4165703206060405e-05 -0.0016108609866341793 0.00056602459425627737 0.0022448382395972954 0.0016668584317070098 -0.0005284486637739021 0.0065292459149246243 0.00032202999257453747 -0.0011821913718956206 0.0079711086474932163 0.0019963915569990473 0.0044271095974353272 -0.0001319983313136001 0.00056912358902930129 -0.00068528785356466852 -0.0019312154258659575 0.00056849989842751205 -0.00024915641066862806
leaf_weight=190160 17098 87 59 80 230 52 695 9086 55 108 52 13036 78 320 1569 67 191 1050 70 1437 79 52 56 53 23739 4334 819 320 2651 1690
leaf_count=190160 17098 87 59 80 230 52 695 9086 55 108 52 13036 78 320 1569 67 191 1050 70 1437 79 52 56 53 23739 4334 819 320 2651 1690
internal_value=-3.83215e-06 2.16149e-05 0.000801177 0.00209314 0.00160674 0.00237898 0.000105633 -6.62552e-05 -0.000110383 -0.000336167 0.000408313 -5.957e-05 0.000434933 0.00023886 0.000859566 0.00206209 0.000741175 -0.000266917 0.00443395 0.000543483 0.00228243 0.00491421 -0.00107361 0.00182933 -9.28242e-05 -2.26551e-05 0.000241834 -1.70111e-05 0.000272577 -0.000516947
internal_weight=269373 191363 1203 421 362 282 782 78010 60912 11190 2104 49722 3133 1996 1952 383 246 1181 137 1620 183 104 376 131 46589 33553 9814 5480 3470 2010
internal_count=269373 191363 1203 421 362 282 782 78010 60912 11190 2104 49722 3133 1996 1952 383 246 1181 137 1620 183 104 376 131 46589 33553 9814 5480 3470 2010
is_linear=0
shrinkage=0.05


Tree=151
num_leaves=31
num_cat=0
split_feature=7 2 8 1 5 1 1 7 8 8 2 5 7 5 8 1 8 5 4 8 5 5 2 2 7 4 1 8 7 7
split_gain=0.15447 0.265591 0.394642 0.40471 0.478144 0.2466 0.248902 0.198527 0.210526 0.282874 0.337959 0.3175 0.369482 0.282403 0.274351 0.2725 0.242633 0.220848 0.200402 0.195361 0.364065 0.238181 0.700068 0.21021 0.572143 0.319157 0.25117 0.24453 0.36391 0.542563
threshold=0.036669205911247595 0.30648267736161167 0.94246965447869058 0.138593914159612 86.352263577446465 0.19168037263172447 0.12775959273898144 0.024427854783395594 0.95132488019122674 0.70517419753052002 0.10912155185054385 76.247475864889722 0.028160040679056846 61.481718059717075 0.9058488064324447 0.16800697416389279 0.55369438885340105 57.423902378793336 1.2768143495111557 0.27146047174202975 41.341893214238603 41.927710838423003 0.20525490716530362 -0.066018724736477893 0.066940537286215143 -0.39363239389633869 -0.011958454686946283 0.12244188096538418 0.058752616110890658 0.052306130992699713
decision_type=8 10 10 10 10 10 10 10 10 8 10 10 10 10 8 10 10 10 10 8 8 8 8 10 10 10 10 10 10 10
left_child=1 5 -3 -4 -5 6 -1 18 9 16 13 14 -13 -11 -12 -14 17 -9 -8 23 -21 22 -22 27 25 26 -25 -2 29 -29
right_child=19 2 3 4 -6 -7 7 8 -10 10 11 12 15 -15 -16 -17 -18 -19 -20 20 21 -23 -24 24 -26 -27 -28 28 -30 -31
leaf_value=1.1207702921675891e-05 2.5278929269245775e-06 0.00026349063938728272 0.00057851341364359291 0.0068822136965191252 0.00081056316637180071 -0.0012321555382893363 0.0004403904988199152 -0.00033684292326029852 -0.00082413004576850103 0.00076010470157683585 -0.00098466217455959581 0.0043808804944343313 -0.00016582927220557334 0.0037264919935638997 0.0014840778961841127 0.0035242014711358302 -0.00089305864338381407 0.0012479586965886923 -0.002243201875806039 -0.00037954603718671901 0.00035902842033618275 -6.108591760441563e-05 0.0062576644462655831 -0.00068870334855012088 0.0033265124165310386 1.4434288938915396e-05 -0.0029137099222758221 0.00044028464775634258 -0.0004754122625852472 0.0022328675550667516
leaf_weight=186780 7447 924 145 79 55 395 151 354 236 128 306 105 182 215 178 69 352 580 129 10069 428 50358 57 1349 111 2691 140 3994 894 472
leaf_count=186780 7447 924 145 79 55 395 151 354 236 128 306 105 182 215 178 69 352 580 129 10069 428 50358 57 1349 111 2691 140 3994 894 472
internal_value=-3.64054e-06 2.05342e-05 0.000761119 0.00240918 0.00439012 1.5849e-05 1.84468e-05 0.000471416 0.000602607 0.000738982 0.00129698 0.000756953 0.0018904 0.0026195 -7.67371e-05 0.000848562 0.000225674 0.000647295 -0.000795979 -6.29424e-05 -0.000104864 -5.04654e-05 0.00105227 8.64032e-05 -0.000216475 -0.000310559 -0.000897905 0.000187883 0.000445409 0.000629738
internal_weight=269373 191363 1203 279 134 190160 189765 2985 2705 2469 1183 840 356 343 484 251 1286 934 280 78010 60912 50843 485 17098 4291 4180 1489 12807 5360 4466
internal_count=269373 191363 1203 279 134 190160 189765 2985 2705 2469 1183 840 356 343 484 251 1286 934 280 78010 60912 50843 485 17098 4291 4180 1489 12807 5360 4466
is_linear=0
shrinkage=0.05


Tree=152
num_leaves=31
num_cat=0
split_feature=7 2 8 5 7 8 7 8 2 4 2 8 7 4 4 7 2 8 7 5 5 4 8 4 7 5 4 2 6 8
split_gain=0.139409 0.239696 0.361417 0.371076 0.246081 0.204416 0.199716 0.192181 0.180215 0.431418 0.501532 0.437358 0.417864 0.429965 0.351531 0.271056 0.256038 0.247418 0.328962 0.258011 0.271672 0.333106 0.318559 0.276365 0.360572 0.246254 0.883195 0.357125 0.300064 0.241426
threshold=0.036669205911247595 0.30648267736161167 0.91946033832292196 89.350945490958722 0.027793719009288748 0.61541130580174574 0.03503896545610883 0.95132488019122674 -0.15264933228715913 -0.27959274318879307 -0.085033167916594807 0.54917477760649025 0.084054682809110978 -0.46021432627474995 0.49436743298584201 0.065185274809158783 -0.13749805356586728 0.24786432093169333 0.070843092138759015 20.320806189805015 45.229723179479301 -0.85086216309341711 0.036731370677270919 -0.59635219167300624 0.057757133189171216 32.802547756075285 -0.44766326763838243 -0.32084279149985417 1.2125205212079571 0.31066418534844414
decision_type=8 10 10 10 10 8 10 10 8 8 8 10 10 10 10 10 10 8 10 10 10 10 10 10 10 10 10 10 10 8
left_child=1 7 5 4 -4 -3 -6 -1 17 11 14 12 -10 -14 16 -13 -11 18 19 -2 21 -21 23 -23 -25 26 27 -24 -27 -19
right_child=8 2 3 -5 6 -7 -8 -9 9 10 -12 15 13 -15 -16 -17 -18 29 -20 20 -22 22 25 24 -26 28 -28 -29 -30 -31
leaf_value=2.001007709735155e-05 -0.00014056641079247505 0.0023720254427111098 0.0058118855137852775 -0.0012333665529943327 0.0012210041841293762 -0.00019883971984088658 0.0041076782680604428 -0.00049500214653025042 -0.00048328054542225434 -0.00040856444913651106 -5.8814667654708541e-05 0.00016356868477935567 -0.0010728531808126718 0.0048598718151412409 -0.002259622115282885 0.0021660312147995329 0.001069679334979787 -0.0011135414860513645 -0.00035620000637313134 -2.8689729685660957e-05 -0.00037910680645372112 0.00076523668692210945 0.0045012419220849713 -0.0034450821660963506 0.0013435641522907343 0.0013450650409795064 -0.0012380216371287917 0.001231531582847441 0.0033144490778481829 -3.3417683049145879e-05
leaf_weight=188331 1466 87 51 77 209 695 84 1829 11807 349 50324 1755 52 74 96 187 1823 627 1627 1026 601 268 92 114 60 1163 404 905 232 2958
leaf_count=188331 1466 87 51 77 209 695 84 1829 11807 349 50324 1755 52 74 96 187 1823 627 1627 1026 601 268 92 114 60 1163 404 905 232 2958
internal_value=-3.45851e-06 1.95074e-05 0.000723063 0.00190421 0.00260651 8.71772e-05 0.00204858 1.50566e-05 -5.97953e-05 -9.14652e-05 -2.60358e-05 -0.00033947 -0.000452715 0.00241145 0.000701284 0.000356391 0.000832153 0.000122566 0.000277937 0.000440904 0.000616122 0.000756397 0.00100516 -0.000242177 -0.00179382 0.00120234 0.000734111 0.00153325 0.00167259 -0.000222326
internal_weight=269373 191363 1203 421 344 782 293 190160 78010 66467 52592 13875 11933 126 2268 1942 2172 11543 7958 6331 4865 4264 3238 442 174 2796 1401 997 1395 3585
internal_count=269373 191363 1203 421 344 782 293 190160 78010 66467 52592 13875 11933 126 2268 1942 2172 11543 7958 6331 4865 4264 3238 442 174 2796 1401 997 1395 3585
is_linear=0
shrinkage=0.05


Tree=153
num_leaves=31
num_cat=0
split_feature=7 2 8 1 5 1 1 7 8 4 5 8 1 0 5 8 0 8 4 0 0 7 5 0 2 2 1 5 0 7
split_gain=0.125817 0.216326 0.327999 0.368837 0.415811 0.2215 0.2269 0.188038 0.234726 0.249412 0.207707 0.206822 0.186221 0.18116 0.342261 0.393659 0.388649 0.243225 1.50364 0.387264 0.428907 0.324287 0.25692 0.264471 0.240664 0.335109 0.305837 0.251189 0.231707 0.339457
threshold=0.036669205911247595 0.30648267736161167 0.94246965447869058 0.138593914159612 86.352263577446465 0.19168037263172447 0.12775959273898144 0.02946017239278113 0.61541130580174574 0.45134855145007935 68.881771044823552 0.93449328868463766 0.047317306650904618 0.010910108500135853 30.143540663125858 0.27146047174202975 0.011206670128427356 0.80382359519951585 0.11999239764784228 -0.0058823529411763933 0.0069995132596002438 0.070843092138759015 81.358519548871314 -0.0063821001223254284 -0.15264933228715913 -0.1355837112571068 0.14460248547869184 84.36679887914751 0.048838080306593652 0.038753739887981066
decision_type=8 10 10 10 10 10 10 10 8 10 10 8 10 10 8 8 10 10 10 10 10 10 10 10 8 8 10 10 10 10
left_child=1 5 7 -4 -5 6 -1 12 -9 -10 -11 -12 -3 17 -15 28 -17 24 -19 22 21 -21 23 -20 26 -26 -2 -27 -16 -30
right_child=13 2 3 4 -6 -7 -8 8 9 10 11 -13 -14 14 15 16 -18 18 19 20 -22 -23 -24 -25 25 27 -28 -29 29 -31
leaf_value=9.8540269759582875e-06 0.00018193860277736739 0.001522387990581931 0.00044173925139555901 0.0064044784816406387 0.00074240767650983561 -0.0011684842752602211 0.00044925194908853867 0.0034807198319154291 -0.0029919914994025023 0.0035461941869421444 0.00067394412081150197 -0.0023719906684986896 -0.0019607196968694728 -0.0007732903949446931 0.00064130684570586148 -0.0025888003042801831 -0.00016760767959328048 0.0085689991037361333 0.00069649292501497851 -0.00091150802851154903 0.0011803044371205672 0.003153992979559025 -0.00093031660233930239 0.0041136164395821065 -0.00097623134211968256 -7.2034780915118589e-05 0.0037352777885837998 0.0019386267457426024 -0.0024397324788950239 0.00014390755919095605
leaf_weight=186780 8317 51 145 79 55 395 2985 65 52 55 483 63 155 2099 2490 167 22043 55 2386 1283 364 51 242 58 1034 36299 61 156 153 752
leaf_count=186780 8317 51 145 79 55 395 2985 65 52 55 483 63 155 2099 2490 167 22043 55 2386 1283 364 51 242 58 1034 36299 61 156 153 752
internal_value=-3.28559e-06 1.85321e-05 0.00068691 0.00218938 0.00408049 1.43037e-05 1.67657e-05 0.00023324 0.000615297 0.000330072 0.000617505 0.00032249 -0.0010984 -5.68056e-05 -0.000159481 -0.000109163 -0.000185813 -2.61456e-07 0.000353143 0.00025007 -0.000340978 -0.00075608 0.00062371 0.000777587 -3.44638e-05 -8.8607e-05 0.00020781 -6.34307e-05 0.000392281 -0.000292885
internal_weight=269373 191363 1203 279 134 190160 189765 924 718 653 601 546 206 78010 27704 25605 22210 50306 4439 4384 1698 1334 2686 2444 45867 37489 8378 36455 3395 905
internal_count=269373 191363 1203 279 134 190160 189765 924 718 653 601 546 206 78010 27704 25605 22210 50306 4439 4384 1698 1334 2686 2444 45867 37489 8378 36455 3395 905
is_linear=0
shrinkage=0.05


Tree=154
num_leaves=31
num_cat=0
split_feature=7 2 8 5 1 8 1 1 7 8 7 5 5 2 5 5 1 2 7 1 5 7 7 1 7 7 2 7 8 8
split_gain=0.11355 0.195234 0.307229 0.320182 0.238243 0.329739 0.199904 0.204777 0.198722 0.180802 0.218658 0.763622 0.399764 0.574008 0.24255 0.32962 0.360918 0.220495 0.438673 0.346748 0.323959 0.316487 0.355433 0.470587 0.259308 0.235979 0.390767 0.229175 0.23174 0.222102
threshold=0.036669205911247595 0.30648267736161167 0.91946033832292196 89.350945490958722 0.10798492700206642 0.97168590762528517 0.19168037263172447 0.12775959273898144 0.034367111798127327 0.054054054030392575 0.035399379558920398 52.454968652640595 66.705135707503814 0.016854309201429721 47.750753854781351 37.990490990513585 -0.058817529345273671 -0.067262014085127317 0.020551039971919455 -0.034521534890796339 29.878048761358574 0.034048340045024515 0.034532214767357947 -0.012491137028202258 0.028749857779281091 0.02157882318536683 -0.19327307726062062 0.019712877105392868 0.002344561211347366 0.038807900958983656
decision_type=8 10 10 10 10 10 10 10 10 10 10 10 10 10 10 10 10 10 10 10 10 10 10 10 10 10 10 10 10 8
left_child=1 6 -3 4 -4 8 7 9 -6 10 17 14 13 -13 15 -12 -17 19 -19 -1 -20 -22 23 -23 25 27 -27 28 -21 -28
right_child=-2 2 3 -5 5 -7 -8 -9 -10 -11 11 12 -14 -15 -16 16 -18 18 20 24 21 22 -24 -25 -26 26 29 -29 -30 -31
leaf_value=4.3938118232908935e-05 -5.3965278605321081e-05 6.6283125509487869e-05 0.00085244162726729855 -0.0011729109131235196 0.00073376661218224571 0.0065784248158900598 -0.0011100600771325982 0.00042678936046851453 0.0046811172701418406 -1.275257533174873e-05 -0.0002175642252037854 0.00066498361947928001 -4.5319840203526183e-05 0.0072289588713222962 -0.0025864028737063792 -0.00040302135554763185 0.0037642021275435889 -0.00064173578148440913 -0.0012273754890745072 -0.00058624097037357579 0.00015568734227137073 0.0073939528559869225 0.00056537621261476079 0.0011213397549868409 -9.5262208426050613e-05 -0.0004203966108579601 0.00063637252355133961 -0.00047703173394815545 0.00079387467147879289 0.0017352772911966845
leaf_weight=16252 78010 782 145 77 88 61 395 2985 50 155381 553 51 55 96 73 87 129 2764 385 361 3746 54 227 67 1575 395 755 666 1932 1176
leaf_count=16252 78010 782 145 77 88 61 395 2985 50 155381 553 51 55 96 73 87 129 2764 385 361 3746 54 227 67 1575 395 755 666 1932 1176
internal_value=-3.12131e-06 1.76055e-05 0.000652564 0.00174157 0.00239394 0.00351714 1.35886e-05 1.59275e-05 0.00216397 9.36133e-06 0.000118794 0.000830269 0.0035911 0.00495166 0.000167932 0.000429397 0.00208574 9.43244e-05 -0.000146396 0.000169763 0.000159279 0.00028968 0.00173202 0.00392069 0.000467855 0.000635671 0.00101251 0.000339449 0.000576595 0.00130562
internal_weight=269373 191363 1203 421 344 199 190160 189765 138 186780 31399 1044 202 147 842 769 216 30355 7243 23112 4479 4094 348 121 6860 5285 2326 2959 2293 1931
internal_count=269373 191363 1203 421 344 199 190160 189765 138 186780 31399 1044 202 147 842 769 216 30355 7243 23112 4479 4094 348 121 6860 5285 2326 2959 2293 1931
is_linear=0
shrinkage=0.05


Tree=155
num_leaves=31
num_cat=0
split_feature=1 0 7 2 7 5 2 7 6 6 6 6 7 7 5 6 5 7 6 0 0 6 2 1 7 1 5 0 7 7
split_gain=0.0885486 0.153711 0.19221 0.204805 0.362495 0.187644 0.161898 0.233427 0.293682 0.159176 0.142039 0.174708 0.14898 0.135368 0.129701 0.111227 0.081397 0.249484 0.266317 0.217325 0.136137 0.125958 0.142119 0.238453 0.157053 0.137978 0.157942 0.135747 0.194746 0.120147
threshold=-0.17162639202663535 -0.043478260869565126 0.037695711979930241 -0.1355837112571068 0.056835442829510065 56.016597496814796 -0.17949952311596049 0.058752616110890658 0.99731144792120119 1.1753735957338798 1.3480971060625997 1.0270328941827052 0.073071248271039071 0.066940537286215143 36.330605226763858 0.73816324167196423 14.634146337756819 0.055933224678610928 0.51175356168094421 0.026394237177683414 -0.029931256787467827 1.4310490402666254 -0.20991807387696423 -0.088746941272430643 0.027329101590553163 -0.0041653021817790728 12.499999998266235 -0.013390782423017221 0.037897260865345776 0.011966459963838884
decision_type=8 10 8 10 10 10 10 10 8 10 10 10 10 10 10 10 8 10 10 10 10 10 8 10 10 10 10 10 10 8
left_child=1 6 -3 -4 -5 13 7 8 -1 -9 11 12 -8 -6 -10 -15 17 19 -19 21 -20 22 23 24 -2 27 -27 29 -29 -24
right_child=16 2 3 4 5 -7 10 9 14 -11 -12 -13 -14 15 -16 -17 -18 18 20 -21 -22 -23 25 -25 -26 26 -28 28 -30 -31
leaf_value=0.004195591812450764 0.00016525275201894349 0.001195116740287426 -0.0005679766804428391 -0.0011790325178911813 0.00088581235426283709 -0.0011012507947161794 -0.0013587546098278837 -0.0022508643515821961 0.00086625581586888007 0.00073230690618787534 -0.0013480144284779994 0.0023086401905554037 0.0016438564175688146 0.0018372353357709434 0.0034359788680872459 0.0045789008016387618 8.8079854166058926e-06 0.0037262736177805507 0.0028140451023800244 -0.0033151210983211562 2.8855304807835338e-05 -0.00089277006780354986 -0.0018446762652151579 -0.00021312418645364693 0.0019307014153449134 0.0027152540866667643 -0.0003431961059939805 -0.00056153075507965969 -0.0028533068992796225 9.6800248085820192e-05
leaf_weight=93 229 284 1173 171 106 50 120 72 458 118 145 96 63 73 55 75 260012 73 51 58 314 647 85 917 280 78 92 1713 98 1275
leaf_count=93 229 284 1173 171 106 50 120 72 458 118 145 96 63 73 55 75 260012 73 51 58 314 647 85 917 280 78 92 1713 98 1275
internal_value=7.7602e-06 0.000271217 -6.24676e-06 -0.000213278 0.000662642 0.00169858 0.00071061 0.00113098 0.00161042 -0.000398158 -7.85855e-05 0.000581154 -0.000325069 0.00224973 0.00114176 0.00322659 4.63743e-06 -0.000178847 0.000969395 -0.000270757 0.000418019 -0.000238143 -0.000149294 0.000268587 0.00113642 -0.000327653 0.00106009 -0.000402051 -0.000685547 -2.4542e-05
internal_weight=269074 3152 1932 1648 475 304 1220 796 606 190 424 279 183 254 513 148 265922 5910 438 5472 365 5414 4767 1426 509 3341 170 3171 1811 1360
internal_count=269074 3152 1932 1648 475 304 1220 796 606 190 424 279 183 254 513 148 265922 5910 438 5472 365 5414 4767 1426 509 3341 170 3171 1811 1360
is_linear=0
shrinkage=0.05


Tree=156
num_leaves=31
num_cat=0
split_feature=1 8 7 5 6 8 7 7 6 0 8 6 8 7 8 6 8 7 6 7 6 8 7 4 0 7 8 0 8 4
split_gain=0.0799151 0.144265 0.204344 0.199656 0.251254 0.172229 0.158472 0.216853 0.149512 0.22792 0.238267 0.14034 0.126762 0.170182 0.126107 0.338115 0.286328 0.193498 0.17283 0.292972 0.213294 0.16412 0.127148 0.122855 0.20272 0.144825 0.0999606 0.0990523 0.0952889 0.0951149
threshold=-0.17162639202663535 0.065643942526605201 0.045550372314020794 26.439040657847737 1.9429678614808059 0.57600180401789769 0.073071248271039071 0.065185274809158783 1.1092931942997908 -0.056499373782354582 0.014691218756133996 0.90492405696211875 0.0076205593874229217 0.032677986316878328 0.38440111380459507 0.80585243110246374 0.15244112247509006 0.055227318600763041 1.5538313626980778 0.066940537286215143 0.98314791803475687 0.48901098845122398 0.04728594744409189 -1.0563087378980653 -0.040258853145161137 0.054473624498138536 1.0000000180025095e-35 -0.019538279110054176 0.022222221893004001 -0.10176073818146142
decision_type=8 10 8 10 8 10 10 8 10 10 8 10 10 10 10 10 10 10 10 10 10 10 10 8 10 10 10 10 8 10
left_child=1 2 8 23 6 14 7 26 9 -1 -11 -8 13 -10 16 21 22 -17 19 20 -18 -16 27 25 -25 -4 -5 -3 -27 -2
right_child=29 5 3 4 -6 -7 11 -9 12 10 -12 -13 -14 -15 15 17 18 -19 -20 -21 -22 -23 -24 24 -26 28 -28 -29 -30 -31
leaf_value=0.004722500219368605 -2.3561438419353197e-05 -0.0012194648732630803 -0.0032155753122451512 -0.0011141497754132408 0.0029036619528273722 0.0019869114645449113 0.0037036014432612549 -0.0027744033135878791 0.0012959998719322488 0.003508067426209468 0.00031723720557501675 0.00031305254149054622 0.0011188206686452999 -0.0023791188752511519 -0.004359026757154571 -0.0018581656459164585 -0.00061830673827233714 0.001666192727861926 -0.0012179162441010494 0.0039866533268232375 0.0029483372544045331 -0.00086960009383884338 -0.0016550696055851425 0.0017969289221306979 -0.00048623614287749063 0.00028059527363954805 0.0015343924668865696 0.0013137165151925032 -0.0018159741858163707 3.6378917554778945e-05
leaf_weight=61 141848 70 67 57 121 84 51 73 56 86 183 76 289 72 87 63 134 102 69 87 61 55 241 132 369 134 95 86 91 124074
leaf_count=61 141848 70 67 57 121 84 51 73 56 86 183 76 289 72 87 63 134 102 69 87 61 55 241 132 369 134 95 86 91 124074
internal_value=7.3722e-06 0.000257656 0.000512103 0.000125138 0.000938157 -0.000192039 0.000262514 -0.000534536 0.00116792 0.00196309 0.00133735 0.00167461 0.000538654 -0.000771254 -0.000365529 -0.00121881 -1.53163e-05 0.000320529 0.00102507 0.00157388 0.000497413 -0.00300749 -0.00093515 -0.000359803 0.000115316 -0.00117499 0.000541189 0.000177033 -0.000567351 4.40556e-06
internal_weight=269074 3152 2013 1266 473 1139 352 225 747 330 269 127 417 128 1055 307 748 165 351 282 195 142 397 793 501 292 152 156 225 265922
internal_count=269074 3152 2013 1266 473 1139 352 225 747 330 269 127 417 128 1055 307 748 165 351 282 195 142 397 793 501 292 152 156 225 265922
is_linear=0
shrinkage=0.05


Tree=157
num_leaves=31
num_cat=0
split_feature=1 8 0 4 0 5 5 2 8 5 8 1 4 2 8 8 8 5 2 4 5 5 2 0 5 4 5 2 1 0
split_gain=0.0721233 0.130199 0.176328 0.206598 0.165025 0.207788 0.162486 0.156253 0.206413 0.134391 0.119101 0.114122 0.165417 0.127594 0.105637 0.150486 0.19345 0.171664 0.264454 0.131942 0.0941453 0.0893996 0.18054 0.0884096 0.0862614 0.0858412 0.318743 0.348212 0.377247 0.36227
threshold=-0.17162639202663535 0.065643942526605201 -0.041268872720168208 -1.0217711347397251 -0.047276873929753598 36.762584847071828 30.888761160743723 -0.1355837112571068 0.36455017861569655 39.172821064648438 0.0093879764495448329 -0.23808310028742327 -0.89784475571887323 -0.3627475075192157 0.15244112247509006 0.38440111380459507 0.48045796536565066 45.048183000459765 0.12520391734195571 -0.30989265444274539 14.634146337756819 14.634146337756819 -0.22651167371318895 -0.059310384195960013 39.756949441393317 -0.10176073818146142 57.637337037433461 -0.17344976801515857 0.13273324462366434 0.02903361850930786
decision_type=8 10 10 10 10 10 10 10 10 10 10 10 10 10 10 10 10 8 10 10 8 10 10 10 10 10 10 10 10 10
left_child=1 2 3 4 5 20 -5 8 23 10 -4 13 21 -12 -9 19 -17 -18 -19 24 -1 -13 -23 -3 -16 26 -2 28 29 -28
right_child=25 7 9 6 -6 -7 -8 14 -10 -11 11 12 -14 -15 15 16 17 18 -20 -21 -22 22 -24 -25 -26 -27 27 -29 -30 -31
leaf_value=0.0012626696140178454 -1.4510458974078595e-05 0.0009719569870434325 -0.0007339785319135406 0.0041893263718433098 0.0029912216667850903 0.0031730184860717849 0.00075724880601737207 -0.0014161805965316795 -0.0038180861136285016 0.0019381776020412197 -0.0019485861111844451 0.0021992722681413094 0.0035753548796561038 0.00031047357808167185 0.00084244918383272562 -0.0015962274068897387 0.0030052746391783544 -0.0023023892367015999 0.0018427779191240137 -0.00058076693420298399 -0.00019425393926023168 -0.0020454972211570877 0.0011126701996090561 -0.00082309479760765572 0.0032752894893839806 3.4559971830780677e-05 1.6735895715899094e-05 -0.0014306921221671257 -0.002056957279897428 0.0031113366561764774
leaf_weight=146 140300 84 422 83 70 63 59 75 52 89 87 60 53 222 58 128 65 71 84 50 461 70 128 374 98 124074 433 833 161 121
leaf_count=146 140300 84 422 83 70 63 59 75 52 89 87 60 53 222 58 128 65 71 84 50 461 70 128 374 98 124074 433 833 161 121
internal_value=7.00359e-06 0.000244773 0.000486498 0.00101641 0.000681195 0.000439849 0.00276332 -0.000182437 -0.000832811 7.32486e-05 -8.604e-05 0.000354976 0.00103115 -0.000325572 0.000344893 0.000583306 -5.072e-05 0.000848484 -5.59761e-05 0.00165438 0.000156176 0.000508501 -3.85364e-06 -0.000493871 0.00237077 4.18528e-06 -2.23834e-05 -0.000735929 7.34941e-05 0.000692632
internal_weight=269074 3152 2013 882 740 670 142 1139 510 1131 1042 620 311 309 629 554 348 220 155 206 607 258 198 458 156 265922 141848 1548 715 554
internal_count=269074 3152 2013 882 740 670 142 1139 510 1131 1042 620 311 309 629 554 348 220 155 206 607 258 198 458 156 265922 141848 1548 715 554
is_linear=0
shrinkage=0.05


Tree=158
num_leaves=31
num_cat=0
split_feature=1 5 8 8 6 5 1 7 5 7 7 0 6 0 7 0 8 1 1 7 0 5 5 8 0 5 6 7 7 7
split_gain=0.0650913 0.131108 0.201427 0.247311 0.260088 0.232851 0.272167 0.239751 0.237623 0.171531 0.170842 0.164716 0.120705 0.124931 0.276188 0.118978 0.109526 0.143752 0.106923 0.0993305 0.0944178 0.0926235 0.11393 0.0918175 0.0911096 0.110189 0.0953343 0.0903709 0.112748 0.107049
threshold=-0.17162639202663535 56.829412551055334 0.56260117565321954 0.38440111380459507 0.81262377010659892 39.172821064648438 -0.23808310028742327 0.045942379692413306 27.335105162222131 0.043054602623442122 0.055227318600763041 -0.03403253894659513 2.5603091509611668 -0.056499373782354582 0.037897260865345776 -0.052231862507044972 0.099464225958486488 -0.19254923072727534 -0.19254923072727534 0.075517149084893084 -0.043478260869565126 33.041957815277904 29.878048761358574 0.48045796536565066 0.0097301672739283935 41.729608533438117 0.91309043372232235 0.068895718469190556 0.06094917433654435 0.051698813434739997
decision_type=8 10 10 10 10 10 10 8 10 10 10 10 10 10 10 10 8 10 10 10 10 10 10 10 10 10 8 10 10 10
left_child=1 2 3 5 23 7 -7 8 12 21 -6 15 13 14 -1 -9 17 -15 19 27 -17 22 -10 -5 25 -8 -27 28 29 -13
right_child=-2 -3 -4 4 10 6 24 11 9 -11 -12 18 -14 16 -16 20 -18 -19 -20 -21 -22 -23 -24 -25 -26 26 -28 -29 -30 -31
leaf_value=0.0013915095946113408 3.9760156212208964e-06 -0.0017918623051044937 0.0031049362361250869 -0.0040034936566371469 -0.0017067467278541358 0.0039008797829520412 0.0021118446183483307 -2.0115436278428077e-05 -0.0019422827514548166 0.0019418525735777365 0.0018356498584828594 -0.00056058522326584911 -0.00072909843397271168 0.00044744306642121261 0.0056801975378990531 0.0031458254461176694 -0.00072880061582521834 0.0024600923481990495 -0.0018458040545303975 -0.0014627142439695344 0.00066790323718149056 -0.0027854154902866649 0.0012082251267169011 -0.0012771484252056635 0.0025741693522182427 0.00073536085791044668 -0.0016518433559931031 0.00092088139409711011 -0.0018304133214589278 0.0016531984123790415
leaf_weight=135 265922 78 62 74 61 91 63 419 60 53 77 194 67 188 52 60 73 168 155 167 107 66 55 53 56 93 76 162 111 76
leaf_count=135 265922 78 62 74 61 91 63 419 60 53 77 194 67 188 52 60 73 168 155 167 107 66 55 53 56 93 76 162 111 76
internal_value=6.65341e-06 0.000232534 0.000283902 0.000225833 -0.00123288 0.000366553 0.00151722 0.000182387 0.000815249 -0.000559845 0.000269808 -0.000217567 0.00128636 0.00150558 0.00258409 0.00042967 0.00103546 0.00139723 -0.000656042 -0.000396305 0.00155817 -0.00129239 -0.000435518 -0.00286573 0.000764056 0.000327132 -0.000338175 -6.83307e-05 -0.000488941 6.25539e-05
internal_weight=269074 3152 3074 3012 265 2747 379 2368 917 234 138 1451 683 616 187 586 429 356 865 710 167 181 115 127 288 232 169 543 381 270
internal_count=269074 3152 3074 3012 265 2747 379 2368 917 234 138 1451 683 616 187 586 429 356 865 710 167 181 115 127 288 232 169 543 381 270
is_linear=0
shrinkage=0.05


Tree=159
num_leaves=31
num_cat=0
split_feature=8 7 5 8 1 0 8 7 1 1 4 1 1 4 7 0 1 7 4 8 7 0 8 4 8 1 5 0 7 8
split_gain=0.0661983 0.237822 0.266639 0.326218 0.324441 0.465473 0.292996 0.451204 0.322714 0.295151 0.291708 0.372315 0.464649 0.277994 0.457209 0.279096 0.273681 0.240718 0.473652 0.278862 0.231598 0.619743 0.339807 0.253892 0.228626 0.501707 0.226478 0.215898 0.248167 0.200202
threshold=0.30721966170443199 0.039940116966449654 35.054214223154069 0.22447098423516193 -0.0030925842535436949 0.04154046774269083 0.097048649989857641 0.026519426707831601 -0.092688042175225235 -0.030775117980691043 -0.25611048898464672 -0.056118963753157385 -0.057921142072838876 -0.61479003079013894 0.019712877105392868 -0.019867637268299484 -0.012491137028202258 0.027450269407221058 -0.95248443962480367 0.16075021778074713 0.03125647285141462 0.03527687718704265 0.10951240125441826 -0.60225581489961588 0.13603785811251509 0.040221756848450536 22.894895672215231 0.033538536309326579 0.028035940640548769 0.27497765384613809
decision_type=8 10 10 10 10 10 10 10 10 10 10 10 10 10 10 10 10 10 10 10 10 10 10 10 10 10 10 10 10 10
left_child=1 2 3 4 5 13 7 8 -4 10 17 12 -12 16 -15 -16 -1 18 -8 -19 23 22 26 -6 25 -24 -22 28 -21 -3
right_child=-2 29 6 -5 20 -7 9 -9 -10 -11 11 -13 -14 14 15 -17 -18 19 -20 27 21 -23 24 -25 -26 -27 -28 -29 -30 -31
leaf_value=4.3010149883630101e-05 2.6929577655884158e-05 0.00023346092964552251 0.0018470659371353289 -0.00037644328617391032 0.0013657229493418662 0.0015561355628414394 0.0016609074224619999 -0.00074338522606550155 -0.00016399739354127968 -0.00013640113863967691 0.0012939272320622551 0.00027365938379945493 0.0061409679560542659 0.00035130246111830359 -0.0014860676010475006 -0.00039984651968365096 0.00099309153763585379 0.00028024200793844899 6.6450197052753078e-05 -0.0031423210360477447 -0.0014823836979353583 -0.0021709631103045057 0.0020242751705275455 0.0001457050809418272 0.0014754256431322047 0.007597994303580856 0.0010153582374804724 0.0018129219485486085 -0.00064869827809187208 -0.00043158675880666732
leaf_weight=25726 159164 12328 205 4263 470 487 544 4454 7413 30956 586 1582 54 1937 697 3902 781 1259 3239 106 127 137 160 4601 496 54 318 83 1699 1246
leaf_count=25726 159164 12328 205 4263 470 487 544 4454 7413 30956 586 1582 54 1937 697 3902 781 1259 3239 106 127 137 160 4601 496 54 318 83 1699 1246
internal_value=6.32074e-06 -2.35236e-05 -5.11317e-05 3.92946e-05 8.37207e-05 2.16047e-05 -0.000127653 -0.000343613 -0.00010988 -6.26511e-05 0.000186803 0.000685321 0.0017029 -1.01183e-06 -0.000293072 -0.000564468 7.10033e-05 2.69608e-05 0.000295735 -0.000296132 0.000411043 0.00100866 0.00138581 0.000258781 0.00206477 0.00343073 0.00030252 -0.000680483 -0.000795138 0.000172414
internal_weight=269074 109910 96336 44156 39893 33530 52180 12072 7618 40108 9152 2222 640 33043 6536 4599 26507 6930 3783 3147 6363 1292 1155 5071 710 214 445 1888 1805 13574
internal_count=269074 109910 96336 44156 39893 33530 52180 12072 7618 40108 9152 2222 640 33043 6536 4599 26507 6930 3783 3147 6363 1292 1155 5071 710 214 445 1888 1805 13574
is_linear=0
shrinkage=0.05


Tree=160
num_leaves=31
num_cat=0
split_feature=0 1 8 2 8 6 6 4 1 2 8 1 1 6 6 0 8 8 4 6 4 0 6 2 8 8 4 4 6 1
split_gain=0.211539 0.354425 0.317898 0.344839 0.289257 0.229736 0.202951 0.487674 0.258531 0.201137 0.195249 0.201365 0.23332 0.710061 0.218533 0.222911 0.173287 0.259551 0.246835 0.376756 0.233211 0.183479 0.16728 0.163979 0.163231 0.163166 0.16209 0.160964 0.170313 0.201605
threshold=0.059174224623200218 -0.0053333334050270067 0.82003939512827007 -0.10411727499223404 0.73557485070685813 0.60808690248371111 1.2698664334211114 0.04205543134458338 0.083618479208987254 0.078063456576037429 0.9058488064324447 0.17857975875780266 0.15147380262110979 2.1979525349369644 2.4440655663061612 0.10082579029278151 0.83677729463455208 0.71509932806643828 0.5389050432709187 1.042067946529267 0.25576882262114425 0.10082579029278151 1.0913625314285549 0.21138725944221473 0.34850157802427006 0.66147025987619645 1.1173375469307762 0.76603336843422387 0.92996735694619359 0.053007751304393287
decision_type=8 8 10 10 8 8 8 10 10 10 10 10 10 10 10 10 10 10 10 10 10 10 10 10 10 8 10 10 10 10
left_child=-1 2 3 -2 9 -3 7 8 -7 -5 -8 12 -12 -14 23 -16 17 18 19 25 -21 24 -11 -13 -20 -9 -25 28 -18 -30
right_child=1 5 -4 4 -6 6 10 16 -10 22 11 14 13 -15 15 -17 27 -19 21 20 -22 -23 -24 26 -26 -27 -28 -29 29 -31
leaf_value=8.1689280401079703e-07 0.0012770690981702181 0.0030673889825120568 0.0040666824034949547 -0.00039001904896809962 -0.0022431094022217221 0.00026929160339219093 -0.0003576835966819079 0.00038376998690835815 0.0040517581095216131 3.94519471252958e-05 0.00032452079363234877 0.0010783036006614566 0.0050311941479426782 -0.0011096608953626264 0.0026883499339266075 -0.0001495075989304967 -0.0016309406885948894 -0.0032376187092080962 -0.0037632849910421229 -0.0038793495127798193 0.00012069543575451367 0.00020530430977514977 0.0033466454497381795 0.00052214773895684628 -0.0011192171054024082 0.0040500803425428155 -0.0020620642124812129 -0.0010932763472933753 -0.00044700440126829429 0.00380655236178427
leaf_weight=257368 588 50 61 423 158 306 6752 71 53 75 906 71 104 86 89 311 52 209 154 70 76 66 78 76 94 53 301 455 52 60
leaf_count=257368 588 50 61 423 158 306 6752 71 53 75 906 71 104 86 89 311 52 209 154 70 76 66 78 76 94 53 301 455 52 60
internal_value=-8.71257e-06 -0.000214812 0.000537666 0.000374829 -0.000347946 -0.000313764 -0.000329915 -0.000817786 0.000827706 0.000171908 -0.000230557 0.000210986 0.000658603 0.00225165 -0.000367538 0.000481916 -0.00123615 -0.00172553 -0.00118439 -7.58507e-05 -0.00179713 -0.00213759 0.00172547 -0.00112598 -0.0027611 0.00195082 -0.00154111 -0.00060921 0.00073378 0.00183169
internal_weight=269268 11900 1383 1322 734 10517 10467 1771 359 576 8696 1944 1096 190 848 400 1412 793 584 270 146 314 153 448 248 124 377 619 164 112
internal_count=269268 11900 1383 1322 734 10517 10467 1771 359 576 8696 1944 1096 190 848 400 1412 793 584 270 146 314 153 448 248 124 377 619 164 112
is_linear=0
shrinkage=0.05


Tree=161
num_leaves=31
num_cat=0
split_feature=0 1 5 4 6 5 2 5 1 1 5 6 0 4 2 6 1 1 0 2 4 5 1 0 5 0 2 2 6 1
split_gain=0.190914 0.319869 0.271437 0.270306 0.330447 0.20972 0.205269 0.309307 0.267942 0.210708 0.202647 0.188232 0.206323 0.328972 0.273055 0.212502 0.209566 0.166177 0.208857 0.162331 0.156526 0.145351 0.255102 0.203424 0.199975 0.261301 0.215962 0.193266 0.152041 0.355037
threshold=0.059174224623200218 -0.0053333334050270067 30.402657440870488 -0.071356982140794847 1.2698664334211114 45.048183000459765 -0.023437500000000052 56.429184538675912 -0.019109357445163008 -0.037089470787727889 44.466808129063992 1.1897040002484742 0.11807879403993272 0.45134855145007935 0.24887111530462872 1.0023796188250913 0.10170033609193742 -0.013026436013790053 0.071774098249793319 -0.087657895193063926 0.16578027505997298 76.247475864889722 0.13273324462366434 0.071774098249793319 78.431372505959288 0.11807879403993272 0.18398404778233649 0.25839402339364265 3.1031203251961537 0.22843713725094186
decision_type=8 8 8 8 8 10 10 10 10 10 8 10 10 10 10 10 10 10 10 10 10 8 8 10 8 10 8 10 10 10
left_child=-1 6 -3 5 11 -4 17 -8 9 -9 20 12 13 -5 16 -14 -15 -2 -19 -7 -6 27 23 -23 25 -24 -26 -12 29 -29
right_child=1 2 3 4 10 19 7 8 -10 -11 21 -13 15 14 -16 -17 -18 18 -20 -21 -22 22 24 -25 26 -27 -28 28 -30 -31
leaf_value=7.7604781686251383e-07 0.00074670634470879718 -0.0026929488706076122 0.00032248148773136778 0.00038689306966490028 -0.00086309403696993136 0.0048262218660674993 -0.0011725162884035588 0.00095476660630083648 -0.0010172429053743211 0.0049536702567690681 -0.0001445794292876544 -0.0020838638390962257 0.0035829727920123713 -0.0016792115760229838 -0.00062562151527609917 -0.0004697223586669888 -0.004258081208474508 0.00066037669631780361 0.0052080105743370951 0.00088982160668820147 -0.0037034042906298331 -0.00016659737589226595 -0.00022590539230760642 -0.0022000699278361849 0.0022051797289168464 -0.0038436164153348991 -0.00018584582492823246 0.0010074483536656139 0.0025338283822003926 -0.0018198314129660516
leaf_weight=257368 724 117 541 319 183 50 340 80 82 56 4652 323 53 237 395 83 118 51 50 55 66 194 123 336 100 84 1698 552 99 139
leaf_count=257368 724 117 541 319 183 50 340 80 82 56 4652 323 53 237 395 83 118 51 50 55 66 194 123 336 100 84 1698 552 99 139
internal_value=-8.27695e-06 -0.000204071 -0.000298075 -0.000271133 -0.000336733 0.000719371 0.000510783 -0.000229897 0.00124024 0.00260137 -0.000211305 -0.00101198 -0.000724662 -0.000958025 -0.00153006 0.00110964 -0.00253641 0.00101175 0.00291168 0.0027643 -0.00161595 -0.000167459 -0.000480174 -0.00145574 -0.000222293 -0.00169396 -5.28633e-05 -2.17897e-05 0.000701271 0.000438719
internal_weight=269268 11900 10517 10400 9754 646 1383 558 218 136 8226 1528 1205 1069 750 136 355 825 101 105 249 7977 2535 530 2005 207 1798 5442 790 691
internal_count=269268 11900 10517 10400 9754 646 1383 558 218 136 8226 1528 1205 1069 750 136 355 825 101 105 249 7977 2535 530 2005 207 1798 5442 790 691
is_linear=0
shrinkage=0.05


Tree=162
num_leaves=31
num_cat=0
split_feature=0 1 5 4 6 7 1 1 5 7 2 4 5 1 1 4 6 5 7 4 2 7 6 7 0 7 2 4 7 5
split_gain=0.1723 0.288682 0.244972 0.244321 0.300026 0.230631 0.219376 0.258091 0.204586 0.276748 0.189098 0.1881 0.183184 0.245434 0.18657 0.155288 0.168136 0.153905 0.152743 0.146074 0.145001 0.18934 0.160027 0.148946 0.139108 0.195605 0.215758 0.17585 0.164001 0.131926
threshold=0.059174224623200218 -0.0053333334050270067 30.402657440870488 -0.061446170109221036 1.2698664334211114 0.03630989795466992 0.022920577918115862 0.047317306650904618 44.466808129063992 0.030331016218215278 -0.10411727499223404 1.3422113471485175 56.429184538675912 -0.016364762769633886 -0.056118963753157385 1.2252736199753029 1.2125205212079571 45.048183000459765 0.037897260865345776 0.78967278041982381 0.0051465002353683351 0.049831260130964027 1.0631663384097843 0.03125647285141462 0.076313887081616474 0.047742006227164728 -0.15967739204414053 -0.49814658473674905 0.039694704981381605 76.247475864889722
decision_type=8 8 8 8 8 10 10 8 8 8 10 10 10 10 10 10 10 10 8 10 8 10 10 10 10 8 10 8 10 8
left_child=-1 10 -3 17 5 6 -5 -8 9 -6 24 15 20 14 -14 16 -7 -4 -11 -18 21 22 -12 -24 25 26 -2 -26 -29 -10
right_child=1 2 3 4 8 11 7 -9 29 18 12 -13 13 -15 -16 -17 19 -19 -20 -21 -22 -23 23 -25 27 -27 -28 28 -30 -31
leaf_value=7.3724529439991484e-07 0.0028292707059532404 -0.0025583014108089366 0.00031968849316316899 -0.0023943687547688134 0.0016650151424109937 -0.0010126958491369323 0.00418430799706224 9.5548546120022672e-05 -1.9398657232271244e-05 -0.0043300059177757552 0.0018778832474102575 0.0014947613810727489 -0.00013284288911381736 -0.0011116821548671693 0.0036078489494975659 -0.0039941126525971215 -0.0010722072432482882 0.0023234868820572016 -0.0014030057917006761 -0.00414051099228084 -0.0013516203272139944 0.0030612753195455298 0.00076216615852899852 -0.0021235531634775434 0.00033429464130511574 -0.00087292655899012795 -0.00047120496862434514 0.001967869631527942 0.0054869227856397633 -0.00045616558228051788
leaf_weight=257368 125 117 551 54 50 1002 53 142 5437 72 63 60 50 77 100 54 70 116 117 87 265 50 72 118 88 145 82 98 50 2535
leaf_count=257368 125 117 551 54 50 1002 53 142 5437 72 63 60 50 77 100 54 70 116 117 87 265 50 72 118 88 145 82 98 50 2535
internal_value=-7.8631e-06 -0.000193868 -0.000283172 -0.000257576 -0.000321018 -0.000965806 0.000425865 0.00120685 -0.000201499 -0.00164293 0.000485244 -0.00123802 -1.75711e-05 0.00118301 0.00236095 -0.00137319 -0.00125108 0.000668175 -0.00251805 -0.00277248 -0.000497381 0.000249726 -0.000305916 -0.00103002 0.00116507 0.000535357 0.00152184 0.0021043 0.00315674 -0.000158285
internal_weight=269268 11900 10517 10400 9733 1522 249 195 8211 239 1383 1273 795 227 150 1213 1159 667 189 157 568 303 253 190 588 352 207 236 148 7972
internal_count=269268 11900 10517 10400 9733 1522 249 195 8211 239 1383 1273 795 227 150 1213 1159 667 189 157 568 303 253 190 588 352 207 236 148 7972
is_linear=0
shrinkage=0.05


Tree=163
num_leaves=31
num_cat=0
split_feature=0 4 8 2 8 5 7 5 7 8 3 7 8 7 4 4 5 4 0 8 7 2 2 8 5 4 0 5 8 8
split_gain=0.1555 0.233805 0.244014 0.261248 0.152349 0.25074 0.18037 0.236558 0.140664 0.302528 0.265132 0.193502 0.219816 0.18377 0.15371 0.147356 0.324773 0.304637 0.22713 0.358727 0.207279 0.187969 0.364215 0.178323 0.154625 0.196311 0.168279 0.155344 0.267549 0.192279
threshold=0.059174224623200218 -0.071356982140794847 0.59353702287685184 0.061497740600699798 0.9058488064324447 74.584855952004844 0.033571281333631749 86.352263577446465 0.037897260865345776 0.61541130580174574 1.0000000180025095e-35 0.034206060103639156 0.73557485070685813 0.034048340045024515 0.14725621160019339 0.82609845294226092 55.805379334986419 1.4264144945704402 0.11807879403993272 0.56260117565321954 0.053672811631288876 0.038576331809396021 0.015640532069790884 0.81468972556365615 57.034183011470525 0.77773351498630372 0.089574882243653522 63.344801609305364 0.78756700837013283 0.79849641347406208
decision_type=8 8 10 8 10 10 10 10 10 8 2 10 8 10 10 10 10 10 10 10 10 10 10 10 10 10 10 10 10 8
left_child=-1 2 3 -2 6 -6 7 -3 9 13 11 -11 -13 -8 -15 16 23 21 20 -20 24 22 -17 -10 -18 26 27 29 -29 -26
right_child=1 4 -4 -5 5 -7 8 -9 15 10 -12 12 -14 14 -16 17 18 -19 19 -21 -22 -23 -24 -25 25 -27 -28 28 -30 -31
leaf_value=7.0038403671613237e-07 0.00035818238036435131 -3.8019728715790946e-05 0.0027407239247746406 -0.0030957745555624892 0.0005577552015636146 -0.00045723148264638553 0.00066848180288354227 -0.0033156942045544772 -0.00093582001698519273 -0.0022818703725934028 -0.001803271369916508 0.0030094796394910285 8.8751131307675539e-05 -0.0046110920273819038 -0.0019309223364614764 -0.0013803146517602728 0.0033866533413202619 0.0004940214529883534 0.0058022842600475993 -0.00018709561415016654 -0.00069767158786566562 -0.0013480329379940679 0.0040095323000568896 0.0013804961348996385 -0.0015703707001015336 0.0033952067972859365 -0.002052698784545475 0.0038603226096781255 -0.00062382374890148642 0.0021123248188677332
leaf_weight=257368 1385 3240 103 57 1281 1159 59 56 956 50 177 98 188 62 390 84 57 366 50 50 323 1149 50 91 107 55 68 78 58 53
leaf_count=257368 1385 3240 103 57 1281 1159 59 56 956 50 177 98 188 62 390 84 57 366 50 50 323 1149 50 91 107 55 68 78 58 53
internal_value=-7.46994e-06 -0.000184174 0.000389591 0.000221653 -0.000269782 7.56365e-05 -0.000376266 -9.37084e-05 -0.000577892 -0.00109489 -0.000237151 0.000587859 0.00108956 -0.00195598 -0.00229856 -0.00043063 -0.000135955 -0.00077838 0.000561124 0.00280759 0.000279964 -0.00114136 0.000630822 -0.000734497 0.000943359 0.000610978 0.000190284 0.000705564 0.00194797 -0.000350478
internal_weight=269268 11900 1545 1442 10355 2440 7915 3296 4619 1024 513 336 286 511 452 3595 1946 1649 899 100 799 1283 134 1047 476 419 364 296 136 160
internal_count=269268 11900 1545 1442 10355 2440 7915 3296 4619 1024 513 336 286 511 452 3595 1946 1649 899 100 799 1283 134 1047 476 419 364 296 136 160
is_linear=0
shrinkage=0.05


Tree=164
num_leaves=31
num_cat=0
split_feature=0 1 6 0 6 2 7 2 7 4 4 4 7 4 4 6 4 7 7 4 4 6 4 1 4 7 1 7 0 1
split_gain=0.140339 0.250974 0.200856 0.173053 0.218824 0.211568 0.240402 0.187699 0.440757 0.324634 0.290058 0.209262 0.165482 0.187018 0.186469 0.234993 0.259134 0.222093 0.164317 0.145969 0.151364 0.136275 0.139723 0.13472 0.134112 0.131922 0.138206 0.127836 0.19337 0.251272
threshold=0.059174224623200218 -0.0053333334050270067 0.60808690248371111 0.071774098249793319 1.9429678614808059 -0.15480182505966114 0.04336510981720245 0.022442770989939857 0.043696133150102102 -0.41411456341770297 -0.36674309410159772 0.20231661901130507 0.032975736110415835 -0.39363239389633869 -0.081634386871794737 1.2698664334211114 0.29087327050483608 0.03630989795466992 0.038542825624953349 1.3422113471485175 1.2252736199753029 1.2125205212079571 0.78967278041982381 -0.019677315865503805 0.20231661901130507 0.059819200537251725 0.031297120543302033 0.037897260865345776 0.071774098249793319 0.026639067971954925
decision_type=8 8 8 10 10 8 10 10 10 10 10 10 8 8 8 8 8 10 10 10 10 10 10 8 10 10 10 10 10 10
left_child=-1 3 -3 5 7 6 -2 8 9 -5 -10 -9 -4 -14 25 17 18 -16 -17 20 21 -19 -23 -13 -20 26 -15 -18 29 -29
right_child=1 2 12 4 -6 -7 -8 11 10 -11 -12 23 13 14 15 16 27 19 24 -21 -22 22 -24 -25 -26 -27 -28 28 -30 -31
leaf_value=6.6536391400211142e-07 0.0030470229991787705 0.0029032603120431304 8.2411226501637603e-05 0.0019969444661318554 -0.0011072856074690102 -0.00052739983199918494 -0.00113297532453149 -0.0022448169266534672 0.0025152741490917212 -0.0019930287216445557 0.0072889831499196589 0.0025752636444860998 -0.0029953855137778997 0.0012611728385516058 0.00091924729317219723 -0.0028557779581670269 -0.00049177367813850925 -0.00099189082490704701 -6.4060525341549118e-05 0.0013281098271599387 -0.0039678356091651674 -0.00093945270863413403 -0.0039171280794316667 -0.00074125796678708869 -0.0024174845212519883 0.0023620856566015972 -0.0006963236475267154 0.0041368629943463022 -0.00017711068626945355 0.00049738224368138116
leaf_weight=257368 98 50 2491 169 101 564 53 62 82 73 52 79 68 167 135 143 2227 991 199 54 52 72 87 50 87 88 196 52 2819 539
leaf_count=257368 98 50 2491 169 101 564 53 62 82 73 52 79 68 167 135 143 2227 991 199 54 52 72 87 50 87 88 196 52 2819 539
internal_value=-7.09645e-06 -0.000174966 -0.000258233 0.000458241 0.00103689 -8.23678e-05 0.00157987 0.00141883 0.00206721 0.000793358 0.00436776 0.000142431 -0.000273335 -0.000384439 -0.000361988 -0.000421698 -0.000287289 -0.00100784 -0.0014719 -0.00121497 -0.00132922 -0.00120991 -0.00256875 0.00128979 -0.000779962 0.000625277 0.000204233 -0.000197135 -4.71235e-06 0.000817607
internal_weight=269268 11900 10517 1383 668 715 151 567 376 242 134 191 10467 7976 7908 7457 6066 1391 429 1256 1202 1150 159 129 286 451 363 5637 3410 591
internal_count=269268 11900 10517 1383 668 715 151 567 376 242 134 191 10467 7976 7908 7457 6066 1391 429 1256 1202 1150 159 129 286 451 363 5637 3410 591
is_linear=0
shrinkage=0.05


Tree=165
num_leaves=31
num_cat=0
split_feature=2 8 5 0 1 5 8 6 6 8 1 1 5 6 1 1 0 5 5 5 3 6 8 1 5 8 1 2 6 1
split_gain=0.161586 0.428259 0.213266 0.238168 0.200017 0.242619 0.183686 0.217069 0.197477 0.182483 0.269081 0.179214 0.409827 0.266508 0.193382 0.29376 0.283699 0.249167 0.246812 0.299022 0.381351 0.583353 0.312055 0.24162 0.219121 0.374455 0.23749 0.262331 0.20528 0.280045
threshold=0.32268664290448762 0.70008446889021692 76.882066305004102 -0.045962451797564134 -0.018534445772651727 55.586624745675188 0.79849641347406208 0.87776125432104735 1.6293135691175762 0.60682228875209776 0.095790315152338282 -0.025361038288574441 62.63228218309456 0.70486642919293763 0.0192318259825679 0.075422496016705157 0.076313887081616474 60.581154083426703 58.048114338556445 71.003441841506728 1.0000000180025095e-35 1.3269139140591426 0.87359775149466901 0.0053775246358926951 67.314036753084238 0.87986479227732606 0.058139534883720929 0.3897788632604014 0.98785225238545293 0.12775959273898144
decision_type=10 8 10 10 10 10 8 10 10 10 10 10 10 10 10 10 10 10 10 10 2 10 10 10 10 8 10 10 10 10
left_child=-1 4 3 -3 5 -2 7 -5 -9 10 -6 12 -8 -14 17 16 24 -13 -17 22 21 -21 -20 -19 25 -16 27 -26 29 -24
right_child=1 2 -4 6 9 -7 11 8 -10 -11 -12 14 13 -15 15 18 -18 23 19 20 -22 -23 28 -25 26 -27 -28 -29 -30 -31
leaf_value=-4.2494294964935786e-06 0.0019985525742294672 -0.00052823054607503944 3.4569456473439743e-05 -0.00076433456951025143 0.001212083204976103 -0.00063082583044101869 -0.00052573056123987009 0.0014983581649532873 -0.0013769702832214536 -0.0021450150253331008 -0.0025510806990307368 -0.0029246676370449781 0.0060233783391911702 0.0019405559546583776 0.0050755559111469971 0.0034397956559486273 0.0048960299095583727 0.0014456207703837608 -0.0013800655586427362 0.00043834685376668218 0.00062688139599427223 0.0070481539190199883 0.0013736646289691783 -0.0015161299136031521 -0.0019302100511065321 0.0011162175125834059 0.002492626475138841 0.0012927270383806899 0.0015482420504326002 -0.0029762702629070829
leaf_weight=260963 115 427 2955 406 124 370 91 293 75 326 77 72 69 95 96 72 67 187 345 71 678 63 74 109 115 158 126 140 250 74
leaf_count=260963 115 427 2955 406 124 370 91 293 75 326 77 72 69 95 96 72 67 187 345 71 678 63 74 109 115 158 126 140 250 74
internal_value=2.58523e-06 0.000222239 0.000359252 0.000590275 -0.000740101 -7.36497e-06 0.000718456 3.28506e-05 0.000912354 -0.00141444 -0.000229527 0.000898219 0.00216519 0.00365833 0.000778427 0.000946724 0.00180161 -0.000286693 0.000577869 0.000445355 0.0011086 0.00354594 -0.000279482 0.000354976 0.00147511 0.00261266 0.000716742 -0.000160754 0.000674542 -0.000801303
internal_weight=269083 8120 7108 4153 1012 485 3726 774 368 527 201 2952 255 164 2697 2329 702 368 1627 1555 812 134 743 296 635 254 381 255 398 148
internal_count=269083 8120 7108 4153 1012 485 3726 774 368 527 201 2952 255 164 2697 2329 702 368 1627 1555 812 134 743 296 635 254 381 255 398 148
is_linear=0
shrinkage=0.05


Tree=166
num_leaves=31
num_cat=0
split_feature=2 8 4 3 4 0 0 5 0 4 4 4 0 5 8 0 6 4 6 8 5 8 0 8 2 5 8 0 4 6
split_gain=0.145831 0.386504 0.266329 0.216061 0.23351 0.202755 0.196601 0.192473 0.214947 0.350818 0.193153 0.339243 0.428343 0.221899 0.217004 0.289519 0.213109 0.213821 0.178787 0.173685 0.236123 0.241025 0.179464 0.247989 0.241258 0.169856 0.157072 0.367791 0.394338 0.317019
threshold=0.32268664290448762 0.70008446889021692 0.12927267209324225 1.0000000180025095e-35 0.82609845294226092 -0.0048780487804878639 -0.022784359495473413 76.882066305004102 -0.045962451797564134 0.28215517691900677 0.3362891616822582 0.39838769196475304 -0.0048780487804878639 64.062499894897442 0.78243504923787188 -0.0032051282051281933 0.78166842613365328 1.1485950055336345 1.6293135691175762 0.80916595075554609 63.344801609305364 0.84274905879301187 0.014117928578466611 0.86699122854662136 0.46454772059302524 76.247475864889722 0.84906492955078761 0.017553620632659975 0.80164327893500864 0.98314791803475687
decision_type=10 8 10 2 10 10 10 10 10 10 10 10 10 10 10 10 10 10 10 8 10 8 10 10 10 10 8 10 10 10
left_child=-1 2 6 4 5 -4 -2 8 9 -3 14 12 -12 -14 -10 -16 19 26 -19 -13 -21 -22 23 -23 -25 -6 -18 -28 -29 -30
right_child=1 7 3 -5 25 -7 -8 -9 10 -11 11 16 13 -15 15 -17 17 18 -20 20 21 22 -24 24 -26 -27 27 28 29 -31
leaf_value=-4.036958278785458e-06 -0.00071349546355043499 0.003042676136828959 -0.00086453037622722826 -0.0017345510112168545 -0.0035451766661173038 0.0025870145853225364 0.0024741451605365789 3.2840980809562003e-05 -0.00094678127518184763 -0.0010813005490619334 0.0054694444962140468 -0.0017343819486878573 0.0029731731192441657 -0.0012069515229779341 0.0038546538359249039 -0.0011859862724892221 0.00050944416643518406 -0.0016162191995296301 0.00068593227828518276 -0.0014579966780293035 0.0039210480324585332 -0.00049805492037028839 -0.00085239458477423926 0.003617339945001314 -0.00029965709686150845 2.6973625141623859e-06 0.00036008762100526873 0.0035452836693384416 -0.0014152316949688473 0.0018629861118852978
leaf_weight=260963 92 60 73 507 62 102 102 2955 330 367 86 124 64 63 63 52 644 136 222 150 55 132 175 122 58 74 467 303 91 389
leaf_count=260963 92 60 73 507 62 102 102 2955 330 367 86 124 64 63 63 52 644 136 222 150 55 132 175 122 58 74 467 303 91 389
internal_value=2.45597e-06 0.000211128 -0.000703096 -0.00109811 -6.05678e-05 0.00114723 0.000962481 0.00034129 0.000560762 -0.000501819 0.000682534 0.000815113 0.00274468 0.000899568 -0.00029498 0.00157541 0.00068115 0.000931994 -0.000188628 -1.11301e-05 0.000297661 0.000783544 0.000429205 0.00114805 0.0023552 -0.00161472 0.00114381 0.00147064 0.002133 0.00124149
internal_weight=269083 8120 1012 818 311 175 194 7108 4153 427 3726 3281 213 127 445 115 3068 2252 358 816 692 542 487 312 180 136 1894 1250 783 480
internal_count=269083 8120 1012 818 311 175 194 7108 4153 427 3726 3281 213 127 445 115 3068 2252 358 816 692 542 487 312 180 136 1894 1250 783 480
is_linear=0
shrinkage=0.05


Tree=167
num_leaves=31
num_cat=0
split_feature=2 8 4 7 1 5 7 7 4 8 7 5 6 5 8 1 8 6 8 7 6 8 4 6 1 6 7 8 6 5
split_gain=0.131612 0.348819 0.240362 0.180431 0.194169 0.173707 0.329975 0.615046 0.604402 0.34155 0.306521 0.240903 0.276064 0.472801 0.662199 0.495974 0.378916 0.443347 0.247026 0.227985 0.212483 0.277518 0.207021 0.216473 0.230076 0.279479 0.187617 0.367331 0.264169 0.433962
threshold=0.32268664290448762 0.70008446889021692 0.12927267209324225 0.037487772843979549 0.085967762479124979 76.882066305004102 0.04728594744409189 0.044401498149700465 0.48583506881752903 0.71509932806643828 0.070843092138759015 56.829412551055334 0.88173167874633551 72.193383674602458 0.71509932806643828 0.095790315152338282 0.87359775149466901 0.5932759050987626 0.9058488064324447 0.079061678468717936 0.74466395471854219 0.77695416947184071 0.99555540874825887 1.5194087571650152 0.098675070426067282 0.61167366341554874 0.036669205911247595 0.91231343233938167 3.4582492346713782 82.721296622103907
decision_type=10 8 10 10 8 10 10 10 10 10 10 10 10 10 10 10 8 10 8 10 10 10 10 10 10 10 10 10 10 10
left_child=-1 2 -2 4 -4 6 7 9 -9 -3 20 -12 16 14 15 -14 19 -18 -15 -13 -8 -22 23 24 25 -11 27 -7 -28 -30
right_child=1 5 3 -5 -6 26 10 8 -10 22 11 12 13 18 -16 -17 17 -19 -20 -21 21 -23 -24 -25 -26 -27 28 -29 29 -31
leaf_value=-3.8351105320298363e-06 0.00091435648143122254 0.0038663739968712134 0.0029780774810424866 -0.0013405031623899941 -0.0011712321636693204 -0.00039272696416638186 -0.00085830640258827834 0.0074793140727000612 0.0019673856491599366 0.0025142722894426783 -0.00089542386013754583 -0.00098338256465029666 0.00024196251044766263 0.0012080460986636803 0.0016063930623778635 -0.0063094384688884026 0.00085725293626230019 0.0063832125016824188 0.0058008232292475169 0.0032345100354297823 -0.0007427548141817771 0.00069434474057789692 -0.0013253240669942707 0.0033279682201346459 0.0023110392850795745 -0.00062277768564266637 -0.00032833202194888062 0.002090369987505654 -0.0015330662022830107 0.0033617893620161345
leaf_weight=260963 194 75 54 705 59 304 599 67 193 86 129 81 52 67 152 65 58 97 52 53 487 1083 152 71 127 407 2163 292 71 125
leaf_count=260963 194 75 54 705 59 304 599 67 193 86 129 81 52 67 152 65 58 97 52 53 487 1083 152 71 127 407 2163 292 71 125
internal_value=2.33317e-06 0.000200571 -0.000667941 -0.0010432 0.000811624 0.000324225 0.000532724 0.001241 0.00338777 0.000632978 0.000252272 0.00108484 0.00146217 0.000590779 -0.00057011 -0.0033977 0.00263207 0.00431543 0.00321497 0.000684888 -5.71101e-05 0.000248569 0.000345309 0.0007128 0.000413321 -7.55438e-05 3.11989e-05 0.000823824 -0.000169057 0.00158865
internal_weight=269083 8120 1012 818 113 7108 4153 1178 260 918 2975 806 677 388 269 117 289 155 119 134 2169 1570 843 691 620 493 2955 596 2359 196
internal_count=269083 8120 1012 818 113 7108 4153 1178 260 918 2975 806 677 388 269 117 289 155 119 134 2169 1570 843 691 620 493 2955 596 2359 196
is_linear=0
shrinkage=0.05


Tree=168
num_leaves=31
num_cat=0
split_feature=2 0 0 0 0 2 4 6 6 2 5 1 5 1 3 4 6 6 5 6 1 4 0 0 5 4 1 2 1 5
split_gain=0.11878 0.185774 0.446137 0.357643 0.243455 0.356285 0.198283 0.218181 0.209597 0.195113 0.326083 0.190581 0.227793 0.234532 0.326953 0.194353 0.293469 0.526023 0.2374 0.236301 0.199046 0.265031 0.187812 0.260202 0.611634 0.217876 0.167643 0.218994 0.211776 0.185212
threshold=0.32268664290448762 -0.01419307015493154 -0.0039118261821939329 -0.0073615623397722532 -0.0099200440892807645 0.46454772059302524 0.81380051105069662 0.45806781455587359 1.1092931942997908 0.46454772059302524 75.099602289294651 0.32037338840207635 80.202179339743097 0.26006599770700684 1.0000000180025095e-35 1.1856484800993001 1.0913625314285549 1.1412876407726744 69.897354001669427 1.0580973143771388 0.14460248547869184 0.8658097108469397 0.10082579029278151 0.056741931854283674 86.352263577446465 1.5441925810724568 0.26006599770700684 0.46454772059302524 0.11884665435543708 82.721296622103907
decision_type=10 10 10 10 10 10 10 10 10 10 10 10 10 10 2 10 10 10 10 10 10 10 10 10 10 10 10 10 10 10
left_child=-1 6 3 4 5 -3 7 -2 -8 10 -10 12 13 15 -15 16 19 18 -18 -4 -19 -22 23 24 -13 -24 28 -28 -14 -30
right_child=1 2 11 -5 -6 -7 8 -9 9 -11 -12 22 26 14 -16 -17 17 20 -20 -21 21 -23 25 -25 -26 -27 27 -29 29 -31
leaf_value=-3.6433551719048597e-06 -0.0026930103388378844 0.0028653391495364836 4.7407370585479826e-05 0.0031646330342546369 -0.00080721594914265468 -0.0011523876977271011 -0.0033683038048118101 0.00013711919336228801 -0.0019997102732687427 -0.0020464468877693055 0.0023267978692470648 -0.0013812242934737023 -0.0011025163205979857 0.0051525907631128519 0.00056140950907561057 -0.0011382029810967111 0.0015841833157640584 0.00011262143374743835 0.0060626145862320915 -0.0027822904690930792 0.004757090597247173 0.00094301168615767571 -0.0012795531770914605 0.0040039476080564783 0.0044759439271324988 0.0015149580267357773 -9.9369053400956146e-05 -0.0033454956469413273 -0.0011153788404989525 0.00073141969173694667
leaf_weight=260963 71 183 1763 228 163 79 88 1667 76 134 102 117 437 58 117 249 53 691 67 77 56 244 139 100 72 140 101 107 179 562
leaf_count=260963 71 183 1763 228 163 79 88 1667 76 134 102 117 437 58 117 249 53 691 67 77 56 244 139 100 72 140 101 107 179 562
internal_value=2.21651e-06 0.000190543 0.000333519 0.00156704 0.000709982 0.00165389 -0.000209497 2.1504e-05 -0.0012132 -0.000605348 0.000479525 0.000182367 7.90878e-05 0.000300722 0.00208306 0.00020325 0.00031644 0.000958119 0.00408464 -7.10093e-05 0.000579529 0.00165497 0.00104806 0.00194138 0.000850078 0.000122711 -0.000460605 -0.00176925 -0.000229537 0.000285297
internal_weight=269083 8120 5982 653 425 262 2138 1738 400 312 178 5329 4761 3375 175 3200 2951 1111 120 1840 991 300 568 289 189 279 1386 208 1178 741
internal_count=269083 8120 5982 653 425 262 2138 1738 400 312 178 5329 4761 3375 175 3200 2951 1111 120 1840 991 300 568 289 189 279 1386 208 1178 741
is_linear=0
shrinkage=0.05


Tree=169
num_leaves=31
num_cat=0
split_feature=2 8 4 0 8 1 7 2 4 7 7 1 7 6 8 1 2 8 4 6 6 1 8 8 7 0 0 4 6 2
split_gain=0.107199 0.317935 0.219933 0.175844 0.163689 0.204815 0.252549 0.14667 0.219133 0.29502 0.516179 0.402528 0.396312 0.545567 0.481958 0.494166 0.446258 0.439694 0.319371 0.292873 0.256633 0.253968 0.221655 0.319777 0.196768 0.19462 0.187959 0.193244 0.332825 0.20932
threshold=0.32268664290448762 0.70008446889021692 0.12927267209324225 -0.022784359495473413 0.60682228875209776 0.098675070426067282 0.062182765303145433 0.0051465002353683351 -0.2074563251569205 0.054473624498138536 0.057757133189171216 0.053007751304393287 0.039694704981381605 0.5470240719216215 0.79849641347406208 0.028205128205128219 -0.16492180462303777 0.41342056129146593 -0.16497451955648015 0.52990710852304213 1.9032115473160072 -0.031382048643769304 0.70517419753052002 0.34850157802427006 0.079061678468717936 -0.0083869749076860827 0.019646473239131827 -0.010893551089916615 1.3269139140591426 -0.099885185653874928
decision_type=10 8 10 10 10 10 10 10 10 10 10 10 8 10 8 10 10 8 10 10 10 10 8 10 10 10 10 10 10 10
left_child=7 2 3 -2 5 6 -4 8 -1 12 -11 24 26 14 18 16 -16 20 -14 21 -15 -20 23 -13 -12 -23 -10 -28 -29 -30
right_child=1 -3 4 -5 -6 -7 -8 -9 9 10 11 22 13 17 15 -17 -18 -19 19 -21 -22 25 -24 -25 -26 -27 27 28 29 -31
leaf_value=-6.7574566531340356e-06 -0.00071962769681071549 0.00029906858133709754 0.0021987460951828734 0.0022950473707311963 -0.0015299050082117449 -0.002319034412692024 -0.001269661645778547 -5.0647946386855328e-05 0.00016874623982539189 -0.0021379548953072286 -0.0011374073596027974 0.00029091493290903645 0.0042939589950182133 0.00099988905799900979 0.0030448328237980605 0.0012235571516414539 0.0093293332720350008 -0.00019409405830516041 -0.0026195873300750537 0.003962504540515297 -0.0011038418056182892 0.0025535969423634182 -0.00094740781424985411 0.0030210535886832685 0.0013154484542765399 -0.00039054812938575786 0.00025403493916286655 -0.00066644164707409866 -0.0017064400572675252 0.00017753084198181108
leaf_weight=121259 92 7108 124 102 529 74 91 100966 23865 381 628 243 63 2050 57 92 56 1850 77 51 156 88 118 192 94 155 2605 2741 155 3021
leaf_count=121259 92 7108 124 102 529 74 91 100966 23865 381 628 243 63 2050 57 92 56 1850 77 51 156 88 118 192 94 155 2605 2741 155 3021
internal_value=2.10568e-06 0.000181015 -0.000648156 0.000865408 -0.00100712 -5.01842e-05 0.000730722 -3.46119e-06 2.6316e-05 0.000129844 -0.000523104 -4.05484e-05 0.000159003 0.000588316 0.00194624 0.00394422 0.00615928 0.000374383 0.00100249 0.000443561 0.000851121 -0.000117271 0.000974576 0.00149594 -0.00081806 0.000675644 9.67671e-05 -0.000104803 -0.000262784 8.55864e-05
internal_weight=269083 8120 1012 194 818 289 215 260963 159997 38738 1656 1275 37082 4695 639 205 113 4056 434 371 2206 320 553 435 722 243 32387 8522 5917 3176
internal_count=269083 8120 1012 194 818 289 215 260963 159997 38738 1656 1275 37082 4695 639 205 113 4056 434 371 2206 320 553 435 722 243 32387 8522 5917 3176
is_linear=0
shrinkage=0.05


Tree=170
num_leaves=31
num_cat=0
split_feature=4 7 7 2 2 0 7 0 5 5 7 6 2 0 2 6 6 7 6 2 3 4 5 7 6 2 6 7 2 5
split_gain=0.0955979 0.262196 0.242291 0.441759 0.479728 0.295628 0.286895 0.344472 0.310936 0.298472 0.307527 0.279676 0.278161 0.282655 0.339227 0.930139 1.05518 0.430966 0.269054 0.380536 0.249621 0.258368 0.228818 0.267699 0.397166 0.353422 0.296368 0.309124 0.289411 0.243854
threshold=0.5843916806097863 0.073071248271039071 0.070843092138759015 0.5317431461326293 0.30648267736161167 0.15039605358095179 0.030087733250814895 -0.041268872720168208 66.155370199676042 50.708970622531631 0.045942379692413306 1.4057786209258627 0.15443695257483639 0.0026767618868249747 0.189021640767469 0.80234656993996378 1.3170401682373623 0.029588326954101025 2.349245140747239 0.28079413032914996 1.0000000180025095e-35 1.2252736199753029 82.721296622103907 0.044028506789199028 4.1205965995928295 0.097204641482651968 0.76808371994810398 0.049831260130964027 0.32268664290448762 76.882066305004102
decision_type=10 8 10 10 10 10 10 10 10 10 10 8 10 10 10 10 10 10 10 10 2 10 10 10 10 10 10 10 10 10
left_child=-1 2 5 4 -4 6 7 -2 -9 10 -8 12 -10 -14 15 -15 -17 -16 19 -7 -13 -22 23 28 25 26 -25 -28 -11 -27
right_child=1 -3 3 -5 -6 18 9 8 11 22 -12 20 13 14 17 16 -18 -19 -20 -21 21 -23 -24 24 -26 29 27 -29 -30 -31
leaf_value=7.3589209204463529e-06 0.0040726711626498484 -0.0010016807707127369 0.00031164494202524988 -0.0016799421543416022 0.0069482910253490064 0.004623270912878035 0.00042192519807334367 -0.00016534631364273808 0.00022187059414789285 -0.0004561657566470095 0.004909209465248361 0.00021784377527487781 0.00019288676280829794 0.0083048696326053079 0.00034590326052391906 0.00054761792013475021 0.0082849388599724461 0.0047164320020989005 0.00027291587582259651 0.00050371124338331665 -0.00077245454598085298 0.00044847885901853321 0.00030810593560992008 -0.0013410788053437647 -0.0028436686076437597 1.6983695039415815e-05 0.0020378719785754374 0.00028093188539308269 0.00039309544438806448 -0.0008659358640108136
leaf_weight=220617 53 744 53 58 56 103 120 10458 5464 13007 56 3194 780 60 625 324 51 62 458 123 1722 579 1903 137 122 4972 489 513 1087 928
leaf_count=220617 53 744 53 58 56 103 120 10458 5464 13007 56 3194 780 60 625 324 51 62 458 123 1722 579 1903 137 122 4972 489 513 1087 928
internal_value=-6.59007e-06 -7.03027e-05 -5.57319e-05 0.00184542 0.0037213 -6.24315e-05 -7.75441e-05 4.62763e-05 3.7125e-05 -0.000201566 0.0018497 0.000201766 0.000403151 0.000923929 0.00143214 0.00252472 0.00159989 0.000740332 0.000969516 0.00238121 -6.81901e-05 -0.000465231 -0.000217156 -0.000264183 -1.52442e-05 3.37781e-05 0.000840131 0.00113836 -0.000390666 -0.000121889
internal_weight=268918 48301 47557 167 109 47390 46706 23372 23319 23334 176 12861 7366 1902 1122 435 375 687 684 226 5495 2301 23158 21255 7161 7039 1139 1002 14094 5900
internal_count=268918 48301 47557 167 109 47390 46706 23372 23319 23334 176 12861 7366 1902 1122 435 375 687 684 226 5495 2301 23158 21255 7161 7039 1139 1002 14094 5900
is_linear=0
shrinkage=0.05


Tree=171
num_leaves=31
num_cat=0
split_feature=7 5 0 8 7 7 7 2 0 7 5 6 6 8 7 1 0 2 8 7 1 2 7 6 7 8 2 8 2 5
split_gain=0.0890653 0.181633 0.0914485 0.210341 0.241107 0.202009 0.471773 0.215404 0.377297 0.276602 0.33217 0.322131 0.299568 0.257553 0.26344 0.443839 0.364516 0.270101 0.229952 0.27059 0.390228 0.214982 0.193399 0.266237 0.238186 0.236958 0.189951 0.199958 0.414931 0.253076
threshold=0.0081742625780446224 76.882066305004102 -0.0086493679308050613 0.46399371873530987 0.024959169904222034 0.022806943077190171 0.022913603576878383 0.09502747050501216 -0.012831439542975385 0.06094917433654435 28.198536651217683 1.4310490402666254 0.43178115732243499 0.83677729463455208 0.079061678468717936 -0.059815160984455377 -0.070991281012234661 0.13720367789013468 0.82003939512827007 0.031391716260991791 0.037486143618059915 0.25839402339364265 0.039694704981381605 0.33369681696033587 0.038103135004358808 0.011124157997051442 0.15080085516008138 0.40085287789502083 0.10437241159604972 52.454968652640595
decision_type=8 10 10 8 10 10 10 10 10 10 10 10 10 8 10 10 10 10 10 10 10 10 10 10 10 10 10 10 10 10
left_child=1 -1 3 4 -2 -5 -7 8 9 18 -11 12 -12 -9 15 17 -17 -15 -8 -20 -21 -16 23 -6 -25 -26 27 -24 29 -29
right_child=2 -3 -4 5 22 6 7 13 -10 10 11 -13 -14 14 21 16 -18 -19 19 20 -22 -23 26 24 25 -27 -28 28 -30 -31
leaf_value=0.00026770889347807968 8.3971752484222258e-05 0.0027773021380618542 -3.1274365585829668e-05 -7.5504524952555547e-05 0.0014596340403803586 0.0033861443137427334 0.00019929950926087992 -0.00011135734183782039 0.00083872431752283452 0.0023372162110459659 0.0019764209639221903 0.0028428469619248067 -0.001638666990378171 4.1576371794300421e-05 -0.0041670679942601256 0.0037191244419785096 0.00023896619287300027 0.0037874020771773587 0.00011088837895196634 0.0047865195449031447 0.00070898909282807567 -0.00032629134075250481 0.00020355237893892933 -0.00016776243840951758 -0.0031839261738103677 -0.00065195160828805969 -0.0010098929242392557 -0.0013314854296727478 0.0021088470680782701 0.00052726858565187824
leaf_weight=953 25960 78 164122 10672 242 114 14313 10352 2573 81 63 50 634 70 54 77 3295 154 233 105 133 112 8165 23327 99 1387 389 734 133 244
leaf_count=953 25960 78 164122 10672 242 114 14313 10352 2573 81 63 50 634 70 54 77 3295 154 233 105 133 112 8165 23327 99 1387 389 734 133 244
internal_value=-6.26057e-06 0.000457571 -8.04569e-06 2.86944e-05 -3.12911e-05 0.000113177 0.0001753 0.000163967 0.000277723 0.000185264 -0.000704038 -0.00103381 -0.00131191 1.74011e-05 0.000371709 0.000461606 0.000318436 0.00261683 0.000235071 0.00132212 0.0025079 -0.0015757 -0.000117473 -0.000190765 -0.000206862 -0.000820636 7.25273e-05 0.00011792 -0.000511413 -0.000867747
internal_weight=268918 1031 267887 103765 60680 43085 32413 32299 18185 15612 828 747 697 14114 3762 3596 3372 224 14784 471 238 166 34720 25055 24813 1486 9665 9276 1111 978
internal_count=268918 1031 267887 103765 60680 43085 32413 32299 18185 15612 828 747 697 14114 3762 3596 3372 224 14784 471 238 166 34720 25055 24813 1486 9665 9276 1111 978
is_linear=0
shrinkage=0.05


Tree=172
num_leaves=31
num_cat=0
split_feature=3 0 5 2 7 5 7 0 4 4 6 7 7 8 8 6 7 0 7 5 2 7 7 2 7 4 7 2 6 7
split_gain=0.0879127 0.306784 0.23641 0.282941 0.371127 0.36204 0.323277 0.266869 0.287248 0.255016 0.295514 0.250216 0.398418 0.229037 0.223623 0.283332 0.216479 0.267882 0.220539 0.326145 0.21191 0.223847 0.184602 0.17643 0.315373 0.325469 0.432211 0.502818 0.801589 0.56882
threshold=1.0000000180025095e-35 0.018789731203352259 45.048183000459765 0.011655288528068632 0.056835442829510065 63.100230331110048 0.065185274809158783 -0.029931256787467827 0.75481095787642116 0.30911728107099384 0.5819273057482256 0.025611504823731594 0.022693076900447157 0.70517419753052002 0.42127626048784911 1.2444221120988184 0.029711263176090508 0.025188916876574322 0.070843092138759015 59.711663822382668 0.086456866001647717 0.025292673691645704 0.010729015863647379 0.14049137795938263 0.084054682809110978 0.5389050432709187 0.028507910920793807 0.3897788632604014 0.5932759050987626 0.070843092138759015
decision_type=2 10 10 8 10 10 10 10 10 10 10 10 10 10 10 8 10 10 10 10 10 10 10 10 10 10 10 8 10 10
left_child=23 2 -2 4 5 7 -6 9 -9 10 -4 12 -7 16 15 -5 17 -3 -18 -20 21 -19 -16 -1 25 26 -25 -28 -29 -30
right_child=1 13 3 14 6 11 -8 8 -10 -11 -12 -13 -14 -15 22 -17 18 20 19 -21 -22 -23 -24 24 -26 -27 27 28 29 -31
leaf_value=-2.4613627607886138e-06 -0.00048937106002047974 -0.0011930376572164547 0.0032658702251393591 -0.00051854822400849748 -0.0032282720211633414 -0.00085916593453697282 0.0011183423247075554 0.00082623264406470531 -0.0024769377474214383 0.0029509662676395643 -0.00053858876193217436 -0.0021397262090427239 0.0040351342269272176 -0.00017621884219802707 0.00098223191228155051 -0.0035311885924978457 -0.0012377573026094164 0.00052467180276158994 0.0034119642627998613 -0.0016570649361388097 -0.00060771559436056759 0.0035644099349156026 -1.4553361514108445e-05 0.0021178357674303005 -0.0015096224015215378 4.7215406166801026e-05 0.00027433329215703948 -0.0014240504896103328 0.0023800104160984167 0.0090198070657524203
leaf_weight=200157 2285 280 54 634 129 193 64 3726 67 63 932 215 53 11731 471 89 1415 156 65 62 162 99 33589 420 266 7991 3345 72 78 55
leaf_count=200157 2285 280 54 634 129 193 64 3726 67 63 932 215 53 11731 471 89 1415 156 65 62 162 99 33589 420 266 7991 3345 72 78 55
internal_value=-5.94754e-06 -6.1358e-05 5.37003e-06 3.34364e-05 0.000366816 0.0004452 -0.00178691 0.000572675 0.000767885 -0.000133171 -0.000330231 -0.000893705 0.000195297 -0.000264666 -1.92403e-05 -0.000889399 -0.000728076 3.19213e-06 -0.00105862 0.00093732 0.000806416 0.00170481 -7.69279e-07 8.80205e-06 0.000193185 0.000231054 0.000601092 0.000421646 0.00282536 0.00512579
internal_weight=268918 56534 42564 40279 5496 5303 193 4842 3793 1049 986 461 246 13970 34783 723 2239 697 1542 127 417 255 34060 212384 12227 11961 3970 3550 205 133
internal_count=268918 56534 42564 40279 5496 5303 193 4842 3793 1049 986 461 246 13970 34783 723 2239 697 1542 127 417 255 34060 212384 12227 11961 3970 3550 205 133
is_linear=0
shrinkage=0.05


Tree=173
num_leaves=31
num_cat=0
split_feature=1 5 5 6 0 5 7 7 7 7 7 4 7 6 0 0 0 5 6 6 6 6 0 6 0 0 1 4 1 5
split_gain=0.0819778 0.1267 0.139016 0.18224 0.192526 0.134009 0.13983 0.13741 0.159291 0.165288 0.205151 0.322897 0.164954 0.154906 0.122742 0.505751 0.122451 0.120251 0.147162 0.138949 0.133895 0.114273 0.174904 0.168597 0.142751 0.108582 0.105401 0.100987 0.10055 0.0965044
threshold=-0.17162639202663535 59.090252740256197 37.377506774094108 1.5538313626980778 -0.08895198320300883 33.041957815277904 0.04336510981720245 0.04516356898295245 0.068895718469190556 0.058752616110890658 0.051045454732637836 -1.0217711347397251 0.070843092138759015 1.6505494143082171 0.0091743119266055623 -0.00057458058654497035 0.012127726972499754 13.654556564743389 1.0070122301200986 0.80585243110246374 0.64875452722813576 0.74775458153293706 0.012127726972499754 1.042067946529267 -0.024859771932116356 -0.030974798223481367 -0.17162639202663535 -1.4263930892379502 -0.23808310028742327 26.439040657847737
decision_type=10 10 10 10 10 10 8 8 8 10 10 10 8 10 8 10 8 10 10 10 10 8 10 10 10 10 8 10 10 10
left_child=1 2 5 4 -4 7 -7 17 9 10 28 -12 -10 25 15 -14 -16 18 -1 20 -19 24 23 -23 -6 -11 -17 -21 -9 -30
right_child=-2 -3 3 -5 21 6 -8 8 12 13 11 -13 14 -15 16 26 -18 19 -20 27 -22 22 -24 -25 -26 -27 -28 -29 29 -31
leaf_value=0.0040179107624916709 -9.578045425388354e-06 -0.0022676384694372809 0.0032296468861597151 -0.0013367387464028749 0.0033441105426754805 -0.0029327609477845461 -0.0003064532876868812 0.00066029478330165148 0.0026838523421723109 -0.0042211259113779914 -0.00088360341432601659 0.004102552554658836 5.7183838375752696e-05 0.00063235534300260692 -0.002354907225974155 0.0006622516325207248 -0.00012460593207647581 0.00030119536307341024 0.0010360272324513801 0.0018515405221842232 0.0034919572151979553 -0.0014492450731115477 0.0024141482354881356 0.0012811683952871167 0.00068948696157810675 -0.0015810874080089306 0.0031245231151305996 -0.0003581709003154242 -0.0025401710919910471 0.00013284936780110003
leaf_weight=54 263582 52 95 83 80 68 199 66 65 60 67 63 1413 51 65 57 1157 70 177 60 62 155 68 89 138 111 183 374 104 50
leaf_count=54 263582 52 95 83 80 68 199 66 65 60 67 63 1413 51 65 57 1157 70 177 60 62 155 68 89 138 111 183 374 104 50
internal_value=-5.65017e-06 0.000188375 0.000212545 0.000864546 0.00115688 0.000111667 -0.000975326 0.000179021 4.45144e-05 -0.000718907 -4.199e-05 0.00153276 0.000193044 -0.00178612 0.00013673 0.000417627 -0.000243239 0.000771726 0.00173309 0.000379367 0.00179989 0.000785342 0.000171644 -0.000453316 0.00166366 -0.00250742 0.00253973 -5.26808e-05 -0.000972527 -0.00167231
internal_weight=268918 5336 5284 708 625 4576 267 4309 3512 572 350 130 2940 222 2875 1653 1222 797 231 566 132 530 312 244 218 171 240 434 220 154
internal_count=268918 5336 5284 708 625 4576 267 4309 3512 572 350 130 2940 222 2875 1653 1222 797 231 566 132 530 312 244 218 171 240 434 220 154
is_linear=0
shrinkage=0.05


Tree=174
num_leaves=31
num_cat=0
split_feature=4 8 7 5 8 6 1 6 7 2 2 8 5 6 7 8 8 7 8 6 5 6 7 7 3 7 1 1 4 1
split_gain=0.0804661 0.268539 0.274859 0.299972 0.34673 0.346838 0.338767 0.290443 0.273317 0.590801 0.352014 0.471338 0.339393 0.322003 0.317033 0.289278 0.283666 0.270286 0.43463 0.257489 0.276447 0.401914 0.321986 0.24641 0.53108 0.433423 0.358591 0.289574 0.2463 0.236015
threshold=0.5843916806097863 0.22773087439012649 0.030087733250814895 65.327271836664991 0.79298332245770065 1.3938999483564487 0.15907000839106325 1.9429678614808059 0.044028506789199028 0.42303513137429588 0.18398404778233649 0.23129939643694131 51.282051236028927 2.1343770088931624 0.057757133189171216 0.85517241207292927 0.31831738772629514 0.073071248271039071 0.91946033832292196 0.48697091873904857 76.247475864889722 3.4582492346713782 0.070843092138759015 0.057757133189171216 1.0000000180025095e-35 0.065185274809158783 0.138593914159612 0.2068991669203544 1.4264144945704402 0.16800697416389279
decision_type=10 8 8 10 8 10 10 8 10 10 10 10 10 10 10 8 10 10 10 10 10 10 10 10 2 10 10 10 10 10
left_child=-1 -2 3 -3 29 -6 -7 -8 9 -4 11 14 -13 16 -10 28 -14 19 -19 -17 22 23 -21 -22 -25 26 -26 -27 -12 -5
right_child=1 2 8 4 5 6 7 -9 10 -11 15 12 13 -15 -16 17 -18 18 -20 20 21 -23 -24 24 25 27 -28 -29 -30 -31
leaf_value=7.4298451148766337e-06 -0.00075050085393630554 -0.00014072619693226702 -0.00035218131160106355 0.00048446593004738259 0.00029674685277762827 -0.00066683482640658796 0.004282996730480884 0.00024837882861307583 -0.00023078440533246412 0.0013217072661363153 -0.00071784125469549016 0.0046021077085540377 0.0031997888664899244 -0.0004723549634124333 -0.003531314113934059 -0.0028971395568973654 0.0007626896710191209 -0.0022799961329180744 0.0011525956285688625 0.00053342877508362029 -0.00097766635809929032 0.0021958565655663016 0.004217655533833093 0.0035822858891781206 -0.0025544301196932795 -1.5610152678120707e-05 0.0023878144305300615 -0.0045233247803081189 0.0018695749935432105 -0.0017232936962907075
leaf_weight=220617 1383 8948 14521 7648 3030 2363 62 159 232 547 2194 55 127 527 106 65 1995 274 139 2133 924 152 61 104 50 63 138 82 96 123
leaf_count=220617 1383 8948 14521 7648 3030 2363 62 159 232 547 2194 55 127 527 106 65 1995 274 139 2133 924 152 61 104 50 63 138 82 96 123
internal_value=-5.36766e-06 -6.38208e-05 -4.35796e-05 8.33951e-05 0.000233222 -6.61827e-05 -0.000491754 0.00138026 -0.000158923 -0.000291416 5.08481e-05 0.000494498 0.000714543 0.000633827 -0.00126586 -0.000157582 0.000908548 8.96352e-05 -0.00112472 0.000222596 0.000277299 -0.000242654 0.000635862 -0.000514993 0.000463292 -0.000510808 0.00107339 -0.0025648 -0.000609373 0.000449521
internal_weight=268918 48301 46918 22333 13385 5614 2584 221 24585 15068 9517 3042 2704 2649 338 6475 2122 4185 413 3772 3707 1513 2194 1361 437 333 188 145 2290 7771
internal_count=268918 48301 46918 22333 13385 5614 2584 221 24585 15068 9517 3042 2704 2649 338 6475 2122 4185 413 3772 3707 1513 2194 1361 437 333 188 145 2290 7771
is_linear=0
shrinkage=0.05


Tree=175
num_leaves=31
num_cat=0
split_feature=5 6 0 4 2 2 1 1 6 4 6 6 0 1 2 2 6 4 6 6 6 3 2 5 6 5 6 1 5 1
split_gain=0.138602 0.221837 0.285777 0.23591 0.327941 0.255138 0.199513 0.146136 0.129855 0.122979 0.18972 0.103424 0.122496 0.121132 0.147351 0.114127 0.106875 0.115609 0.113044 0.102816 0.204801 0.10271 0.226577 0.333969 0.29207 0.266862 0.346247 0.218292 0.205019 0.190757
threshold=18.76197877986878 1.381807549578892 -0.015856724825880571 -0.60225581489961588 -0.13360337118167867 -0.15264933228715913 -0.035823782106074113 -0.10487348131908285 0.61814667560551106 -0.64645325257424591 0.78166842613365328 0.74775458153293706 0.017165523992020097 -0.019109357445163008 -0.11632211591706552 -0.20991807387696423 1.121793882126102 -0.64645325257424591 1.0798930969807536 0.4247346127170098 0.5932759050987626 1.0000000180025095e-35 0.011655288528068632 50.300367361102197 0.38899516842181386 53.435361912632409 1.2881132953148915 -0.10487348131908285 54.211319412778764 -0.031382048643769304
decision_type=8 8 10 10 10 10 10 10 10 10 10 10 10 10 10 10 10 10 10 10 10 2 10 10 8 10 10 10 10 10
left_child=1 2 3 4 9 8 -6 19 -5 -1 -11 -9 13 16 -15 -14 18 -18 -13 -4 -21 -2 23 -23 -25 27 -27 -26 -28 -24
right_child=21 -3 7 5 6 -7 -8 11 -10 10 -12 12 15 14 -16 -17 17 -19 -20 20 -22 22 29 24 25 26 28 -29 -30 -31
leaf_value=0.00057089966234778777 2.5066804896839467e-05 -0.00065214079964535715 -0.0016166544696326519 -9.497165556240362e-05 -0.00077050958995401528 0.0013058376889730002 0.0011170692398752037 -0.00016984247929567286 -0.002635207787033416 0.0035075921628675943 -3.739736884689102e-05 -0.00074940286588941597 -0.002561909511646295 -0.00038106736028566959 0.0013995814806464276 -0.00061228687823764816 -0.00027307494235272715 0.0022624056838909524 -0.0025377695170525267 0.0026652372184246052 0.00020727219046034269 -0.00023929353636826245 0.00012111565644943185 0.0033613930769037289 -0.0020774077201538062 -6.8439091911744247e-05 -0.001682074646055744 0.0011719354887525942 0.0016519202925848121 -0.00013496887204868114
leaf_weight=2579 200326 1949 56 72 772 86 171 3373 167 90 65 1265 143 358 172 158 332 52 95 102 501 2575 8860 86 54 2584 51 1207 481 40573
leaf_count=2579 200326 1949 56 72 772 86 171 3373 167 90 65 1265 143 358 172 158 332 52 95 102 501 2575 8860 86 54 2584 51 1207 481 40573
internal_value=3.46238e-07 -0.000161845 -7.17719e-05 0.000261662 0.000375792 -0.00102959 -0.000428223 -0.00027374 -0.00186995 0.00065311 0.00202098 -0.000352012 -0.000590636 -0.000465168 0.000196804 -0.00153852 -0.000666341 7.02714e-05 -0.000874326 0.000432724 0.000623047 8.27779e-06 -5.12798e-05 0.00021415 0.000475771 0.000419074 0.000170713 0.00103279 0.00133231 -8.90702e-05
internal_weight=269355 12558 10609 4002 3677 325 943 6607 239 2734 155 5948 2575 2274 530 301 1744 384 1360 659 603 256797 56471 7038 4463 4377 3116 1261 532 49433
internal_count=269355 12558 10609 4002 3677 325 943 6607 239 2734 155 5948 2575 2274 530 301 1744 384 1360 659 603 256797 56471 7038 4463 4377 3116 1261 532 49433
is_linear=0
shrinkage=0.05


Tree=176
num_leaves=31
num_cat=0
split_feature=7 6 8 0 8 2 2 7 6 2 6 6 0 7 4 6 0 6 0 4 2 7 8 8 2 8 8 2 7 4
split_gain=0.138103 0.347966 0.252573 0.221954 0.28774 0.471691 0.427027 0.361457 0.337425 0.346077 0.270424 0.267235 0.258729 0.219405 0.219064 0.199672 0.169954 0.181414 0.144182 0.132879 0.155658 0.131805 0.250807 0.531115 0.198218 0.167452 0.145696 0.235487 0.120789 0.118717
threshold=0.054473624498138536 0.31108502795383225 0.29241979326276563 -0.036181291368311989 0.0041166789392324803 0.21138725944221473 -0.11788454893370102 0.073071248271039071 1.3370387318917689 0.30648267736161167 0.78517731410669633 0.60441262499964477 0.027027027027027088 0.059819200537251725 -0.44766326763838243 0.46422611227298244 0.024591055851870384 0.66212877028363393 0.048838080306593652 0.51183061292236742 0.5317431461326293 0.057757133189171216 0.097048649989857641 0.14142193538900344 -0.18265794825493178 0.27146047174202975 0.018432200548505692 -0.32084279149985417 0.06094917433654435 -0.240047222390287
decision_type=10 10 8 10 10 10 10 10 10 10 8 10 10 10 10 10 10 10 10 10 10 10 8 10 10 10 10 10 10 10
left_child=-1 2 -2 15 5 6 -5 8 9 12 11 -9 13 -7 -4 -3 17 -8 28 -12 -21 22 -6 -24 25 -25 27 -23 -18 -28
right_child=1 3 14 4 21 7 16 10 -10 -11 19 -13 -14 -15 -16 -17 18 -19 -20 20 -22 26 23 24 -26 -27 29 -29 -30 -31
leaf_value=1.0014817656367306e-05 0.0042098568050769744 0.0023233459717681947 -0.001641618419859198 5.7702748686860647e-05 -0.0024012443106002116 0.0056553915659975952 -0.0014773528003025225 -0.0017454557784014578 0.0036527046917952883 -0.00060988501620542926 -0.00032398209578412423 0.0027712675692656867 -0.00064184336415068672 0.0012859836468123833 0.0022036441485239347 0.00012228250511165384 0.0016825890894526512 -0.00308206983790823 -0.0019789460255898342 -0.0049372805285799719 -0.0014666954672429712 7.7377480304746253e-05 0.0036479595220751237 -0.00057243565688482848 -0.00036123317667175722 -0.0041614384433397876 -0.00034559064669375009 0.0030819419496325093 -0.0011239430116114729 3.6123396879722012e-05
leaf_weight=250985 74 106 62 399 156 59 343 66 92 322 51 65 55 56 92 3686 72 362 153 70 60 208 81 65 2349 65 3106 95 82 5918
leaf_count=250985 74 106 62 399 156 59 343 66 92 322 51 65 55 56 92 3686 72 362 153 70 60 208 81 65 2349 65 3106 95 82 5918
internal_value=3.28927e-07 -0.000132007 0.00180914 -0.000156403 -0.000246304 -0.000757854 -0.00132758 0.000139337 0.000873369 0.000353656 -0.00123462 0.000495666 0.00217872 0.00352768 0.000655551 0.00018381 -0.00187375 -0.00230134 -0.000891843 -0.00248693 -0.00333547 -0.00014831 -0.000454841 -0.000336232 -0.000466413 -0.00236694 -5.90487e-05 0.0010194 0.000188202 -9.526e-05
internal_weight=269355 18370 228 18142 14350 2307 1411 896 584 492 312 131 170 115 154 3792 1012 705 307 181 130 12043 2716 2560 2479 130 9327 303 154 9024
internal_count=269355 18370 228 18142 14350 2307 1411 896 584 492 312 131 170 115 154 3792 1012 705 307 181 130 12043 2716 2560 2479 130 9327 303 154 9024
is_linear=0
shrinkage=0.05


Tree=177
num_leaves=31
num_cat=0
split_feature=5 6 0 2 1 7 1 7 2 7 7 6 0 6 2 5 5 6 2 1 7 7 5 7 6 5 5 1 6 7
split_gain=0.125001 0.199971 0.256504 0.174153 0.156309 0.145298 0.132542 0.302717 0.19544 0.155689 0.122938 0.253463 0.178233 0.266912 0.171594 0.178354 0.200352 0.254217 0.211293 0.226383 0.326159 0.303305 0.201637 0.199554 0.178974 0.175515 0.285352 0.195238 0.175379 0.224372
threshold=18.76197877986878 1.381807549578892 -0.015856724825880571 -0.051533033238413788 -0.044504286404937025 0.013436842382080084 -0.10487348131908285 0.037275660282738245 -0.22651167371318895 0.032390809754010451 0.054473624498138536 0.31108502795383225 -0.036181291368311989 0.45806781455587359 0.15443695257483639 57.423902378793336 55.191747776234571 0.71483680743428968 0.25839402339364265 -0.059815160984455377 0.073071248271039071 0.073071248271039071 56.016597496814796 0.062182765303145433 1.1412876407726744 62.63228218309456 61.931818167449542 0.22843713725094186 0.90108005266228075 0.066940537286215143
decision_type=8 8 10 10 10 8 10 8 8 10 10 10 10 10 10 10 10 10 10 10 10 10 10 10 10 10 10 10 10 10
left_child=1 2 3 5 -5 -1 7 9 -9 -4 -2 -12 13 -13 25 16 18 22 24 20 -20 28 -18 -19 -16 26 -14 -27 29 -21
right_child=10 -3 6 4 -6 -7 -8 8 -10 -11 11 12 14 -15 15 -17 17 23 19 21 -22 -23 -24 -25 -26 27 -28 -29 -30 -31
leaf_value=-0.00088701028153811154 1.7127556714694042e-05 -0.00061922066827963451 0.00076194420066944294 -0.0026670300619716339 0.00070841977280064461 0.00039092067480749922 -0.00033408287861774651 0.0002283353739855529 -0.0024999928156446897 0.0031376713118515909 0.0016095535566197023 0.0027984190073379496 -0.00033624828199938775 9.8824991962168508e-05 0.00048845104976982334 -0.0001821829915666578 0.0056080299295608029 0.0025953733885230928 -0.0014705000960475445 -0.0021872145969708554 0.0034193291480745487 -0.0032644540156686547 0.0016602958576646437 -0.00083454843108603347 0.0033829969638106173 -0.0013171716695069336 0.0025793637806440103 0.0012657543376984972 0.0020892020727156617 0.0014339521391548262
leaf_weight=237 239550 1949 295 94 54 3617 5948 165 109 90 209 94 6600 3529 563 4433 53 65 64 129 73 124 83 122 59 756 85 81 61 64
leaf_count=237 239550 1949 295 94 54 3617 5948 165 109 90 209 94 6600 3529 563 4433 53 65 64 129 73 124 83 122 59 756 85 81 61 64
internal_value=3.1248e-07 -0.000153715 -6.81961e-05 0.000247699 -0.00143545 0.000312335 -0.000259541 0.000413263 -0.000857021 0.00131731 7.8448e-06 -0.000121087 -0.000142316 0.000168867 -0.000226358 -2.43234e-05 0.000454986 0.00155391 0.000142801 -0.000606271 0.00113503 -0.00123738 0.00319875 0.00035767 0.000763014 -0.000384638 -0.000299176 -0.00106721 -0.000247781 -0.000986413
internal_weight=269355 12558 10609 4002 148 3854 6607 659 274 385 256797 17247 17038 3623 13415 5893 1460 323 1137 515 137 378 136 187 622 7522 6685 837 254 193
internal_count=269355 12558 10609 4002 148 3854 6607 659 274 385 256797 17247 17038 3623 13415 5893 1460 323 1137 515 137 378 136 187 622 7522 6685 837 254 193
is_linear=0
shrinkage=0.05


Tree=178
num_leaves=31
num_cat=0
split_feature=5 8 6 8 2 6 4 7 8 7 7 8 2 6 8 5 6 2 1 6 2 1 1 4 6 8 1 6 7 7
split_gain=0.112813 0.256921 0.179746 0.178848 0.193307 0.160385 0.320079 0.139444 0.128741 0.124623 0.225257 0.195138 0.22093 0.141905 0.325691 0.130656 0.126062 0.122998 0.211074 0.145611 0.122479 0.130473 0.119049 0.253734 0.173755 0.244477 0.180406 0.11651 0.176228 0.195838
threshold=18.76197877986878 0.11740844322310992 1.6722418876634639 0.011124157997051442 -0.13950913290526754 0.78517731410669633 -0.99225335413760363 0.016931136965512805 0.060999075736290674 0.019961249488777404 0.021000936247644649 0.012871287119155065 -0.12809683200220565 0.74466395471854219 0.032297688241028778 15.508353125118299 0.83007034150033909 -0.11158987858232959 -0.048073792691027122 0.83732684859650952 -0.14373222694830176 -0.033891581867556968 -0.070068077206283316 -0.74118881183265917 0.84794815975670168 0.080042828453397399 -0.0013630170918999538 1.1544726702269428 0.024211087495814809 0.022693076900447157
decision_type=8 10 8 8 10 10 10 8 10 10 10 10 10 10 10 10 10 10 10 10 10 10 10 10 10 10 10 10 10 10
left_child=1 2 3 4 27 6 -3 -4 -9 20 11 -11 15 -12 16 -13 -15 19 -19 -7 -5 -22 23 -16 26 -26 -24 28 29 -1
right_child=-2 5 7 9 -6 17 -8 8 -10 10 13 12 -14 14 22 -17 -18 18 -20 -21 21 -23 24 -25 25 -27 -28 -29 -30 -31
leaf_value=0.0012847942242007631 7.4525618803102862e-06 0.0029034726198005957 -0.002038641334535908 -0.00076164465663604297 -0.00046114940650494288 -0.0033153534778292575 -0.00042559497419848057 -0.00066727914672331276 0.00098287288588055953 0.004154946538943073 0.00027469311419696466 0.00058011890831403436 -0.0019121140187572955 -0.00076379893462217305 -0.00067917188384474989 0.0034463828468384843 0.00066338718565776269 -0.0017695928519279283 0.00059170365423595183 -0.0011757237114933632 -0.00040818270067842044 0.0006756551719702069 -0.00094398353763671349 0.0025842612810854063 -0.0010867395449521782 -0.0035725453617568648 0.0023973189622795744 7.3845081207422812e-06 0.00045346677676773805 0.0040287035463664397
leaf_weight=391 256797 76 154 1086 430 92 1445 759 140 54 2175 100 56 192 480 66 797 158 236 586 801 425 145 68 370 135 56 394 613 78
leaf_count=391 256797 76 154 1086 430 92 1445 759 140 54 2175 100 56 192 480 66 797 158 236 586 801 425 145 68 370 135 56 394 613 78
internal_value=2.96856e-07 -0.000146029 -3.06648e-05 4.23293e-05 0.000471765 -0.000589379 -0.000259251 -0.000648446 -0.000410303 -7.44997e-05 7.34985e-05 0.00145928 0.00080358 -1.30738e-05 -0.000292117 0.00171972 0.00038632 -0.00105778 -0.000355212 -0.00146606 -0.000374977 -3.2464e-05 -0.000827183 -0.00027422 -0.0012564 -0.00175126 -1.30734e-05 0.000743549 0.00101162 0.00174114
internal_weight=269355 12558 9965 8912 1906 2593 1521 1053 899 7006 4694 276 222 4418 2243 166 989 1072 394 678 2312 1226 1254 548 706 505 201 1476 1082 469
internal_count=269355 12558 9965 8912 1906 2593 1521 1053 899 7006 4694 276 222 4418 2243 166 989 1072 394 678 2312 1226 1254 548 706 505 201 1476 1082 469
is_linear=0
shrinkage=0.05


Tree=179
num_leaves=31
num_cat=0
split_feature=7 6 8 2 2 8 7 2 5 8 6 1 8 8 8 1 1 8 5 5 2 5 2 1 2 5 1 5 8 7
split_gain=0.111791 0.287879 0.230631 0.178589 0.165346 0.316303 0.232923 0.244633 0.34995 0.343917 0.244224 0.377237 0.323335 0.26084 0.215276 0.360234 0.240809 0.363437 0.236821 0.201236 0.317527 0.279226 0.187802 0.178927 0.175084 0.166139 0.158625 0.150539 0.189715 0.24882
threshold=0.054473624498138536 0.31108502795383225 0.29241979326276563 0.065049367460316768 0.084338468494076571 0.42968295946104235 0.079061678468717936 0.65459219715740546 56.016597496814796 0.45122353838458956 1.4726051119868486 0.11159149277058301 0.94246965447869058 0.71509932806643828 0.80382359519951585 0.065165902073342177 0.2068991669203544 0.63365300435556271 63.344801609305364 89.350945490958722 0.65459219715740546 76.247475864889722 0.21807114913014361 0.012043736516303418 0.42303513137429588 27.912354631853002 -0.07237934035368225 27.912354631853002 0.4935107756377779 0.06361128722715019
decision_type=10 10 8 10 10 8 10 10 10 10 10 10 8 10 10 10 10 8 10 10 10 10 10 10 10 10 10 10 8 10
left_child=-1 2 -2 -4 5 25 19 8 22 -10 11 13 -13 -9 16 -16 18 -18 27 21 -21 -6 -8 -20 -11 -3 -24 28 -7 -30
right_child=1 4 3 -5 6 14 7 10 9 24 -12 12 -14 -15 15 -17 17 -19 23 20 -22 -23 26 -25 -26 -27 -28 -29 29 -31
leaf_value=8.996501263290646e-06 0.0039408973451212958 -0.00041175236375658847 -0.00094973525613139599 0.0024847457115885927 0.00017834568666166357 -0.0022229828676375162 0.0012731231106144769 -0.0024223134605563246 -0.0040183061304187272 0.0002731114141478049 -0.0021087897181444404 0.00069405268412083389 0.0063253645964253414 0.0018403148997629829 0.0046043127750083077 -0.00087248785429225914 0.0041386099731015192 -0.0011361154091571446 -0.0040587214351092511 -0.0011894858218729496 0.0038002049550414085 -0.00071363524343574227 0.00068772329370780244 -0.0011087187441132431 -0.0024078708281342546 0.00016009820430440245 -0.0020346192568088312 -0.00082773271261535005 -0.00023033153071689108 0.0032068696653039805
leaf_weight=250985 74 2038 87 67 7005 56 155 76 156 127 70 50 52 68 51 73 62 69 95 50 88 1003 87 112 117 3371 139 2745 144 83
leaf_count=250985 74 2038 87 67 7005 56 155 76 156 127 70 50 52 68 51 73 62 69 95 50 88 1003 87 112 117 3371 139 2745 144 83
internal_value=2.82013e-07 -0.000118782 0.00164683 0.000544487 -0.000140971 -0.000294808 7.13983e-06 -0.000676833 -0.00115178 -0.00218473 0.000497 0.00123848 0.00356492 -0.000409406 -0.000665913 0.00138007 -0.000741285 0.00136032 -0.000826388 9.92486e-05 0.00199235 6.66253e-05 -6.73125e-05 -0.00246258 -0.00101244 -5.53633e-05 -0.000986638 -0.000714535 0.000383447 0.00102644
internal_weight=269355 18370 228 154 18142 8899 9243 1097 781 400 316 246 102 144 3490 124 3366 131 3235 8146 138 8008 381 207 244 5409 226 3028 283 227
internal_count=269355 18370 228 154 18142 8899 9243 1097 781 400 316 246 102 144 3490 124 3366 131 3235 8146 138 8008 381 207 244 5409 226 3028 283 227
is_linear=0
shrinkage=0.05


Tree=180
num_leaves=31
num_cat=0
split_feature=8 5 8 2 4 7 8 7 2 2 6 3 4 7 8 2 8 7 2 8 2 4 7 7 5 7 6 4 7 7
split_gain=0.19192 0.295325 0.397114 0.332191 0.271168 0.353372 0.372502 0.303231 0.335785 0.301966 0.255606 0.252042 0.385726 0.438602 0.24602 0.308853 0.250476 0.23938 0.361259 0.232427 0.231739 0.206313 0.237577 0.21646 0.320462 0.297106 0.277665 0.213011 0.193631 0.555145
threshold=0.6111725717874037 38.193107859860582 0.76130113397639287 -0.1146997533716284 0.48583506881752903 0.026744002490023656 0.85517241207292927 0.037695711979930241 0.21807114913014361 -0.082479211422832363 0.38899516842181386 1.0000000180025095e-35 0.57521814977149266 0.032526501253455693 0.78243504923787188 -0.087657895193063926 0.77142856830612294 0.073071248271039071 0.46454772059302524 0.84274905879301187 0.18398404778233649 -0.28731303670844915 0.033716780539192116 0.030846398290682961 33.723339476152603 0.028394480766547218 0.44553609438665792 -0.92919963281544626 0.051045454732637836 0.057757133189171216
decision_type=8 8 10 8 10 8 10 8 10 10 10 2 10 10 8 10 10 8 10 8 10 10 10 10 10 10 10 10 10 10
left_child=11 2 3 10 5 9 7 8 14 -3 -2 -1 -13 -14 15 -7 -17 -6 20 -10 -19 22 23 25 27 26 -12 -25 -8 -30
right_child=1 4 -4 -5 17 6 28 -9 19 -11 21 12 13 -15 -16 16 -18 18 -20 -21 -22 -23 -24 24 -26 -27 -28 -29 29 -31
leaf_value=-6.914997736445066e-06 -0.0011467240491939543 0.001276722620394335 0.0041053265243118529 -0.00051653265572217902 1.9247364662830132e-05 0.0029419042202560152 0.0018258689575330917 0.00013198795103100503 -0.00043873640892447328 -0.00010719255942561975 0.0036009654751165058 -0.00017301045213754818 -0.00053685252552995038 -0.0031236633948956219 0.00083881883796678804 0.00035401663679706215 -0.0011136543222176507 -0.00046978950583241347 0.00012351149769544351 -0.0037954858785208979 -0.0028975426137285054 0.0022414805328158003 -0.00026664626787999368 0.0038970134894400106 0.0046769121869900641 -0.0010313545398259354 0.00046092632209475908 0.00036838324860239162 -0.0034100883119903948 0.00324862117333145
leaf_weight=168839 368 409 53 4747 36988 111 556 20554 367 10868 76 10162 531 237 3792 5815 306 166 474 60 241 124 1643 51 70 330 956 265 68 58
leaf_count=168839 368 409 53 4747 36988 111 556 20554 367 10868 76 10162 531 237 3792 5815 306 166 474 60 241 124 1643 51 70 330 956 265 68 58
internal_value=7.80795e-06 6.76258e-05 -0.00020947 -0.000235968 9.73911e-05 0.000183368 0.000268913 0.000243487 0.000462773 -5.7e-05 0.000107024 -2.19784e-05 -0.000254667 -0.00133513 0.000521267 0.000328046 0.000280645 -1.53869e-07 -0.000814697 -0.000910411 -0.00190735 0.000238284 0.000165033 0.000570781 0.00161594 0.000274576 0.00069217 0.000937877 0.00142481 -0.000344968
internal_weight=269285 89516 8683 8630 80833 42964 31687 31005 10451 11277 3883 179769 10930 768 10024 6232 6121 37869 881 427 407 3515 3391 1748 386 1362 1032 316 682 126
internal_count=269285 89516 8683 8630 80833 42964 31687 31005 10451 11277 3883 179769 10930 768 10024 6232 6121 37869 881 427 407 3515 3391 1748 386 1362 1032 316 682 126
is_linear=0
shrinkage=0.05


Tree=181
num_leaves=31
num_cat=0
split_feature=8 5 2 3 4 7 4 7 2 8 7 7 2 8 4 6 7 7 2 8 8 2 2 5 5 2 3 2 2 4
split_gain=0.173208 0.269661 0.248594 0.227467 0.348118 0.395839 0.219328 0.277331 0.360712 0.346985 0.309634 0.276808 0.304578 0.23318 0.504909 0.362939 0.412134 0.21604 0.326036 0.2252 0.269087 0.215214 0.213033 0.355303 0.211214 0.335459 0.248822 0.400943 0.514686 0.382695
threshold=0.6111725717874037 34.840396242969689 -0.11006045212671516 1.0000000180025095e-35 0.57521814977149266 0.032526501253455693 0.48583506881752903 0.026744002490023656 -0.1146997533716284 0.85517241207292927 0.023668688393738632 0.037053957192947101 0.21807114913014361 0.80382359519951585 0.091279182578036591 0.86253754602745858 0.051698813434739997 0.073071248271039071 0.46454772059302524 0.77142856830612294 0.8609775726248089 0.043241763931419104 0.24887111530462872 60.141572598933898 46.778681694580179 0.03700576850888327 1.0000000180025095e-35 0.028257707173133809 -0.02697040578762477 -0.040999722760166786
decision_type=8 8 8 2 10 10 10 8 10 10 10 8 10 10 8 10 10 8 10 8 10 10 10 10 10 10 2 10 10 10
left_child=3 2 -2 -1 -5 -6 7 8 10 11 -3 12 24 -13 -15 -16 22 -8 19 -19 21 -21 23 -17 25 -9 27 28 -26 -29
right_child=1 6 -4 4 5 -7 17 9 -10 -11 -12 13 -14 14 15 16 -18 18 -20 20 -22 -23 -24 -25 26 -27 -28 29 -30 -31
leaf_value=-6.5692477667125576e-06 4.7152244168839307e-05 0.0041202212198588415 -0.00057094153703201624 -0.00016435992599560841 -0.00051000990132108891 -0.0029674802389066989 1.8284996395713604e-05 0.00041738459962215453 -8.060581908417221e-05 0.0013535649605411005 0.00028508161167491831 7.5834188380832735e-05 -0.00093378222991761975 0.0052196337242475565 -0.00014015713251050422 0.00014421005823964531 0.0047219941963351541 0.0010164478595834226 0.00011733592742791115 -0.0010930783693246279 0.00054532845666173347 -0.0039993427840002644 -0.0018646232308176542 0.0048014645299796635 0.0013913834123588924 -0.00081638666968205243 0.00040169614222292902 -2.4860840058911555e-05 -0.00041477795004498763 0.0022969156291993329
leaf_weight=168839 3439 95 3087 10162 531 237 36988 2368 11729 682 118 20830 398 62 634 129 93 60 474 98 67 182 57 60 812 718 4540 228 767 801
leaf_count=168839 3439 95 3087 10162 531 237 36988 2368 11729 682 118 20830 398 62 634 129 93 60 474 98 67 182 57 60 812 718 4540 228 767 801
internal_value=7.41755e-06 6.42445e-05 -0.000245225 -2.08795e-05 -0.000241934 -0.00126837 8.858e-05 0.000163046 -4.35744e-05 0.000237414 0.00199559 0.00021399 0.000423259 0.000112231 0.000844745 0.000565975 0.00188659 -1.46175e-07 -0.000773962 -0.00181199 -0.00230105 -0.00298215 0.000814664 0.0016227 0.000476034 0.000130331 0.000625284 0.00101451 0.00051404 0.00178247
internal_weight=269285 89516 6526 179769 10930 768 82990 45121 11942 33179 213 32497 10632 21865 1035 973 339 37869 881 407 347 280 246 189 10234 3086 7148 2608 1579 1029
internal_count=269285 89516 6526 179769 10930 768 82990 45121 11942 33179 213 32497 10632 21865 1035 973 339 37869 881 407 347 280 246 189 10234 3086 7148 2608 1579 1029
is_linear=0
shrinkage=0.05


Tree=182
num_leaves=31
num_cat=0
split_feature=8 6 1 5 8 4 6 0 0 3 4 6 0 6 1 8 8 4 8 0 8 5 6 1 5 8 1 5 8 4
split_gain=0.15632 0.26763 0.299313 0.359395 0.34485 0.250266 0.21131 0.340378 0.32531 0.202691 0.308932 0.221862 0.196448 0.185088 0.186382 0.27672 0.213697 0.27425 0.206191 0.201577 0.304242 0.210617 0.299653 0.196281 0.308873 0.213665 0.290278 0.194614 0.184295 0.195474
threshold=0.6111725717874037 0.57828628043297392 0.075422496016705157 41.729608533438117 0.76130113397639287 0.021814278530545555 0.37777817132217473 0.025188916876574322 -0.012559029308604195 1.0000000180025095e-35 0.57521814977149266 0.70486642919293763 -0.010704476636805791 0.63201327747901304 0.015198642801810715 0.89904761733514771 0.70517419753052002 0.11051660065399427 0.73026093693571581 0.0059821141438176637 0.84274905879301187 46.601597995914318 0.60808690248371111 -0.094794384716213473 50.109613126950592 0.78243504923787188 -0.0058426653965632505 70.622972347479006 0.61989833219557444 0.10078171035016127
decision_type=8 8 10 10 10 10 8 10 10 2 10 10 10 8 10 10 8 10 8 10 8 10 10 10 10 10 10 10 8 10
left_child=6 2 3 4 -2 -4 7 8 -1 -8 -11 -12 -10 14 23 16 17 -16 -18 -20 -21 -22 -23 24 -3 -25 -27 -28 -5 -30
right_child=1 13 5 28 -6 -7 9 -9 12 10 11 -13 -14 -15 15 -17 18 -19 19 20 21 22 -24 25 -26 26 27 -29 29 -31
leaf_value=0.0011364762408889585 -0.00053961064905711355 0.00041556991335255593 0.0015553768426102847 0.0016249195331770327 0.003598408889386109 -0.001681170716298253 -1.4605190426785761e-05 0.0042703701579874312 -0.0015578852970980358 -0.00016431423813337986 -0.0043913851192793991 -0.0009783012892687537 0.00014401017654381011 7.6937258567155072e-05 0.0021744373694269196 -0.0010551377323564965 0.0044706230106959606 -0.0014533147178566377 0.00081665569186030104 -0.00022333177204583648 0.00098064759845978441 0.0027193541503453883 0.0075549630676659783 -0.00013492899327292905 0.0044592389857757899 0.0021791493501723382 -0.0011471993353387173 0.0023606710531077209 0.00033466281994025957 -0.00018134534958457303
leaf_weight=873 3940 160 68 193 51 491 164687 54 179 9993 51 717 3215 73294 81 154 57 146 552 74 56 81 53 2152 67 256 165 52 3445 3928
leaf_count=873 3940 160 68 193 51 491 164687 54 179 9993 51 717 3215 73294 81 154 57 146 552 74 56 81 53 2152 67 256 165 52 3445 3928
internal_value=7.04667e-06 6.10323e-05 -0.000157481 -0.000102825 -0.000486732 -0.00128746 -1.98355e-05 0.00032559 0.000275668 -2.83428e-05 -0.000238583 -0.00120495 5.4252e-05 9.52378e-05 0.000421911 0.00092994 0.00120785 -0.00015883 0.00156322 0.00136013 0.00249648 0.00355577 0.00463195 0.000198535 0.00160908 7.6557e-05 0.00103875 -0.000306604 9.96826e-05 5.97571e-05
internal_weight=269285 89516 12116 11557 3991 559 179769 4321 4267 175448 10761 768 3394 77400 4106 1254 1100 227 873 816 264 190 134 2852 227 2625 473 217 7566 7373
internal_count=269285 89516 12116 11557 3991 559 179769 4321 4267 175448 10761 768 3394 77400 4106 1254 1100 227 873 816 264 190 134 2852 227 2625 473 217 7566 7373
is_linear=0
shrinkage=0.05


Tree=183
num_leaves=31
num_cat=0
split_feature=2 4 7 5 5 1 4 1 2 0 6 4 5 4 7 7 1 1 2 5 2 6 7 3 0 0 7 6 0 6
split_gain=0.119742 0.206142 0.39712 0.315694 0.290601 0.281914 0.204349 0.470444 0.196873 0.197414 0.234558 0.226527 0.391708 0.332561 0.363903 0.364078 0.195366 0.211173 0.250026 0.188492 0.177981 0.175848 0.16686 0.181689 0.285858 0.163983 0.15817 0.341127 0.730229 1.36147
threshold=0.15443695257483639 0.29087327050483608 0.029958485683824681 67.314036753084238 57.840671386729639 0.041146511406552684 0.27303798695973497 0.017857142857142908 0.19973999517365862 0.042775872856756443 0.92114602670131396 0.031979087282105065 48.519062432640531 -0.25611048898464672 0.068895718469190556 0.079061678468717936 -0.15738888560099426 -0.09063966622234286 0.21138725944221473 57.423902378793336 0.25839402339364265 0.57828628043297392 0.070843092138759015 1.0000000180025095e-35 0.0024447885420285646 -0.0036900369003690088 0.030846398290682961 1.4446005762362875 0.045613811873003514 1.2881132953148915
decision_type=8 8 8 10 10 10 8 10 8 10 10 10 10 10 8 8 10 10 10 10 10 10 10 2 10 10 8 10 10 10
left_child=-1 2 -2 4 6 16 8 -8 -4 11 -11 13 -13 -10 21 -16 -6 18 -18 22 -20 -15 23 -14 -25 -17 27 28 -3 -30
right_child=1 26 3 -5 5 -7 7 -9 9 10 -12 12 19 14 15 25 17 -19 20 -21 -22 -23 -24 24 -26 -27 -28 -29 29 -31
leaf_value=-7.3713012943575664e-06 0.0022119503122065118 0.00041590696677922554 0.00049153712403701602 -0.0015104457518289197 -0.0020809430578835951 0.0043461111366029899 -0.00075360388427432026 0.005729487240080512 -0.00086813898256033308 -0.0035366852052642153 0.00058247522209529522 -0.0029804121624580644 0.00228067764467605 -0.0014595790351561917 0.0049987227671131826 -0.0004241045884555206 0.0043641427442496425 0.00060573317163775079 -0.0011379150309949182 -0.0030529140714659463 0.0021425441719759675 0.00088032025428089709 -0.0018353951610436644 -0.001009207510912368 0.0019459701356470212 0.0026638024193508664 -6.688524189897788e-06 -0.00022679104118704672 0.00040085044105094632 0.01006592332197582
leaf_weight=228601 278 3662 1267 237 58 57 62 51 351 96 54 162 103 130 92 87 86 1299 60 54 133 210 99 262 119 85 29213 2159 101 57
leaf_count=228601 278 3662 1267 237 58 57 62 51 351 96 54 162 103 130 92 87 86 1299 60 54 133 210 99 262 119 85 29213 2159 101 57
internal_value=6.69434e-06 8.57283e-05 0.000370632 0.000272457 0.000357357 0.000889475 8.30339e-05 0.00217239 8.57863e-06 -0.000312802 -0.00205379 -0.000163915 -0.000785132 0.000355826 0.0010671 0.00245988 0.000769042 0.000873794 0.00212186 -0.000226835 0.00112271 -1.43471e-05 3.49293e-05 0.000417496 -8.61993e-05 0.0011019 4.12668e-05 0.000275573 0.000559501 0.00388762
internal_weight=269285 40684 5492 5214 4977 1693 3284 113 3171 1904 150 1754 799 955 604 264 1636 1578 279 637 193 340 583 484 381 172 35192 5979 3820 158
internal_count=269285 40684 5492 5214 4977 1693 3284 113 3171 1904 150 1754 799 955 604 264 1636 1578 279 637 193 340 583 484 381 172 35192 5979 3820 158
is_linear=0
shrinkage=0.05


Tree=184
num_leaves=31
num_cat=0
split_feature=8 6 1 5 8 4 7 6 6 7 0 5 7 7 4 5 1 8 6 5 0 6 8 4 8 7 1 7 0 7
split_gain=0.137474 0.239666 0.270739 0.320551 0.312526 0.225658 0.238319 0.195857 0.220515 0.338237 0.231171 0.192454 0.175718 0.174241 0.275978 0.415903 0.395067 0.313787 0.256421 0.206486 0.198199 0.168495 0.166693 0.179429 0.521366 0.854606 0.317495 0.172533 0.164683 0.154412
threshold=0.6111725717874037 0.57828628043297392 0.075422496016705157 41.729608533438117 0.76130113397639287 0.021814278530545555 0.037053957192947101 1.0000000180025095e-35 0.37777817132217473 0.048732584943597293 -0.012559029308604195 30.888761160743723 0.06361128722715019 0.019350803920319373 -0.240047222390287 51.095700996458042 -0.088746941272430643 0.64740024651607431 0.68865917739504035 34.41083267532246 0.0075376884422110333 0.76112193475532097 0.61989833219557444 0.10078171035016127 0.78756700837013283 0.028280685945172881 -0.081931135383295869 0.039236893248547962 -0.010434782608695624 0.057757133189171216
decision_type=8 8 10 10 10 10 10 10 10 10 10 10 10 8 8 10 10 10 10 8 10 10 8 10 10 10 10 10 10 10
left_child=7 2 3 4 -2 -4 -7 -1 9 10 -9 -11 29 -3 15 -15 -17 18 -18 20 -16 -19 27 24 -24 -26 -25 -5 -12 -13
right_child=1 13 5 22 -6 6 -8 8 -10 11 28 12 -14 14 19 16 17 21 -20 -21 -22 -23 23 26 25 -27 -28 -29 -30 -31
leaf_value=-0.0025906329668548612 -0.00051072076107043659 -0.00012279033483270373 0.0014749677063424743 0.00061221740884026315 0.0034285933228994851 9.4993830433638443e-05 -0.0023149359137649931 0.00099757817016349142 -2.6431414093877008e-05 0.0026928071728854358 -0.0014836806099661189 0.00059225912746941592 -0.0011760452462510132 0.00032062590747632569 -0.00013823571518482744 0.0058132419924669231 -0.0001420076352290132 0.0019132443196961985 0.0039401146586897084 9.3157451426986032e-05 -0.0017312333855559652 -0.0016561797909200827 0.00018991126089738168 -0.003333703781857203 -0.00030436573000863581 0.0073949531205919393 -0.00011154598965415015 0.0039424982414520519 7.1594608593685111e-05 0.003230282835616374
leaf_weight=74 3940 8603 68 139 51 146 345 682 175426 208 181 176 87 6584 570 58 55 51 128 60960 297 94 3300 78 78 67 3850 54 2854 81
leaf_count=74 3940 8603 68 139 51 146 345 682 175426 208 181 176 87 6584 570 58 55 51 128 60960 297 94 3300 78 78 67 3850 54 2854 81
internal_value=6.35962e-06 5.69865e-05 -0.000149796 -9.78144e-05 -0.000460381 -0.00122448 -0.00159834 -1.885e-05 -1.7791e-05 0.000337271 0.000165761 0.00149217 0.000766205 8.93557e-05 0.000115884 0.000414145 0.00200929 0.00133664 0.00271325 8.22603e-05 -0.000683934 -0.000400727 9.34365e-05 5.54656e-05 0.000318847 0.00325325 -0.00017553 0.00154401 -2.11582e-05 0.0014237
internal_weight=269285 89516 12116 11557 3991 559 491 179769 179695 4269 3717 552 344 77400 68797 6970 386 328 183 61827 867 145 7566 7373 3445 145 3928 193 3035 257
internal_count=269285 89516 12116 11557 3991 559 491 179769 179695 4269 3717 552 344 77400 68797 6970 386 328 183 61827 867 145 7566 7373 3445 145 3928 193 3035 257
is_linear=0
shrinkage=0.05


Tree=185
num_leaves=31
num_cat=0
split_feature=2 4 5 7 7 0 7 5 7 6 6 7 5 7 7 7 5 7 4 6 7 3 4 0 4 7 4 4 0 7
split_gain=0.137218 0.155577 0.323247 0.28483 0.50052 0.241583 0.229435 0.28941 0.719153 0.372119 0.372742 0.220737 0.217078 0.365881 0.309577 0.270281 0.280918 0.29268 0.275694 0.187206 0.386945 0.29648 0.61507 0.303229 0.275266 0.182968 0.176486 0.236366 0.316025 0.174882
threshold=0.3897788632604014 0.66926294623214633 67.910447716849561 0.045942379692413306 0.043696133150102102 0.011206670128427356 0.052306130992699713 86.352263577446465 0.059819200537251725 1.4057786209258627 2.080172437363955 0.054473624498138536 81.358519548871314 0.06094917433654435 0.070843092138759015 0.055227318600763041 70.622972347479006 0.056835442829510065 0.94042340005163061 0.56295236189311193 0.079061678468717936 1.0000000180025095e-35 0.42480299560766693 0.056741931854283674 0.63964464037047242 0.075517149084893084 0.77773351498630372 1.0889217266561968 0.020981237474649198 0.044028506789199028
decision_type=10 10 10 10 10 10 10 10 10 10 10 10 10 10 8 10 10 10 10 10 10 2 10 10 10 10 10 10 10 10
left_child=-1 3 11 4 5 -2 29 12 -9 -10 -11 -3 14 -14 15 18 -17 -18 -8 25 21 22 -21 24 -23 -5 -16 28 -28 -4
right_child=1 2 6 19 -6 -7 7 8 9 10 -12 -13 13 -15 26 16 17 -19 -20 20 -22 23 -24 -25 -26 -27 27 -29 -30 -31
leaf_value=-6.2932680131577593e-06 -9.3331096745439938e-05 0.00069905689185058393 0.00024158248918184678 -0.0015825106575304258 0.0063189767533913255 0.0035999085441867393 -0.00024604968831240054 0.0054429881196321542 -0.0028486792513061892 0.0050416635322527818 -0.00054694270914686582 -0.0025566807482856023 0.0010993811670456037 -0.0025610642568978121 -0.00017316660633425048 -0.0031729088618738365 -0.0034160165724625709 0.0005477076988266087 0.004147455632305906 0.006515491758407631 -0.00088569338023970377 0.00067702454605109499 0.00060674909880241293 -0.0026797772193002324 0.0042401716829646892 0.0014272172229864927 0.0018759152588632999 0.00040435452001953595 0.0071278343166880035 -0.00089980667509503062
leaf_weight=264071 149 72 733 205 56 63 69 101 65 52 70 188 122 155 57 79 53 384 74 71 343 828 116 63 58 67 61 57 54 619
leaf_count=264071 149 72 733 205 56 63 69 101 65 52 70 188 122 155 57 79 53 384 74 71 343 828 116 63 58 67 61 57 54 619
internal_value=-1.33971e-06 0.000255956 3.14683e-05 0.000596746 0.00211474 0.00100419 0.000187798 0.000624002 0.00204326 0.000207039 0.00183509 -0.00165509 0.000273147 -0.000948883 0.000654343 0.000104014 -0.000429048 6.69814e-05 0.00202751 0.000364408 0.000586119 0.00103051 0.00285018 0.00067195 0.000910278 -0.000841144 0.00223804 0.00303711 0.00434203 -0.000280991
internal_weight=269155 5084 3065 2019 268 212 2805 1453 288 187 122 260 1165 277 888 659 516 437 143 1751 1479 1136 187 949 886 272 229 172 115 1352
internal_count=269155 5084 3065 2019 268 212 2805 1453 288 187 122 260 1165 277 888 659 516 437 143 1751 1479 1136 187 949 886 272 229 172 115 1352
is_linear=0
shrinkage=0.05


Tree=186
num_leaves=31
num_cat=0
split_feature=2 8 0 0 1 1 0 6 8 1 8 1 1 7 7 5 6 0 0 2 7 8 7 7 2 5 6 0 1 8
split_gain=0.12384 0.177756 0.265124 0.226202 0.22309 0.236972 0.308075 0.246063 0.245067 0.176402 0.333404 0.243425 0.173172 0.337231 0.669133 0.52107 0.298683 0.252435 0.536806 0.215771 0.168073 0.152933 0.139808 0.371312 0.462194 0.539958 0.485151 0.299726 0.282177 0.235764
threshold=0.3897788632604014 0.79849641347406208 -0.070991281012234661 -0.056499373782354582 0.32037338840207635 0.085967762479124979 -0.044684129429892132 1.3480971060625997 0.65210175778263302 0.0053775246358926951 0.76130113397639287 0.025839793281653759 0.075422496016705157 0.079061678468717936 0.070843092138759015 68.218354287684932 0.57828628043297392 -0.0048780487804878639 -0.013114177432586636 0.46454772059302524 0.048732584943597293 0.74568449334108189 0.052306130992699713 0.062182765303145433 0.65459219715740546 86.352263577446465 2.2673683850001769 0.056741931854283674 0.088304576771685364 0.91231343233938167
decision_type=10 8 10 10 10 10 10 10 10 10 10 10 10 10 10 10 10 10 10 10 10 10 10 10 10 10 10 10 10 10
left_child=-1 4 -3 -4 5 6 7 8 -2 10 -8 -11 13 14 16 -16 19 18 -18 -5 -7 -13 28 24 26 -26 27 -24 -14 -29
right_child=1 2 3 12 -6 20 9 -9 -10 11 -12 21 22 -15 15 -17 17 -19 -20 -21 -22 -23 23 -25 25 -27 -28 29 -30 -31
leaf_value=-5.9786051161813702e-06 -0.00030707227628087055 0.0035529211835554717 -0.0026146001308151182 0.00091271487491515781 0.002897131371197625 -5.5467316943341522e-05 -0.00039096487881593972 -0.0013907740494827382 0.0038237530300554278 0.0031616351643660619 -0.0036805709430314214 -0.002162975777089056 -0.0034310240189482175 -0.0017282553528496459 0.0085676220697624723 0.0018604960660502285 0.0012503574940557075 0.00051683308992050286 0.0071066325845895346 -0.0030433001657896083 -0.0025210346293950657 0.0012586811861594119 0.0024078636432823264 -0.00020595683383219169 0.00089549163957738118 0.0077191233594356553 -0.0022466018587956314 -0.0030147642270609174 -3.7599115227083175e-05 0.0011555157183233569
leaf_weight=264071 52 66 63 60 53 108 374 52 116 67 97 69 65 107 51 67 180 492 50 81 192 62 300 825 59 57 107 53 1065 94
leaf_count=264071 52 66 63 60 53 108 374 52 116 67 97 69 65 107 51 67 180 492 50 81 192 62 300 825 59 57 107 53 1065 94
internal_value=-1.27272e-06 0.000243158 0.000411256 0.000356343 -0.000276834 -0.000418314 -8.26372e-06 0.00161485 0.00254516 -0.000542024 -0.00106844 0.000710214 0.000406752 0.000937143 0.00122786 0.00475934 0.000744998 0.00115606 0.00252346 -0.00135989 -0.00163343 -0.000543566 0.000186918 0.000504159 0.00137856 0.00424848 0.000777633 0.00150155 -0.000232796 -0.000348055
internal_weight=269155 5084 3842 3776 1242 1189 889 220 168 669 471 198 3713 1088 981 118 863 722 230 141 300 131 2625 1495 670 116 554 447 1130 147
internal_count=269155 5084 3842 3776 1242 1189 889 220 168 669 471 198 3713 1088 981 118 863 722 230 141 300 131 2625 1495 670 116 554 447 1130 147
is_linear=0
shrinkage=0.05


Tree=187
num_leaves=31
num_cat=0
split_feature=2 8 4 4 1 2 5 5 0 1 5 0 4 4 1 1 1 0 8 1 8 1 5 8 8 0 8 0 5 1
split_gain=0.111765 0.160424 0.384337 0.308441 0.286663 0.298527 0.406776 0.414882 0.315517 0.345723 0.224215 0.219174 0.216654 0.212563 0.290165 0.201339 0.213867 0.278038 0.189149 0.159203 0.307724 0.219691 0.145048 0.138022 0.134649 0.237813 0.209636 0.201255 0.131823 0.216703
threshold=0.3897788632604014 0.79849641347406208 0.66926294623214633 0.3362891616822582 -0.027760982169084399 0.46454772059302524 76.882066305004102 71.384803105610402 -0.014486421861461705 0.047317306650904618 68.881771044823552 -0.010704476636805791 0.63964464037047242 0.48583506881752903 0.10798492700206642 0.32037338840207635 0.085967762479124979 -0.044684129429892132 0.81468972556365615 0.0053775246358926951 0.74058871629573042 0.025839793281653759 63.100230331110048 0.74568449334108189 0.94246965447869058 0.15039605358095179 0.97168590762528517 0.089574882243653522 72.636242482043727 0.11507086535438783
decision_type=10 8 10 10 10 10 10 10 10 10 10 10 10 10 10 10 10 10 10 10 10 10 10 10 10 10 10 10 10 10
left_child=-1 15 3 11 18 6 7 8 -6 -10 -4 -3 13 -7 -15 16 17 22 -5 20 -19 -21 -2 -23 25 28 27 -26 29 -12
right_child=1 2 10 4 5 12 -8 -9 9 -11 24 -13 -14 14 -16 -17 -18 19 -20 21 -22 23 -24 -25 26 -27 -28 -29 -30 -31
leaf_value=-5.6796744298289415e-06 0.0032159286574173123 0.0010101336163863765 -0.0012042163149951529 0.0057503991099990548 -0.00088565939335644042 0.0020825908504622545 -0.0011601265378747925 0.0064653121027125355 0.00097959016018327985 0.0061641213010813376 0.0011329299241437444 -0.0030201397279439415 0.0029375575243635742 5.8494357112299732e-05 -0.0038818357804692436 0.0027522748257121387 -0.0015517588569782675 -0.00017115770231767539 0.0017069209064356984 0.0030035533754627654 -0.0029505923641129183 -0.0020548269650358976 0.00055405576208777214 0.0011957471983717574 0.00096615356775834487 -0.0034277759999968116 2.1436974121892229e-05 0.0036435905675360754 0.00025338265060428271 -0.0023085251508746297
leaf_weight=264071 81 66 304 61 63 95 66 72 68 61 70 69 73 282 56 53 300 328 55 67 143 69 139 62 296 50 458 92 1353 132
leaf_count=264071 81 66 304 61 63 95 66 72 68 61 70 69 73 282 56 53 300 328 55 67 143 69 139 62 296 50 458 92 1353 132
internal_value=-1.20909e-06 0.000231 0.000390693 0.00118684 0.00150401 0.00118082 0.00235079 0.00322852 0.00201472 0.00343119 7.65684e-05 -0.00104978 0.000417787 -7.0237e-06 -0.000594341 -0.000262992 -0.000397398 -7.85053e-06 0.00383323 -0.000514922 -0.00101502 0.000674704 0.00153411 -0.000516387 0.000235425 -3.36338e-05 0.000745875 0.00160101 7.55026e-05 -0.00111594
internal_weight=269155 5084 3842 1087 952 836 330 264 192 129 2755 135 506 433 338 1242 1189 889 116 669 471 198 220 131 2451 1605 846 388 1555 202
internal_count=269155 5084 3842 1087 952 836 330 264 192 129 2755 135 506 433 338 1242 1189 889 116 669 471 198 220 131 2451 1605 846 388 1555 202
is_linear=0
shrinkage=0.05


Tree=188
num_leaves=31
num_cat=0
split_feature=2 6 6 6 9 4 4 0 4 4 6 0 4 5 2 6 5 0 7 7 4 7 1 4 6 1 7 5 7 6
split_gain=0.100868 0.13578 0.558268 0.313315 0.269709 0.222082 0.196171 0.239215 0.192462 0.189309 0.186234 0.1809 0.176494 0.264575 0.217123 0.291125 0.263167 0.505581 0.35034 0.490078 0.269545 0.175338 0.184107 0.172369 0.283339 0.254287 0.394491 0.312347 0.158927 0.14519
threshold=0.3897788632604014 1.0524965452748547 1.0913625314285549 1.1681325104058418 1.0000000180025095e-35 0.3362891616822582 0.28215517691900677 -0.038564561464217488 1.1173375469307762 1.0379820791358578 2.5603091509611668 0.071774098249793319 0.66926294623214633 67.910447716849561 0.5317431461326293 0.99731144792120119 67.910447716849561 0.021426348320916725 0.054473624498138536 0.044401498149700465 0.42480299560766693 0.084054682809110978 -0.041804573519892467 1.0379820791358578 2.5603091509611668 0.32037338840207635 0.059819200537251725 84.36679887914751 0.066940537286215143 0.73492640369554352
decision_type=10 10 10 10 2 10 10 10 10 10 10 10 10 10 10 10 10 10 10 10 10 10 10 10 10 8 10 10 10 10
left_child=-1 5 -3 -4 8 6 7 -2 9 11 -10 21 14 -14 15 16 20 18 19 -18 -7 22 -5 -6 28 27 -27 -26 -25 -16
right_child=1 2 3 4 23 12 -8 -9 10 -11 -12 -13 13 -15 29 -17 17 -19 -20 -21 -22 -23 -24 24 25 26 -28 -29 -30 -31
leaf_value=-5.3956917661328205e-06 0.0024787445271310087 -0.0030305510889962061 0.0017140921722531705 0.0026410169267494766 0.0017895929633846713 0.0025491223770607099 -0.0021513814786596904 -0.00055614254917371229 -0.00088270847085177126 0.0015566086974357577 -0.0045600453693488687 -0.0026679920225352463 -0.0018650256684526003 0.00058400120909655735 -0.00071039917784219151 0.0053186824852776418 0.00024870830523066745 0.0067927255824377589 -0.0011769735863043293 0.0057593734127677687 -0.00082092466093782932 -0.0028436642644010138 -0.00032451562220740018 -4.9850641217512645e-05 0.0019282661493485245 0.0053322384195873896 0.00033506262327136937 -0.0031292785090868769 -0.0022666414934029641 0.0012391904785640931
leaf_weight=264071 84 146 284 56 225 89 126 286 95 122 54 90 129 760 192 53 86 55 82 76 178 64 800 376 72 78 80 53 103 190
leaf_count=264071 84 146 284 56 225 89 126 286 95 122 54 90 129 760 192 53 86 55 82 76 178 64 800 376 72 78 80 53 103 190
internal_value=-1.14863e-06 0.00021945 -2.35462e-05 0.000148485 -4.75614e-05 0.000494222 -0.000447412 0.000132859 -0.000526169 -0.000303819 -0.00221543 -0.000528544 0.000741338 0.000228631 0.00119668 0.00177516 0.00144335 0.00246217 0.00148602 0.00283396 0.000302424 -0.00031925 -0.000130509 0.00057361 0.00021456 0.00146892 0.00280202 -0.000216133 -0.00052653 0.000259292
internal_weight=269155 5084 2698 2552 2268 2386 496 370 1281 1132 149 1010 1890 889 1001 619 566 299 244 162 267 920 856 987 762 283 158 125 479 382
internal_count=269155 5084 2698 2552 2268 2386 496 370 1281 1132 149 1010 1890 889 1001 619 566 299 244 162 267 920 856 987 762 283 158 125 479 382
is_linear=0
shrinkage=0.05


Tree=189
num_leaves=31
num_cat=0
split_feature=2 8 4 7 7 4 4 8 5 5 5 1 5 5 1 1 1 7 5 7 5 7 8 7 8 2 2 8 8 5
split_gain=0.0910335 0.144772 0.332873 0.381225 0.575926 0.506763 0.205673 0.263702 0.18863 0.381497 0.187041 0.18332 0.275219 0.21245 0.196079 0.181212 0.187266 0.161213 0.197222 0.532704 0.306759 0.382506 0.295265 0.171987 0.222174 0.271658 0.263983 0.306994 0.186778 0.169842
threshold=0.3897788632604014 0.79849641347406208 0.66926294623214633 0.079061678468717936 0.073071248271039071 0.49436743298584201 0.62118419287325011 0.9058488064324447 79.261974704181185 71.384803105610402 68.881771044823552 0.05944845259693899 67.609507282816807 62.872817551059583 0.031297120543302033 0.32037338840207635 0.19168037263172447 0.052306130992699713 86.352263577446465 0.059819200537251725 81.358519548871314 0.06361128722715019 0.91231343233938167 0.070843092138759015 0.83104930563871315 0.5317431461326293 0.65459219715740546 0.87986479227732606 0.91946033832292196 73.138336581420717
decision_type=10 8 10 10 10 10 10 10 10 10 10 10 10 10 10 10 10 10 10 10 10 10 10 10 10 10 10 10 10 10
left_child=-1 15 3 4 6 -6 7 11 9 -8 -4 13 -13 -3 -15 16 -2 -12 20 -20 23 -22 -21 24 25 -19 27 -26 -29 -30
right_child=1 2 10 -5 5 -7 8 -9 -10 -11 17 12 -14 14 -16 -17 -18 18 19 22 21 -23 -24 -25 26 -27 -28 28 29 -31
leaf_value=-5.1259070345085351e-06 -0.00018795673322267884 -0.0015846930024402336 -0.0011019599099917718 -0.0012301771600872575 0.0086226364793255926 0.0015039066059980542 0.00040795882318720778 -0.0019988692822832479 8.8876299560070049e-05 0.005951140427719547 -0.00020791810971405091 0.0055259488299306408 0.00085894872325034926 0.001676414210611884 -0.0013739658845588565 0.002599791743581728 -0.0023535843703641809 -0.0041918086144573019 0.0047242689879383746 -0.0022658787840014525 0.0006473944862867057 -0.0032280351705394868 0.0018419054448909223 0.0021142411793255672 0.003805862162166189 0.00092284410540014513 -0.0018110481617697634 -0.0013032239575809599 0.0037226481681787655 0.00042515679114946961
leaf_weight=264071 1079 94 304 151 50 50 54 83 55 73 1180 51 83 278 65 53 110 54 99 74 132 123 107 184 97 50 78 92 57 124
leaf_count=264071 1079 94 304 151 50 50 54 83 55 73 1180 51 83 278 65 53 110 54 99 74 132 123 107 184 97 50 78 92 57 124
internal_value=-1.0912e-06 0.000208478 0.00036018 0.00110111 0.0014772 0.00506327 0.00104825 0.000634532 0.0025349 0.0035942 6.78423e-05 0.00101732 0.0026352 0.000521222 0.00109835 -0.000260798 -0.000388309 0.000212934 0.000603654 0.0017754 0.000272587 -0.00122193 0.00016248 0.000790388 0.000349104 -0.00173284 0.000832412 0.00138968 0.000531186 0.00146359
internal_weight=269155 5084 3842 1087 936 100 836 654 182 127 2755 571 134 437 343 1242 1189 2451 1271 280 991 255 181 736 552 104 448 370 273 181
internal_count=269155 5084 3842 1087 936 100 836 654 182 127 2755 571 134 437 343 1242 1189 2451 1271 280 991 255 181 736 552 104 448 370 273 181
is_linear=0
shrinkage=0.05


Tree=190
num_leaves=31
num_cat=0
split_feature=3 1 5 8 4 5 4 7 7 6 1 6 5 7 7 8 6 4 4 5 6 6 4 6 1 1 1 7 7 1
split_gain=0.108529 0.265911 0.233914 0.245331 0.318283 0.302714 0.23886 0.206214 0.361492 0.330778 0.282848 0.392795 0.286901 0.259106 0.249593 0.249313 0.512094 0.291506 0.247793 0.366413 0.329159 0.295258 0.285855 0.213883 0.207491 0.197617 0.193658 0.190609 0.212233 0.195644
threshold=1.0000000180025095e-35 0.088304576771685364 67.609507282816807 0.61541130580174574 0.29087327050483608 64.554992302937606 0.29087327050483608 0.04275317982542725 0.037695711979930241 0.5819273057482256 0.13273324462366434 1.1412876407726744 64.062499894897442 0.054473624498138536 0.037487772843979549 0.71014492616397173 1.8689944477999509 -0.081634386871794737 0.071678513734989693 59.928089866327966 1.9830753495502627 0.4813804502166108 0.2646784276949064 0.79882827968685144 -0.029529180541995988 0.16800697416389279 -0.030775117980691043 0.062182765303145433 0.084054682809110978 0.029766183980512676
decision_type=2 10 10 10 10 10 10 10 10 10 10 10 10 10 10 10 10 10 10 10 10 10 10 10 10 10 10 10 10 10
left_child=1 -1 3 4 5 -2 -4 8 14 -9 15 13 -13 25 -5 16 -11 -17 23 24 21 -21 26 -10 -20 -12 -23 29 -29 -19
right_child=2 -3 6 7 -6 -7 -8 9 18 10 11 12 -14 -15 -16 17 -18 27 19 20 -22 22 -24 -25 -26 -27 -28 28 -30 -31
leaf_value=9.5709896533219657e-06 -7.4751566957603537e-06 0.00022279226993082536 -0.0014082812681294014 8.1078132219211788e-05 -0.0007218557819520787 -0.0020912510086684172 -0.00017914048640561541 -0.00049856513055026718 0.0016058111782732175 -4.7753192496463012e-05 -0.0014910186887761856 0.0015671514666950371 -0.00088207497528585896 -0.0027583095565485286 0.0020959497753140189 0.0041994657840405125 0.0042003694442698629 0.00053557865603448508 -0.0026886590485565506 -0.0036562578026753142 -0.0032045330888200783 0.00075696158047475215 -2.872373813221004e-05 -0.00061016961862689497 -0.00098485989300354702 0.0019345508074300175 0.004582521377597004 -0.00040007567808507378 0.0029920741568739508 0.0013709229135376601
leaf_weight=197095 8361 15794 405 18346 2229 178 16432 1044 245 1716 108 293 202 208 155 64 74 1388 214 51 81 77 1176 196 1083 69 58 481 51 1416
leaf_count=197095 8361 15794 405 18346 2229 178 16432 1044 245 1716 108 293 202 208 155 64 74 1388 214 51 81 77 1176 196 1083 69 58 481 51 1416
internal_value=9.0516e-06 2.53896e-05 -5.26173e-05 1.38086e-05 -0.000189799 -5.09126e-05 -0.000208706 8.99458e-05 1.33033e-05 0.000323536 0.000464932 -0.000363952 0.000567669 -0.00156175 9.79586e-05 0.000605476 0.000127868 0.000856922 -0.00047906 -0.000656102 -0.00010793 7.62291e-05 0.000221429 0.000620931 -0.00126598 -0.000155627 0.00240054 0.000792797 -7.48884e-05 0.000957422
internal_weight=269290 212889 56401 39564 10768 8539 16837 28796 21682 7114 6070 880 495 385 18501 5190 1790 3400 3181 2740 1443 1362 1311 441 1297 177 135 3336 532 2804
internal_count=269290 212889 56401 39564 10768 8539 16837 28796 21682 7114 6070 880 495 385 18501 5190 1790 3400 3181 2740 1443 1362 1311 441 1297 177 135 3336 532 2804
is_linear=0
shrinkage=0.05


Tree=191
num_leaves=31
num_cat=0
split_feature=2 8 1 1 4 8 1 6 1 5 8 8 0 2 0 7 5 2 0 5 4 5 2 4 8 4 7 5 7 8
split_gain=0.0939714 0.193677 0.144873 0.142645 0.257319 0.510027 0.282835 0.263291 0.376936 0.548844 0.269664 0.26528 0.264741 0.244248 0.393842 0.286468 0.212636 0.216096 0.211188 0.26294 0.208218 0.203956 0.201679 0.227811 0.375512 0.196923 0.190077 0.194658 0.186463 0.176734
threshold=-0.030635685929077058 0.065643942526605201 -0.10774410774410774 -0.052799211351304713 -0.4276029090711676 0.28191930370458645 -0.083475550740549784 0.99731144792120119 -0.056993682890651036 64.554992302937606 0.71509932806643828 0.51933701571380653 0.018789731203352259 0.0562167312619909 -0.025261703532264587 0.032390809754010451 52.454968652640595 0.12225736123491628 0.021898991201666943 42.13421341485283 0.10078171035016127 49.919022670565589 0.076100291161981151 -0.38020637909664418 0.57142857020581539 0.36266919428038813 0.059819200537251725 55.387639363571942 0.023777957964405589 0.68539325521819683
decision_type=10 8 10 10 10 8 10 10 10 10 8 8 10 10 10 10 10 10 10 10 10 10 10 10 8 10 10 10 10 10
left_child=-1 2 -2 4 16 6 21 18 10 11 28 -10 -12 20 -15 -16 17 -3 22 -20 -8 -6 23 24 -7 -24 -25 -28 -9 -30
right_child=1 3 -4 -5 5 7 13 8 9 -11 12 -13 -14 14 15 -17 -18 -19 19 -21 -22 -23 25 26 -26 -27 27 -29 29 -31
leaf_value=3.924771412820963e-05 0.0019648347776383165 -6.0213161500329509e-05 -0.00078727221895850616 -3.2283087228056086e-05 -0.0014587982876411252 -0.00026630280439608864 0.00092955911297496461 -0.0028128932920043117 0.003938907720933485 0.0071158457915298642 0.0023955991761861512 0.00013108547693337219 -0.00099258377103487376 -0.00022705000467025316 0.0063674644855403369 0.0022105838447168936 -0.0029556052575110282 -0.0018945109429460646 0.0022452499951517288 -0.0012399568549380344 0.0039198444433168333 0.00091096882505214537 0.00044484669908052095 -0.00029543468447637024 0.0036251525821474695 -0.00085690098781924465 -0.00072477920635575707 -0.0043019368588069424 0.0003560126547961824 -0.001718283619460895
leaf_weight=129670 50 4903 1096 123342 141 175 644 54 66 50 261 149 74 65 86 80 67 166 60 552 64 255 3154 2141 96 320 101 61 1235 112
leaf_count=129670 50 4903 1096 123342 141 175 644 54 66 50 261 149 74 65 86 80 67 166 60 552 64 255 3154 2141 96 320 101 61 1235 112
internal_value=8.59902e-06 -1.98655e-05 -0.000667198 -1.45082e-05 0.000130376 0.00027817 0.00118787 0.00013795 0.000640891 0.00239733 0.000372772 0.0013 0.00164716 0.00166049 0.00307225 0.00436415 -0.00015727 -0.000120283 -1.31588e-05 -0.00089827 0.00119987 6.71881e-05 7.6406e-05 -0.000259027 0.00111222 0.000324939 -0.000420385 -0.00207173 6.80454e-05 0.00018354
internal_weight=269290 139620 1146 138474 15132 9996 1335 8661 2001 265 1736 215 335 939 231 166 5136 5069 6660 612 708 396 6048 2574 271 3474 2303 162 1401 1347
internal_count=269290 139620 1146 138474 15132 9996 1335 8661 2001 265 1736 215 335 939 231 166 5136 5069 6660 612 708 396 6048 2574 271 3474 2303 162 1401 1347
is_linear=0
shrinkage=0.05


Tree=192
num_leaves=31
num_cat=0
split_feature=3 2 1 8 5 4 4 1 2 2 5 2 2 8 2 1 5 4 8 1 8 5 8 2 8 5 4 6 8 1
split_gain=0.0943796 0.306477 0.243411 0.20643 0.302245 0.247281 0.187047 0.174662 0.166913 0.165488 0.15942 0.146349 0.201336 0.270681 0.145803 0.445209 0.149186 0.329081 0.322701 0.29472 0.500216 0.273696 0.259424 0.251592 0.21524 0.225675 0.223656 0.204143 0.417183 0.710046
threshold=1.0000000180025095e-35 -0.023437500000000052 0.088304576771685364 0.6111725717874037 67.609507282816807 0.27303798695973497 0.29087327050483608 -0.1224650807998877 0.30648267736161167 0.14049137795938263 64.554992302937606 0.20525490716530362 0.23999290991948866 0.56703283408178051 0.65459219715740546 0.22843713725094186 64.554992302937606 0.64977701337552107 0.2645894821151285 0.22843713725094186 0.65210175778263302 56.214217423369426 0.51515151440329221 0.088469689641684571 0.31831738772629514 65.327271836664991 0.94042340005163061 0.76112193475532097 0.29613177425924059 0.138593914159612
decision_type=2 10 10 10 10 10 10 10 10 10 10 10 10 10 10 10 10 10 8 10 8 8 10 10 8 10 10 8 10 10
left_child=2 7 -1 6 -5 -6 8 -2 9 -3 11 -11 -13 -14 16 -16 19 -18 23 27 22 -22 -21 -19 26 -26 -20 28 29 -4
right_child=1 3 14 4 5 -7 -8 -9 -10 10 -12 12 13 -15 15 -17 17 18 24 20 21 -23 -24 -25 25 -27 -28 -29 -30 -31
leaf_value=8.2702544127743546e-06 -0.0012244166147177789 -0.0002281624019437767 0.00095513432405191535 6.8137596479151771e-05 -0.0017600815914700224 -0.00017846887365729439 -0.00067233207812972923 0.00053845819550399755 -0.0017649723070128779 0.0010740715979216757 -0.00181663093547589 -0.001398703704055931 -0.00090204065413369491 0.0030444640979459068 0.0050934249491793879 -0.00076519530898369549 -0.0013366424923710925 -0.00072133940858374549 -0.00060366906336177214 0.0022998953545230526 -0.0026250992565520952 0.0010190093931198105 0.0063838050339435201 -0.0050295272461417153 -0.0013105841961860622 0.00018530874284918795 0.0031830255770435782 0.00016240314115937402 -9.4507032253501392e-05 0.0053519548469921577
leaf_weight=197095 148 5646 472 27939 251 16040 2390 2775 158 633 72 175 90 84 59 72 424 101 59 118 62 305 58 51 265 5191 115 7764 564 114
leaf_count=197095 148 5646 472 27939 251 16040 2390 2775 158 633 72 175 90 84 59 72 424 101 59 118 62 305 58 51 265 5191 115 7764 564 114
internal_value=8.16907e-06 -4.93394e-05 2.34049e-05 -7.65885e-05 -3.16691e-05 -0.000202837 -0.000291423 0.000449199 -0.000158676 -0.000120797 0.000454334 0.000620841 -0.000201209 0.00100317 0.000212272 0.00187342 0.000198378 7.89023e-06 0.000106486 0.000323383 0.00145431 0.000403383 0.00364573 -0.00216685 0.000167862 0.000112653 0.00189903 0.000254492 0.000876212 0.00181049
internal_weight=269290 56401 212889 53478 44230 16291 9248 2923 6858 6700 1054 982 349 174 15794 131 15663 6206 5782 9457 543 367 176 152 5630 5456 174 8914 1150 586
internal_count=269290 56401 212889 53478 44230 16291 9248 2923 6858 6700 1054 982 349 174 15794 131 15663 6206 5782 9457 543 367 176 152 5630 5456 174 8914 1150 586
is_linear=0
shrinkage=0.05


Tree=193
num_leaves=31
num_cat=0
split_feature=3 2 7 1 7 2 5 2 7 1 4 6 8 6 5 2 7 8 6 8 5 7 7 5 5 6 6 4 2 6
split_gain=0.0851776 0.276595 0.237068 0.219679 0.213923 0.249383 0.344661 0.263663 0.30447 0.282017 0.266072 0.476929 0.336163 0.243102 0.229548 0.253637 0.238535 0.298713 0.206861 0.194547 0.279943 0.263889 0.362608 0.304648 0.37991 0.36869 0.250257 0.249101 0.298338 0.248193
threshold=1.0000000180025095e-35 -0.023437500000000052 0.010145335452347465 0.088304576771685364 0.0270918637567352 -0.029420085635381451 55.191747776234571 -0.072198681309912069 0.056835442829510065 0.062290126087848792 -0.071356982140794847 0.53852485209868095 0.50659383237964506 0.96058248484507347 50.109613126950592 -0.029420085635381451 0.022693076900447157 0.54917477760649025 0.84062132502054177 0.6111725717874037 67.609507282816807 0.04275317982542725 0.038103135004358808 47.547169786201486 59.928089866327966 1.9429678614808059 1.6722418876634639 0.28215517691900677 0.20525490716530362 0.55922452491745478
decision_type=2 10 10 10 10 10 10 10 8 10 10 10 10 10 10 10 10 10 10 10 10 10 10 10 10 10 10 10 10 10
left_child=3 4 -3 -1 14 7 13 9 -9 10 11 -6 -13 -7 -2 16 -16 -18 -12 -4 21 22 -21 -24 -25 26 27 28 -26 -23
right_child=1 2 19 -5 5 6 -8 8 -10 -11 18 12 -14 -15 15 -17 17 -19 -20 20 -22 29 23 24 25 -27 -28 -29 -30 -31
leaf_value=7.8567421753044701e-06 0.00019415167756268157 0.0010276567585765642 -0.00029248161134402817 0.00020165798747580609 0.0052213724221150254 -0.0016255695140716853 0.0042201111506160703 -0.00031813020479052006 -0.0034373168688377042 0.0036217726520860467 -0.0024597041480812565 0.0018041914481769451 -0.0014513023513377291 0.0026475232819569085 0.0013217015544972628 -0.00025101927877542386 0.0010985480487131728 0.0054193804434572272 0.0011021721552336408 5.0527050903982472e-05 -0.00020463156907259399 -0.00047032682939768874 0.0014531756330556662 -0.0013001488569045923 0.0003374891355196084 -0.0033038987984625803 0.0031148303624032644 -0.0003677934287364496 0.0047156943708118477 0.0004349016756577914
leaf_weight=197095 457 485 9154 15794 59 80 84 983 85 74 119 175 145 57 248 126 65 104 62 17910 16133 864 176 1307 133 84 66 985 55 6126
leaf_count=197095 457 485 9154 15794 59 80 84 983 85 74 119 175 145 57 248 126 65 104 62 17910 16133 864 176 1307 133 84 66 985 55 6126
internal_value=7.76062e-06 -4.68725e-05 -7.27591e-05 2.22346e-05 0.000426739 0.000118282 0.00169843 -8.68961e-05 -0.00056638 0.000720815 0.000337474 0.00109065 0.000329046 0.000152287 0.0010199 0.00171487 0.00230888 0.00375752 -0.00123961 -8.28303e-05 -3.90531e-05 5.73621e-05 -3.22732e-05 -0.000560767 -0.00069554 -9.82434e-05 0.000119089 -4.94691e-05 0.00161835 0.000323011
internal_weight=269290 56401 53478 212889 2923 1923 221 1702 1068 634 560 379 320 137 1000 543 417 169 181 52993 43839 27706 20716 2806 2630 1323 1239 1173 188 6990
internal_count=269290 56401 53478 212889 2923 1923 221 1702 1068 634 560 379 320 137 1000 543 417 169 181 52993 43839 27706 20716 2806 2630 1323 1239 1173 188 6990
is_linear=0
shrinkage=0.05


Tree=194
num_leaves=31
num_cat=0
split_feature=4 1 5 5 8 4 2 8 2 2 8 8 5 1 6 2 7 7 2 6 7 5 6 6 8 7 7 4 8 2
split_gain=0.08198 0.305392 0.287735 0.250383 0.318057 0.236908 0.467341 0.256572 0.388579 0.241961 0.235171 0.298887 0.217591 0.275153 0.237931 0.200195 0.195383 0.193172 0.18665 0.263455 0.156972 0.154979 0.569812 0.368483 0.304088 0.238855 0.232063 0.33109 0.349932 0.251924
threshold=0.48583506881752903 0.090780493495887696 69.557319285064295 33.266059503258496 0.13881019790705293 -0.25611048898464672 -0.18590175023651842 0.2177029679116855 -0.11158987858232959 -0.21500824586268383 0.25445544589299574 0.3604740832465238 60.364554974429147 0.066761192556678242 0.96930806793349611 0.19973999517365862 0.011187909012920107 0.034697562260999779 0.088469689641684571 1.1412876407726744 0.049245603936570334 44.661070926672998 0.5165069115141131 0.49203054622952808 0.42968295946104235 0.03686004482621686 0.041264316431061085 0.41659463704380001 0.58893448791481096 -0.081104630092150951
decision_type=10 10 10 8 10 8 10 8 10 8 8 8 10 10 10 10 8 10 10 10 10 8 8 8 10 10 10 10 8 10
left_child=1 -1 3 4 -3 6 -5 8 -7 -9 -2 12 13 18 -15 -14 -13 -10 -12 -20 -6 22 -11 -23 -24 -25 27 28 -27 -28
right_child=10 2 -4 5 20 7 -8 9 17 21 11 16 15 14 -16 -17 -18 -19 19 -21 -22 23 24 25 -26 26 29 -29 -30 -31
leaf_value=1.2165976272190908e-05 -0.00048117602744511653 0.0018191231672224678 -0.001593951398186454 0.0054883061999654661 -0.0006456192780865868 0.001188915058403359 1.3161809237181456e-07 -0.0023355385835242015 -0.00048861596586247807 0.0052065759369870658 -0.00085478888060965767 0.00067358147021743977 0.00066435143150762378 0.0023724335295355562 0.00019290286055466925 -0.0015451253683938873 -7.0855877442061214e-05 -0.002874427011873848 -0.00083925698713618185 0.0029928554693114855 -0.0034264073249570433 -0.0028762029567316397 0.00041335633764937686 0.00049075990814082752 -0.0016745554699061683 0.0022401048843339261 0.0024501751242436407 -0.0005105310086895462 0.0064226703088292305 0.00064311210518663809
leaf_weight=204189 2930 73 177 70 102 202 87 69 186 50 952 897 3124 160 576 106 50664 156 99 82 101 67 510 1876 265 189 242 71 68 950
leaf_count=204189 2930 73 177 70 102 202 87 69 186 50 952 897 3124 160 576 106 50664 156 99 82 101 67 510 1876 265 189 242 71 68 950
internal_value=7.37259e-06 2.20788e-05 0.000389361 0.000455174 -0.00101132 0.000535197 0.00244709 0.00047395 -0.000549876 0.000601782 -4.43793e-05 -2.17917e-05 0.000343385 -8.59978e-05 0.000666714 0.000591842 -5.7905e-05 -0.00157688 -0.000574961 0.000896838 -0.00202916 0.000649048 3.31919e-05 0.000795765 -0.000300575 0.000868209 0.00133406 0.00251181 0.00334678 0.00100998
internal_weight=269290 209700 5511 5334 276 5058 157 4901 544 4357 59590 56660 5099 1869 736 3230 51561 342 1133 181 203 4288 825 3463 775 3396 1520 328 257 1192
internal_count=269290 209700 5511 5334 276 5058 157 4901 544 4357 59590 56660 5099 1869 736 3230 51561 342 1133 181 203 4288 825 3463 775 3396 1520 328 257 1192
is_linear=0
shrinkage=0.05


Tree=195
num_leaves=31
num_cat=0
split_feature=6 0 4 0 0 8 7 5 6 8 4 8 6 5 5 8 7 8 8 7 8 8 8 4 5 8 0 7 8 5
split_gain=0.107688 0.220175 0.264092 0.192987 0.188241 0.500868 0.180194 0.174269 0.165467 0.162771 0.303479 0.543856 0.254256 0.248119 0.321339 0.267663 0.233003 0.254221 0.248289 0.216617 0.1917 0.199722 0.189193 0.179255 0.171303 0.160404 0.179248 0.17739 0.168113 0.161838
threshold=0.57828628043297392 0.0067297290593709711 -0.81681277957259724 0.0029158432110074632 0.052427708969265858 0.12783364699157587 0.048732584943597293 35.89881648927193 0.57458531573014604 0.29613177425924059 0.10078171035016127 0.79849641347406208 0.55108286910926607 62.872817551059583 69.557319285064295 0.22773087439012649 0.055933224678610928 0.27840908985451102 0.25106509864781418 0.028624462016337369 0.74568449334108189 0.84274905879301187 0.063370921825560714 -1.0059685273863292 36.976413605909563 0.6804973471060507 0.0042688235492990287 0.033884834145942809 0.53249094879544756 54.995216471685168
decision_type=8 10 10 10 10 10 8 10 10 10 10 10 10 10 10 8 10 10 10 10 10 10 8 10 10 10 10 10 8 10
left_child=1 3 7 9 8 -6 25 -3 -4 13 11 12 -11 16 15 -15 17 22 -18 -14 -12 -22 -1 24 -24 28 29 -28 -5 -27
right_child=-2 2 4 6 5 -7 -8 -9 -10 10 20 -13 19 14 -16 -17 18 -19 -20 -21 21 -23 23 -25 -26 26 27 -29 -30 -31
leaf_value=7.8086118463583856e-05 1.489513533100496e-05 0.00079247557979776292 9.4494283609926024e-05 -0.00046869168272153938 -0.0012043628222221192 0.0057366905921120565 0.00061744698150326095 0.0031537717493883262 -0.0012880588845750485 0.00028097164357257834 -4.615284298872501e-05 0.0041390289484266318 0.00018805500114765859 -0.00043646232970582133 -0.00081003564340536227 0.0028068882274312739 0.00032844828881447132 -0.0013671492910818381 0.0035597433714428918 -0.0010532650707941761 -0.0012097611453139102 -3.9745632196190979e-05 0.0011732018267523034 -0.00037268688898599252 -0.0017332158839174858 0.0011270206266210223 0.00046351166491696312 0.0037219963236416105 -0.0013076997573860571 -0.0024925650308825821
leaf_weight=3698 225282 334 8602 2514 53 51 355 102 222 7607 2502 87 683 89 172 223 836 510 64 724 940 596 327 10756 60 53 143 59 783 74
leaf_count=3698 225282 334 8602 2514 53 51 355 102 222 7607 2502 87 683 89 172 223 836 510 64 724 940 596 327 10756 60 53 143 59 783 74
internal_value=1.02585e-06 -7.12687e-05 0.000143315 -0.000130621 8.46361e-05 0.00219942 -0.00045764 0.00134489 5.97111e-05 -8.70423e-05 4.46751e-05 0.000204738 0.000166766 -0.000190456 0.000925134 0.0018817 -0.000223682 -0.000269524 0.000558229 -0.000450691 -0.000316082 -0.000755771 -0.000231805 -0.000334647 0.000722594 -0.000562895 0.000489855 0.00141525 -0.000667947 -0.000982029
internal_weight=268501 43219 9364 33855 8928 104 3981 436 8824 29874 13139 9101 9014 16735 484 312 16251 15351 900 1407 4038 1536 14841 11143 387 3626 329 202 3297 127
internal_count=268501 43219 9364 33855 8928 104 3981 436 8824 29874 13139 9101 9014 16735 484 312 16251 15351 900 1407 4038 1536 14841 11143 387 3626 329 202 3297 127
is_linear=0
shrinkage=0.05


Tree=196
num_leaves=31
num_cat=0
split_feature=0 8 7 8 4 5 4 5 5 5 4 4 1 8 2 2 4 8 7 1 8 4 7 1 1 4 8 4 2 8
split_gain=0.0957068 0.309736 0.273554 0.2013 0.357878 0.239608 0.415316 0.169279 0.153067 0.310455 0.258445 0.200024 0.307628 0.266593 0.19019 0.173361 0.173883 0.338885 0.277384 0.190656 0.372518 0.214064 0.171768 0.181943 0.152288 0.240145 0.148382 0.143599 0.135944 0.133091
threshold=-0.062339272320136634 0.82003939512827007 0.045942379692413306 0.13603785811251509 -0.2481743671088876 53.830634489015473 0.2380914565502433 59.497830432370478 42.335185446402797 36.551724114403498 -1.0384766367224652 -0.99225335413760363 -0.14738400708105606 0.25785105679588655 0.038576331809396021 -0.048041102870407019 0.18431927773931786 0.62891700663002381 0.06094917433654435 0.17857975875780266 0.7665064055682691 0.5843916806097863 0.048218597682754084 -0.058817529345273671 -0.017997004887968345 -0.69248361658208812 0.17254817583601204 0.021814278530545555 -0.082479211422832363 1.0000000180025095e-35
decision_type=8 10 8 10 10 10 10 10 8 10 10 8 10 8 10 8 8 10 10 10 8 10 8 10 10 10 10 10 10 10
left_child=1 2 3 4 24 -5 7 -7 9 11 -11 29 -13 -14 26 -10 17 22 -19 21 -21 -18 -17 27 25 -1 -12 -24 -27 -4
right_child=-2 -3 8 5 -6 6 -8 -9 15 10 14 12 13 -15 -16 16 19 18 -20 20 -22 -23 23 -25 -26 28 -28 -29 -30 -31
leaf_value=0.0006671816780373836 -3.6308200886619724e-06 0.0035258776251820552 -0.0032937881834968403 -0.00037824285163308565 0.0048184426567916367 0.0017561146896824401 -0.0004994236855010687 0.0049425079349144285 -0.001796249022262956 0.004183622596756322 0.0017123299813459792 0.0032020216024261313 0.0021943416803798205 -0.0012839444211279914 0.0034374929804756658 0.0025387311553528823 -0.00054164858685168329 0.00069118677111563867 0.0049872004316057431 -0.0010413201211645485 0.0044362408446937075 -0.0028015349761319713 -0.0003824503205697796 -0.0021636526097932231 -0.0018847383014014307 0.0050054914498354735 -0.0015144322371314757 0.0022456878084792862 0.0013723543007822278 -0.0006305408159288455
leaf_weight=1359 262259 69 57 941 56 142 207 59 197 80 63 87 79 182 51 52 1180 91 64 73 54 115 297 121 53 51 82 63 52 265
leaf_count=1359 262259 69 57 941 56 142 207 59 197 80 63 87 79 182 51 52 1180 91 64 73 54 115 297 121 53 51 82 63 52 265
internal_value=9.74557e-07 0.00019447 0.000157233 0.000508546 0.000893243 6.05404e-05 0.00107254 0.00269142 -0.000158117 0.000377492 0.00178875 -0.000203863 0.000627158 -0.00023113 0.000811252 -0.000377746 -0.000245308 0.000407241 0.00246502 -0.000561028 0.00128772 -0.000742333 -0.000191177 -0.000486302 0.000748153 0.000843599 -0.00011246 7.74739e-05 0.00317129 -0.00110199
internal_weight=268501 6242 6173 2920 1571 1349 408 201 3253 946 276 670 348 261 196 2307 2110 688 155 1422 127 1295 533 481 1515 1462 145 360 103 322
internal_count=268501 6242 6173 2920 1571 1349 408 201 3253 946 276 670 348 261 196 2307 2110 688 155 1422 127 1295 533 481 1515 1462 145 360 103 322
is_linear=0
shrinkage=0.05


Tree=197
num_leaves=31
num_cat=0
split_feature=6 0 4 0 0 8 7 8 6 1 6 8 4 8 6 1 8 8 7 8 8 4 8 4 4 7 8 8 0 7
split_gain=0.0965259 0.1987 0.238343 0.174176 0.169888 0.452034 0.162625 0.151442 0.195302 0.166856 0.149334 0.14675 0.274092 0.49083 0.229408 0.198494 0.173152 0.180439 0.168708 0.201376 0.166743 0.176174 0.15208 0.18928 0.186586 0.150273 0.146741 0.144765 0.161772 0.160094
threshold=0.57828628043297392 0.0067297290593709711 -0.81681277957259724 0.0029158432110074632 0.052427708969265858 0.12783364699157587 0.048732584943597293 0.23129939643694131 0.43899117070756927 0.0042157775487722269 0.57458531573014604 0.29613177425924059 0.10078171035016127 0.79849641347406208 0.55108286910926607 -0.09931705989073901 0.74568449334108189 0.84274905879301187 0.055933224678610928 0.29241979326276563 0.19925112418734295 -0.46021432627474995 0.063370921825560714 0.21070965844497119 -1.0059685273863292 0.023142727293339892 0.35634536063661548 0.6804973471060507 0.0042688235492990287 0.033884834145942809
decision_type=8 10 10 10 10 10 8 10 10 10 10 10 10 10 10 10 10 10 10 10 10 10 8 10 10 10 10 10 10 10
left_child=1 3 26 11 10 -6 27 8 -8 -9 -4 18 13 14 -13 -16 -14 25 19 22 -20 -22 -1 24 -24 -18 -3 -5 -29 -30
right_child=-2 2 4 6 5 -7 7 9 -10 -11 -12 12 16 -15 15 -17 17 -19 20 -21 21 -23 23 -25 -26 -27 -28 28 29 -31
leaf_value=7.43755623906905e-05 1.4056687727072534e-05 0.00085636444270777352 8.9951113446988965e-05 -0.00063436768474734687 -0.0011439630774921685 0.0054500375001225627 0.0038310414158993149 -0.001257704959270802 0.00018681669243084023 0.0018043125453046883 -0.0012234743942105713 0.00026708860233154853 -4.3741888831870511e-05 0.003932259035170956 -0.0025409870907591968 -0.00026099464029011538 0.00036154599828088461 -3.7576804196754248e-05 0.00017280732432769391 -0.0023924961236123227 0.0034880482673864156 0.00010078554856590927 0.00071681607683125219 0.00052584251217589718 -0.00038011996701868041 -0.0014141389707017426 0.0032742228565774373 -0.00093274629007354399 0.00044051764654630626 0.0035360780420271147
leaf_weight=3698 225282 360 8602 3297 53 51 66 141 83 65 222 7607 2502 87 103 1304 140 596 836 106 85 70 402 667 10871 800 76 127 143 59
leaf_count=3698 225282 360 8602 3297 53 51 66 141 83 65 222 7607 2502 87 103 1304 140 596 836 106 85 70 402 667 10871 800 76 127 143 59
internal_value=9.2583e-07 -6.75197e-05 0.000136331 -0.000123903 8.05858e-05 0.00208963 -0.000434576 0.000586756 0.00180104 -0.000291534 5.69071e-05 -8.25027e-05 4.25647e-05 0.000194681 0.000158607 -0.000427902 -0.000300281 -0.000718158 -0.000180696 -0.000220525 0.000452075 0.00195832 -0.000205803 -0.000292578 -0.000341003 -0.00114968 0.00127783 -0.000534569 0.000465544 0.00134467
internal_weight=268501 43219 9364 33855 8928 104 3981 355 149 206 8824 29874 13139 9101 9014 1407 4038 1536 16735 15744 991 155 15638 11940 11273 940 436 3626 329 202
internal_count=268501 43219 9364 33855 8928 104 3981 355 149 206 8824 29874 13139 9101 9014 1407 4038 1536 16735 15744 991 155 15638 11940 11273 940 436 3626 329 202
is_linear=0
shrinkage=0.05


Tree=198
num_leaves=31
num_cat=0
split_feature=6 2 2 0 1 0 2 0 2 2 7 7 1 5 2 7 5 5 5 0 5 7 1 5 5 1 9 5 0 0
split_gain=0.0871146 0.180075 0.191679 0.177411 0.197351 0.178144 0.341098 0.175646 0.156338 0.130722 0.117012 0.198696 0.206479 0.341445 0.392174 0.237277 0.260899 0.208438 0.318541 0.256679 0.376489 0.308747 0.389097 0.191408 0.262811 0.185189 0.179978 0.382604 0.319606 0.259974
threshold=0.57828628043297392 0.65459219715740546 0.46454772059302524 0.0064715937992604342 -0.030158730158730104 0.0029158432110074632 0.24887111530462872 0.052427708969265858 -0.26822949801484008 -0.18948242230727122 0.048218597682754084 0.042420322669416401 -0.060721062618595771 25.776397509223937 -0.15264933228715913 0.04336510981720245 52.852029999055809 43.504843169735551 33.497390265903363 0.018789731203352259 39.172821064648438 0.043696133150102102 0.022164086290604294 38.578680197660347 35.054214223154069 -0.058817529345273671 1.0000000180025095e-35 61.245538605282285 -0.0026996220626285812 0.059174224623200218
decision_type=8 10 10 10 10 10 8 10 10 10 10 10 10 10 10 10 10 10 10 10 10 10 10 10 8 10 2 10 10 10
left_child=1 2 3 5 8 -1 9 -6 -5 -7 11 -2 15 -14 17 16 23 18 -15 21 -21 -20 -23 24 -13 -16 28 -28 -12 -29
right_child=10 -3 -4 4 7 6 -8 -9 -10 -11 26 12 13 14 25 -17 -18 -19 19 20 -22 22 -24 -25 -26 -27 27 29 -30 -31
leaf_value=-7.5275461877531257e-05 1.2852067866749403e-05 0.0021826038129230062 -0.0017297473440695058 -0.0011345406867492992 -8.6100084595566723e-05 0.00052922836961183102 0.0029196224895172607 0.0028058715454601455 0.00047168884606729088 -0.00059486699328887768 5.3011489909214695e-05 0.0012621603964054317 -0.0014504654647604504 0.00051779116683750267 0.0031782192868095912 -0.00039557743891055003 -0.0015508636251336547 7.9835810067349676e-05 0.0069730025317491688 0.0040563001981856117 -0.0016656425197429043 0.0054421549480009289 -0.00023338825407775185 0.0024453143076941779 -0.0025854843154806515 0.00026778073543239127 -0.0019830948217908384 0.0016196290217947657 -0.00033367966304707853 0.00022363664284319592
leaf_weight=29719 189534 89 173 158 5606 280 74 53 3678 3389 11057 189 263 203 55 2200 99 183 66 58 57 63 58 198 58 8739 157 455 10341 1249
leaf_count=29719 189534 89 173 158 5606 280 74 53 3678 3389 11057 189 263 203 55 2200 99 183 66 58 57 63 58 198 58 8739 157 455 10341 1249
internal_value=8.79538e-07 -6.41437e-05 -6.87799e-05 -6.20907e-05 0.000128662 -0.000116218 -0.000441295 -5.9015e-05 0.00040553 -0.000509082 1.33539e-05 2.55808e-05 0.000218753 0.000326634 0.000375925 -0.000164374 0.000770638 0.00152556 0.00204945 0.00307901 0.00122021 0.00422213 0.00272165 0.00128711 0.000358665 0.000285983 -9.28469e-05 0.000378779 -0.000133865 0.000596393
internal_weight=268501 43219 43130 42957 9495 33462 3743 5659 3836 3669 225282 202023 12489 9745 9482 2744 544 688 505 302 115 187 121 445 247 8794 23259 1861 21398 1704
internal_count=268501 43219 43130 42957 9495 33462 3743 5659 3836 3669 225282 202023 12489 9745 9482 2744 544 688 505 302 115 187 121 445 247 8794 23259 1861 21398 1704
is_linear=0
shrinkage=0.05


Tree=199
num_leaves=31
num_cat=0
split_feature=6 4 2 8 8 5 2 4 4 4 8 5 5 8 6 4 2 4 5 7 7 7 6 8 6 4 4 2 2 2
split_gain=0.078621 0.166531 0.251502 0.265514 0.166989 0.250061 0.277888 0.297521 0.509902 0.221118 0.373572 0.303779 0.197004 0.237922 0.204702 0.234068 0.179594 0.251886 0.255798 0.229253 0.228466 0.385192 0.24375 0.175178 0.159381 0.14143 0.252293 0.205718 0.140446 0.181752
threshold=0.57828628043297392 -1.0059685273863292 -0.083751673781814459 0.08498065276214313 0.19925112418734295 39.954279827720789 0.14049137795938263 -0.36674309410159772 -0.14743296964141775 -0.23190213440951987 0.063370921825560714 54.410038278655598 39.172821064648438 0.59803098225275841 0.46422611227298244 -0.45379578502954682 -0.029420085635381451 -0.16497451955648015 49.509235899387157 0.04336510981720245 0.040435130959160917 0.04336510981720245 0.41664128979638942 0.11218260928264435 0.5470240719216215 -0.82554577926733008 -0.81681277957259724 -0.24067840387544062 -0.23318461280970601 -0.18590175023651842
decision_type=8 10 8 10 10 10 10 10 10 10 8 10 10 10 10 10 10 10 10 10 10 10 10 10 10 10 10 10 10 10
left_child=1 2 3 -1 9 6 12 -8 -9 10 -3 28 25 14 15 -14 20 19 -19 -18 23 -22 -23 -11 -7 -6 -27 -28 -12 -30
right_child=-2 4 -4 -5 5 24 7 8 -10 16 11 -13 13 -15 -16 -17 17 18 -20 -21 21 22 -24 -25 -26 26 27 -29 29 -31
leaf_value=0.00030024541143738843 1.2686160069542628e-05 0.00012236063662334113 -0.00043796499194094832 0.0023860652044185261 -0.00040672044482374176 -2.0542080271337948e-05 -0.0011317468761044439 0.0060012647864193872 -0.00025225412183707313 0.00098082993652926702 -0.0009217491707681349 -0.0027295018016593531 0.0034959675765861122 0.0038262850257300149 -0.00035906158676987296 -0.00034325031975570783 0.00052241498301895401 -0.0016809360462966714 -3.1691617842344572e-05 0.0044130124416494488 0.0058687432265724059 0.0039103799112541436 0.00017313563678931866 -0.00031517121809255838 -0.00041135995984296957 0.0033202444732887675 0.0022055941855210078 0.00014871110595594795 0.00029571500569907153 -0.00039966832137572057
leaf_weight=356 225282 4533 380 267 1044 12057 50 78 56 491 1102 140 102 73 204 65 147 298 1114 51 50 57 186 556 3329 65 124 6180 1049 9015
leaf_count=356 225282 4533 380 267 1044 12057 50 78 56 491 1102 140 102 73 204 65 147 298 1114 51 50 57 186 556 3329 65 124 6180 1049 9015
internal_value=8.35561e-07 -6.09365e-05 0.000575813 0.00119417 -7.60649e-05 1.29922e-05 0.000238958 0.0021597 0.00338785 -0.000187105 -0.00026113 -0.000414886 0.000193977 0.001217 0.000703582 0.00200166 0.000210346 -0.000145568 -0.000379762 0.00152454 0.000637973 0.00187212 0.00104977 0.0002926 -0.000105102 0.000132703 0.000221125 0.00018917 -0.000385865 -0.000327186
internal_weight=268501 43219 1003 623 42216 23427 8041 184 134 18789 15839 11306 7857 444 371 167 2950 1610 1412 198 1340 293 243 1047 15386 7413 6369 6304 11166 10064
internal_count=268501 43219 1003 623 42216 23427 8041 184 134 18789 15839 11306 7857 444 371 167 2950 1610 1412 198 1340 293 243 1047 15386 7413 6369 6304 11166 10064
is_linear=0
shrinkage=0.05


end of trees

feature_importances:
volatility=1019
price_position=838
rsi=790
ret_5d=723
ret_20d=703
bb_position=650
vol_ratio=631
ret_1d=543
ma_bull=89
break_20d=14

parameters:
[boosting: gbdt]
[objective: regression]
[metric: rmse]
[tree_learner: serial]
[device_type: cpu]
[data_sample_strategy: bagging]
[data: ]
[valid: ]
[num_iterations: 200]
[learning_rate: 0.05]
[num_leaves: 31]
[num_threads: 0]
[seed: 42]
[deterministic: 0]
[force_col_wise: 0]
[force_row_wise: 0]
[histogram_pool_size: -1]
[max_depth: -1]
[min_data_in_leaf: 50]
[min_sum_hessian_in_leaf: 0.001]
[bagging_fraction: 0.8]
[pos_bagging_fraction: 1]
[neg_bagging_fraction: 1]
[bagging_freq: 5]
[bagging_seed: 400]
[bagging_by_query: 0]
[feature_fraction: 0.8]
[feature_fraction_bynode: 1]
[feature_fraction_seed: 30056]
[extra_trees: 0]
[extra_seed: 12879]
[early_stopping_round: 0]
[early_stopping_min_delta: 0]
[first_metric_only: 0]
[max_delta_step: 0]
[lambda_l1: 0]
[lambda_l2: 0]
[linear_lambda: 0]
[min_gain_to_split: 0]
[drop_rate: 0.1]
[max_drop: 50]
[skip_drop: 0.5]
[xgboost_dart_mode: 0]
[uniform_drop: 0]
[drop_seed: 17869]
[top_rate: 0.2]
[other_rate: 0.1]
[min_data_per_group: 100]
[max_cat_threshold: 32]
[cat_l2: 10]
[cat_smooth: 10]
[max_cat_to_onehot: 4]
[top_k: 20]
[monotone_constraints: ]
[monotone_constraints_method: basic]
[monotone_penalty: 0]
[feature_contri: ]
[forcedsplits_filename: ]
[refit_decay_rate: 0.9]
[cegb_tradeoff: 1]
[cegb_penalty_split: 0]
[cegb_penalty_feature_lazy: ]
[cegb_penalty_feature_coupled: ]
[path_smooth: 0]
[interaction_constraints: ]
[verbosity: -1]
[saved_feature_importance_type: 0]
[use_quantized_grad: 0]
[num_grad_quant_bins: 4]
[quant_train_renew_leaf: 0]
[stochastic_rounding: 1]
[linear_tree: 0]
[max_bin: 255]
[max_bin_by_feature: ]
[min_data_in_bin: 3]
[bin_construct_sample_cnt: 200000]
[data_random_seed: 175]
[is_enable_sparse: 1]
[enable_bundle: 1]
[use_missing: 1]
[zero_as_missing: 0]
[feature_pre_filter: 1]
[pre_partition: 0]
[two_round: 0]
[header: 0]
[label_column: ]
[weight_column: ]
[group_column: ]
[ignore_column: ]
[categorical_feature: ]
[forcedbins_filename: ]
[precise_float_parser: 0]
[parser_config_file: ]
[objective_seed: 16083]
[num_class: 1]
[is_unbalance: 0]
[scale_pos_weight: 1]
[sigmoid: 1]
[boost_from_average: 1]
[reg_sqrt: 0]
[alpha: 0.9]
[fair_c: 1]
[poisson_max_delta_step: 0.7]
[tweedie_variance_power: 1.5]
[lambdarank_truncation_level: 30]
[lambdarank_norm: 1]
[label_gain: ]
[lambdarank_position_bias_regularization: 0]
[eval_at: ]
[multi_error_top_k: 1]
[auc_mu_weights: ]
[num_machines: 1]
[local_listen_port: 12400]
[time_out: 120]
[machine_list_filename: ]
[machines: ]
[gpu_platform_id: -1]
[gpu_device_id: -1]
[gpu_use_dp: 0]
[num_gpu: 1]

end of parameters

pandas_categorical:null
