tree
version=v4
num_class=1
num_tree_per_iteration=1
label_index=0
max_feature_idx=9
objective=regression
feature_names=ret_1d ret_5d ret_20d ma_bull bb_position rsi vol_ratio volatility price_position break_20d
feature_infos=[-0.35692679975801578:0.45746953134815915] [-0.57870588235294118:1.3510150622134907] [-0.56705882352941184:4.034965034965035] [0:1] [-2.1016481597801984:2.0635887648707807] [0:99.999999999116937] [0:12.252780577508609] [0.0026071955431309418:0.25755867538416766] [0:0.99999999997698874] [0:1]
tree_sizes=3058 3096 3093 3067 3080 3108 3087 3106 3106 3108 3092 3086 3042 3098 3109 3080 3069 3091 3069 3049 3118 3079 3061 3092 3083 3085 3073 3076 3093 3126 3070 3063 3088 3066 3066 3165 3096 3103 3064 3116 3050 3043 3049 3064 3104 3070 3088 3057 3085 3050 3100 3020 3097 3070 3096 3047 3126 3092 3056 3067 3029 3091 3066 3100 3030 3083 3050 3108 3012 3019 3068 2922 3078 3084 3118 2973 3065 3080 2990 2968 3008 2995 2984 3016 3020 3097 3069 3117 3058 3026 2997 2992 2998 2987 3040 3027 3012 3023 3071 3000 3058 3088 2973 3073 3006 3100 3103 2967 3080 3053 3121 3066 3038 3035 3048 3138 3069 3068 2968 3038 3016 3038 3016 3066 2993 3074 3013 3002 2991 2993 3069 3112 3010 3011 3021 2991 2987 2942 2950 2992 3011 2972 3023 3047 2976 3051 3014 3105 3017 3033 3031 3019 2968 3043 3032 3069 3004 3070 3012 3009 3089 3063 3089 3051 2995 2930 2942 2969 2987 2979 2999 3013 3009 3018 3004 3076 3038 3011 3023 2977 3049 3065 3062 2987 2974 3014 3039 3071 3092 2979 3052 3000 2974 3001 2999 3018 3017 3042 3032 2997

Tree=0
num_leaves=31
num_cat=0
split_feature=8 7 7 7 2 1 7 2 5 2 7 1 8 8 2 8 1 4 8 7 8 5 1 2 8 5 7 0 5 2
split_gain=50.2144 35.6327 15.2186 12.7379 10.5504 10.0933 9.44881 11.3311 8.01064 7.87234 6.03903 5.96734 4.96534 4.6572 4.64196 4.24199 4.27384 4.19849 3.93068 3.80606 3.66836 3.53001 3.3363 3.23819 3.22291 3.15613 3.09696 2.94716 2.94257 2.87439
threshold=0.42526503026784274 0.028507910920793807 0.062182765303145433 0.035399379558920398 -0.28142985723929298 -0.11447863701864362 0.06094917433654435 0.20525490716530362 72.636242482043727 -0.090341596686865019 0.021221643659886453 0.043139448846459046 0.032297688241028778 0.73026093693571581 0.36249146008198335 0.29965738472661957 0.12324540571616761 0.48583506881752903 0.2888622037061333 0.040435130959160917 0.72508888121756854 61.710078240786373 -0.096978477157520046 0.076100291161981151 0.097048649989857641 58.878504661662596 0.070843092138759015 0.039363937782084919 84.36679887914751 -0.081104630092150951
decision_type=10 8 10 10 8 10 10 10 10 10 10 10 8 10 10 10 10 10 10 10 10 10 10 10 8 10 10 10 10 10
left_child=1 12 3 4 5 -3 7 10 9 15 11 -2 29 -12 26 16 22 -16 21 20 -9 -6 27 -14 -24 -11 -4 -5 -10 -1
right_child=6 2 14 8 18 -7 -8 19 28 25 13 -13 23 -15 17 -17 -18 -19 -20 -21 -22 -23 24 -25 -26 -27 -28 -29 -30 -31
leaf_value=-0.020743135214274087 -0.02403003384367057 -0.0075538997256542322 -0.022230603005085975 -0.017775476041236755 -0.021039077602683715 -0.020430304964548472 -0.024868339787781656 -0.018476526582435777 -0.016178478526082528 -0.020956407886074595 -0.022391627324137367 -0.021734947991015802 -0.022301489120274794 -0.023318194594546437 -0.012318113506859546 -0.021283916777902246 -0.011856469416764994 -0.022156162612252579 -0.02224245134571267 -0.022180260737816801 -0.021204372084647413 -0.018797304573475587 -0.020710094446524118 -0.020623211471093632 -0.018679104130450184 -0.019332593754842552 -0.024737534366627387 -0.010902901004444611 -0.007804668101345098 -0.022790736834797411
leaf_weight=9323 17637 281 2237 3195 29545 332 5305 1601 789 12646 43195 3374 74204 19768 177 1766 226 280 6668 7902 5354 1867 2765 2990 6654 3920 2742 164 121 2100
leaf_count=9323 17637 281 2237 3195 29545 332 5305 1601 789 12646 43195 3374 74204 19768 177 1766 226 280 6668 7902 5354 1867 2765 2990 6654 3920 2742 164 121 2100
internal_value=-0.021953 -0.0214104 -0.0206189 -0.0204235 -0.0210351 -0.0145277 -0.0228126 -0.0227023 -0.0196896 -0.0198239 -0.0229275 -0.0236615 -0.0220925 -0.0226825 -0.0231685 -0.0189846 -0.0186723 -0.0183458 -0.0211399 -0.0214295 -0.0205764 -0.0209058 -0.0187928 -0.0222365 -0.0192753 -0.0205722 -0.0236112 -0.0174399 -0.015065 -0.0211196
internal_weight=269128 164992 76375 70939 38693 613 104136 98831 32246 31336 83974 21011 88617 62963 5436 14770 13004 457 38080 14857 6955 31412 12778 77194 9419 16566 4979 3359 910 11423
internal_count=269128 164992 76375 70939 38693 613 104136 98831 32246 31336 83974 21011 88617 62963 5436 14770 13004 457 38080 14857 6955 31412 12778 77194 9419 16566 4979 3359 910 11423
is_linear=0
shrinkage=1


Tree=1
num_leaves=31
num_cat=0
split_feature=8 7 7 7 7 1 7 5 8 1 5 1 1 8 5 3 7 8 7 1 8 6 5 5 8 5 7 7 8 5
split_gain=45.3185 32.1585 13.7348 11.4959 8.52755 8.7475 8.00726 7.22961 5.44252 4.99331 9.00268 4.7369 4.32648 3.85206 3.70841 5.75168 3.56436 3.51087 5.36219 3.39434 3.20945 2.94342 2.67157 2.65567 2.6134 2.40036 2.39278 2.36736 2.26544 2.23907
threshold=0.42526503026784274 0.028507910920793807 0.062182765303145433 0.035399379558920398 0.06094917433654435 0.051809658994896764 0.022044759013178344 72.636242482043727 0.31831738772629514 -0.11447863701864362 15.508353125118299 -0.15738888560099426 -0.1224650807998877 0.032297688241028778 66.433854731003393 1.0000000180025095e-35 0.02791324903461662 0.012871287119155065 0.035223353549260199 -0.15738888560099426 0.2177029679116855 1.085577884666143 70.261214397015564 84.36679887914751 0.83104930563871315 45.614035079909208 0.012621321768486548 0.079061678468717936 0.6804973471060507 65.589279665839854
decision_type=10 8 10 10 10 10 10 10 10 8 8 10 10 8 10 2 10 10 8 10 8 10 10 10 10 10 10 10 10 10
left_child=1 11 3 9 5 6 24 8 12 10 19 -1 -5 -13 -7 16 -16 18 -11 -3 21 -14 -20 -9 -2 -23 -15 29 -8 -4
right_child=4 2 27 7 -6 14 28 23 -10 17 -12 13 20 26 15 -17 -18 -19 22 -21 -22 25 -24 -25 -26 -27 -28 -29 -30 -31
leaf_value=0.0076708224384815036 -0.0016394037550312862 0.014233385979269559 -0.00098602638643411006 0.0041327241304213629 -0.0027706343572710406 -0.0005708994711452652 -0.00039464174896803933 0.0054847340093081365 0.00065128847949127229 0.0028857771943166625 0.0017544255882877885 0.00071143899825937805 0.0010534715081909108 -0.0012804898851892644 0.0034449198838521948 -0.00019376784111824858 0.0008490362576603727 0.00035043893873791293 0.00048533098959702663 0.0050265661298889673 0.0026768184801495912 0.0042003075256119666 0.0055441603904883207 0.013439854048408976 -0.0033925350767551768 0.00075170665588229898 -0.00019974364563693148 -0.0031702001473420992 -0.0010842639669013008 0.0029079735004308854
leaf_weight=194 18081 208 3878 2968 5305 13751 29761 789 5885 4037 2605 11300 8524 5516 2125 9350 3501 23568 7812 193 11667 1542 270 121 2409 750 71607 1150 19853 408
leaf_count=194 18081 208 3878 2968 5305 13751 29761 789 5885 4037 2605 11300 8524 5516 2125 9350 3501 23568 7812 193 11667 1542 270 121 2409 750 71607 1150 19853 408
internal_value=-1.01527e-06 0.000514447 0.00126636 0.00145197 -0.000817709 -0.000712881 -0.001014 0.00214921 0.00202163 0.000870915 0.00282799 -0.000133595 0.00233849 -0.000150718 2.19571e-05 0.00056632 0.00182953 0.000706065 0.00139766 0.00980217 0.00210163 0.00148118 0.000654334 0.0065425 -0.00184552 0.00307184 -0.000277041 -0.00115583 -0.000670593 -0.000615342
internal_weight=269128 164992 76375 70939 104136 98831 70104 32246 31336 38693 3006 88617 25451 88423 28727 14976 5626 35687 12119 401 22483 10816 8082 910 20490 2292 77123 5436 49614 4286
internal_count=269128 164992 76375 70939 104136 98831 70104 32246 31336 38693 3006 88617 25451 88423 28727 14976 5626 35687 12119 401 22483 10816 8082 910 20490 2292 77123 5436 49614 4286
is_linear=0
shrinkage=0.05


Tree=2
num_leaves=31
num_cat=0
split_feature=8 7 7 2 1 7 2 7 2 7 8 1 7 1 2 7 4 8 0 3 7 2 8 4 2 8 2 1 1 2
split_gain=40.8999 29.0231 12.3957 10.8719 8.70334 7.69612 9.9326 7.06039 6.24047 6.57953 5.11199 4.30249 5.01024 4.27506 4.17342 4.44357 5.3937 4.12415 4.73438 3.74469 3.63669 3.48524 3.47648 3.35372 4.97965 3.21845 2.93708 2.92621 2.86558 2.85412
threshold=0.42526503026784274 0.028507910920793807 0.062182765303145433 -0.16774193548387098 -0.13975089850557351 0.06094917433654435 0.20525490716530362 0.035399379558920398 -0.26822949801484008 0.045550372314020794 0.73026093693571581 0.045230039706666177 0.018092859159766782 -0.15738888560099426 0.42303513137429588 0.084054682809110978 0.53019978575856863 0.42127626048784911 0.027667376662952717 1.0000000180025095e-35 0.030087733250814895 0.057988928201061614 0.032297688241028778 -0.10176073818146142 -0.085033167916594807 0.012871287119155065 0.076100291161981151 -0.041804573519892467 0.053007751304393287 0.5317431461326293
decision_type=10 8 10 8 10 10 10 10 10 10 10 10 10 8 10 10 10 8 10 2 10 10 8 10 10 10 10 10 10 10
left_child=1 13 3 4 8 6 10 -5 9 -3 11 12 -2 -1 -4 16 -16 18 28 -8 21 -13 -15 25 -25 -9 -24 -20 -6 -26
right_child=5 2 14 7 17 -7 19 23 -10 -11 -12 20 -14 22 15 -17 -18 -19 27 -21 -22 -23 26 24 29 -27 -28 -29 -30 -31
leaf_value=0.0072872814291502471 -0.001969968999033977 0.012452502887437402 -0.0014586865271952135 0.00059629226355292797 0.001028493504163172 -0.0026321027623872292 0.0021276814648648504 0.0028060363599689813 0.0034895495292696318 0.0021179919485927699 -0.0014743964210854272 1.2737060835050937e-05 -0.00060544055400122213 0.00067586708192256229 0.017235767112929696 -0.0051169474338186331 0.0020766630915210311 0.0041088146839059576 0.0078888981461229801 0.00012385237122669452 -0.00061195904912625648 0.0025127810936826324 -0.00032515680737101862 0.0052713127490623046 0.00190576350309828 0.00081496644037181451 0.0012732185801304207 0.0027805531801007714 0.0046643041582642882 0.012338674917224457
leaf_weight=194 8165 519 5091 32761 7873 5305 2896 2495 1145 219 25768 3084 38202 11300 93 93 159 2174 437 11961 6211 2544 74133 1299 9706 10881 2990 782 582 66
leaf_count=194 8165 519 5091 32761 7873 5305 2896 2495 1145 219 25768 3084 38202 11300 93 93 159 2174 437 11961 6211 2544 74133 1299 9706 10881 2990 782 582 66
internal_value=-9.64537e-07 0.000488725 0.00120305 0.00137938 0.00264282 -0.000776824 -0.000677237 0.00107613 0.00580044 0.00938576 -0.000888074 -0.000628508 -0.000845727 -0.000126916 -0.00109804 0.00422388 0.00767109 0.00214098 0.00169876 0.000514449 0.000222225 0.00114282 -0.000143183 0.00171914 0.00236285 0.00118636 -0.000263189 0.00461185 0.00127876 0.00197623
internal_weight=269128 164992 76375 70939 13731 104136 98831 57208 1883 738 83974 58206 46367 88617 5436 345 252 11848 9674 14857 11839 5628 88423 24447 11071 13376 77123 1219 8455 9772
internal_count=269128 164992 76375 70939 13731 104136 98831 57208 1883 738 83974 58206 46367 88617 5436 345 252 11848 9674 14857 11839 5628 88423 24447 11071 13376 77123 1219 8455 9772
is_linear=0
shrinkage=0.05


Tree=3
num_leaves=31
num_cat=0
split_feature=3 7 1 7 2 7 2 2 7 7 5 2 7 2 2 1 2 5 2 7 1 0 7 2 1 7 6 5 7 1
split_gain=32.4663 23.8938 9.52097 8.90713 16.4159 8.24564 9.0673 7.26004 6.77244 6.672 6.64882 6.62648 7.24142 6.57537 5.53711 5.86985 4.6235 3.64073 3.60604 4.69564 3.52143 3.39809 2.86404 2.67665 2.47633 2.42576 2.54509 2.39668 3.21969 2.38531
threshold=1.0000000180025095e-35 0.026277775721614698 -0.11447863701864362 0.04516356898295245 -0.22651167371318895 0.055933224678610928 0.30648267736161167 0.09502747050501216 0.070843092138759015 0.035399379558920398 82.721296622103907 0.28079413032914996 0.084054682809110978 -0.085033167916594807 -0.073446805743991025 0.066761192556678242 0.19973999517365862 55.191747776234571 0.21807114913014361 0.057757133189171216 -0.15738888560099426 0.024591055851870384 0.023253679352010084 -0.26822949801484008 0.0059974335927724951 0.062182765303145433 1.1092931942997908 77.611940197148598 0.02791324903461662 -0.04518312792917905
decision_type=2 8 8 8 10 10 10 10 10 10 10 10 10 10 10 10 10 10 10 10 10 10 10 10 10 10 10 10 10 10
left_child=1 7 3 4 20 6 22 14 9 16 13 -10 24 25 29 -16 -4 -15 -12 -20 23 -22 -2 -3 -13 26 -11 -18 -29 -1
right_child=5 2 8 -5 -6 -7 -8 -9 11 10 18 12 -14 17 15 -17 27 -19 19 -21 21 -23 -24 -25 -26 -27 -28 28 -30 -31
leaf_value=0.00059408988238781864 -0.0017263446179209428 0.01331249324971618 0.00029296160739613936 0.0006436009540289455 0.0019596029111731239 -0.002821796468579634 0.0013527231324135811 0.0016763411596288768 -0.0029880851290806317 0.0018138971622613132 0.010975178737303269 0.0143849169691399 -0.0052671778530082843 0.00015294159721009802 -0.00082739946685593405 0.0015110371602594849 0.0048510234588797106 0.0013086492265047738 0.00046198088137012295 0.015949743883131799 0.0046351006468069869 0.015226660191005659 -0.00082870291134642937 0.0067787547049071141 0.0048759565331295621 -0.00048042960476986818 0.0036095205625473158 0.01113257033439974 -0.0013068778487994239 -0.00023125128282253405
leaf_weight=14066 11999 429 59086 4398 3655 5982 4246 4451 2223 11254 251 99 158 15901 52553 2828 857 11925 287 59 634 86 34253 247 222 953 2393 60 391 23182
leaf_count=14066 11999 429 59086 4398 3655 5982 4246 4451 2223 11254 251 99 158 15901 52553 2828 857 11925 287 59 634 86 34253 247 222 953 2393 60 391 23182
internal_value=-9.16256e-07 0.000282108 0.000767875 0.00228876 0.00372122 -0.00106651 -0.000858575 -0.000296169 0.000632454 0.000697018 0.00117284 -0.0018387 0.00349552 0.00109911 -0.000390952 -0.000707988 0.000358052 0.000648227 0.00641272 0.00310296 0.00833349 0.0059002 -0.00106158 0.0109252 0.00780863 0.00195845 0.00212876 0.00329839 0.000348038 8.04231e-05
internal_weight=269128 212648 115568 9449 5051 56480 50498 97080 106119 103417 43023 2702 479 42426 92629 55381 60394 27826 597 346 1396 720 46252 676 321 14600 13647 1308 451 37248
internal_count=269128 212648 115568 9449 5051 56480 50498 97080 106119 103417 43023 2702 479 42426 92629 55381 60394 27826 597 346 1396 720 46252 676 321 14600 13647 1308 451 37248
is_linear=0
shrinkage=0.05


Tree=4
num_leaves=31
num_cat=0
split_feature=8 7 7 5 2 1 7 2 1 5 7 1 0 8 2 7 7 6 1 2 2 7 1 8 1 2 2 8 7 7
split_gain=35.0174 23.5123 10.8411 9.9721 10.9116 6.87625 6.08471 8.5952 4.8605 4.75856 4.04064 4.44771 4.01878 4.00048 3.84327 4.66219 3.7392 3.61812 3.2772 3.22058 3.18901 3.14455 2.99577 2.98636 2.94408 2.85503 2.74144 2.85999 2.73911 2.63985
threshold=0.47214763640315688 0.028979321979119455 0.062182765303145433 76.247475864889722 -0.16774193548387098 -0.092688042175225235 0.06094917433654435 0.20525490716530362 -0.17162639202663535 61.710078240786373 0.021221643659886453 0.034735411492758279 0.024010049408489612 0.32944221471637353 -0.28142985723929298 0.041827604897578967 0.034367111798127327 0.36474926626790494 -0.051973141121421311 0.25839402339364265 0.076100291161981151 0.084054682809110978 0.071906364990049113 0.47214763640315688 -0.15738888560099426 -0.078576079247292138 -0.003872246284881919 0.21470543682450635 0.040435130959160917 0.068895718469190556
decision_type=10 8 10 10 8 10 10 10 10 10 10 10 10 10 10 10 10 10 10 10 10 10 10 8 10 8 10 8 10 10
left_child=1 8 3 4 5 12 7 10 -1 13 11 -2 14 16 15 24 -6 -16 -10 -4 -20 29 23 -7 -3 -11 27 -18 -9 -21
right_child=6 2 19 -5 9 22 -8 28 18 25 -12 -13 -14 -15 17 -17 26 -19 20 21 -22 -23 -24 -25 -26 -27 -28 -29 -30 -31
leaf_value=0.0103035765720311 -0.0019697507798350561 0.013277220517497967 -0.0014902669231280435 0.0061832600280981361 0.00048462790371038767 0.0010524612401039257 -0.0024874319788892115 0.0011590822301781407 0.00045524868493353513 0.0063262929633046043 -0.00069295514313355263 -0.00010545195489967783 0.0090292430244413215 -0.00017368414638620856 0.015566888467960614 0.0020864900547283723 0.0011677991853797441 0.0024962747451809267 -0.00034037626963852872 -0.00076810089187417637 0.0011365070112854742 -0.0041191694252681633 0.0052393761254114751 0.0034390055395274351 0.0056654453402591228 0.0018542747873165446 0.00047683594982806147 0.0026420369601061716 -0.00021495966453097921 0.0062728992464668775
leaf_weight=112 14172 265 5001 999 22572 7336 4949 6778 19790 378 55884 4132 385 10563 54 343 7389 2712 72927 207 3848 162 563 1596 244 6393 5269 5930 7802 373
leaf_count=112 14172 265 5001 999 22572 7336 4949 6778 19790 378 55884 4132 385 10563 54 343 7389 2712 72927 207 3848 162 563 1596 244 6393 5269 5930 7802 373
internal_value=-8.70492e-07 0.000416012 0.00105747 0.00122205 0.0011532 0.00243462 -0.000781153 -0.000686024 -0.000106395 0.000857502 -0.000904137 -0.0015489 0.00417269 0.000694333 0.00365589 0.00659213 0.000917095 0.00275145 -0.000118469 -0.00103419 -0.000266354 0.00203974 0.00170187 0.0014789 0.00962835 0.00210393 0.00144225 0.00182417 0.00042381 0.00375999
internal_weight=269128 175411 78734 72991 71992 13498 93717 88768 96677 58494 74188 18304 4003 51723 3618 852 41160 2766 96565 5743 76775 742 9495 8932 509 6771 18588 13319 14580 580
internal_count=269128 175411 78734 72991 71992 13498 93717 88768 96677 58494 74188 18304 4003 51723 3618 852 41160 2766 96565 5743 76775 742 9495 8932 509 6771 18588 13319 14580 580
is_linear=0
shrinkage=0.05


Tree=5
num_leaves=31
num_cat=0
split_feature=8 7 7 8 5 7 7 8 7 8 4 3 5 7 7 4 5 5 8 7 8 6 5 0 7 3 5 5 5 5
split_gain=31.2249 22.1801 12.9719 11.8262 7.36555 6.48223 6.63267 5.72654 4.55164 4.20547 3.87522 5.42821 3.00428 2.87842 2.69507 2.60847 2.50279 2.46775 3.17242 3.00063 2.38044 2.20478 2.16241 2.11031 1.96371 1.90138 2.07099 1.89913 1.8555 1.76374
threshold=0.42526503026784274 0.030983618061388492 0.058752616110890658 0.026163485247077154 73.576251344163992 0.06094917433654435 0.022693076900447157 0.054054054030392575 0.02157882318536683 0.31831738772629514 0.70027977645630768 1.0000000180025095e-35 68.881771044823552 0.038330976880495846 0.079061678468717936 -0.85976734206880923 20.785020217558074 80.202179339743097 0.50224926047455021 0.035582665312475961 0.83104930563871315 0.95131173623803866 75.099602289294651 -0.07805826330971298 0.013436842382080084 1.0000000180025095e-35 56.429184538675912 29.878048761358574 16.925915639070251 52.454968652640595
decision_type=10 10 10 10 10 10 10 10 10 10 10 2 10 10 10 10 10 10 10 10 10 10 10 10 10 2 10 10 10 10
left_child=1 7 3 15 9 6 10 8 -1 13 20 12 -12 -5 22 28 23 -8 19 -19 -2 27 -4 -10 -9 26 -7 -15 -3 -26
right_child=5 2 14 4 -6 25 17 24 16 -11 11 -13 -14 21 -16 -17 -18 18 -20 -21 -22 -23 -24 -25 29 -27 -28 -29 -30 -31
leaf_value=7.9067054643498189e-05 -0.0014665393458161585 0.0074811911381098828 -0.00051741351285785751 0.00085144762923427023 0.0066824411146041741 -0.0020085407010060835 -0.00042212084821369026 -0.0010701002554362423 0.0094021440996551343 2.6265779265008221e-05 -0.00057777616174884067 -0.0016763161820269529 0.0025934747498775252 6.6345834001087459e-05 -0.0029413239494620307 0.0025254342497263785 0.00090498016167165057 0.002863773144563991 0.00058811063942563677 0.017233905144543812 -0.0034889859808594353 0.002834564858100054 0.0051606477296109064 0.0023056191340257502 -0.00030161797871821081 -0.0030400018514349344 0.002260453498151075 0.0018613366944040773 0.0037487635785219105 0.00029440595238191896
leaf_weight=21252 18114 401 5451 15741 577 1117 69374 6492 109 8636 1268 3084 1817 2003 1213 9480 10820 107 3559 55 1582 4028 173 2693 52347 3630 381 5575 1963 16270
leaf_count=21252 18114 401 5451 15741 577 1117 69374 6492 109 8636 1268 3084 1817 2003 1213 9480 10820 107 3559 55 1582 4028 173 2693 52347 3630 381 5575 1963 16270
internal_value=-9.84555e-06 0.000417478 0.0012349 0.00152286 0.00107803 -0.000688157 -0.000598336 6.91181e-06 0.000536391 0.000988159 -0.00128647 -0.000192906 0.00129002 0.00129192 -0.000803782 0.00289597 0.00124987 -0.000354837 0.00089959 0.00774252 -0.00162898 0.00188932 -0.000342751 0.00258168 -0.000238931 -0.00242151 -0.000922768 0.00138689 0.00438189 -0.000160293
internal_weight=269312 165224 55241 48404 36560 104088 98960 109983 34874 35983 25865 6169 3085 27347 6837 11844 13622 73095 3721 162 19696 11606 5624 2802 75109 5128 1498 7578 2364 68617
internal_count=269312 165224 55241 48404 36560 104088 98960 109983 34874 35983 25865 6169 3085 27347 6837 11844 13622 73095 3721 162 19696 11606 5624 2802 75109 5128 1498 7578 2364 68617
is_linear=0
shrinkage=0.05


Tree=6
num_leaves=31
num_cat=0
split_feature=2 1 7 7 7 2 2 7 7 1 1 7 2 2 1 7 4 5 1 6 7 0 7 6 7 4 7 7 5 4
split_gain=19.4196 10.2194 8.55166 8.7186 5.83088 8.89244 5.41706 5.27669 5.3774 4.87008 4.32234 4.08651 4.09173 3.30304 2.57544 2.27836 2.17659 2.0986 2.22951 2.06847 1.96894 1.96073 1.83852 1.86114 1.72608 1.94814 1.59816 1.86283 1.59623 1.59885
threshold=-0.10557471541276413 -0.086978427963726276 0.022044759013178344 0.054473624498138536 0.06094917433654435 -0.22651167371318895 0.32268664290448762 0.070843092138759015 0.034206060103639156 0.043139448846459046 -0.13975089850557351 0.044028506789199028 -0.29919394975115426 -0.046906596475218269 0.09310529808872571 0.034697562260999779 -0.91821603805131502 61.931818167449542 0.26006599770700684 0.63865565767639387 0.084054682809110978 0.038285554059660616 0.058752616110890658 1.1092931942997908 0.036669205911247595 0.68978436022049339 0.048218597682754084 0.046375553000835915 29.048843183304587 -0.12923078058444573
decision_type=10 8 10 10 8 10 10 10 10 10 10 10 10 10 10 10 8 10 10 8 10 10 10 10 10 10 10 10 10 10
left_child=1 4 9 6 5 10 -4 8 16 13 11 12 -1 19 22 -7 -3 18 -18 -2 -5 -12 23 -10 -8 -26 27 -27 -16 -30
right_child=2 7 3 20 -6 15 24 -9 14 -11 21 -13 -14 -15 28 -17 17 -19 -20 -21 -22 -23 -24 -25 25 26 -28 -29 29 -31
leaf_value=0.013264662315222352 0.0005346396587482987 0.0013294539448856786 2.7239032009911148e-05 -0.0010979196433053397 -0.00018578778476137982 0.00091873528143280323 0.0037708501039336977 -0.0025968672910531409 0.0011287710443345881 0.00050867859896119372 0.0026565574100687432 0.0024284394764059578 0.006353581368722586 -0.0011949163991635753 -0.0033431057665998551 0.0026609264811200597 1.8091556706686416e-05 0.0029683516061105859 0.0061064535690261833 -0.00067483989530379952 -0.0037028506492968213 0.011451938474960061 -0.00072452020874730252 0.0029427055148384864 0.0029339746436735144 0.00062630996171885974 -0.0014070625912643313 0.0056200022948068524 0.0078133963083215196 0.0029842976348029796
leaf_weight=308 4682 3947 122191 12796 2607 5031 912 1418 8934 6831 1587 389 703 35229 65 2993 35798 624 151 14430 769 66 1108 1680 1195 1149 771 223 278 447
leaf_count=308 4682 3947 122191 12796 2607 5031 912 1418 8934 6831 1587 389 703 35229 65 2993 35798 624 151 14430 769 66 1108 1680 1195 1149 771 223 278 447
internal_value=-9.35329e-06 0.000720223 -0.000256443 -4.09622e-05 0.00194172 0.00244243 8.82746e-05 0.000413245 0.000493731 -0.000749619 0.00473912 0.00678339 0.00845903 -0.000907795 0.00139979 0.00156858 0.000213952 9.35654e-05 4.36651e-05 -0.000378545 -0.00124559 0.00300773 0.00121357 0.00141588 0.0018431 0.0013164 0.000414394 0.00143797 0.00416304 0.00483601
internal_weight=269312 68134 201178 140006 13684 11077 126441 54450 53032 61172 3053 1400 1011 54341 12512 8024 40520 36573 35949 19112 13565 1653 11722 10614 4250 3338 2143 1372 790 725
internal_count=269312 68134 201178 140006 13684 11077 126441 54450 53032 61172 3053 1400 1011 54341 12512 8024 40520 36573 35949 19112 13565 1653 11722 10614 4250 3338 2143 1372 790 725
is_linear=0
shrinkage=0.05


Tree=7
num_leaves=31
num_cat=0
split_feature=8 7 7 8 5 7 2 2 1 2 7 8 7 8 5 8 7 7 2 2 7 8 2 6 5 7 2 1 1 2
split_gain=27.4427 19.0518 10.7259 10.2215 6.71117 5.45246 7.38624 4.85791 5.60952 4.03929 4.06349 3.98844 3.97611 3.89022 4.4981 3.58419 3.44474 3.3998 3.39518 3.22815 3.13011 3.09505 2.75902 3.77334 3.30451 2.75376 2.54762 2.5121 2.4788 2.36367
threshold=0.42526503026784274 0.030983618061388492 0.059819200537251725 0.026163485247077154 73.576251344163992 0.06094917433654435 0.21807114913014361 -0.25731976722325567 -0.14738400708105606 0.3897788632604014 0.084054682809110978 0.054054054030392575 0.048218597682754084 0.79298332245770065 72.193383674602458 0.31831738772629514 0.018092859159766782 0.075517149084893084 0.04645050168100729 -0.069751165146041558 0.020654714253217459 0.50659383237964506 -0.12997619918198747 0.98314791803475687 65.062388575563773 0.070843092138759015 -0.25731976722325567 0.050584170450210249 -0.092688042175225235 0.32268664290448762
decision_type=10 10 10 10 10 10 10 8 10 10 10 10 10 10 10 10 10 10 8 10 10 10 10 10 10 10 10 10 10 10
left_child=1 7 3 28 15 6 13 8 -1 25 17 19 21 14 16 22 -2 -11 -13 -9 -21 -8 23 -5 -24 -4 -25 -15 -3 -23
right_child=5 2 9 4 -6 -7 12 11 -10 10 -12 18 -14 27 -16 -17 -18 -19 -20 20 -22 29 24 26 -26 -27 -28 -29 -30 -31
leaf_value=0.011315611036573258 -0.0015753804592230653 0.0039770401855203875 -0.00010584381587612116 0.0011748229276436362 0.0063384073969881176 -0.0022345138611292205 0.00581505394892377 0.00065864771773432417 0.0017216798045800324 0.0033909074978059174 -0.004509516336331401 -0.00032978492007572943 -0.00074350770375773939 -0.0019314376692497522 0.00090944750023623272 2.0304217309246282e-05 -0.00052158376106294644 0.014606561772525312 0.00086864871624685162 -0.0017968695350262442 0.00043754931945420134 0.00038315825525455678 0.0006522585089012901 0.0063296262950496285 0.0042217239373906826 -0.0022604262392679924 0.0026005135506597526 -0.00073444929179148992 0.0022739031156287204 0.0021544385818128612
leaf_weight=183 9050 2780 3158 7098 577 5128 339 27744 910 234 109 68371 4138 9725 4838 8727 54196 95 6469 2913 3393 5935 16452 549 675 2796 2763 7980 9228 2759
leaf_count=183 9050 2780 3158 7098 577 5128 339 27744 910 234 109 68371 4138 9725 4838 8727 54196 95 6469 2913 3393 5935 16452 549 675 2796 2763 7980 9228 2759
internal_value=-8.88562e-06 0.000391722 0.00114931 0.00140134 0.000988414 -0.000644791 -0.000562413 1.12099e-05 0.00332798 -0.000776728 0.00385744 -2.20827e-05 0.000540036 -0.000731669 -0.000559971 0.00090329 -0.000672374 0.00662947 -0.000226195 0.000426545 -0.00059462 0.00112802 0.00118312 0.00182508 0.000792936 -0.00111764 0.00321865 -0.00139193 0.0026682 0.000945266
internal_weight=269312 165224 55241 48849 36841 104088 98960 109983 1093 6392 438 108890 13171 85789 68084 36264 63246 329 74840 34050 6306 9033 27537 10410 17127 5954 3312 17705 12008 8694
internal_count=269312 165224 55241 48849 36841 104088 98960 109983 1093 6392 438 108890 13171 85789 68084 36264 63246 329 74840 34050 6306 9033 27537 10410 17127 5954 3312 17705 12008 8694
is_linear=0
shrinkage=0.05


Tree=8
num_leaves=31
num_cat=0
split_feature=8 7 7 8 5 7 2 2 1 2 7 4 2 8 7 8 5 2 2 2 7 8 7 1 2 7 7 1 1 4
split_gain=24.7671 17.1942 9.72258 9.66924 5.97022 4.92084 6.66608 4.38426 5.06259 4.2962 3.93079 4.21582 3.71524 3.59957 3.58844 3.51093 4.13766 3.06911 3.06619 2.91548 2.85036 2.79328 2.66374 3.49382 3.66925 2.63319 2.58059 2.50128 2.26717 2.26104
threshold=0.42526503026784274 0.030983618061388492 0.058752616110890658 0.011124157997051442 73.576251344163992 0.06094917433654435 0.21807114913014361 -0.25731976722325567 -0.14738400708105606 0.3897788632604014 0.084054682809110978 0.48583506881752903 -0.075981132634322532 0.054054054030392575 0.048218597682754084 0.79298332245770065 76.882066305004102 0.076100291161981151 0.46454772059302524 -0.067262014085127317 0.020654714253217459 0.50659383237964506 0.038330976880495846 -0.10487348131908285 -0.28142985723929298 0.018092859159766782 0.070843092138759015 -0.07889864011601154 0.050584170450210249 -0.48589683967967445
decision_type=10 10 10 10 10 10 10 8 10 10 10 10 10 10 10 10 10 10 10 10 10 10 10 10 10 8 10 10 10 10
left_child=1 7 3 27 12 6 15 8 -1 26 11 18 22 19 21 16 25 -15 -11 -9 -21 -8 23 24 -5 29 -4 -3 -17 -2
right_child=5 2 9 4 -6 -7 14 13 -10 10 -12 -13 -14 17 -16 28 -18 -19 -20 20 -22 -23 -24 -25 -26 -27 -28 -29 -30 -31
leaf_value=0.010749830525556753 -0.0027598292538355048 0.0040799100118441177 -0.00012058975950804037 0.0099923837453215619 0.0060214870383561393 -0.0021227883155072545 0.00552430121545923 0.00062021530259156565 0.0016355958206610754 0.023539473656930179 -0.0042840405997452797 0.0026906055730972281 0.00037039927432377332 -0.00028205832477262228 -0.0007063322954859912 -0.0018348658097101787 0.0015644418931909029 0.001311358825174515 0.0072162780033205786 -0.0017746841091299506 0.00040464643110465598 0.00089800239392974111 0.0020113819571546498 0.00047593509874015931 0.0021833473149553344 -0.00047424731296448903 -0.002147404934986052 0.0022605345134476817 -0.0006977267604997906 -0.00094540429686700413
leaf_weight=183 2246 2494 3583 168 577 5128 339 28003 910 51 109 232 17718 71685 4138 9725 2275 3155 66 2761 3286 8694 8862 9358 1438 56273 2796 7789 7980 7290
leaf_count=183 2246 2494 3583 168 577 5128 339 28003 910 51 109 232 17718 71685 4138 9725 2275 3155 66 2761 3286 8694 8862 9358 1438 56273 2796 7789 7980 7290
internal_value=-8.44134e-06 0.000372136 0.00109184 0.00134114 0.000974113 -0.000612551 -0.000534292 1.06494e-05 0.00316158 -0.000673127 0.00400447 0.00659315 0.000896542 -2.09786e-05 0.000513034 -0.000695086 -0.000531972 -0.000214885 0.0143315 0.000405217 -0.000590414 0.00107162 0.00136674 0.000845693 0.00300023 -0.000604445 -0.00100897 0.0027018 -0.00132233 -0.00137275
internal_weight=269312 165224 55241 48404 38121 104088 98960 109983 1093 6837 458 349 37544 108890 13171 85789 68084 74840 117 34050 6047 9033 19826 10964 1606 65809 6379 10283 17705 9536
internal_count=269312 165224 55241 48404 38121 104088 98960 109983 1093 6837 458 349 37544 108890 13171 85789 68084 74840 117 34050 6047 9033 19826 10964 1606 65809 6379 10283 17705 9536
is_linear=0
shrinkage=0.05


Tree=9
num_leaves=31
num_cat=0
split_feature=8 7 8 5 7 7 2 8 7 2 4 7 4 2 7 7 7 2 6 4 3 8 4 2 7 7 2 4 2 7
split_gain=22.3639 14.1522 10.1635 9.43226 8.04237 6.65561 4.14329 4.00364 3.93079 6.26646 3.80654 3.41387 3.81538 3.30894 3.30368 2.81242 2.77968 2.50028 2.70221 2.49443 3.95393 2.2724 2.15698 2.14193 2.20972 2.05497 1.95894 1.94069 2.82439 2.85735
threshold=0.4935107756377779 0.029092281587469383 0.014691218756133996 76.882066305004102 0.058752616110890658 0.070843092138759015 0.3897788632604014 0.31831738772629514 0.06094917433654435 0.32268664290448762 -0.081634386871794737 0.084054682809110978 0.40732190437622123 0.21138725944221473 0.022693076900447157 0.035399379558920398 0.012621321768486548 -0.014992264633233608 0.98314791803475687 0.82609845294226092 1.0000000180025095e-35 0.054054054030392575 1.0620545557555838 -0.073446805743991025 0.023142727293339892 0.036669205911247595 0.23269160944132808 -0.85086216309341711 -0.2204671338228493 0.042420322669416401
decision_type=10 10 10 10 10 10 10 10 10 10 10 10 10 10 10 10 8 10 10 10 2 10 8 10 10 10 10 10 10 10
left_child=1 16 4 5 27 7 10 15 9 14 13 12 -8 -6 19 -4 -1 18 -17 -2 -21 23 -23 -18 -25 -11 -9 28 -3 -30
right_child=8 2 3 -5 6 -7 11 26 -10 25 -12 -13 -14 -15 -16 17 21 -19 -20 20 -22 22 -24 24 -26 -27 -28 -29 29 -31
leaf_value=-0.0010156942050467844 -0.0014709342688234853 0.0064632373789489557 0.00043374431261206591 0.0068696764365145067 -8.4218929677128899e-05 -0.0023208547650207276 0.015266855301822283 -0.00010567156650583616 -0.0020744057887126092 0.003355548722162577 -0.0037609614563303678 -0.0040573096886454057 0.0032278709987827872 0.013039332452230157 -0.00049215925630777951 0.0011391085749411073 0.00056712184624933121 0.00017004782407346254 0.0025631006077191706 0.0017600845650302583 -0.0015350053543366018 -0.00016802140199056071 0.0023644908870708802 -0.0013510358789065953 0.0007231942871461013 0.00067737695895766321 0.0034424154608552558 0.0022696268991071098 0.0016351135011052086 0.0072384123266073727
leaf_weight=6942 17469 726 17507 585 1220 2033 88 17242 4636 869 943 104 261 50 58208 10332 25531 3835 4917 1669 2003 70029 851 3249 2123 4075 398 9905 1233 279
leaf_count=6942 17469 726 17507 585 1220 2033 88 17242 4636 869 943 104 261 50 58208 10332 25531 3835 4917 1669 2003 70029 851 3249 2123 4075 398 9905 1233 279
internal_value=-8.01927e-06 0.0003119 0.000857427 0.000553506 0.00202412 0.000487835 -0.000462629 0.000593126 -0.00065694 -0.000578982 -0.00135444 0.00389403 0.00626349 0.000432456 -0.000686592 0.000891414 -4.76443e-05 0.00131126 0.00159827 -0.00122193 -3.73188e-05 1.83805e-05 -0.000137616 0.000376178 -0.000531306 0.00114812 -2.56184e-05 0.00257009 0.00389988 0.00266906
internal_weight=269312 180383 71658 56849 14809 56264 2666 54231 88929 84293 2213 453 349 1270 79349 36591 108725 19084 15249 21141 3672 101783 70880 30903 5372 4944 17640 12143 2238 1512
internal_count=269312 180383 71658 56849 14809 56264 2666 54231 88929 84293 2213 453 349 1270 79349 36591 108725 19084 15249 21141 3672 101783 70880 30903 5372 4944 17640 12143 2238 1512
is_linear=0
shrinkage=0.05


Tree=10
num_leaves=31
num_cat=0
split_feature=8 7 7 5 1 6 3 5 5 7 7 7 8 6 7 7 7 8 1 0 1 1 3 5 8 7 0 1 8 7
split_gain=21.309 14.5619 6.77868 5.61497 4.7519 4.35849 3.50928 5.50575 3.49802 3.78783 3.30932 3.17892 2.92684 4.29618 2.58061 2.63961 2.4348 2.342 2.32054 2.26846 2.93251 2.26597 2.03243 2.26018 1.86121 1.85878 1.84317 1.72535 1.7019 1.70186
threshold=0.37642585511339244 0.028507910920793807 0.058752616110890658 66.155370199676042 -0.11447863701864362 1.228362115022344 1.0000000180025095e-35 68.881771044823552 25.776397509223937 0.04516356898295245 0.038998441370282362 0.0292149956623305 0.04761904757553595 1.3480971060625997 0.018092859159766782 0.054473624498138536 0.054473624498138536 0.018432200548505692 0.065165902073342177 0.022412765753629164 -0.15738888560099426 0.058139534883720929 1.0000000180025095e-35 58.658407418078561 0.024168710141185466 0.023142727293339892 -0.07805826330971298 -0.17162639202663535 0.0041166789392324803 0.020551039971919455
decision_type=10 8 10 10 8 10 2 10 8 8 10 10 10 8 10 10 10 8 10 10 10 10 2 10 10 10 10 10 8 10
left_child=1 17 3 4 8 14 7 -7 9 19 12 18 13 -6 -2 -16 25 27 -9 20 28 24 23 -17 -12 -8 -15 -1 -3 -19
right_child=5 2 -4 -5 10 6 16 11 -10 -11 21 -13 -14 26 15 22 -18 29 -20 -21 -22 -23 -24 -25 -26 -27 -28 -29 -30 -31
leaf_value=0.010068364040926099 -0.0014220209102039564 0.0133694482596022 -0.00063857788189896627 0.0030755363514196558 0.0019691661539177727 -0.0001138845330074961 -0.0013382898614340743 0.0016255204541769605 0.0014018607162480752 4.8575562306590696e-05 0.0021025682762420578 0.00056764531706591777 0.00023107917445864447 -0.0018528740485758814 -0.00048912881550547513 -0.001049042238805709 -0.0021862937170922837 -0.00039360077765160698 0.004592296933809574 0.011813477851219674 0.0026444034462026773 0.0027118379733828174 -0.0021307013496078262 0.0028312645582934948 0.00075109620931830968 9.093652612320349e-06 0.00056947498125149308 0.00074712519615265636 0.0059928667745756592 8.263770855733401e-05
leaf_weight=50 10701 90 6373 3313 7496 11244 3348 1351 4253 507 3600 2435 24390 884 65162 2260 1964 35336 1287 113 923 2845 4602 450 8714 10871 7033 6981 596 39988
leaf_count=50 10701 90 6373 3313 7496 11244 3348 1351 4253 507 3600 2435 24390 884 65162 2260 1964 35336 1287 113 923 2845 4602 450 8714 10871 7033 6981 596 39988
internal_value=7.083e-06 0.000393302 0.000917343 0.00107047 0.000962356 -0.000505377 -1.43863e-05 0.000503038 0.00224274 0.00384717 0.000811352 0.00187041 0.000571918 0.00111127 -0.000697228 -0.00059021 -0.000536095 -5.93123e-05 0.00307292 0.00496557 0.00448464 0.00144003 -0.00149101 -0.000404711 0.0011462 -0.000308161 0.000298999 0.000813412 0.00696064 -0.000140775
internal_weight=269160 153485 71130 64757 61444 115675 32500 16317 6482 2229 54962 5073 39803 15413 83175 72474 16183 82355 2638 1722 1609 15159 7312 2710 12314 14219 7917 7031 686 75324
internal_count=269160 153485 71130 64757 61444 115675 32500 16317 6482 2229 54962 5073 39803 15413 83175 72474 16183 82355 2638 1722 1609 15159 7312 2710 12314 14219 7917 7031 686 75324
is_linear=0
shrinkage=0.05


Tree=11
num_leaves=31
num_cat=0
split_feature=8 7 7 8 6 5 8 5 3 7 7 1 0 7 7 1 7 5 8 7 5 6 7 1 0 1 6 8 6 8
split_gain=19.2347 13.4295 7.70292 6.14884 4.0709 3.88079 3.62829 2.92275 5.81018 2.79746 2.28399 2.23758 4.05094 2.12363 2.43413 2.07045 3.25043 2.52985 2.01269 1.91372 2.35646 1.90486 1.83886 2.14526 1.80447 1.95683 2.92831 1.75442 1.60843 1.82071
threshold=0.37253760255862495 0.030454395172624913 0.058752616110890658 0.01657189319799162 1.0913625314285549 66.155370199676042 0.018432200548505692 67.008265075488623 1.0000000180025095e-35 0.027329101590553163 0.055227318600763041 -0.11447863701864362 0.029701354600212063 0.022693076900447157 0.054473624498138536 0.053007751304393287 0.039940116966449654 36.551724114403498 0.78243504923787188 0.075517149084893084 81.358519548871314 1.5043727894306957 0.02983530351560745 0.068448214997069115 -0.048797578059879325 -0.17162639202663535 1.4310490402666254 0.20528607269751348 0.61167366341554874 0.3604740832465238
decision_type=10 10 10 10 10 10 10 10 2 10 10 10 10 10 10 10 10 10 10 10 10 10 10 10 10 10 10 10 10 10
left_child=1 6 3 24 13 11 9 -6 22 -1 -10 12 27 18 -15 -13 17 -17 -2 -12 21 -21 23 -9 25 26 -3 -5 -4 -30
right_child=4 2 28 5 7 -7 -8 8 10 -11 19 15 -14 14 -16 16 -18 -19 -20 20 -22 -23 -24 -25 -26 -27 -28 -29 29 -31
leaf_value=0.00039290909022757263 -0.00094032315920566554 0.013260919616399995 0.00077141429879334228 0.0022522128669540515 -0.00042151742255791417 0.003579530595137877 -0.00012618197442727059 0.0012391487770440188 -4.9567309092851332e-05 0.0021314860568829234 -0.0030582407735803628 0.00049482939847724904 0.0083147278682381594 -0.00042116395646624616 -0.0014463327434825334 0.0042165097599067176 0.0032261266995348425 -3.0682221088597318e-07 -0.0023853573485898404 0.010388194065107484 -0.0055601745131699486 -0.0013712158148879545 0.00063776169915921092 0.0036340898831393378 0.0020286715098459212 0.0031132585065108999 0.0019154573366886856 -0.00040016456166191202 -0.0011862638678151035 0.0071147122889506954
leaf_weight=19794 16159 127 1580 2370 25587 1319 77495 2170 8435 2620 1152 25302 238 48729 6571 413 1914 2563 2832 87 68 57 3144 1643 9967 1111 103 846 4697 67
leaf_count=19794 16159 127 1580 2370 25587 1319 77495 2170 8435 2620 1152 25302 238 48729 6571 413 1914 2563 2832 87 68 57 3144 1643 9967 1111 103 846 4697 67
internal_value=6.72885e-06 0.000376343 0.00102284 0.00124684 -0.000476627 0.000919065 3.58653e-05 -8.53542e-05 0.000427979 0.000596133 -0.000356534 0.000814769 0.0020203 -0.000699637 -0.000542979 0.000676855 0.0016187 0.00058489 -0.00115581 -0.00225482 0.00211095 0.00573343 0.00153297 0.00227112 0.00226035 0.0039823 0.00818013 0.00155448 -0.000611028 -0.00106952
internal_weight=269160 152526 52617 46273 116634 34965 99909 42343 16756 22414 9799 33646 3454 74291 55300 30192 4890 2976 18991 1364 212 144 6957 3813 11308 1341 230 3216 6344 4764
internal_count=269160 152526 52617 46273 116634 34965 99909 42343 16756 22414 9799 33646 3454 74291 55300 30192 4890 2976 18991 1364 212 144 6957 3813 11308 1341 230 3216 6344 4764
is_linear=0
shrinkage=0.05


Tree=12
num_leaves=31
num_cat=0
split_feature=3 7 4 1 2 7 5 7 2 2 7 2 2 2 1 7 2 4 5 0 0 5 6 7 0 1 5 7 7 7
split_gain=15.6842 11.3873 5.84319 4.68736 4.70161 5.32566 4.72895 4.66156 6.07373 4.27821 9.02448 3.72425 3.04057 3.10682 2.69341 2.55234 3.01832 5.07179 3.92601 2.41422 2.61777 2.48885 2.21119 1.95353 1.83831 1.87694 1.81705 2.58396 1.69359 1.58742
threshold=1.0000000180025095e-35 0.026519426707831601 0.92415200677590736 -0.11447863701864362 0.19427002954183406 0.070843092138759015 84.36679887914751 0.054473624498138536 0.30648267736161167 -0.2204671338228493 0.04516356898295245 -0.15480182505966114 -0.070965198014776229 0.097204641482651968 0.22843713725094186 0.041264316431061085 0.3897788632604014 0.40732190437622123 62.872817551059583 0.038285554059660616 -0.070991281012234661 14.634146337756819 1.8345948309903883 0.037695711979930241 0.050560434785319915 0.05944845259693899 77.611940197148598 0.02791324903461662 0.023253679352010084 0.044028506789199028
decision_type=2 8 10 8 10 10 10 10 10 8 10 8 10 10 10 10 10 10 10 10 10 10 10 10 10 10 10 10 10 10
left_child=1 2 12 9 5 6 11 8 28 10 19 24 -1 -14 -10 26 -17 18 -18 20 22 -22 -3 -8 25 -5 -6 -28 -2 -25
right_child=7 3 -4 4 15 -7 23 -9 14 -11 -12 -13 13 -15 -16 16 17 -19 -20 -21 21 -23 -24 29 -26 -27 27 -29 -30 -31
leaf_value=7.4138938236691112e-05 -0.0012397858754019375 0.013746672522169179 0.0018303376482402948 0.00083505481918258982 0.0039987715141770498 -0.0021806177251647613 0.0031392585753586472 -0.0019707861212852613 0.0017926672146133832 0.00094743407776148305 2.3642781987810119e-05 0.00025869948711048914 -0.0005887590182359889 0.0010531122062140627 -0.0021410880170070839 0.00020952467421049721 0.0057892599025822361 0.0018634908968250029 0.022772931220242754 0.014845450159110544 0.0081855167415692993 0.0030084627050830301 0.0040387387287139183 0.016401905383182955 0.003676497363132622 0.0030534977427192113 0.010943251056596638 -0.00011687745736769828 -0.0005488593295256385 0.0053677830272583207
leaf_weight=39331 12026 156 3455 14409 1646 2013 170 6713 3496 6765 1161 80011 52961 3047 497 2858 92 731 54 72 322 832 94 70 660 1021 58 590 33788 61
leaf_count=39331 12026 156 3455 14409 1646 2013 170 6713 3496 6765 1161 80011 52961 3047 497 2858 92 731 54 72 322 832 94 70 660 1021 58 590 33788 61
internal_value=6.3924e-06 0.000203169 -0.000189613 0.000544021 0.000447761 0.00036473 0.00041788 -0.000733924 -0.000567219 0.00161334 0.00332166 0.000398281 -0.000262815 -0.000499436 0.00130304 0.00180314 0.00099689 0.00356278 0.0120709 0.00591583 0.00545791 0.00445301 0.0100965 0.00667522 0.00109238 0.000981849 0.00311584 0.000873072 -0.000730225 0.0112639
internal_weight=269160 212640 98794 113846 104444 98415 96402 56520 49807 9402 2637 96101 95339 56008 3993 6029 3735 877 146 1476 1404 1154 250 301 16090 15430 2294 648 45814 131
internal_count=269160 212640 98794 113846 104444 98415 96402 56520 49807 9402 2637 96101 95339 56008 3993 6029 3735 877 146 1476 1404 1154 250 301 16090 15430 2294 648 45814 131
is_linear=0
shrinkage=0.05


Tree=13
num_leaves=31
num_cat=0
split_feature=8 7 5 7 8 7 8 5 7 7 0 3 6 7 7 7 8 7 4 7 4 7 5 8 7 4 8 4 7 4
split_gain=16.6368 10.7474 6.4897 4.86391 5.27934 3.35158 6.18865 3.01439 2.98855 2.96133 2.40519 2.34301 2.71619 2.53925 2.38829 2.24747 2.09475 1.89443 1.83643 1.82007 2.09578 1.89764 1.83795 3.72343 1.80367 1.7984 1.77702 1.75703 1.72846 1.71261
threshold=0.47214763640315688 0.027676272207392796 66.705135707503814 0.070843092138759015 0.26132687509649116 0.054473624498138536 0.0093879764495448329 63.344801609305364 0.018092859159766782 0.035223353549260199 0.027667376662952717 1.0000000180025095e-35 1.1281896452231284 0.054473624498138536 0.028862404659885408 0.068895718469190556 0.026163485247077154 0.059819200537251725 0.2380914565502433 0.035759957434919797 0.83884699754025072 0.045550372314020794 77.611940197148598 0.29965738472661957 0.073071248271039071 0.59353057351098115 0.23809523601662891 0.68978436022049339 0.038998441370282362 0.20231661901130507
decision_type=10 8 10 10 10 8 10 10 8 10 10 2 10 10 10 10 8 10 10 8 10 8 10 10 10 10 10 10 10 8
left_child=1 16 3 4 5 6 18 8 -2 -8 26 12 17 -13 -14 -10 -1 -9 -3 -4 21 22 -21 -24 -15 -5 -11 -18 -6 -23
right_child=7 2 19 25 28 -7 9 11 15 10 -12 13 14 24 -16 -17 27 -19 -20 20 -22 29 23 -25 -26 -27 -28 -29 -30 -31
leaf_value=0.00062533073302530582 -0.0016997406647324621 0.0024974067669651652 0.0012003329866056103 -0.0011798249714737126 -0.00033804986737986361 0.00019480131458052529 0.00038416980437488751 -0.0006566316625024899 -0.00056311323237731006 0.00088749236870220996 0.0029276370013040639 -0.00024864155192810816 0.0020372718505036877 -0.002313920219247523 0.00014811021711563842 -0.0026243943354270628 -0.00023021900076334269 0.0062667145361515256 0.00080391265172121524 0.0047068388531814531 0.0012561017574945945 -0.0027073078364082907 0.0024746625548131861 0.017490695400184463 0.00072741716519818906 -0.0073605642892511152 0.0031248343882967905 0.0007992518343449182 0.00057320935164423888 0.0033914830775317625
leaf_weight=9137 7320 8524 1897 2727 13885 12577 19233 4550 49090 10921 2040 21299 3256 2638 3441 1359 75623 101 1971 744 995 128 77 89 598 123 966 4385 8323 1143
leaf_count=9137 7320 8524 1897 2727 13885 12577 19233 4550 49090 10921 2040 21299 3256 2638 3441 1359 75623 101 1971 744 995 128 77 89 598 123 966 4385 8323 1143
internal_value=6.07279e-06 0.000293224 0.000690742 0.000582466 0.000656189 0.000913971 0.00112116 -0.000532061 -0.000755628 0.000786249 0.00134151 -0.000172134 0.000421948 -0.00044691 0.0010666 -0.00061864 -9.18895e-05 -0.000506286 0.00217936 0.00242576 0.0031577 0.00402524 0.00576825 0.0105254 -0.00175189 -0.00144657 0.00106931 -0.000173797 3.46718e-06 0.00277729
internal_weight=269160 175508 86363 81290 78440 56232 43655 93652 57769 33160 13927 35883 11348 24535 6697 50449 89145 4651 10495 5073 3176 2181 910 166 3236 2850 11887 80008 22208 1271
internal_count=269160 175508 86363 81290 78440 56232 43655 93652 57769 33160 13927 35883 11348 24535 6697 50449 89145 4651 10495 5073 3176 2181 910 166 3236 2850 11887 80008 22208 1271
is_linear=0
shrinkage=0.05


Tree=14
num_leaves=31
num_cat=0
split_feature=8 7 7 8 1 3 7 5 2 4 7 5 7 2 8 2 7 5 2 1 1 2 8 0 1 2 8 2 0 1
split_gain=15.0479 10.6476 7.29932 4.15459 3.83541 3.72082 4.2345 3.66442 2.99512 4.18925 2.92707 2.90865 2.80638 2.7593 2.75753 2.55056 2.43542 2.41533 2.38295 3.30899 2.31171 2.29854 2.1952 2.18476 2.75909 3.11026 2.16825 1.81527 1.75095 1.74237
threshold=0.33333333014833016 0.030454395172624913 0.058752616110890658 0.01657189319799162 0.043139448846459046 1.0000000180025095e-35 0.055933224678610928 72.193383674602458 0.3897788632604014 0.53019978575856863 0.079061678468717936 68.218354287684932 0.022693076900447157 0.30648267736161167 0.018432200548505692 -0.067262014085127317 0.020199207454447584 64.062499894897442 -0.07729918596037065 0.068448214997069115 0.22843713725094186 0.043241763931419104 0.83104930563871315 0.027667376662952717 -0.03836812497862007 -0.16774193548387098 0.56703283408178051 0.11155108089510725 -0.0056283066380693461 -0.17162639202663535
decision_type=10 10 10 10 10 2 10 10 10 10 10 10 10 10 10 10 10 10 10 10 10 10 8 10 10 10 10 10 10 10
left_child=1 14 3 -3 12 7 13 26 -4 10 17 18 22 -7 15 16 -1 -10 19 23 -15 -17 -2 -5 25 -25 -6 -16 -14 -18
right_child=4 2 8 11 5 6 -8 -9 9 -11 -12 -13 28 20 27 21 29 -19 -20 -21 -22 -23 -24 24 -26 -27 -28 -29 -30 -31
leaf_value=0.00037135663736645192 -0.00086063236053603219 0.0020074771294496929 -0.00098429420791956972 0.00077895835227233885 0.00061127376148181734 -0.00047219274845240121 -0.0023248269014465701 0.0017653730786849706 0.0072006762837991123 -0.00042235512643101373 0.0012777113201082103 0.0041033685625613062 -0.00010617390187156446 0.0018492362860285879 -0.00012759257879645122 -0.0012638136745795258 0.0079445349185437598 0.022742005744017663 0.00029921014396173875 0.0035972599572432918 -0.0017365737310557794 0.0017358375236651701 -0.002453890042377462 0.0073875107720496576 0.0010207258794674475 0.0013448286897247918 -0.00060294212391976104 0.0027717336747795185 -0.00065003667386440969 0.0014778632019910264
leaf_weight=12425 24843 11308 5602 14505 9363 14282 2661 4435 50 282 64 689 28775 2459 71054 3061 106 50 12869 1323 550 807 2368 475 1285 386 6054 544 30470 6015
leaf_count=12425 24843 11308 5602 14505 9363 14282 2661 4435 50 282 64 689 28775 2459 71054 3061 106 50 12869 1323 550 807 2368 475 1285 386 6054 544 30470 6015
internal_value=5.76914e-06 0.000357184 0.000955692 0.00118525 -0.000391959 1.41822e-05 -0.000468027 0.00049882 -0.000670339 0.0032731 0.00962749 0.000890382 -0.000578945 -0.000182274 4.59486e-05 0.00052993 0.000773513 0.0149713 0.000818607 0.00119048 0.0011938 -0.000637982 -0.000999283 0.000999255 0.00248826 0.00467848 0.000134471 -0.000105564 -0.000385885 0.00158985
internal_weight=269160 142900 48888 42840 126260 39804 19952 19852 6048 446 164 31532 86456 17291 94012 22414 18546 100 30843 17974 3009 3868 27211 16651 2146 861 15417 71598 59245 6121
internal_count=269160 142900 48888 42840 126260 39804 19952 19852 6048 446 164 31532 86456 17291 94012 22414 18546 100 30843 17974 3009 3868 27211 16651 2146 861 15417 71598 59245 6121
is_linear=0
shrinkage=0.05


Tree=15
num_leaves=31
num_cat=0
split_feature=3 7 1 7 2 2 2 7 7 1 7 7 2 4 2 7 7 6 2 4 7 6 0 4 1 2 0 4 6 7
split_gain=13.6874 7.99025 5.10385 4.94506 4.88981 4.5528 4.37033 5.2267 3.99207 3.89407 3.41014 3.36236 2.76728 2.70377 2.63027 2.65026 2.54969 2.65542 2.3955 4.68281 2.95415 2.23989 2.18052 1.96773 1.95266 1.86225 1.8016 1.67615 1.75068 1.64474
threshold=1.0000000180025095e-35 0.022044759013178344 -0.11447863701864362 0.055227318600763041 0.19427002954183406 0.30648267736161167 -0.20102062680521168 0.06094917433654435 0.070843092138759015 0.065165902073342177 0.038753739887981066 0.048218597682754084 -0.056168967307077759 0.73182799324622916 -0.28142985723929298 0.041827604897578967 0.084054682809110978 0.61814667560551106 0.3897788632604014 0.53019978575856863 0.029588326954101025 0.7015131783344527 0.037228874289992782 -0.95248443962480367 0.26006599770700684 -0.064729683113820088 0.022921502073827597 0.59353057351098115 1.0688447200318305 0.070843092138759015
decision_type=2 8 8 10 10 10 8 10 10 10 10 10 10 10 10 10 10 10 10 10 10 8 10 10 10 10 10 10 10 10
left_child=1 9 6 5 8 -2 7 14 10 12 24 -12 21 -14 15 -3 18 -18 20 29 26 23 -16 -1 -4 -13 -6 -27 -29 -20
right_child=3 2 4 -5 16 -7 -8 -9 -10 -11 11 25 13 -15 22 -17 17 -19 19 -21 -22 -23 -24 -25 -26 27 -28 28 -30 -31
leaf_value=0.00260543992004621 -0.00068614612847531188 0.008227218789714847 0.00011549050198280048 -0.0020281897148868851 0.0021651594712619169 0.0010437472532874332 0.00071451798989835688 -0.00090879085964484731 -0.0019768973958794469 0.0019710144774965454 0.0011797414288527543 0.00084638831721869337 -0.00082697528346084993 0.00070292655208244854 0.0024297407245300576 0.0025694299719250966 0.0060031437522768249 -0.0071817792106134886 0.0077057806534101382 0.0023884601148504258 0.00095001101396363695 -0.00031681043273211029 0.010542613963714276 0.00035809540527768783 0.0049190797651393059 -0.00090845652456019723 0.0072201788166632629 0.0044074513261852365 4.4426147558195315e-05 0.017531103859244682
leaf_weight=1101 45792 561 102195 6308 397 4148 6781 710 2028 1835 17251 4294 29870 3197 1725 328 51 152 114 711 4547 19583 87 8445 212 5022 317 310 890 68
leaf_count=1101 45792 561 102195 6308 397 4148 6781 710 2028 1835 17251 4294 29870 3197 1725 328 51 152 114 711 4547 19583 87 8445 212 5022 317 310 890 68
internal_value=-1.54238e-05 0.000167941 0.000368965 -0.000709081 0.000289532 -0.000542462 0.00144885 0.00290868 0.000224399 -0.000299059 0.000258693 0.00075016 -0.000366035 -0.000679061 0.00391216 0.00613976 0.00164407 -0.00386931 0.00182594 0.00422035 0.00141951 -1.06902e-05 0.00281927 0.000617296 0.000125435 4.54519e-05 0.00440947 -0.0005073 0.00117154 0.0113768
internal_weight=269030 212782 148751 56248 138559 49940 10192 3411 132202 64031 130174 27767 62196 33067 2701 889 6357 203 6154 893 5261 29129 1812 9546 102407 10516 714 6222 1200 182
internal_count=269030 212782 148751 56248 138559 49940 10192 3411 132202 64031 130174 27767 62196 33067 2701 889 6357 203 6154 893 5261 29129 1812 9546 102407 10516 714 6222 1200 182
is_linear=0
shrinkage=0.05


Tree=16
num_leaves=31
num_cat=0
split_feature=8 7 7 5 8 7 2 8 2 7 2 5 2 8 6 7 5 4 5 2 4 4 8 7 8 7 6 2 2 4
split_gain=14.2818 7.17634 5.61178 5.03397 4.15063 4.28984 3.83035 3.68854 3.60096 3.35059 4.10564 3.31629 3.13274 2.61115 2.58607 2.91092 2.41128 2.68427 2.3878 2.29538 2.6264 2.11614 2.09864 1.92313 1.87894 1.85616 1.83824 1.82858 1.73293 2.78456
threshold=0.4935107756377779 0.034367111798127327 0.054473624498138536 84.36679887914751 0.04327412654055534 0.02169689937894281 0.14689145610645607 0.31831738772629514 0.25839402339364265 0.06094917433654435 0.21807114913014361 77.611940197148598 -0.069751165146041558 0.79298332245770065 0.61167366341554874 0.084054682809110978 65.589279665839854 0.55687220843679142 78.431372505959288 -0.048041102870407019 -0.071356982140794847 -0.49814658473674905 0.16961907320596217 0.035759957434919797 0.23809523601662891 0.0093581203945442993 1.085577884666143 0.23999290991948866 -0.28142985723929298 -0.94007964123255672
decision_type=10 10 10 10 10 10 10 10 10 10 10 10 10 10 10 10 10 10 10 10 10 10 8 10 8 10 10 8 10 10
left_child=1 4 3 7 5 12 -6 19 21 10 13 27 -1 18 -10 16 26 -18 -2 20 -3 -4 -22 -12 -21 -20 -16 -9 29 -7
right_child=9 2 8 -5 6 28 -8 11 14 -11 23 -13 -14 -15 15 -17 17 -19 25 24 22 -23 -24 -25 -26 -27 -28 -29 -30 -31
leaf_value=0.00029394465595034236 -0.00049090547964760259 0.0014672311721943632 0.00039701858784043774 0.010703618617003991 -0.0001437002687162959 0.0091813873139398386 0.0026209906312648773 -1.1336581980115732e-05 0.0069523900304897593 -0.0018302344072780995 0.0013190091074032483 0.0075093342130166767 -0.0015284231564263132 -0.0011391973377991704 0.0017155839489277434 -0.0054310496553911696 0.014281958270185531 0.0031850579422587249 0.0098546806012745954 -0.00027282926076766157 -7.576124818810701e-05 -0.0012007478034568558 0.0042765854684975206 -2.9816500650977192e-05 0.001227239668235123 0.0012015255654884123 -0.0070065496661998114 0.0047278230518433984 0.0010603584120524123 0.0013894629376419985
leaf_weight=16889 52235 15277 3309 135 98207 173 1269 9493 249 4721 3729 153 2741 17536 203 140 67 292 65 3214 340 5545 1494 9071 5956 1331 86 208 14562 340
leaf_count=16889 52235 15277 3309 135 98207 173 1269 9493 249 4721 3729 153 2741 17536 203 140 67 292 65 3214 340 5545 1494 9071 5956 1331 86 208 14562 340
internal_value=-1.46527e-05 0.00024082 0.000778571 0.00106646 5.58233e-05 0.000526632 -0.000108432 0.00103046 -0.000277119 -0.000534143 -0.000461271 0.00020547 3.94816e-05 -0.000609547 0.00251054 0.00110696 0.00251949 0.00525607 -0.000436364 0.00133979 0.00168186 -0.000603616 0.00346972 0.000363134 0.000701479 0.00160443 -0.00087993 9.02762e-05 0.00116098 0.00401715
internal_weight=269030 180342 46161 36270 134181 34705 99476 36135 9891 88688 83967 9854 19630 71167 1037 788 648 359 53631 26281 17111 8854 1834 12800 9170 1396 289 9701 15075 513
internal_count=269030 180342 46161 36270 134181 34705 99476 36135 9891 88688 83967 9854 19630 71167 1037 788 648 359 53631 26281 17111 8854 1834 12800 9170 1396 289 9701 15075 513
is_linear=0
shrinkage=0.05


Tree=17
num_leaves=31
num_cat=0
split_feature=8 7 7 8 7 2 2 7 2 2 2 8 1 2 7 7 8 4 7 8 2 7 4 1 2 7 8 4 1 1
split_gain=12.8893 6.47664 5.10275 3.74594 3.9389 3.45689 3.40956 3.02703 4.00816 2.92845 2.60971 2.57405 2.62981 2.22598 2.21209 2.16111 2.34923 2.13693 3.79615 2.11544 2.46953 3.80925 3.91046 1.70635 2.58528 2.81665 2.08306 1.86148 1.69925 1.72092
threshold=0.4935107756377779 0.034367111798127327 0.062182765303145433 0.04327412654055534 0.025611504823731594 0.14689145610645607 -0.069751165146041558 0.059819200537251725 0.24887111530462872 -0.085033167916594807 0.23999290991948866 0.29613177425924059 0.12324540571616761 0.28079413032914996 0.084054682809110978 0.049831260130964027 1.0000000180025095e-35 0.48583506881752903 0.075517149084893084 0.79298332245770065 0.11667401317707661 0.028160040679056846 0.46919306990026333 -0.14738400708105606 -0.29919394975115426 0.044783073190515534 0.097048649989857641 -0.62109108332738583 0.14460248547869184 -0.17162639202663535
decision_type=10 10 10 10 10 10 10 10 10 10 10 10 10 10 10 10 10 10 10 8 10 10 10 10 10 10 8 10 10 10
left_child=1 3 9 4 6 -5 -1 8 19 11 15 12 23 -4 17 16 -11 18 -15 20 -2 22 -22 24 25 -3 27 -25 29 -6
right_child=7 2 13 5 28 -7 -8 -9 -10 10 -12 -13 -14 14 -16 -17 -18 -19 -20 -21 21 -23 -24 26 -26 -27 -28 -29 -30 -31
leaf_value=0.0004184705069458122 -0.00057705196530375498 0.012142655222627557 -0.00098741619693935227 -0.00013651525489277556 0.0053654808994560016 0.002489941101248692 -0.0011868974796902002 -0.001670547227877112 0.00054253818913904456 0.0019588536596204381 0.0029251412572771536 4.3253442276344597e-05 0.007080883067337217 0.0031712125218621677 -0.0030274803171668092 -0.00060829139159079392 0.00041315713461232469 0.00091165961325773365 0.017618893552935333 -0.0010088837321571831 -0.0010103613549375602 -0.00030374201278443884 0.0028211438964787757 0.00140325351061476 0.0021828016576172543 0.0023685398600516946 0.0018521353418702296 -0.00068873099733226389 0.0087439074797870282 0.0011793643235931881
leaf_weight=20906 42836 151 5210 98207 252 1269 3929 5262 9331 2970 1108 2862 222 157 165 4017 14265 308 64 19195 940 8840 2284 2510 1289 144 8874 1845 77 9541
leaf_count=20906 42836 151 5210 98207 252 1269 3929 5262 9331 2970 1108 2862 222 157 165 4017 14265 308 64 19195 940 8840 2284 2510 1289 144 8874 1845 77 9541
internal_value=-1.392e-05 0.000228779 0.000739642 5.30321e-05 0.0005003 -0.00010301 0.000164495 -0.000507436 -0.000434074 0.000940963 0.000559438 0.00141763 0.00167925 -0.000633078 0.00202701 0.000436099 0.000679517 0.00360356 0.00735516 -0.000557061 -0.000399088 0.000232814 0.00170402 0.0015983 0.00314914 0.00737156 0.0014126 0.000516982 0.00134526 0.00128708
internal_weight=269030 180342 46161 134181 34705 99476 24835 88688 83426 40257 22360 17897 15035 5904 694 21252 17235 529 221 74095 54900 12064 3224 14813 1584 295 13229 4355 9870 9793
internal_count=269030 180342 46161 134181 34705 99476 24835 88688 83426 40257 22360 17897 15035 5904 694 21252 17235 529 221 74095 54900 12064 3224 14813 1584 295 13229 4355 9870 9793
is_linear=0
shrinkage=0.05


Tree=18
num_leaves=31
num_cat=0
split_feature=8 5 1 8 2 0 1 0 8 2 2 2 5 2 4 2 3 8 2 1 1 8 0 2 1 1 4 0 4 8
split_gain=11.6326 5.55573 6.14834 3.72621 3.26903 2.61334 2.59375 2.21478 2.20796 3.4585 1.97467 2.2095 2.92944 2.14552 2.01407 1.97021 2.37613 1.93781 1.7596 1.70793 1.63964 1.69646 1.62983 1.51822 1.41577 2.41298 1.31176 1.29991 1.29711 1.27992
threshold=0.4935107756377779 67.008265075488623 -0.070068077206283316 0.23129939643694131 -0.20102062680521168 0.037228874289992782 0.071906364990049113 -0.059310384195960013 0.018432200548505692 -0.069751165146041558 -0.030635685929077058 0.20525490716530362 68.218354287684932 -0.14373222694830176 0.46919306990026333 0.14689145610645607 1.0000000180025095e-35 0.74058871629573042 -0.22651167371318895 0.26006599770700684 0.138593914159612 0.33333333014833016 0.0097301672739283935 -0.12295690172034261 -0.23808310028742327 -0.15738888560099426 -1.4263930892379502 0.013428541016496711 -1.1482418154195815 0.23809523601662891
decision_type=10 10 8 10 8 10 10 10 10 8 10 10 10 8 10 10 2 10 10 10 10 10 10 8 10 10 10 10 10 8
left_child=1 2 3 4 5 7 8 18 9 -4 13 -12 14 -3 -13 17 -17 -2 26 -18 21 22 -15 -8 -9 -26 -1 -24 -6 -25
right_child=15 10 6 -5 28 -7 23 24 -10 -11 11 12 -14 20 -16 16 19 -19 -20 -21 -22 -23 27 29 25 -27 -28 -29 -30 -31
leaf_value=0.0013053525156409044 -0.00045386299739946074 -0.0027365930113614403 0.0011450452245419726 -0.00021437188359848411 3.2288265865762097e-05 0.0067863213043376728 0.0022250802050300992 -0.0011239786552843607 -0.00014271404112852802 -0.00013956957996438704 0.00073148270983131643 0.017383730789431586 0.0021069727147878144 0.003841989500544324 0.0053124520679013534 0.00078402507055747462 -0.00026748083871957042 -0.001065845240470711 0.00013478058486885051 -0.0023141287384258625 -0.00062298105462105019 0.00059500274397873297 0.016029527539387346 -0.00078121576334478672 0.0043923618126931315 0.0012093348131744419 0.0064130784712762767 0.0072527567490491222 0.0010050557785515428 0.00077180500589860536
leaf_weight=162 42198 131 9202 7068 4675 282 1500 487 107833 12167 6587 52 1359 402 103 5628 21138 18653 217 1071 160 185 50 1590 708 3744 561 270 12836 8011
leaf_count=162 42198 131 9202 7068 4675 282 1500 487 107833 12167 6587 52 1359 402 103 5628 21138 18653 217 1071 160 185 50 1590 708 3744 561 270 12836 8011
internal_value=-1.3224e-05 0.00021734 0.000152632 0.000793072 0.00109387 0.00208446 1.2314e-05 0.00185892 -5.07014e-05 0.000413616 0.00140756 0.00112737 0.00284974 0.00330226 0.00936217 -0.000482064 -0.000133633 -0.000641457 0.00408346 -0.000366178 0.00404367 0.0048669 0.0059615 0.000745736 0.00143555 0.00171553 0.00526861 0.00862413 0.000745351 0.000514613
internal_weight=269030 180342 171043 30740 23672 6161 140303 5879 129202 21369 9299 8101 1514 1198 155 88688 27837 60851 940 22209 1067 907 722 11101 4939 4452 723 320 17511 9601
internal_count=269030 180342 171043 30740 23672 6161 140303 5879 129202 21369 9299 8101 1514 1198 155 88688 27837 60851 940 22209 1067 907 722 11101 4939 4452 723 320 17511 9601
is_linear=0
shrinkage=0.05


Tree=19
num_leaves=31
num_cat=0
split_feature=8 5 1 2 8 0 1 0 6 2 4 2 6 6 4 8 5 4 8 6 2 5 4 8 4 6 2 2 8 2
split_gain=10.4984 5.05173 5.63602 3.39958 2.99509 2.7766 2.48249 2.46202 2.20741 2.16797 2.84344 2.56475 1.96337 1.87317 2.28797 2.12124 1.84764 1.79536 1.79397 1.70081 1.59128 1.589 1.54217 1.52785 1.97316 1.57437 1.48826 1.601 1.91512 1.43958
threshold=0.4935107756377779 65.327271836664991 -0.054402397294347309 -0.20524185014866811 0.18445624228218932 0.037228874289992782 0.068448214997069115 -0.059310384195960013 1.5361869485606656 0.23999290991948866 0.55687220843679142 0.34107168447774633 1.0913625314285549 0.88173167874633551 -0.96511640687138911 1.0000000180025095e-35 68.54931819711274 -1.4263930892379502 0.072661909308472827 0.50210660955191655 -0.12470270795723808 29.607629306072635 1.3422113471485175 0.26804799527923462 -0.61479003079013894 0.35031719307178938 -0.030635685929077058 -0.14373222694830176 0.31831738772629514 0.28079413032914996
decision_type=10 10 8 8 10 10 10 10 10 8 8 10 10 8 10 10 10 10 8 8 8 10 10 10 10 8 10 10 10 10
left_child=1 2 3 4 5 7 23 8 17 26 11 -11 19 14 -5 -16 -13 -1 -19 -2 21 -8 -22 -4 25 -25 27 -3 -29 -21
right_child=12 9 6 13 -6 -7 20 -9 -10 10 -12 16 -14 -15 15 -17 -18 18 -20 29 22 -23 -24 24 -26 -27 -28 28 -30 -31
leaf_value=-5.1005501694406476e-06 0.00015621950781468871 -0.0017635468308405382 1.2756804370760376e-05 0.0017842929620059103 -0.0012953248146985123 0.0066211668111962512 -0.0013150657659058171 0.0013140378332003801 0.001346369235967516 0.003372938437291367 0.0018855788045856249 0.020044091247022153 -0.00015943351617270912 2.4134082673811139e-05 0.0018773236832461044 0.00023590229714853328 0.0078208280336341737 0.01029142616334866 0.0036055675040662402 -0.00082569228068633035 0.00036434816388233616 0.0028408913678700828 0.0065443464920070839 0.0043063060607197055 -0.0002243465752910348 -0.0014183812616008304 0.00071723658333858545 0.0051084954232021342 0.00011753168952184622 0.00012599849159690521
leaf_weight=93 5930 169 79971 4193 807 301 278 5580 405 188 1403 50 33977 16307 2299 13683 81 256 165 44417 9780 1332 102 123 28016 5094 8773 613 280 4364
leaf_count=93 5930 169 79971 4193 807 301 278 5580 405 188 1403 50 33977 16307 2299 13683 81 256 165 44417 9780 1332 102 123 28016 5094 8773 613 280 4364
internal_value=-1.25628e-05 0.000206473 0.000137227 0.000623131 0.00158463 0.00192642 -3.45749e-05 0.00170898 0.004107 0.00121779 0.0028544 0.00711537 -0.000457961 0.000422644 0.000744751 0.00047202 0.0124862 0.0062822 0.00767108 -0.000643354 0.000665622 0.00212328 0.000428137 -0.000105656 -0.000390601 -0.00128341 0.000931235 0.00269904 0.00354358 -0.000740553
internal_weight=269030 180342 168785 44089 7607 6800 124696 6499 919 11557 1722 319 88688 36482 20175 15982 131 514 421 54711 11492 1610 9882 113204 33233 5217 9835 1062 893 48781
internal_count=269030 180342 168785 44089 7607 6800 124696 6499 919 11557 1722 319 88688 36482 20175 15982 131 514 421 54711 11492 1610 9882 113204 33233 5217 9835 1062 893 48781
is_linear=0
shrinkage=0.05


Tree=20
num_leaves=31
num_cat=0
split_feature=8 7 7 2 5 2 2 2 7 8 4 7 6 8 4 8 5 7 2 5 2 6 2 8 4 0 7 5 7 7
split_gain=8.50552 5.44103 4.81502 4.75661 4.00234 3.73808 3.52915 3.4649 3.72953 2.6019 2.56284 2.25671 2.25505 2.14278 2.10297 2.01447 2.03321 2.00818 2.31023 1.91148 1.87313 2.08362 1.84998 2.19264 2.0171 2.62596 1.69997 1.64277 1.90581 1.78142
threshold=0.47214763640315688 0.035399379558920398 0.054473624498138536 0.13107358875951461 82.721296622103907 -0.25731976722325567 0.25839402339364265 0.16607558155650629 0.048218597682754084 0.89237539003806587 -0.66586243192947159 0.012621321768486548 0.77489056527903322 0.04327412654055534 -0.49814658473674905 0.31831738772629514 69.557319285064295 0.02157882318536683 -0.091704494509509279 65.589279665839854 0.30648267736161167 1.253007325915507 -0.085033167916594807 0.23809523601662891 -0.28731303670844915 0.064879818699374772 0.079061678468717936 79.261974704181185 0.0093581203945442993 0.021109044138841175
decision_type=10 10 10 10 10 8 10 10 10 10 10 8 10 10 8 10 10 10 10 10 10 10 10 8 10 10 10 10 10 10
left_child=1 3 4 5 15 10 14 9 20 27 -1 -7 -8 17 26 22 -17 18 -13 -14 21 -9 24 -24 25 -3 -4 29 -29 -2
right_child=7 2 6 -5 -6 11 12 8 -10 -11 -12 13 19 -15 -16 16 -18 -19 -20 -21 -22 -23 23 -25 -26 -27 -28 28 -30 -31
leaf_value=0.0037079670898924021 -0.00097093569999435114 0.0011908579765219415 0.00083180577624412532 0.0023801227625110458 0.0089362827043265765 -0.00089629531157664087 0.0053527841337566206 -0.00020130618133474355 -0.00069362398416389717 -0.0017046399133170669 -0.00023813406049231275 0.00030367937044111415 -0.0025547230112176666 -8.0853312709168489e-05 -0.0012003485095429662 5.7546627829694701e-05 0.0032366343125458429 0.00083004262913604048 -0.0011752510502746364 0.0031141489105572743 0.0016691209637122104 0.0011336227399111254 -0.00013373442690411863 0.0013197668357566794 0.0029029976825110126 0.0066655129011321292 -0.0026580008856151799 0.0085191130852936541 0.00075326561846269624 -0.00035706635138006536
leaf_weight=1149 15708 9883 2884 2180 159 6745 417 7461 8584 4580 641 14737 270 91603 5314 7149 541 14484 3217 331 3266 4806 4349 6432 2482 224 397 84 1328 47726
leaf_count=1149 15708 9883 2884 2180 159 6745 417 7461 8584 4580 641 14737 270 91603 5314 7149 541 14484 3217 331 3266 4806 4349 6432 2482 224 397 84 1328 47726
internal_value=1.15817e-05 0.000216744 0.000722378 6.35329e-05 0.00102367 2.54403e-05 -0.000256094 -0.000373524 0.000142784 -0.000552878 0.00229487 -5.62017e-06 0.00252762 4.28122e-05 -0.0005858 0.000983165 0.000281199 0.000392036 3.86844e-05 0.000567401 0.000605008 0.000321696 0.00121415 0.000733432 0.00162583 0.00131219 0.00040954 -0.00047153 0.00121526 -0.000509077
internal_weight=269131 175588 40832 134756 31219 132576 9613 93543 24117 69426 1790 130786 1018 124041 8595 31060 7690 32438 17954 601 15533 12267 23370 10781 12589 10107 3281 64846 1412 63434
internal_count=269131 175588 40832 134756 31219 132576 9613 93543 24117 69426 1790 130786 1018 124041 8595 31060 7690 32438 17954 601 15533 12267 23370 10781 12589 10107 3281 64846 1412 63434
is_linear=0
shrinkage=0.05


Tree=21
num_leaves=31
num_cat=0
split_feature=3 7 2 4 7 1 2 7 5 7 2 7 7 2 7 7 6 4 1 1 6 1 4 1 4 6 5 7 7 2
split_gain=7.61449 6.1408 4.0906 3.81133 3.5136 4.28103 4.10447 3.34304 2.69063 3.48489 2.65849 2.46896 2.32179 4.61733 2.29461 3.16739 2.0704 2.26223 2.03629 1.92818 2.60002 1.87436 1.74442 1.76859 1.93593 4.53522 1.78529 1.57657 1.56104 2.87545
threshold=1.0000000180025095e-35 0.022044759013178344 0.19427002954183406 0.75481095787642116 0.070843092138759015 -0.11447863701864362 -0.22651167371318895 0.028862404659885408 84.36679887914751 0.035399379558920398 -0.046906596475218269 0.04516356898295245 0.055933224678610928 0.30648267736161167 0.038542825624953349 0.048218597682754084 0.69491137344285259 -0.94007964123255672 -0.15738888560099426 -0.00077324711471049568 1.2787812200896804 0.22843713725094186 0.94042340005163061 0.032113698821375387 -0.96511640687138911 0.62174119467419764 65.327271836664991 0.084054682809110978 0.075517149084893084 0.3897788632604014
decision_type=2 8 10 10 10 8 8 10 10 10 10 10 10 10 10 10 8 10 10 10 10 10 10 10 10 10 10 10 10 10
left_child=1 3 4 10 5 6 11 19 14 -10 16 18 13 -2 -7 22 17 -1 -3 -4 -21 -15 23 24 25 -16 -26 28 -9 -30
right_child=12 2 7 -5 -6 8 -8 27 9 -11 -12 -13 -14 21 15 -17 -18 -19 -20 20 -22 -23 -24 -25 26 -27 -28 -29 29 -31
leaf_value=0.0025457323079913019 -0.00053986499043370785 0.0062502905538624658 0.014385157547076234 0.0012281051982636604 -0.0014839032744399946 0.00010553168498773323 0.00074932042538735787 0.0011564112485716632 0.00041359772568054623 0.0097785224848752021 -0.00072578406568074019 0.00071419261756599508 -0.0014449653748188325 0.0015888638520312919 0.018050498565887366 -7.3362928637226476e-05 -0.00032659839131360987 0.00025694228461061526 0.0026147746503784055 0.00047363795342687099 0.0070904087563533162 -0.001634680720205611 -0.00152902770588204 0.001908876109710676 0.00055692751477057407 0.0018713286634287033 0.0034292994866685239 -0.0028734118142971585 0.00063789291214814644 0.011266061367297714
leaf_weight=1225 46300 724 50 4027 2804 101272 7055 5307 241 169 27262 687 5891 3676 53 10537 22518 9096 823 266 336 514 647 4989 11365 237 568 231 151 110
leaf_count=1225 46300 724 50 4027 2804 101272 7055 5307 241 169 27262 687 5891 3676 53 10537 22518 9096 823 266 336 514 647 4989 11365 237 568 231 151 110
internal_value=1.10026e-05 0.000147914 0.000324368 -0.000261031 0.000268491 0.000303748 0.00134076 0.00155581 0.000229695 0.00427377 -0.000360809 0.00320851 -0.000505624 -0.000396025 0.000216908 0.000614121 -5.78176e-05 0.000528599 0.00431621 0.00495034 0.00416672 0.00119342 0.00101974 0.00111555 0.000791745 0.00482821 0.00069365 0.00117415 0.00134207 0.0051172
internal_weight=269131 212750 148622 64128 142171 139367 9289 6451 130078 410 60101 2234 56381 50490 129668 28396 32839 10321 1547 652 602 4190 17859 17212 12223 290 11933 5799 5568 261
internal_count=269131 212750 148622 64128 142171 139367 9289 6451 130078 410 60101 2234 56381 50490 129668 28396 32839 10321 1547 652 602 4190 17859 17212 12223 290 11933 5799 5568 261
is_linear=0
shrinkage=0.05


Tree=22
num_leaves=31
num_cat=0
split_feature=8 7 7 2 7 8 8 2 2 4 7 1 7 6 7 2 1 6 4 3 2 7 2 4 8 8 7 4 6 1
split_gain=7.33195 5.57785 3.59503 2.87552 3.9573 2.96573 2.62237 4.79679 2.23798 2.50373 2.2239 1.83713 2.16198 1.82256 2.3286 1.7393 1.85133 1.72807 1.70986 1.59869 1.55336 1.53027 1.50503 1.4609 1.42818 1.38671 1.70069 1.34406 1.3697 1.32379
threshold=0.36842105117728546 0.030454395172624913 0.062182765303145433 0.16607558155650629 0.048218597682754084 0.75094606584372503 0.014691218756133996 0.25839402339364265 0.25839402339364265 0.36266919428038813 0.012621321768486548 -0.076159483882691267 0.075517149084893084 1.3076523575614649 0.079061678468717936 -0.25731976722325567 -0.14738400708105606 0.55108286910926607 -0.15634765943150178 1.0000000180025095e-35 0.30648267736161167 0.04275317982542725 0.12809340207289702 1.4264144945704402 0.32584610537525943 0.1045648154870117 0.073071248271039071 -0.85086216309341711 1.085577884666143 0.26006599770700684
decision_type=10 10 10 10 10 10 10 10 10 8 8 10 10 10 10 8 10 8 10 2 10 10 10 10 8 10 10 10 10 10
left_child=1 10 6 5 19 13 23 -8 18 11 -1 -10 -13 14 17 16 -12 -2 24 21 -21 -5 -17 27 -4 -20 -27 28 -3 -22
right_child=3 2 8 4 -6 -7 7 -9 9 -11 15 12 -14 -15 -16 22 -18 -19 25 20 29 -23 -24 -25 -26 26 -28 -29 -30 -31
leaf_value=-0.00092510187476545962 0.00022775721128801753 0.0035287640453173434 -0.00094586555814141519 0.0019106553036999764 -0.00066119438786088538 -0.00096480737632898158 0.00055754714474907929 0.013476263429199914 0.00065081660139064 0.00013833351214484095 0.0068831405256553528 0.0045190615725439432 0.017830243587611354 0.00025977300448364542 -0.0064116962792468259 3.9316827871196686e-05 0.0011767356462222824 -0.0004934083843051569 -0.0043639210355940847 5.1333001688413255e-05 0.001653236078188318 -0.00072777128031027748 0.0023648976171050024 0.0078333722458880286 0.0016631417205254151 0.002018106502105689 -0.0043248474639507812 0.0011573974456298649 0.00069104315304487399 -0.0031299047780777114
leaf_weight=5854 9995 1304 2847 3498 8914 19428 35463 72 75 481 171 67 56 13297 160 92017 842 49178 591 9384 2652 652 701 89 643 252 182 9482 631 153
leaf_count=5854 9995 1304 2847 3498 8914 19428 35463 72 75 481 171 67 56 13297 160 92017 842 49178 591 9384 2652 652 701 89 643 252 182 9482 631 153
internal_value=1.04525e-05 0.000239857 0.000658318 -0.000286436 0.000186207 -0.000416089 0.000796151 0.000583723 -0.000590007 0.00208633 2.03634e-05 0.0068186 0.0105794 -0.000269311 -0.000387883 7.94128e-05 0.00214001 -0.000371595 -0.000992495 0.000648521 0.000359932 0.00149614 5.68995e-05 0.00145221 -0.00046518 -0.00278794 -0.000641842 0.00140247 0.00260339 0.00139234
internal_weight=269131 151820 52235 117311 25253 92058 47041 35535 5194 679 99585 198 123 72630 59333 93731 1013 59173 4515 16339 12189 4150 92718 11506 3490 1025 434 11417 1935 2805
internal_count=269131 151820 52235 117311 25253 92058 47041 35535 5194 679 99585 198 123 72630 59333 93731 1013 59173 4515 16339 12189 4150 92718 11506 3490 1025 434 11417 1935 2805
is_linear=0
shrinkage=0.05


Tree=23
num_leaves=31
num_cat=0
split_feature=8 7 2 7 5 2 2 7 2 4 8 5 8 4 7 2 5 2 8 6 4 5 4 0 0 6 6 7 6 5
split_gain=6.6367 4.26759 3.94652 3.91213 3.24525 2.76782 2.7512 2.84461 2.73069 2.26919 2.19085 2.14194 1.96132 1.83207 1.75783 2.1349 1.68141 2.48237 2.03974 1.65931 1.58873 1.99081 1.57806 1.63113 1.57171 1.52249 1.44011 1.43415 1.42735 2.18435
threshold=0.47214763640315688 0.035759957434919797 0.13107358875951461 0.054473624498138536 82.721296622103907 0.25839402339364265 0.16607558155650629 0.048218597682754084 -0.25731976722325567 -0.49814658473674905 0.89237539003806587 46.962616813212946 0.054054054030392575 -0.49814658473674905 0.02169689937894281 -0.073446805743991025 59.295989284251469 -0.069751165146041558 0.31066418534844414 0.74466395471854219 0.55687220843679142 66.433854731003393 -0.96511640687138911 -0.062339272320136634 -0.059310384195960013 1.9032115473160072 0.46422611227298244 0.079061678468717936 0.77489056527903322 65.589279665839854
decision_type=10 10 10 10 10 10 10 10 8 10 10 10 10 10 10 10 10 10 10 10 10 10 10 10 10 10 8 10 10 10
left_child=1 2 8 4 16 13 10 -8 9 24 26 -7 14 27 15 -10 17 18 19 22 21 -18 -3 -24 -1 -12 -2 -5 -13 -30
right_child=6 3 -4 5 -6 11 7 -9 12 -11 25 28 -14 -15 -16 -17 20 -19 -20 -21 -22 -23 23 -25 -26 -27 -28 -29 29 -31
leaf_value=0.0068085201994523203 0.00056193645597793702 0.0039659516849418633 0.0021321247191758469 0.00079579743384774982 0.0081000496233868333 0.011926548943760011 0.00053350238025917705 -0.00060064684975800608 0.00022325457579124616 -0.0028707414292537259 -0.0019934030462906908 0.0040836384308605518 -0.00012555733046467805 -0.0010946760130750113 0.00068697189458555579 -0.001124584487830286 0.0017300269643062739 0.0001400976893685029 -0.00030681869249497574 0.0019518639505624398 0.00084745034700772943 0.004932094339792548 0.0088100494608564384 0.00052373427754373396 0.002002972660811818 0.00031448771857886022 -0.00047222679678976152 -0.0024095676974974041 -0.0033430677922955884 0.002821154683670789
leaf_weight=193 3562 372 2256 2884 157 54 15533 8584 17716 217 3694 379 94151 5314 16560 3522 1599 10404 2069 6411 2323 697 60 5831 1437 886 61284 397 254 331
leaf_count=193 3562 372 2256 2884 157 54 15533 8584 17716 217 3694 379 94151 5314 16560 3522 1599 10404 2069 6411 2323 697 60 5831 1437 886 61284 397 254 331
internal_value=9.92988e-06 0.000191157 5.82773e-05 0.000648424 0.000930332 -0.000229089 -0.000330248 0.000129823 2.33091e-05 0.00193252 -0.000490066 0.00223614 -3.41573e-06 -0.000521074 0.000300827 -2.64079e-07 0.000892515 0.000731459 0.00114878 0.0013864 0.00176935 0.00270208 0.000807573 0.000608131 0.00257197 -0.00154694 -0.00041542 0.000407949 0.00169332 0.000144723
internal_weight=269131 175588 136052 39536 29923 9613 93543 24117 133796 1847 69426 1018 131949 8595 37798 21238 29766 25147 14743 12674 4619 2296 6263 5891 1630 4580 64846 3281 964 585
internal_count=269131 175588 136052 39536 29923 9613 93543 24117 133796 1847 69426 1018 131949 8595 37798 21238 29766 25147 14743 12674 4619 2296 6263 5891 1630 4580 64846 3281 964 585
is_linear=0
shrinkage=0.05


Tree=24
num_leaves=31
num_cat=0
split_feature=8 7 7 5 6 8 7 7 5 4 5 8 7 6 5 1 6 4 7 5 4 1 8 7 1 6 4 4 7 5
split_gain=6.03091 4.62408 3.04088 2.77818 2.50223 2.35099 1.95329 1.76946 1.67604 1.89446 1.64142 2.78678 2.00783 1.58378 1.47448 2.21392 1.4551 1.44086 1.43839 1.40885 1.38267 1.35943 1.35113 1.74668 1.2377 1.20701 1.20691 1.17563 1.13526 1.30296
threshold=0.36842105117728546 0.030454395172624913 0.062182765303145433 61.245538605282285 1.2787812200896804 0.014691218756133996 0.012621321768486548 0.016781138874814996 84.36679887914751 0.55687220843679142 67.008265075488623 0.66623571998419873 0.048732584943597293 0.45806781455587359 24.768242559201592 -0.15738888560099426 1.0974429876554652 0.80164327893500864 0.030331016218215278 82.721296622103907 -0.61479003079013894 0.14460248547869184 0.57142857020581539 0.06094917433654435 0.26006599770700684 0.62506809901986327 -0.69248361658208812 0.46038708663435884 0.039694704981381605 49.702161390374222
decision_type=10 10 10 10 10 10 8 10 10 10 10 10 10 10 8 10 10 10 10 10 10 10 10 10 10 8 10 10 10 10
left_child=1 6 3 5 7 26 -1 20 9 -5 22 18 -13 -4 15 -8 21 -14 19 -12 25 -7 23 -6 -16 -2 -3 -20 -18 -30
right_child=4 2 13 8 10 16 14 -9 -10 -11 11 12 17 -15 24 -17 28 -19 27 -21 -22 -23 -24 -25 -26 -27 -28 -29 29 -31
leaf_value=-0.00086843512284634169 0.00036574153939909597 0.0021031586359392704 0.002076466875132786 0.002735670742525299 0.00020133314911373692 0.00017062858689705359 0.0048696494643056245 -0.00031902872897717708 0.0074976876340770108 0.00074290810117959023 0.0030193103095794514 0.00048970530444446432 0.0012146140254899118 -0.00083987780187400247 -2.6990964347380786e-05 0.00043067029487137994 0.00054875870913614737 -0.0020249585401752295 0.0069812793508797549 -0.0014445081395276177 -0.0007688720254634872 0.0046972476387648109 -0.00056134923634299492 0.004597201001577669 0.0039717227854218686 -0.0030622247126202988 0.00089486780074601575 0.00019118843999822298 0.0024428235137830558 1.4673710358652067e-05
leaf_weight=5854 320 3085 517 2295 6591 24361 286 78743 128 2483 1890 7502 442 4677 77531 15720 5459 1536 67 195 7225 167 9953 234 194 1300 6261 1313 2045 757
leaf_count=5854 320 3085 517 2295 6591 24361 286 78743 128 2483 1890 7502 442 4677 77531 15720 5459 1536 67 195 7225 167 9953 234 194 1300 6261 1313 2045 757
internal_value=9.43338e-06 0.000217491 0.0005985 0.000725265 -0.000259828 0.00059415 1.76424e-05 -0.000394349 0.00185135 0.00170008 0.000136578 0.000559589 0.000116065 -0.000549591 7.29826e-05 0.000509987 0.000394751 -0.00130105 0.00177304 0.00260183 -0.00106489 0.000201448 -0.000189795 0.000352049 -1.70103e-05 -0.0023851 0.00129371 0.000520852 0.000968691 0.00178682
internal_weight=269131 151820 52235 47041 117311 42135 99585 87588 4906 4778 29723 12945 9480 5194 93731 16006 32789 1978 3465 2085 8845 24528 16778 6825 77725 1620 9346 1380 8261 2802
internal_count=269131 151820 52235 47041 117311 42135 99585 87588 4906 4778 29723 12945 9480 5194 93731 16006 32789 1978 3465 2085 8845 24528 16778 6825 77725 1620 9346 1380 8261 2802
is_linear=0
shrinkage=0.05


Tree=25
num_leaves=31
num_cat=0
split_feature=8 7 7 1 7 2 1 8 5 2 1 8 8 2 7 2 7 1 6 5 5 7 2 1 5 7 1 0 1 2
split_gain=6.38603 3.80175 3.93736 3.04566 3.3168 2.74654 2.12007 1.88778 3.32428 1.78356 1.93088 1.69276 1.67751 3.41572 1.92773 1.59717 1.5649 1.55906 1.55529 1.46273 1.43586 1.41704 1.35369 1.71258 2.1424 1.34846 1.30166 1.25392 2.60645 2.02253
threshold=0.31831738772629514 0.030983618061388492 0.058752616110890658 0.046287056575604175 0.026396665982416856 0.3897788632604014 0.19168037263172447 0.0093879764495448329 65.062388575563773 -0.25731976722325567 -0.13975089850557351 0.76130113397639287 0.76130113397639287 0.054573968210210551 0.02616633882716456 0.46454772059302524 0.029958485683824681 -0.080369444355017514 0.5165069115141131 56.63246839491439 39.172821064648438 0.02686157183790434 -0.019842560750172985 0.056850005935716326 46.601597995914318 0.012621321768486548 0.073663531254306705 0.026394237177683414 -0.07237934035368225 -0.20102062680521168
decision_type=10 10 10 10 10 10 10 10 10 8 10 10 10 10 10 10 10 10 8 10 10 10 10 10 10 8 10 10 10 10
left_child=1 9 7 11 12 19 15 17 22 10 21 18 13 -5 -14 -7 -13 -3 -2 -4 -20 -1 23 27 -25 -11 -17 -9 29 -29
right_child=3 2 5 4 -6 6 -8 8 -10 25 -12 16 14 -15 -16 26 -18 -19 20 -21 -22 -23 -24 24 -26 -27 -28 28 -30 -31
leaf_value=-5.4892255162309497e-05 0.00029309085015706343 0.0025474823551351507 -0.00052037957003754653 0.00041606716164174106 -0.00013497826091459696 0.011007750983930805 -0.0019616211945129394 0.00037675227262320672 0.003512956619888351 -0.00073386311553659848 0.0010301920998926496 -0.0013451770844012138 -0.00015050845402926537 0.0028140415346484694 0.0067298382734103761 0.00028646125321519443 -0.00034057067838098279 0.0010573467908115486 -0.00085289869066874349 -0.0027277322839534099 -0.00027164591810281826 0.0089057562467976924 -0.00017375287058510097 0.0031136713331766019 -1.4391215635336061e-05 8.6648309929921179e-05 0.0085422713666746062 0.0079020872216900781 0.00069345824817829832 0.0020034590730890686
leaf_weight=62 9570 2262 4649 3479 29300 93 136 17568 947 5311 870 8285 3345 2591 105 138 7285 7836 13313 895 52619 153 5884 1479 869 87579 73 248 2036 351
leaf_count=62 9570 2262 4649 3479 29300 93 136 17568 947 5311 870 8285 3345 2591 105 138 7285 7836 13313 895 52619 153 5884 1479 869 87579 73 248 2036 351
internal_value=9.88378e-06 0.000244869 0.000620224 -0.000242373 0.000128465 -0.000574951 0.0032274 0.000801378 0.000598687 6.32771e-05 0.00207875 -0.000400445 0.000939271 0.00143965 5.88934e-05 0.00554881 -0.000875135 0.00139114 -0.000302555 -0.000876725 -0.000389013 0.00632176 0.00050163 0.000677851 0.00195597 3.97354e-05 0.00314274 0.000529307 0.00154642 0.00444563
internal_weight=269331 139439 45464 129892 38820 5984 440 39480 29382 93975 1085 91072 9520 6070 3450 304 15570 10098 75502 5544 65932 215 28435 22551 2348 92890 211 20203 2635 599
internal_count=269331 139439 45464 129892 38820 5984 440 39480 29382 93975 1085 91072 9520 6070 3450 304 15570 10098 75502 5544 65932 215 28435 22551 2348 92890 211 20203 2635 599
is_linear=0
shrinkage=0.05


Tree=26
num_leaves=31
num_cat=0
split_feature=3 7 8 7 4 8 7 7 6 4 5 8 0 4 7 5 5 6 4 5 7 4 8 5 5 7 8 5 5 8
split_gain=6.01204 3.51663 3.60737 3.09295 3.0654 3.22405 2.84191 2.12941 2.10572 2.42159 2.00079 2.24918 2.41877 1.69847 2.07575 1.64819 2.15525 1.57966 1.66232 1.5356 4.56195 1.96535 1.47561 1.43278 1.33016 1.29287 1.25506 1.21895 1.21713 1.17596
threshold=1.0000000180025095e-35 0.022044759013178344 0.032297688241028778 0.058752616110890658 0.94042340005163061 0.4763019474533613 0.055227318600763041 0.079061678468717936 0.63536151319041323 0.42480299560766693 47.547169786201486 0.23129939643694131 0.027027027027027088 0.70027977645630768 0.018358435625879813 47.341772144907331 66.155370199676042 0.61814667560551106 -0.94007964123255672 84.36679887914751 0.057757133189171216 0.72099149676907681 0.77142856830612294 30.641346612582129 68.218354287684932 0.012621321768486548 0.79298332245770065 67.609507282816807 67.609507282816807 0.51103205056543077
decision_type=2 8 10 8 10 8 10 10 10 10 10 10 10 10 10 10 10 8 10 10 10 10 10 10 10 10 8 10 10 10
left_child=1 4 3 -3 5 17 -2 10 9 23 11 12 -4 14 -7 -10 -17 18 -1 22 21 29 -12 -5 -15 -19 -6 -18 -11 -21
right_child=6 2 7 8 26 13 -8 -9 15 28 19 -13 -14 24 -16 16 27 25 -20 20 -22 -23 -24 -25 -26 -27 -28 -29 -30 -31
leaf_value=0.002669459083685518 -0.00032484483531955443 0.0010654930249327161 7.6742033072386767e-05 -6.2880706134007557e-05 0.002246254180464181 -0.0018304576586448034 -0.0014581405855341673 -0.0025047760915691865 0.00010023609480054238 0.012762908643991169 0.00042213169174085385 -0.00035356734292492093 0.0013083487728719099 -0.001184874949673335 -0.00040212404764543725 -0.0041112007844023805 0.0070645749673311567 -0.00092688130119548723 0.0003119730154414038 0.0090821318076231023 0.016906149401508558 2.2853739788925146e-05 -0.00078735442632925151 0.0013294782041354727 0.0019948308329810075 -9.24060998695601e-05 -0.0015726675115226641 -0.00074907654184066337 0.0032677663624700575 0.00087587793444981804
leaf_weight=819 50123 22152 30990 7162 1715 5824 6218 762 1115 54 45143 29828 4575 562 4516 785 58 5338 8595 116 52 532 2671 2490 793 35579 246 358 90 70
leaf_count=819 50123 22152 30990 7162 1715 5824 6218 762 1115 54 45143 29828 4575 562 4516 785 58 5338 8595 116 52 532 2671 2490 793 35579 246 358 90 70
internal_value=9.38958e-06 0.000130888 0.000264026 0.000714225 -0.000179143 -0.000240678 -0.00044992 0.000129585 7.17794e-05 0.000392338 0.000147197 -3.33717e-05 0.000235173 -0.000988506 -0.00120663 -0.00128409 -0.00256929 -6.69113e-05 0.00051707 0.000390239 0.00260535 0.00156963 0.000354567 0.000296317 0.000676016 -0.000201271 0.00176718 0.000340327 0.00682844 0.00599376
internal_weight=269331 212990 149003 34264 63987 62026 56341 114739 12112 9796 113977 65393 35565 11695 10340 2316 1201 50331 9414 48584 770 718 47814 9652 1355 40917 1961 416 144 186
internal_count=269331 212990 149003 34264 63987 62026 56341 114739 12112 9796 113977 65393 35565 11695 10340 2316 1201 50331 9414 48584 770 718 47814 9652 1355 40917 1961 416 144 186
is_linear=0
shrinkage=0.05


Tree=27
num_leaves=31
num_cat=0
split_feature=8 5 1 8 2 1 0 0 2 2 1 2 4 2 6 2 0 6 6 8 5 5 8 8 6 0 1 2 8 2
split_gain=5.2995 3.27999 3.76421 2.75198 2.0641 1.94793 1.79824 2.24745 1.74828 1.58485 2.04319 2.37165 1.48735 1.47324 1.3996 1.32934 1.27716 2.27968 1.81292 1.26078 1.77722 1.24507 1.21546 1.16082 1.10637 1.08146 1.07608 1.04202 1.16402 1.12725
threshold=0.50659383237964506 66.155370199676042 -0.059815160984455377 0.23129939643694131 -0.21500824586268383 0.051809658994896764 0.024591055851870384 -0.050461122088397641 0.022442770989939857 -0.043519582356536572 0.12775959273898144 -0.14155677326617019 -0.51708818195280837 0.11667401317707661 1.7737832070643782 -0.29919394975115426 0.071774098249793319 1.1156669296880801 2.4440655663061612 0.27146047174202975 26.099290774959027 75.099602289294651 0.76130113397639287 0.24117647020991875 1.5361869485606656 0.019646473239131827 -0.23808310028742327 0.32268664290448762 0.91946033832292196 0.46454772059302524
decision_type=10 10 8 10 8 10 10 10 10 10 10 8 10 10 10 10 10 10 10 10 10 10 10 8 8 10 10 10 10 10
left_child=1 2 3 4 6 19 7 14 -6 10 11 -3 26 -2 -1 -5 17 27 -18 -4 -21 -13 -19 -11 -23 -10 -9 -15 29 -29
right_child=13 9 5 15 8 -7 -8 12 25 23 -12 21 -14 16 -16 -17 18 22 -20 20 -22 24 -24 -25 -26 -27 -28 28 -30 -31
leaf_value=0.0044003325402142057 -0.00048632763474595913 -0.0027155245032276518 1.1604114894689118e-05 -0.0073806241266652257 0.00046947922292901468 0.00046748358228746074 0.0046065994711358962 -0.001335852713229096 0.0029202075592564161 -0.0010461571222586472 -0.0021133994515876511 0.0034537082219574418 -0.0032347416231043149 -0.00050166945788547134 0.00043414401792460925 -0.00015053263125639832 -0.00198964495034493 0.0011574053346187611 0.0005406483815335075 -0.0016746521598311121 -0.00025229674236910255 0.0055211330013844422 0.00016318032504484062 0.00095547152477947102 0.013174217394483623 -0.0016164283967426913 0.001329500060337007 0.00070974908094204384 0.0023026197523912466 -0.0014969577123351006
leaf_weight=829 51046 127 81420 64 22863 17766 464 424 1110 788 182 622 214 15293 304 9584 1898 4891 1129 2361 31457 160 8275 8965 67 149 3543 1791 690 855
leaf_count=829 51046 127 81420 64 22863 17766 464 424 1110 788 182 622 214 15293 304 9584 1898 4891 1129 2361 31457 160 8275 8965 67 149 3543 1791 690 855
internal_value=8.9201e-06 0.000160655 0.000107493 0.000535762 0.000772688 -1.98508e-05 0.00162151 0.00136087 0.000569368 0.00100139 0.00275022 0.00365716 0.000825588 -0.000315272 0.00333615 -0.000198493 -6.45204e-05 2.8911e-05 -0.0010459 -9.49821e-05 -0.000351598 0.00461044 0.000532522 0.000793749 0.00777997 0.00238331 0.00104462 -0.000327015 0.000473642 -3.30243e-06
internal_weight=269331 183463 172552 39548 29900 133004 5778 5314 24122 10911 1158 976 4181 85868 1133 9648 34822 31795 3027 115238 33818 849 13166 9753 227 1259 3967 18629 3336 2646
internal_count=269331 183463 172552 39548 29900 133004 5778 5314 24122 10911 1158 976 4181 85868 1133 9648 34822 31795 3027 115238 33818 849 13166 9753 227 1259 3967 18629 3336 2646
is_linear=0
shrinkage=0.05


Tree=28
num_leaves=31
num_cat=0
split_feature=3 7 8 2 7 2 8 2 7 8 5 7 2 7 7 5 8 2 8 8 8 6 0 5 5 2 7 5 5 6
split_gain=5.06926 3.04107 3.06653 3.93938 2.57494 2.53662 2.22649 2.22408 2.09292 1.97238 2.46425 2.58886 1.73249 1.46189 2.3747 1.70022 2.0758 1.48873 1.77993 1.4074 1.39166 1.75078 1.41045 1.38382 1.37079 1.30778 2.82645 2.02022 1.40628 1.70915
threshold=1.0000000180025095e-35 0.022044759013178344 0.011124157997051442 -0.067262014085127317 0.055227318600763041 0.19427002954183406 0.59353702287685184 0.36249146008198335 0.079061678468717936 0.73026093693571581 82.721296622103907 0.035582665312475961 0.097204641482651968 0.038330976880495846 0.045550372314020794 65.327271836664991 0.41342056129146593 -0.17344976801515857 0.22773087439012649 0.38041764916219395 1.0000000180025095e-35 0.37777817132217473 0.025781599822981453 37.588304605188654 24.436513577071974 0.3897788632604014 0.048218597682754084 32.562800235558818 68.218354287684932 0.91718349947115263
decision_type=2 8 10 8 10 10 8 10 10 10 10 10 10 10 10 10 10 10 10 10 10 10 10 10 10 10 10 10 10 10
left_child=1 6 3 20 7 8 -1 -2 9 10 13 19 -8 24 15 17 -17 18 -15 -12 21 -3 -23 -19 -4 26 27 -5 29 -27
right_child=4 2 5 25 -6 -7 12 -9 -10 -11 11 -13 -14 14 -16 16 -18 23 -20 -21 -22 22 -24 -25 -26 28 -28 -29 -30 -31
leaf_value=-6.2237727718604757e-05 -0.00036967136298717609 -0.00084230526688363347 0.0006206440565706085 -0.00013492594489954138 -0.0013729852340966652 0.0013372668982319987 -0.0012684991892616213 0.0011762263857571802 -0.0025108375747028809 -0.0010373516196253744 0.0075224295352301048 0.0082638882812483151 0.0011251531302490397 0.0026594686658015371 -1.390919660887795e-05 0.0053568174498036282 0.00070350159055003556 -0.00041247658044177201 -0.00077317538079114457 -0.0016693936420379433 0.00067298890946714397 0.0024525013837433996 0.00020697777760068136 0.0008679579869180547 -4.148845024744689e-05 0.0083353382356821781 -0.001343401065244765 0.0010282486620286661 0.00062767204887794349 -0.00040844071495701518
leaf_weight=56664 47677 527 8720 7356 6218 4229 6467 2446 768 3641 54 191 856 1771 13900 462 498 2928 480 182 3327 5370 804 7554 75456 167 2558 7579 397 84
leaf_count=56664 47677 527 8720 7356 6218 4229 6467 2446 768 3641 54 191 856 1771 13900 462 498 2928 480 182 3327 5370 804 7554 75456 167 2558 7579 397 84
internal_value=8.4741e-06 0.00012004 0.000243849 0.00071364 -0.000413287 0.000134331 -0.000168267 -0.000294232 9.07028e-05 0.000107951 0.000145119 0.00393626 -0.0009887 0.000130635 0.000446471 0.000913811 0.00294291 0.000760828 0.0019275 0.00043382 0.00150892 0.00192396 0.00216008 0.000510287 2.71035e-05 0.000274022 0.000192315 0.000455345 0.00247975 0.00540913
internal_weight=269331 212990 149003 28169 56341 120834 63987 50123 116605 115837 112196 427 7323 111769 27593 13693 960 12733 2251 236 10028 6701 6174 10482 84176 18141 17493 14935 648 251
internal_count=269331 212990 149003 28169 56341 120834 63987 50123 116605 115837 112196 427 7323 111769 27593 13693 960 12733 2251 236 10028 6701 6174 10482 84176 18141 17493 14935 648 251
is_linear=0
shrinkage=0.05


Tree=29
num_leaves=31
num_cat=0
split_feature=3 1 1 2 7 8 2 7 0 8 2 8 7 4 2 8 2 7 2 8 4 2 1 6 8 6 7 7 7 2
split_gain=4.57501 3.05532 3.58 2.4271 2.32389 2.13855 2.01339 2.68355 2.81581 2.00815 2.00723 1.5864 1.45185 1.38602 1.38568 1.37194 2.22249 1.64132 1.36817 1.6816 1.35286 2.0234 1.99123 1.72949 1.87139 1.64026 1.53074 1.34669 1.83716 1.67145
threshold=1.0000000180025095e-35 -0.061728395061728385 0.051809658994896764 0.2688814819575725 0.055227318600763041 0.23129939643694131 -0.17344976801515857 0.066940537286215143 0.02348121821676619 0.45554474172630172 0.36249146008198335 0.74058871629573042 0.084054682809110978 1.4264144945704402 0.16607558155650629 0.018432200548505692 -0.069751165146041558 0.019961249488777404 0.029733328756107128 0.16961907320596217 -0.43438766962291697 -0.2204671338228493 -0.034521534890796339 0.61814667560551106 0.2177029679116855 1.2787812200896804 0.015284114862724163 0.048218597682754084 0.032103619945936163 0.17480451732844984
decision_type=2 8 10 10 10 10 8 10 10 8 10 10 10 10 10 10 8 8 10 8 10 10 10 8 10 10 10 10 10 10
left_child=1 5 3 11 10 6 7 8 -1 -5 -2 15 13 -4 -7 16 -3 -18 -8 -20 23 -22 -23 -17 -25 -24 -26 28 -19 -30
right_child=4 2 12 9 -6 14 18 -9 -10 -11 -12 -13 -14 -15 -16 20 17 27 19 -21 21 22 25 24 26 -27 -28 -29 29 -31
leaf_value=0.0013346904120672088 -0.0003511877889951048 0.00096159515360644027 0.0004676641299716321 0.0099858279439753728 -0.001304335960271658 -0.00019600137820019052 0.00033372283568619033 -0.0013529432823344712 0.0047624180759781891 0.001809203597089035 0.001117415066043398 -0.0013228700068172589 -0.0039266212946487307 0.0023455465063597523 0.0031300219059157714 0.00010670567084747306 -0.0018705212259999802 -9.8263179114949263e-05 0.0063821263757891421 0.00125064035950093 -0.0018676711313915383 0.00089190001080064602 -0.00016456374221524145 -0.0002601967680449521 -0.0021381283687143971 0.00050542346663563201 -0.00074831449404465591 -0.0017457732145099967 0.0022494175612052065 -0.0022157064640481042
leaf_weight=8100 47677 7868 30770 84 6218 10269 17939 851 647 708 2446 2600 184 1015 323 15162 1214 7248 193 924 1416 6258 50762 22244 2482 11140 9819 921 1608 241
leaf_count=8100 47677 7868 30770 84 6218 10269 17939 851 647 708 2446 2600 184 1015 323 15162 1214 7248 193 924 1416 6258 50762 22244 2482 11140 9819 921 1608 241
internal_value=8.0504e-06 0.000114038 2.40341e-05 -8.37416e-05 -0.000392622 0.00051249 0.000736893 0.00132746 0.00158823 0.00267642 -0.00027952 -9.92474e-05 0.000501994 0.000527631 -9.45753e-05 -7.62574e-05 0.000317174 -0.000134242 0.000439441 0.00213728 -0.000139255 3.07176e-06 4.19358e-05 -0.000338473 -0.000533865 -4.39916e-05 -0.00102874 7.61639e-05 0.000260621 0.00166743
internal_weight=269331 212990 173744 141775 56341 39246 28654 9598 8747 792 50123 140983 31969 31785 10592 138383 19100 11232 19056 1117 119283 69576 68160 49707 34545 61902 12301 10018 9097 1849
internal_count=269331 212990 173744 141775 56341 39246 28654 9598 8747 792 50123 140983 31969 31785 10592 138383 19100 11232 19056 1117 119283 69576 68160 49707 34545 61902 12301 10018 9097 1849
is_linear=0
shrinkage=0.05


Tree=30
num_leaves=31
num_cat=0
split_feature=1 8 5 7 5 8 4 7 4 1 6 4 1 4 8 4 0 0 1 8 5 7 6 0 5 8 1 5 0 7
split_gain=4.3098 2.72085 2.41888 2.23734 1.97885 2.56268 1.88752 1.73948 2.07283 1.8731 1.62174 1.36008 1.28287 1.25975 1.16895 1.5614 1.21393 1.26485 1.20824 1.49629 1.16192 1.12945 1.19531 1.08296 1.07892 1.04696 1.57285 1.2567 1.11403 1.0868
threshold=-0.094794384716213473 0.50224926047455021 65.589279665839854 0.035759957434919797 82.721296622103907 0.30721966170443199 0.55687220843679142 0.070843092138759015 0.57521814977149266 0.09310529808872571 1.2787812200896804 -0.30299248606751245 0.13273324462366434 1.5441925810724568 0.20528607269751348 -1.1482418154195815 -0.066295578493882498 0.024591055851870384 -0.15738888560099426 0.011124157997051442 26.099290774959027 0.012621321768486548 0.60060948237453116 -0.038564561464217488 31.391995399229952 0.01657189319799162 -0.0047473049618750309 51.670284442205123 0.054494406694063253 0.050417968496791338
decision_type=8 10 10 8 10 10 10 10 10 10 10 8 10 10 10 10 10 10 10 8 10 8 8 10 10 10 8 10 10 10
left_child=14 2 7 -4 6 -6 12 9 -9 21 -3 24 -5 -8 15 -1 18 -18 19 -17 -19 22 -2 -13 -11 26 29 28 -27 -23
right_child=1 10 3 4 5 -7 13 8 -10 11 -12 23 -14 -15 -16 16 17 20 -20 -21 -22 25 -24 -25 -26 27 -28 -29 -30 -31
leaf_value=0.00017255252829101865 0.00098074931949955067 -0.00042099092970416331 0.00026701030337383076 0.0031443183245593517 0.0023199101110248895 0.011731382559369737 0.00017054905933411985 -0.0010438134891596091 -0.0077446976082202624 0.00059623336514885554 6.8697306065662936e-05 -0.0024385581310590048 -0.0024162429789742288 0.0074106897745702064 0.00015989477901769451 0.013666762279515918 0.0010098369915873251 0.0056004997016980028 0.0018808219716940765 0.0040755127867062894 0.0015634945857527782 0.00075253835186344861 -0.00092567054382760585 0.00089530789311051341 0.009332876894456733 -0.00015018675455093724 -0.00019700398499335778 0.00028050208592805999 0.0011021678114002298 -0.00096191706222629309
leaf_weight=4026 963 61384 7616 1404 215 109 1940 1870 123 61 23335 254 112 62 6279 55 7629 296 391 156 448 13939 5624 5942 84 88769 9034 24194 1812 990
leaf_count=4026 963 61384 7616 1404 215 109 1940 1870 123 61 23335 254 112 62 6279 55 7629 296 391 156 448 13939 5624 5942 84 88769 9034 24194 1812 990
internal_value=-1.70247e-07 -5.57549e-05 6.24374e-05 0.000763256 0.00174696 0.00548612 0.0014026 1.01789e-05 -0.00145737 2.94635e-05 -0.000286111 0.00087066 0.00273351 0.000394769 0.000720113 0.000990677 0.00135767 0.00120175 0.00352633 0.0065756 0.00316961 -7.24061e-06 -0.000646958 0.000758639 0.00565746 2.31319e-05 0.000323732 -3.96283e-05 -0.000125134 0.000638846
internal_weight=269116 249836 165117 11458 3842 324 3518 153659 1993 151666 84719 6341 1516 2002 19280 13001 8975 8373 602 211 744 145325 6587 6196 145 138738 23963 114775 90581 14929
internal_count=269116 249836 165117 11458 3842 324 3518 153659 1993 151666 84719 6341 1516 2002 19280 13001 8975 8373 602 211 744 145325 6587 6196 145 138738 23963 114775 90581 14929
is_linear=0
shrinkage=0.05


Tree=31
num_leaves=31
num_cat=0
split_feature=1 3 5 7 7 8 8 7 1 5 5 7 7 1 5 6 1 7 8 7 5 1 7 8 7 0 8 5 6 1
split_gain=3.91662 2.92185 2.81278 2.64932 1.86974 3.06756 1.40076 1.3561 1.8839 1.79085 1.512 2.90587 1.34842 1.5041 1.55978 1.34687 1.29572 3.55373 2.04524 2.03269 1.53815 1.27036 1.19789 1.14534 1.1406 1.12634 1.11337 1.07707 1.49183 1.96924
threshold=-0.10487348131908285 1.0000000180025095e-35 65.589279665839854 0.059819200537251725 0.020551039971919455 0.4763019474533613 0.45122353838458956 0.070843092138759015 0.19168037263172447 59.090252740256197 54.801442114025576 0.055227318600763041 0.0093581203945442993 0.13273324462366434 68.881771044823552 0.62506809901986327 0.053007751304393287 0.03686004482621686 0.71509932806643828 0.030087733250814895 84.36679887914751 -0.012491137028202258 0.070843092138759015 0.68539325521819683 0.052306130992699713 0.03272600367994339 0.69487750502626466 18.20754993687834 2.4440655663061612 -0.13975089850557351
decision_type=8 2 10 10 8 8 10 10 10 10 10 10 10 10 10 8 10 10 10 10 10 10 10 10 10 10 10 8 10 10
left_child=22 2 4 -3 5 15 -5 8 26 10 -10 -12 13 14 -4 -2 17 18 -14 -18 23 -9 27 -19 -25 -16 -6 28 29 -1
right_child=1 3 12 6 7 -7 -8 21 9 -11 11 -13 16 -15 25 -17 19 20 -20 -21 -22 -23 -24 24 -26 -27 -28 -29 -30 -31
leaf_value=0.0038834092561470367 0.00048512665301709212 -0.00027612441792560654 -0.0007045329750555631 -0.0073848978901178974 0.00010841393477186936 -0.0011618245692317246 -0.0014984034310577688 0.00021927245292938224 0.0024288335382909878 -0.00046556281900475137 0.0026891307119512931 0.016398957352493967 -6.8553673205253851e-05 -0.0014680487554002283 0.0047095502094012583 -0.00024817873751889475 0.0018719022954000819 0.0022198001914173599 -0.0028724155507561964 0.00035010188892041879 0.0097879151986431222 -0.0021580134264220451 -0.00078326331342538533 -0.0036573078345099931 0.0047676288158158371 0.012485151533037425 -0.00073375743698515827 0.00072360267617291687 -0.0025366365672346361 0.00075799658220459523
leaf_weight=1004 7786 51254 119 104 123740 8292 3578 991 490 390 100 63 7629 151 304 31986 3681 1728 711 5433 62 1298 1122 166 53 55 4053 11589 172 1012
leaf_count=1004 7786 51254 119 104 123740 8292 3578 991 490 390 100 63 7629 151 304 31986 3681 1728 711 5433 62 1298 1122 166 53 55 4053 11589 172 1012
internal_value=-1.61736e-07 -4.63394e-05 4.2661e-05 -0.00036919 -2.02405e-05 -0.000287011 -0.00166467 7.75445e-05 9.89772e-05 0.00221535 0.0038165 0.00798802 0.000603643 0.00288215 0.00425637 -0.000104623 0.000530007 0.000147159 -0.000307588 0.000964733 0.00203496 -0.00112879 0.000787754 0.00178808 -0.0016184 0.0059008 8.17042e-05 0.000915698 0.00193315 0.0023145
internal_weight=269116 254217 199281 54936 179189 48064 3682 131125 128836 1043 653 163 20092 629 478 39772 19463 10349 8340 9114 2009 2289 14899 1947 219 359 127793 13777 2188 2016
internal_count=269116 254217 199281 54936 179189 48064 3682 131125 128836 1043 653 163 20092 629 478 39772 19463 10349 8340 9114 2009 2289 14899 1947 219 359 127793 13777 2188 2016
is_linear=0
shrinkage=0.05


Tree=32
num_leaves=31
num_cat=0
split_feature=1 1 8 7 8 7 4 7 6 8 7 4 6 6 7 8 7 1 8 8 4 6 1 6 4 7 7 0 6 0
split_gain=3.68569 2.38222 2.31268 2.19222 1.39949 2.36825 1.4159 1.5518 1.38825 1.34579 1.47394 1.26711 1.40264 1.24829 1.21256 1.68524 1.92857 1.48561 1.47539 1.35116 1.28276 1.27192 1.17989 1.24258 1.80362 2.3469 1.11949 1.54353 1.08422 1.44928
threshold=-0.053627066939369743 0.051809658994896764 0.27497765384613809 0.059819200537251725 0.8609775726248089 0.030206774574356474 -0.61479003079013894 0.016625215924970689 0.95131173623803866 0.57600180401789769 0.070843092138759015 -0.41411456341770297 0.54273377100787001 0.52990710852304213 0.030087733250814895 0.36455017861569655 0.040701661468941046 0.10798492700206642 0.12244188096538418 0.98548752424217623 0.90901025542326297 2.8721210558773405 -0.10487348131908285 0.64875452722813576 -0.96511640687138911 0.03946003414417007 0.04516356898295245 0.024591055851870384 1.4310490402666254 -0.070991281012234661
decision_type=8 10 10 10 10 10 10 10 10 8 10 8 10 8 10 10 10 10 10 10 10 10 10 10 8 10 8 10 10 10
left_child=22 2 -2 11 6 -6 7 13 -8 10 -5 12 -3 -4 17 16 -16 -13 -18 21 -20 -19 26 24 25 -24 27 28 29 -1
right_child=1 3 4 9 5 -7 8 -9 -10 -11 -12 14 -14 -15 15 -17 18 19 20 -21 -22 -23 23 -25 -26 -27 -28 -29 -30 -31
leaf_value=0.0046783945723551995 1.0997336799395908e-05 -0.0038628770950778673 0.0014998574277446585 0.0027035480338636108 -0.0019839122994250538 8.0844041336583733e-05 -0.00041364870119291576 -0.00048203467840157672 3.4739358810215244e-05 -0.0014813990038802564 -0.0013764094262082569 0.00036581076200521028 0.0051916594952789302 -0.0024008593107052497 6.1449227702182712e-05 -0.0001773584247342009 0.00045123693452556581 0.0010188902826991756 0.0030926912436700991 0.0093181050510826972 -0.0019403719454598818 0.0038180085967513058 0.0019727792579304162 2.0299431244076212e-05 0.00042815824644207518 0.012922722043317753 0.000224343257644395 0.0041338635639313814 -0.00020277668599481751 0.0010839523110561093
leaf_weight=293 79562 52 227 462 3317 2389 44888 5310 28049 2851 425 14557 241 2126 4662 19273 1344 3392 1532 54 138 461 1208 25506 12140 51 6052 402 1614 6538
leaf_count=293 79562 52 227 462 3317 2389 44888 5310 28049 2851 425 14557 241 2126 4662 19273 1344 3392 1532 54 138 461 1208 25506 12140 51 6052 402 1614 6538
internal_value=-1.53651e-07 -9.26517e-05 -0.000183455 0.000211963 -0.000362713 -0.00111944 -0.000309142 -0.000955678 -0.000241214 -0.000952221 0.000748664 0.000307175 0.00358471 -0.00202455 0.000286028 7.21712e-05 0.000698693 0.000598162 0.00168437 0.00146387 0.00267679 0.0013538 0.000370004 0.000225107 0.000614973 0.00241634 0.000748366 0.00110684 0.000962743 0.00123813
internal_weight=269116 215312 165868 49444 86306 5706 80600 7663 72937 3738 887 45706 293 2353 45413 26949 7676 18464 3014 3907 1670 3853 53804 38905 13399 1259 14899 8847 8445 6831
internal_count=269116 215312 165868 49444 86306 5706 80600 7663 72937 3738 887 45706 293 2353 45413 26949 7676 18464 3014 3907 1670 3853 53804 38905 13399 1259 14899 8847 8445 6831
is_linear=0
shrinkage=0.05


Tree=33
num_leaves=31
num_cat=0
split_feature=8 7 7 6 5 2 2 7 5 8 7 7 4 2 5 4 8 2 5 8 5 8 5 6 7 7 4 8 2 4
split_gain=2.94799 2.69588 2.51223 1.69223 1.50446 3.46968 1.8059 1.86539 1.98677 1.59795 1.48247 2.08982 1.94379 1.42279 1.40996 1.35041 1.24005 1.64426 1.27235 1.23316 1.21504 2.13844 1.91481 1.6044 1.77749 1.64023 1.47623 1.25228 1.17209 2.26672
threshold=0.36842105117728546 0.030983618061388492 0.058752616110890658 1.2787812200896804 57.423902378793336 -0.0076144379253527119 -0.091704494509509279 0.037487772843979549 19.306490255620954 0.27840908985451102 0.048218597682754084 0.043696133150102102 0.5027545543433326 0.076100291161981151 28.493462143451811 1.5441925810724568 0.067896700001889368 -0.067262014085127317 70.622972347479006 0.067896700001889368 28.780845954188944 0.075006808784901222 45.229723179479301 0.91718349947115263 0.040970522754318658 0.055933224678610928 -0.061446170109221036 0.17569641369710343 0.3897788632604014 0.40732190437622123
decision_type=10 10 10 10 10 10 10 10 10 10 10 10 10 10 10 10 10 10 10 8 10 8 10 10 10 10 10 8 10 10
left_child=1 13 4 -2 6 -6 7 -3 -9 19 11 -8 14 16 -13 -7 17 18 -1 -10 21 -21 26 25 27 -23 -22 -25 -4 -30
right_child=3 2 28 -5 5 15 10 8 9 -11 -12 12 -14 -15 -16 -17 -18 -19 -20 20 22 23 -24 24 -26 -27 -28 -29 29 -31
leaf_value=0.0003098017452469269 -0.00029849585338696458 0.00028101875603769654 -0.00067042123352281061 0.00013811600130454301 0.0031244340594020741 0.00050282631474506795 2.2373115795762289e-05 -0.00067644248528975172 0.00057012665426336713 -0.000362351204006154 -0.001186199079747461 -0.0034205604902317016 0.009574510961538182 0.0011460326735238458 0.0020579081413007521 0.0086801956804907505 -0.00017402031697458925 -0.00052506168560809271 0.0038697351698796798 0.010478359407914634 0.0027751261018543107 -0.0010111736477398771 0.00056653890704702853 0.01140838574298636 0.00064503600994168331 0.0082645872002467518 0.0087865942614596525 0.0019014743986942983 0.0082959706142665471 -3.6899778280200852e-05
leaf_weight=31658 87797 10324 5892 29700 1831 5019 12186 1215 1858 1053 2100 129 80 2628 1311 51 60465 6672 253 55 3730 1018 1092 86 258 50 105 58 108 334
leaf_count=31658 87797 10324 5892 29700 1831 5019 12186 1215 1858 1053 2100 129 80 2628 1311 51 60465 6672 253 55 3730 1018 1092 86 258 50 105 58 108 334
internal_value=-1.45968e-07 0.000145534 0.00044636 -0.000188132 0.000581509 0.00125883 0.000454174 0.000759141 0.00122578 0.00147263 5.08824e-05 0.000240425 0.00198857 -2.23091e-06 0.00156713 0.000585084 -3.26973e-05 0.000188776 0.000338026 0.00170515 0.002032 0.000798682 0.00241374 0.000436517 0.00312892 -0.000576915 0.00293972 0.00757921 -0.00048413 0.00199919
internal_weight=269116 151619 49943 117497 43609 6901 36708 20902 10578 9363 15806 13706 1520 101676 1440 5070 99048 38583 31911 8310 6452 1525 4927 1470 402 1068 3835 144 6334 442
internal_count=269116 151619 49943 117497 43609 6901 36708 20902 10578 9363 15806 13706 1520 101676 1440 5070 99048 38583 31911 8310 6452 1525 4927 1470 402 1068 3835 144 6334 442
is_linear=0
shrinkage=0.05


Tree=34
num_leaves=31
num_cat=0
split_feature=1 6 2 2 7 5 8 7 5 5 5 1 7 8 2 7 1 8 5 7 1 8 4 4 6 1 7 8 4 2
split_gain=3.25576 2.07813 1.9225 2.21506 1.91922 1.68134 1.8997 1.59596 1.35246 1.34585 1.34395 1.33961 1.98655 1.46219 1.76097 1.32596 1.26089 1.24458 1.7959 1.56616 1.60368 1.75708 1.56672 1.53469 1.48806 1.55126 1.24311 1.2725 1.20482 1.1444
threshold=-0.053627066939369743 1.2698664334211114 0.3897788632604014 -0.01377161909206087 0.034206060103639156 81.358519548871314 0.91946033832292196 0.065185274809158783 65.589279665839854 29.332769766351905 77.611940197148598 0.032962389578208191 0.023668688393738632 0.87359775149466901 0.14355260762423686 0.024427854783395594 0.010731513435961017 0.8609775726248089 71.769045585759457 0.034048340045024515 0.071906364990049113 0.45122353838458956 0.80164327893500864 1.4264144945704402 4.1205965995928295 0.26006599770700684 0.053672811631288876 0.75094606584372503 0.062076412547852268 0.19973999517365862
decision_type=8 8 8 10 10 10 10 10 10 10 10 10 10 10 10 10 10 10 10 10 10 8 10 10 10 10 10 8 10 10
left_child=-1 2 3 4 10 6 26 11 -8 -6 -2 12 13 14 -5 -13 -14 18 -3 20 -20 -22 -21 -24 25 -25 27 -4 -9 -23
right_child=1 17 5 7 9 -7 8 28 -10 -11 -12 15 16 -15 -16 -17 -18 -19 19 22 21 29 23 24 -26 -27 -28 -29 -30 -31
leaf_value=0.00034776060492702423 -0.00015179536740545874 0.00016250081553189927 0.0086624650100834266 -0.00088054183762868276 -0.00040538210240087215 -0.0013765245526452113 -0.002790148711526099 4.4156471880713624e-05 0.0057456538205231042 0.00067560259264160644 0.0062146743649409255 0.00066719483490001921 -7.5699977558257414e-05 -0.0028912620996297401 0.0020025152004582362 -0.00024596520375939088 -0.0008033762881133116 -0.00041977896339718705 0.00070625602243010882 0.0022864069701389695 -0.0011268653368041756 0.0025345705546131261 -0.0013736745720502748 0.0016201022861588917 -0.0020200133638603518 0.01180509372506864 -3.4117638516580279e-05 0.0018710886257673001 -0.0030535177502601712 0.0054969724867787286
leaf_weight=53804 65364 39712 76 18801 3647 565 53 465 373 13680 83 5099 23998 873 545 18040 7917 7321 1814 584 243 1054 1394 88 95 65 1179 746 966 472
leaf_count=53804 65364 39712 76 18801 3647 565 53 465 373 13680 83 5099 23998 873 545 18040 7917 7321 1814 584 243 1054 1394 88 95 65 1179 746 966 472
internal_value=-1.38671e-07 -8.70747e-05 -0.000175663 -0.000199221 -1.9841e-05 0.00108004 0.00165192 -0.000392797 0.00468369 0.000448076 -0.000143721 -0.00036135 -0.000501875 -0.000889647 -0.000799323 -4.47377e-05 -0.000256211 0.000185302 0.000282615 0.00110375 0.00175086 0.00282204 6.21555e-05 -0.00072893 0.00289516 0.00594706 0.00100647 0.002499 -0.00204694 0.00345086
internal_weight=269116 215312 162470 159478 82774 2992 2427 76704 426 17327 65447 75273 52134 20219 19346 23139 31915 52842 45521 5809 3583 1769 2226 1642 248 153 2001 822 1431 1526
internal_count=269116 215312 162470 159478 82774 2992 2427 76704 426 17327 65447 75273 52134 20219 19346 23139 31915 52842 45521 5809 3583 1769 2226 1642 248 153 2001 822 1431 1526
is_linear=0
shrinkage=0.05


Tree=35
num_leaves=31
num_cat=0
split_feature=1 1 8 7 7 8 8 8 6 4 6 4 7 7 4 7 6 4 8 3 0 1 0 7 1 4 7 0 4 6
split_gain=3.20647 2.09571 2.01514 1.95967 1.75341 2.24616 1.73924 1.63119 1.31535 1.25108 1.31249 1.58344 1.18147 1.70321 2.11699 1.46462 1.08835 1.2359 1.06377 1.05179 1.01536 0.98191 1.03252 0.973035 1.88024 0.951234 1.59266 1.19796 0.910935 2.11109
threshold=-0.045886549553394378 0.043139448846459046 0.57142857020581539 0.059819200537251725 0.022589881439132608 0.0093879764495448329 0.18723766890753532 0.3604740832465238 0.35031719307178938 0.74308898190729644 0.92996735694619359 -0.2074563251569205 0.038998441370282362 0.022913603576878383 0.36266919428038813 0.070843092138759015 0.56692611901344858 -0.77020885620134005 0.78756700837013283 1.0000000180025095e-35 0.021426348320916725 -0.0047473049618750309 0.025188916876574322 0.036124634949462442 0.12775959273898144 -0.45379578502954682 0.057757133189171216 0.059174224623200218 -0.3528066901266495 0.92114602670131396
decision_type=8 10 8 10 10 10 10 8 8 10 10 10 10 10 10 10 10 10 8 2 10 8 10 10 10 10 8 10 10 8
left_child=6 4 12 23 7 -6 25 -2 -8 10 19 -12 13 14 -3 -14 21 -18 -19 -7 -13 22 -9 24 -4 27 -27 -1 29 -10
right_child=1 2 3 -5 5 9 8 16 28 -11 11 20 15 -15 -16 -17 17 18 -20 -21 -22 -23 -24 -25 -26 26 -28 -29 -30 -31
leaf_value=0.00044106673428337233 -0.00014055911795998101 -0.00019288660533352568 4.7009782159375106e-05 -0.0012847353572165987 0.00083693531426973482 -8.8935845818908431e-05 0.0022540161383590176 0.00034222242223766409 0.00011212928959171431 -0.0012208814202736913 -0.00031442937584828866 0.00078933366426665028 0.0013720600291121242 4.7681820324831222e-05 0.0020509972215077307 -0.0015253209121990428 -0.002327022130515739 -0.00054534950358172839 -0.0014205848251939714 -0.00062721802925497314 -4.328685367273302e-05 -0.00059228533673689728 0.0042310586743501966 -0.00027993270122668115 0.0013763175680578527 0.0019407133959182092 -0.00069593601506324912 0.0036146562533006851 0.00033024107231309485 -0.0011341394210484775
leaf_weight=33781 33666 1720 14697 3024 6882 37280 644 2746 11070 2436 8917 11014 5465 13482 2703 474 1296 16035 4431 11995 5485 4503 182 13040 3248 2582 736 300 10436 4903
leaf_count=33781 33666 1720 14697 3024 6882 37280 644 2746 11070 2436 8917 11014 5465 13482 2703 474 1296 16035 4431 11995 5485 4503 182 13040 3248 2582 736 300 10436 4903
internal_value=1.92152e-05 -7.76137e-05 0.000177278 -6.98103e-05 -0.000178018 -2.85774e-05 0.000326776 -0.000377741 2.13865e-05 -0.000105807 -6.94392e-05 0.0002224 0.000529703 0.000327 0.0011784 0.00114082 -0.000651265 -0.000829662 -0.000734843 -0.00021997 0.000512534 -0.000128821 0.000583947 4.8761e-05 0.000287611 0.000547683 0.00135585 0.000469002 -3.30576e-05 -0.00027042
internal_weight=269173 204721 57853 34009 146868 84009 64452 62859 27053 77127 74691 25416 23844 17905 4423 5939 29193 21762 20466 49275 16499 7431 2928 30985 17945 37399 3318 34081 26409 15973
internal_count=269173 204721 57853 34009 146868 84009 64452 62859 27053 77127 74691 25416 23844 17905 4423 5939 29193 21762 20466 49275 16499 7431 2928 30985 17945 37399 3318 34081 26409 15973
is_linear=0
shrinkage=0.05


Tree=36
num_leaves=31
num_cat=0
split_feature=2 8 7 7 8 4 0 7 5 7 4 2 7 2 8 8 5 2 7 7 4 7 4 5 2 4 8 2 5 2
split_gain=2.55202 3.46628 1.82715 2.11555 1.95173 2.84483 1.80951 1.47627 1.50232 1.80763 1.4559 1.74971 1.51056 1.43621 2.73428 1.669 2.11655 1.52877 1.36724 1.33055 1.311 1.19747 1.08264 1.69787 1.66505 1.06233 1.05131 1.04199 1.71184 1.1696
threshold=-0.085033167916594807 1.0000000180025095e-35 0.022589881439132608 0.04682658472744345 0.78756700837013283 0.97647239300175082 0.061806535162411642 0.070843092138759015 64.304637370408599 0.041538599729037541 -0.91821603805131502 -0.28142985723929298 0.034367111798127327 0.21807114913014361 0.50659383237964506 0.2888622037061333 65.327271836664991 0.063182897862232759 0.039940116966449654 0.035759957434919797 0.77773351498630372 0.020890698557700361 -0.19105873671764081 42.904110266833079 -0.14155677326617019 0.51183061292236742 0.026163485247077154 0.3897788632604014 86.352263577446465 0.42303513137429588
decision_type=8 10 8 10 8 10 10 10 10 10 10 10 10 10 8 10 10 10 10 10 10 10 10 10 10 10 10 10 10 10
left_child=1 21 4 13 5 -2 7 8 10 -10 11 18 -12 15 20 16 17 -4 26 -16 -15 -1 -14 -24 -25 -6 -3 28 -5 -29
right_child=2 6 3 27 25 -7 -8 -9 9 -11 12 -13 22 14 19 -17 -18 -19 -20 -21 -22 -23 23 24 -26 -27 -28 29 -30 -31
leaf_value=-0.00053556407453999124 -0.00027541439179915603 0.0078966566556212536 0.00013360541137602449 -0.00058370977617642648 -0.0018671336781997405 0.0017766651060510848 0.0022421411105059655 -0.001255958438177236 0.0061947891466876057 -0.00079567136568653917 -0.0001351699425872968 0.0005105633741629747 0.00028228518337923997 0.0062362278795190726 0.0012221498061587698 -9.3734657197497981e-05 0.0017764261849774155 0.0013523557364913566 0.00071859398313235592 -4.357427946692371e-05 0.0012927139797873743 0.0015556142881927421 0.0038171670496635782 -0.0014742659978468058 0.0018493293930790752 -0.00059197310186707357 0.00085735819238710084 0.0023370739063548469 0.006109240896663929 -3.4644423854186431e-05
leaf_weight=769 49964 194 33523 19782 2745 1748 1025 1880 223 158 37626 11992 11702 316 3625 64946 2347 2787 231 4860 233 6236 578 585 1059 4033 73 620 96 3217
leaf_count=769 49964 194 33523 19782 2745 1748 1025 1880 223 158 37626 11992 11702 316 3625 64946 2347 2787 231 4860 233 6236 578 585 1059 4033 73 620 96 3217
internal_value=1.82544e-05 0.000267514 -7.68366e-05 2.34459e-05 -0.000310616 -0.000206049 0.000157378 0.000125148 0.000165453 0.00329586 0.000146829 0.000631162 2.94804e-05 0.000113815 0.000718438 6.10933e-05 0.000321213 0.000227151 0.00353521 0.000497174 0.00413816 0.00132605 0.000474405 0.00148619 0.000666663 -0.0011084 0.00597205 -0.000405774 -0.000551386 0.000348589
internal_weight=269173 74331 194842 136352 58490 51712 67326 66301 64421 381 64040 12490 51550 112637 9034 103603 38657 36310 498 8485 549 7005 13924 2222 1644 6778 267 23715 19878 3837
internal_count=269173 74331 194842 136352 58490 51712 67326 66301 64421 381 64040 12490 51550 112637 9034 103603 38657 36310 498 8485 549 7005 13924 2222 1644 6778 267 23715 19878 3837
is_linear=0
shrinkage=0.05


Tree=37
num_leaves=31
num_cat=0
split_feature=1 1 2 7 7 1 1 4 3 2 4 2 7 0 2 6 2 7 1 2 0 4 7 6 1 7 2 4 6 4
split_gain=2.78224 1.79279 2.03186 1.84509 1.73134 1.68649 1.44242 1.27359 1.53156 1.19169 1.72047 1.08172 1.2088 1.05365 1.24591 1.05307 1.56159 3.42365 1.56346 1.04858 1.09976 1.56144 1.0367 1.03532 1.19351 1.03453 1.18254 1.3626 1.02093 1.30775
threshold=-0.045886549553394378 0.043139448846459046 -0.016212406910081297 0.023464049159820644 0.059819200537251725 -0.014124096270364815 0.022164086290604294 -0.18263252436617203 1.0000000180025095e-35 -0.18265794825493178 -0.22397619115681436 0.5317431461326293 0.075517149084893084 0.071774098249793319 -0.20524185014866811 0.6518922820905092 -0.29919394975115426 0.044783073190515534 -0.13975089850557351 0.36249146008198335 0.071774098249793319 1.4264144945704402 0.035759957434919797 2.4440655663061612 0.2068991669203544 0.03125647285141462 -0.2204671338228493 -0.43438766962291697 0.92996735694619359 0.5843916806097863
decision_type=8 10 8 8 10 8 10 8 2 8 10 10 10 10 8 8 8 10 10 10 10 10 10 10 8 10 10 10 10 10
left_child=13 2 25 6 9 7 -4 -5 -9 10 -3 -6 23 15 -15 -1 17 18 -17 20 21 -11 -21 24 -13 -2 -27 -28 -7 -30
right_child=1 4 3 5 11 28 -8 8 -10 19 -12 12 -14 14 -16 16 -18 -19 -20 22 -22 -23 -24 -25 -26 26 27 -29 29 -31
leaf_value=0.00059610491802399197 -8.6518537315833239e-05 0.0035045409444046244 -0.00088284103931951193 -0.00051345303253119581 -0.0012789075305419883 -0.00059163755633942646 -4.0386372407450515e-07 0.0011420535838200119 -4.5031411522418718e-05 0.00018839811510834264 -0.00084986708202863651 0.0006497675500220085 0.0031147446458452931 0.009195281088407805 0.0015778546881119839 0.0072850025589418221 0.00010124288938417363 -0.00018153087501984966 0.0020311715261799499 0.0036578521931736143 -0.00063276004407284477 0.0026490433861598855 0.00077996475063194708 0.0047756302418032045 -0.0042958142411499388 -0.00057510719840908543 -4.7471552085417049e-05 0.00092752162554645139 0.00040849517037658522 -0.00068194121331021415
leaf_weight=19463 56695 638 20669 3748 3118 19456 5968 5498 5372 45399 352 277 327 67 270 299 43203 881 269 361 4084 654 2350 75 218 2886 6040 8811 7322 4403
leaf_count=19463 56695 638 20669 3748 3118 19456 5968 5498 5372 45399 352 277 327 67 270 299 43203 881 269 361 4084 654 2350 75 218 2886 6040 8811 7322 4403
internal_value=1.73417e-05 -7.28545e-05 -0.00016572 -0.000354239 0.000162897 -0.00016179 -0.000685132 0.000281344 0.000555391 0.000237593 0.00195631 -0.000838715 0.000691407 0.000303835 0.0030923 0.000289178 0.000155394 0.00176996 0.00479683 0.000205396 0.000153606 0.000223342 0.00116319 -0.000698824 -0.00152829 1.77442e-05 0.000351012 0.000530985 -0.000369535 -9.88104e-07
internal_weight=269173 204721 146868 72436 57853 45799 26637 14618 10870 53838 990 4015 897 64452 337 64115 44652 1449 568 52848 50137 46053 2711 570 495 74432 17737 14851 31181 11725
internal_count=269173 204721 146868 72436 57853 45799 26637 14618 10870 53838 990 4015 897 64452 337 64115 44652 1449 568 52848 50137 46053 2711 570 495 74432 17737 14851 31181 11725
is_linear=0
shrinkage=0.05


Tree=38
num_leaves=31
num_cat=0
split_feature=1 1 2 5 7 7 1 1 0 5 6 0 4 2 4 5 0 2 2 0 4 5 7 1 5 2 1 7 6 0
split_gain=2.51097 1.61972 1.81072 1.76395 1.53236 1.41027 1.91838 1.72401 1.27895 1.25683 1.19974 1.05787 1.39742 1.03352 1.48945 1.3443 1.38639 1.0931 1.02673 1.01039 1.00499 1.22975 1.11121 1.42042 1.47055 1.72469 0.993516 0.979038 0.970794 0.95092
threshold=-0.045886549553394378 0.045230039706666177 -0.0088701955150441974 52.852029999055809 0.059819200537251725 0.023464049159820644 0.022164086290604294 -0.014124096270364815 0.045613811873003514 77.611940197148598 0.74130878642245379 0.071774098249793319 1.4264144945704402 -0.17949952311596049 -0.22397619115681436 29.607629306072635 -0.018235517947656429 -0.24067840387544062 0.32268664290448762 -0.028467402368874569 0.68978436022049339 74.079952285585975 0.035759957434919797 0.098675070426067282 89.350945490958722 0.3897788632604014 -0.035138528423186537 0.039694704981381605 0.7115958772845371 0.071774098249793319
decision_type=8 10 8 10 10 8 10 8 8 10 8 10 10 8 10 10 10 10 8 10 8 10 8 10 10 10 10 10 8 10
left_child=29 2 3 8 11 6 -4 10 28 19 -7 12 13 14 15 -3 -17 -18 -15 -5 21 -20 23 -22 25 -25 27 -10 -2 -1
right_child=1 4 5 9 -6 7 -8 -9 26 -11 -12 -13 -14 18 -16 16 17 -19 20 -21 22 -23 -24 24 -26 -27 -28 -29 -30 -31
leaf_value=0.00027471926398374994 0.00010497083002418628 0.00036059542471775788 -0.00089459483888162006 0.0024109696500272809 -0.00078877150557580948 -0.0002127365715463783 0.00013253554292659984 -0.0003820139609550053 0.0017266362136248135 0.0052302679682553225 0.00071723065640314236 -0.00048347060931670858 0.0025697115922429818 0.00015837635231444851 -0.00078692087014784579 -0.0012592055805093285 0.011298007830654653 0.0047415267505273011 0.0044037489540214129 0.00043186812596672345 -0.0013006588898981546 -0.0005108680561612789 0.00033210591510388624 0.0033288428287450906 -0.001349546849344145 0.011407518228008827 0.00081432045743449501 0.0095065649932444991 -0.00027728608102910775 0.0029376835909159789
leaf_weight=64115 28884 234 18690 699 3949 6452 6007 31045 102 148 7499 4686 671 40972 335 69 88 229 408 8333 151 185 3410 191 85 101 1946 67 39085 337
leaf_count=64115 28884 234 18690 699 3949 6452 6007 31045 102 148 7499 4686 671 40972 335 69 88 229 408 8333 151 185 3410 191 85 101 1946 67 39085 337
internal_value=1.64746e-05 -6.92118e-05 -0.000155263 8.20145e-06 0.000160647 -0.000341175 -0.000644768 -0.000174542 -7.71649e-05 0.000659924 0.000287143 0.000233006 0.000304245 0.000271524 0.00189938 0.00335085 0.0051636 0.00656162 0.000237359 0.000585034 0.000951569 0.00287052 0.000662605 0.00279708 0.00443835 0.00612318 0.00113368 0.00481099 -0.000114843 0.000288643
internal_weight=269173 204721 148957 79264 55764 69693 24697 44996 70084 9180 13951 51815 47129 46458 955 620 386 317 45503 9032 4531 593 3938 528 377 292 2115 169 67969 64452
internal_count=269173 204721 148957 79264 55764 69693 24697 44996 70084 9180 13951 51815 47129 46458 955 620 386 317 45503 9032 4531 593 3938 528 377 292 2115 169 67969 64452
is_linear=0
shrinkage=0.05


Tree=39
num_leaves=31
num_cat=0
split_feature=1 8 1 2 8 0 7 1 8 7 5 2 7 0 8 7 7 2 5 2 7 2 5 7 5 6 7 7 2 2
split_gain=2.27716 1.74738 1.72479 1.8777 1.77747 1.67478 1.57078 1.57492 1.52769 2.76027 1.37967 1.35514 1.46645 1.33427 1.14949 1.11198 1.54585 2.71528 1.36451 1.28212 1.16984 1.12001 1.48675 1.26139 1.1113 1.0401 1.07063 1.02093 2.72273 2.37084
threshold=-0.035138528423186537 1.0000000180025095e-35 0.043139448846459046 -0.016212406910081297 0.57142857020581539 0.071774098249793319 0.036124634949462442 0.12775959273898144 0.012871287119155065 0.020890698557700361 52.852029999055809 0.36249146008198335 0.062182765303145433 -0.032086348602651908 0.012871287119155065 0.038998441370282362 0.022913603576878383 0.029733328756107128 84.36679887914751 0.20525490716530362 0.070843092138759015 0.15443695257483639 76.882066305004102 0.04336510981720245 43.103448271854823 0.92996735694619359 0.022044759013178344 0.044783073190515534 -0.28142985723929298 0.068540010185996883
decision_type=8 10 10 8 8 10 10 10 10 10 10 10 10 10 8 10 10 10 10 10 10 10 10 10 10 10 10 10 10 10
left_child=1 -1 3 8 15 27 7 -6 9 14 -10 12 24 -12 -2 16 17 -4 -19 -18 21 22 -17 -24 -8 -5 -27 28 -3 -30
right_child=2 5 4 25 6 -7 11 -9 10 -11 13 -13 -14 -15 -16 20 19 18 -20 -21 -22 -23 23 -25 -26 26 -28 -29 29 -31
leaf_value=0.00086918645919664 0.0006030144554465479 0.0027882593473908426 0.00022836525866410783 -0.00052829365758651377 1.6438537500341095e-05 0.0039178308803296319 0.0018214421727197215 0.0012330395983450293 -0.00014598074982972068 0.0015572964870570012 0.0036803273822647968 0.00038114026002550268 -0.00240422491840602 0.00045265378010173903 -0.0023654737203473077 0.0013876067565691019 -7.5796000594904379e-05 0.0031984506952839626 -0.004269205422747291 0.0026214666615862626 -0.0013117142616381147 -0.00061469858349785984 0.011968909904788265 0.0027166186099914554 -0.00063074879473335539 -0.00051262613528246814 0.00013509566695557766 -0.00030181879531413934 7.9031910170549303e-05 0.0012312759620288476
leaf_weight=9631 569 1013 2975 39885 14697 294 483 3248 51889 3679 337 3799 1144 6418 764 4627 13026 1384 64 456 474 684 61 93 10638 10646 15920 11207 54203 4865
leaf_count=9631 569 1013 2975 39885 14697 294 483 3248 51889 3679 337 3799 1144 6418 764 4627 13026 1384 64 456 474 684 61 93 10638 10646 15920 11207 54203 4865
internal_value=1.56509e-05 0.000236895 -7.99432e-05 -0.000180943 0.000147197 0.000151823 -8.48634e-05 0.00023664 1.31299e-05 0.000850995 -5.84782e-05 -0.000444013 -0.000699599 0.000613679 -0.00109835 0.000478187 0.000281535 0.00109266 0.00286839 1.54332e-05 0.00107106 0.00127772 0.00154846 0.00638149 -0.000524247 -0.000366852 -0.000124471 0.000136291 0.000218013 0.000173934
internal_weight=269173 81213 187960 130107 57853 71582 34009 17945 63656 5012 58644 16064 12265 6755 1333 23844 17905 4423 1448 13482 5939 5465 4781 154 11121 66451 26566 71288 60081 59068
internal_count=269173 81213 187960 130107 57853 71582 34009 17945 63656 5012 58644 16064 12265 6755 1333 23844 17905 4423 1448 13482 5939 5465 4781 154 11121 66451 26566 71288 60081 59068
is_linear=0
shrinkage=0.05


Tree=40
num_leaves=31
num_cat=0
split_feature=3 2 1 7 4 0 8 2 7 8 7 7 2 7 0 7 2 8 4 7 8 7 1 2 7 4 8 4 8 8
split_gain=2.23882 2.78525 1.78829 1.7306 3.41334 3.45037 2.07687 1.48434 2.43853 1.92565 1.85229 2.12699 1.24921 2.89216 1.36203 1.22615 2.0437 1.3491 1.6756 1.67222 1.21829 2.07745 1.03911 1.20644 1.45258 0.97717 1.25379 0.962476 1.52053 1.47655
threshold=1.0000000180025095e-35 0.3897788632604014 -0.070068077206283316 0.084054682809110978 0.40732190437622123 -0.010954471309434275 0.6804973471060507 0.11667401317707661 0.041827604897578967 0.69487750502626466 0.038753739887981066 0.045550372314020794 -0.28142985723929298 0.041827604897578967 -0.056499373782354582 0.055933224678610928 0.36249146008198335 0.70517419753052002 0.80164327893500864 0.035934833858425629 0.87359775149466901 0.052306130992699713 0.32037338840207635 0.5317431461326293 0.068895718469190556 0.62999704921725597 0.38041764916219395 -0.19105873671764081 0.22447098423516193 0.54474552975359469
decision_type=2 10 8 10 10 10 8 10 10 10 10 10 8 10 10 10 10 10 10 10 10 10 10 10 10 10 10 10 10 10
left_child=1 2 12 4 5 -3 -6 9 -9 10 -4 27 13 14 -1 16 -2 -18 20 -20 -19 -22 23 -8 -25 -13 -27 -12 -29 -30
right_child=15 3 7 -5 6 -7 22 8 -10 -11 11 25 -14 -15 -16 -17 17 18 19 -21 21 -23 -24 24 -26 26 -28 28 29 -31
leaf_value=0.0072550719199676282 -0.00029094345334117357 0.0012161715440086875 -9.4691551576271628e-05 -0.0028072539462128611 0.010414735079975798 0.018214414986788243 -0.0010686015545583784 0.00094767759200903637 -0.00041673379460249331 -0.00096169131415225508 0.00046141755309755223 -0.00020181781077429487 0.00030696742154253162 -0.00011188539720546024 0.0026360874001570269 -0.00097884885171641684 -0.0056584229686164438 0.0013288111597888133 0.0043271027182877671 -0.0005894832774302858 0.0034798658245971275 0.013487980567053024 0.0055810921855347683 0.00061713062159176322 0.0098450355027587377 -0.0006408866020009065 0.0035105121722101003 0.00013418140709150933 0.0025463218116957226 -0.00013653529991100043
leaf_weight=207 47975 51 138266 127 70 72 394 9336 5044 5723 5236 10188 29834 1115 697 5929 70 602 205 1106 428 59 122 124 65 325 413 1532 2702 633
leaf_count=207 47975 51 138266 127 70 72 394 9336 5044 5723 5236 10188 29834 1115 697 5929 70 602 205 1106 428 59 122 124 65 325 413 1532 2702 633
internal_value=-1.85851e-05 5.57981e-05 4.31823e-05 0.00265589 0.00342852 0.0111664 0.00220045 -1.8117e-05 0.00046909 -6.05732e-05 -2.81987e-05 0.000408993 0.000388424 0.00159208 0.00369375 -0.000298675 -0.000218731 0.00118385 0.00138342 0.000179319 0.00283298 0.00469235 0.00138485 0.000506728 0.00379075 -7.4553e-05 0.00168232 0.000931929 0.00143811 0.0020371
internal_weight=268650 212276 211251 1025 898 123 775 179398 14380 165018 159295 21029 31853 2019 904 56374 50445 2470 2400 1311 1089 487 705 583 189 10926 738 10103 4867 3335
internal_count=268650 212276 211251 1025 898 123 775 179398 14380 165018 159295 21029 31853 2019 904 56374 50445 2470 2400 1311 1089 487 705 583 189 10926 738 10103 4867 3335
is_linear=0
shrinkage=0.05


Tree=41
num_leaves=31
num_cat=0
split_feature=8 5 2 1 7 2 5 7 5 6 2 7 8 5 6 5 2 7 1 2 3 7 5 6 5 2 7 1 8 8
split_gain=2.06596 2.03802 1.71081 1.7058 1.3209 1.67365 1.66761 1.41134 1.25451 1.823 1.31689 1.22709 1.41525 2.60666 1.10377 1.06617 1.01109 1.05042 0.979821 1.77821 1.72153 1.75941 1.1697 0.969233 1.20568 0.964574 2.33755 1.37138 1.07677 0.910685
threshold=0.4935107756377779 65.869427013971674 0.189021640767469 -0.070068077206283316 0.035759957434919797 -0.048041102870407019 84.36679887914751 0.06361128722715019 32.802547756075285 1.571883440496052 -0.11006045212671516 0.041264316431061085 0.72508888121756854 76.882066305004102 0.5165069115141131 73.576251344163992 0.14689145610645607 0.044028506789199028 0.13273324462366434 0.36249146008198335 1.0000000180025095e-35 0.057757133189171216 84.36679887914751 1.253007325915507 82.721296622103907 0.057988928201061614 0.056835442829510065 0.016543769061207251 0.28533046601786566 0.79298332245770065
decision_type=10 10 10 8 8 10 10 8 8 10 8 8 10 10 8 10 10 10 10 10 2 10 10 10 10 8 10 10 8 10
left_child=1 3 14 8 5 15 25 -8 9 10 -1 12 13 -4 -2 -3 -10 -18 -13 -20 21 22 -21 -7 -25 26 -6 -27 -29 -16
right_child=2 4 11 -5 6 23 7 -9 16 -11 -12 18 -14 -15 29 -17 17 -19 19 20 -22 -23 -24 24 -26 27 -28 28 -30 -31
leaf_value=0.0011586387411737567 0.00033258998448315076 0.0021351496113785622 0.0027604898839911902 -3.7572447587223583e-05 0.0039887168364987798 -0.00025466338998089613 0.008307921424319473 0.0001905827290079568 -3.8520258715703053e-05 -0.00068750134121079885 2.7579601046390353e-05 0.00016058977920978124 0.00029587911403168793 -0.0017453857204290453 -0.00028595118115206145 0.0086454458699864872 0.0075379896388039925 0.0012483997958882425 -0.0020992549553685582 0.0054040195979177955 -0.00035562755224309556 0.011587860848808081 -0.0034678451103073633 0.0012515953900862128 -0.0038105543631841545 0.0027541426122504541 -0.0026425464603248242 -0.0067463219747878611 0.00029013576163269578 -0.00072945080030226779
leaf_weight=10625 5716 234 1547 138245 683 4422 158 81 14072 2123 3396 7815 6707 405 47983 86 80 390 1564 85 1709 61 66 2288 124 642 165 56 1867 15255
leaf_count=10625 5716 234 1547 138245 683 4422 158 81 14072 2123 3396 7815 6707 405 47983 86 80 390 1564 85 1709 61 66 2288 124 642 165 56 1867 15255
internal_value=-1.76558e-05 7.98659e-05 -0.000214795 3.72832e-05 0.000745564 0.000350595 0.00151928 0.00555686 0.000374519 0.000677938 0.000884687 0.000192865 0.000640727 0.00182561 -0.000332794 0.00388479 3.76742e-05 0.00231897 -0.000150325 -0.000847541 0.000171554 0.00442134 0.00152625 0.000185107 0.000991352 0.00123654 0.00269844 0.000753235 8.52259e-05 -0.000392937
internal_weight=268650 179737 88913 168931 10806 7154 3652 239 30686 16144 14021 19959 8659 1952 68954 320 14542 470 11300 3485 1921 212 151 6834 2412 3413 848 2565 1923 63238
internal_count=268650 179737 88913 168931 10806 7154 3652 239 30686 16144 14021 19959 8659 1952 68954 320 14542 470 11300 3485 1921 212 151 6834 2412 3413 848 2565 1923 63238
is_linear=0
shrinkage=0.05


Tree=42
num_leaves=31
num_cat=0
split_feature=3 2 1 5 4 1 9 2 2 6 0 5 0 6 5 5 2 2 1 0 6 0 6 0 0 2 1 5 2 0
split_gain=1.87043 2.38121 1.4619 1.57445 1.44951 3.3411 1.6849 1.39403 1.08884 1.39569 2.06565 1.36499 1.33367 1.34218 1.23405 1.06317 1.20493 1.04765 1.04158 1.20036 1.65406 1.60262 1.01743 0.991723 0.987532 0.963999 1.21593 1.21889 0.949312 0.939194
threshold=1.0000000180025095e-35 0.3897788632604014 -0.070068077206283316 65.869427013971674 0.40732190437622123 -0.011429297144308513 1.0000000180025095e-35 -0.0076144379253527119 -0.28142985723929298 1.0023796188250913 -0.0026996220626285812 28.198536651217683 -0.048797578059879325 2.080172437363955 15.508353125118299 32.802547756075285 0.19973999517365862 -0.24845454019078497 0.138593914159612 0.018789731203352259 0.63536151319041323 0.04154046774269083 1.6949258391604467 0.0047595009762844151 -0.041268872720168208 0.21807114913014361 0.2068991669203544 64.062499894897442 -0.20102062680521168 -0.050461122088397641
decision_type=2 10 8 10 10 10 2 10 8 10 10 10 10 10 10 8 10 8 10 10 10 10 10 10 10 10 10 10 8 10
left_child=1 2 8 -4 5 -3 22 18 11 10 15 12 13 14 -1 -10 17 -17 19 -5 21 -21 -6 29 -9 -2 27 -27 -25 -11
right_child=25 4 3 7 6 -7 -8 24 9 23 -12 -13 -14 -15 -16 16 -18 -19 -20 20 -22 -23 -24 28 -26 26 -28 -29 -30 -31
leaf_value=0.0085355911060231889 -0.00038812732786368151 0.0021978124837841004 -6.6479089156001292e-05 0.0012400030742907933 0.000895010870715788 0.017526344148674981 0.0046164246834118376 0.0029779352589889571 0.0013153011792550969 0.0003481016406103436 -0.00024255045945874629 -0.0014818519354489596 0.0011904828598473935 -0.0011269840349753698 0.002752063666479104 -0.0047939666839719739 0.0054819986566455453 0.00043561631214855136 -0.001636813486670627 0.016164825181942434 0.0026490197586698269 0.0037420065707044199 -0.0049972119931153015 0.0031050020660283433 0.00021116098432880288 -0.00051169942853012958 -0.0011427636273680446 0.00061069897338968527 0.00021452083963822787 -0.0008376615838473824
leaf_weight=187 42994 123 160647 1344 464 50 301 329 6445 2439 6377 327 1233 90 182 97 117 7542 217 50 407 54 87 378 16350 3425 1721 8234 1143 5296
leaf_count=187 42994 123 160647 1344 464 50 301 329 6445 2439 6377 327 1233 90 182 97 117 7542 217 50 407 54 87 378 16350 3425 1721 8234 1143 5296
internal_value=-1.67731e-05 5.12156e-05 3.95507e-05 -1.58731e-05 0.00245534 0.00662802 0.00160807 0.000417688 0.000351701 0.000275653 0.000505014 0.00147543 0.00204697 0.00434772 0.00568301 0.000840709 0.000446338 0.000369211 0.00164085 0.00202427 0.00408701 0.00971452 -3.53401e-05 -0.000234264 0.000265737 -0.000272784 9.78497e-05 0.000280978 0.000932865 -0.000463767
internal_weight=268650 212276 211251 179398 1025 173 852 18751 31853 29834 20578 2019 1692 459 369 14201 7756 7639 2072 1855 511 104 551 9256 16679 56374 13380 11659 1521 7735
internal_count=268650 212276 211251 179398 1025 173 852 18751 31853 29834 20578 2019 1692 459 369 14201 7756 7639 2072 1855 511 104 551 9256 16679 56374 13380 11659 1521 7735
is_linear=0
shrinkage=0.05


Tree=43
num_leaves=31
num_cat=0
split_feature=3 2 1 5 2 5 0 6 2 0 0 2 2 4 1 9 5 2 6 6 1 2 6 1 6 5 2 1 5 2
split_gain=1.68806 2.15563 1.32859 1.27229 1.14488 1.11085 1.60807 1.77758 1.11491 1.06442 0.981513 1.52544 0.945382 1.30819 3.01535 1.52062 0.994214 0.970454 0.99944 0.957771 1.23228 1.01991 0.923695 1.00089 0.918229 0.879389 0.870009 1.10235 1.06335 0.83518
threshold=1.0000000180025095e-35 0.19427002954183406 -0.070068077206283316 76.882066305004102 0.043241763931419104 32.802547756075285 0.052427708969265858 1.5361869485606656 -0.11006045212671516 -0.0029536280684057665 -0.062339272320136634 -0.2204671338228493 0.3897788632604014 0.40732190437622123 -0.011429297144308513 1.0000000180025095e-35 76.882066305004102 0.21807114913014361 1.047165219241738 1.3588892404331807 0.0065518653449687667 0.2688814819575725 0.8161330962061798 0.051809658994896764 1.6949258391604467 62.393883041702011 0.21807114913014361 0.22843713725094186 64.062499894897442 -0.056168967307077759
decision_type=2 10 8 10 10 8 10 10 10 10 10 8 10 10 10 2 10 10 10 10 10 10 10 10 10 10 10 10 10 8
left_child=1 2 5 29 -5 6 7 8 10 -9 11 -1 16 14 25 24 19 -18 -19 20 21 -3 23 -6 -15 -14 -2 28 -28 -4
right_child=26 12 3 4 22 -7 -8 9 -10 -11 -12 -13 13 15 -16 -17 17 18 -20 -21 -22 -23 -24 -25 -26 -27 27 -29 -30 -31
leaf_value=0.0049425006138941775 -0.00036872096638175197 0.00078603760332657388 7.3507637008868247e-05 0.0025103758711113758 0.0012082909410036442 8.2459971664343869e-06 0.005654601622760917 -0.0012350864207051771 -3.6208699834061947e-05 0.0017656471874704851 0.00088149652146907393 0.00030703340791109386 -0.0020379256928295254 0.00085026030007831098 0.016650026951916516 0.0043856034744948619 0.0022838400259527175 -0.0040595957814461977 -0.00036006688950523122 0.0021649412528124403 -0.00026059516651850875 0.0038726417204166933 -6.3604976388702673e-05 0.0070152304964875324 -0.0047473513007755446 0.0064200619969051326 -0.00049514496322552992 -0.0012475086615167615 0.00054517040676720497 -0.00014959562893562535
leaf_weight=384 42994 830 74069 857 339 15065 156 1870 3346 351 10048 330 63 464 50 301 236 244 725 1306 1862 395 2015 95 87 60 3445 1376 8559 96728
leaf_count=384 42994 830 74069 857 339 15065 156 1870 3346 351 10048 330 63 464 50 301 236 244 725 1306 1862 395 2015 95 87 60 3445 1376 8559 96728
internal_value=-1.59344e-05 4.86548e-05 2.00613e-05 -3.40383e-05 0.000937473 0.0003186 0.000602221 0.000553953 0.000760942 -0.00076086 0.00100878 0.00280006 0.00093652 0.00233257 0.00629662 0.00152766 0.000680901 -0.000591372 -0.00129163 0.00102989 0.000549685 0.00178131 0.000387053 0.0024794 -3.35731e-05 0.00208792 -0.000259145 9.29572e-05 0.000246613 -5.28431e-05
internal_weight=268650 212276 205653 174103 3306 31550 16485 16329 14108 2221 10762 714 6623 1025 173 852 5598 1205 969 4393 3087 1225 2449 434 551 123 56374 13380 12004 170797
internal_count=268650 212276 205653 174103 3306 31550 16485 16329 14108 2221 10762 714 6623 1025 173 852 5598 1205 969 4393 3087 1225 2449 434 551 123 56374 13380 12004 170797
is_linear=0
shrinkage=0.05


Tree=44
num_leaves=31
num_cat=0
split_feature=8 5 1 8 0 4 6 6 1 4 6 6 5 0 4 3 1 4 5 6 4 1 0 4 1 0 4 1 8 0
split_gain=1.62728 1.62936 1.25485 1.11471 1.07108 1.06514 1.04826 0.948304 0.821673 1.35978 0.849306 0.794643 1.04243 1.10983 0.840445 0.794069 0.942743 0.766314 0.900627 0.721921 1.30739 0.706302 0.712326 0.705285 0.767224 0.68976 0.676344 1.33951 1.50187 1.55866
threshold=0.4935107756377779 65.869427013971674 -0.070068077206283316 0.22773087439012649 -0.070991281012234661 -1.1482418154195815 1.9830753495502627 0.45188364337852277 0.14460248547869184 -0.021092574274438173 1.1681325104058418 0.5165069115141131 60.141572598933898 -0.014747320465676948 -0.6857890029117677 1.0000000180025095e-35 -0.028947850571830854 -1.3229231923792539 16.925915639070251 0.74775458153293706 0.20231661901130507 -0.028350515463917477 -0.012831439542975385 1.5441925810724568 0.2068991669203544 -0.052231862507044972 -0.46021432627474995 -0.0081078119972283185 0.43822413041685687 -0.054216867469879519
decision_type=10 10 8 10 10 10 10 10 10 8 10 8 10 10 10 2 10 10 10 10 8 10 10 10 10 10 10 10 10 10
left_child=1 2 3 4 6 -6 17 -5 26 10 -10 21 13 -13 -15 16 19 -1 -19 20 -3 -2 -23 -18 -25 -11 -4 28 29 -28
right_child=11 15 8 7 5 -7 -8 -9 9 25 -12 12 -14 14 -16 -17 23 18 -20 -21 -22 22 -24 24 -26 -27 27 -29 -30 -31
leaf_value=0.00094453570831923371 0.00097498643544611781 -0.0011061792890843633 -0.00017086005537002671 0.0014805538131599304 -0.00027550376012501265 0.00057816057011899496 -0.00028475774409345982 -0.00041611784390251409 0.0087022775667719553 -0.0041992347715778229 0.00090894527419205305 -1.3003251166474863e-05 -5.886099235651863e-05 -0.001812373806408237 -0.00052604085021680134 -0.0032636991610354564 0.00054639295231688218 0.0072727002886091574 0.0027025649896481705 0.00092301155191621396 0.0065152726120412414 -0.0013400230911630579 0.00026533441043313333 0.0014788822490086676 0.0086488783814605667 0.00078771713724621803 0.0035481239351419706 -8.3146741977566091e-05 -0.00089803665449512114 0.0004449326879078304
leaf_weight=461 2613 77 60357 734 4637 17237 463 6452 88 72 58 12020 42020 1333 26792 127 9932 133 569 290 209 877 3258 116 55 1875 413 53286 2095 20001
leaf_count=461 2613 77 60357 734 4637 17237 463 6452 88 72 58 12020 42020 1333 26792 127 9932 133 569 290 209 877 3258 116 55 1875 413 53286 2095 20001
internal_value=-1.51377e-05 7.14131e-05 3.33383e-05 0.000322583 0.000489228 0.000397195 0.00172732 -0.000222386 -3.0865e-05 0.00095229 0.0056063 -0.0001901 -0.000232936 -0.000415142 -0.000587007 0.00066664 0.000713382 0.00252834 0.00356842 0.00268088 0.00446334 0.000331491 -7.51489e-05 0.000601209 0.00378502 0.0006033 -4.59785e-05 5.3467e-05 0.000376875 0.000507714
internal_weight=268650 179737 168931 30686 23500 21874 1626 7186 138245 2093 146 88913 82165 40145 28125 10806 10679 1163 702 576 286 6748 4135 10103 171 1947 136152 75795 22509 20414
internal_count=268650 179737 168931 30686 23500 21874 1626 7186 138245 2093 146 88913 82165 40145 28125 10806 10679 1163 702 576 286 6748 4135 10103 171 1947 136152 75795 22509 20414
is_linear=0
shrinkage=0.05


Tree=45
num_leaves=31
num_cat=0
split_feature=7 8 2 7 5 6 6 7 6 6 4 2 7 8 5 7 7 8 8 8 5 2 7 5 2 7 0 7 7 7
split_gain=1.9439 2.01124 2.19698 1.81052 1.29091 1.11552 1.06424 1.09476 0.991356 0.885198 1.33236 1.07248 1.9132 1.62356 1.44083 2.07256 1.53273 1.29313 1.44019 1.02379 1.60207 1.50488 1.72402 1.32119 1.62141 0.965537 0.94993 0.905938 0.9046 0.900222
threshold=0.084054682809110978 0.011124157997051442 -0.094473580504882457 0.020654714253217459 58.253513398121008 1.085577884666143 0.44553609438665792 0.030983618061388492 0.48697091873904857 0.50210660955191655 -0.96511640687138911 0.14689145610645607 0.035759957434919797 0.6804973471060507 75.64042598981753 0.035582665312475961 0.044783073190515534 0.51933701571380653 0.40927627140838274 0.72508888121756854 82.721296622103907 0.32268664290448762 0.032975736110415835 69.557319285064295 0.225079449382973 0.0093581203945442993 -0.018883496768789473 0.019350803920319373 0.016931136965512805 0.034367111798127327
decision_type=10 10 8 8 10 10 10 10 10 8 10 10 10 10 10 10 10 10 10 10 10 10 10 10 10 10 10 10 10 10
left_child=1 2 4 -4 5 6 7 -1 -2 10 -3 13 19 14 -11 25 17 18 -17 20 21 22 -13 24 -24 -16 -12 -21 -28 -25
right_child=8 9 3 -5 -6 -7 -8 -9 -10 11 26 12 -14 -15 15 16 -18 -19 -20 27 -22 -23 23 29 -26 -27 28 -29 -30 -31
leaf_value=0.0017807132585486542 0.0021931951548422464 0.0025375853341589238 -0.0014551403444258372 0.00020088897743207048 0.0067267978726579863 -8.5896634079883372e-05 0.0013427027819756421 -0.0014655172576866701 -0.0027082985666002923 -9.2316214649145682e-05 0.0011038888435962605 0.0020235490625963993 -0.00012810259321438457 -0.0005010513474394859 0.0060469927717548833 0.0056643025601843906 0.0005859046835790981 0.00032163883156296038 0.014571462948515546 -0.0019458012211115976 -0.0027400121309926221 0.0090581008592959169 -0.00033734245147596661 -0.0056908809814150592 0.0066213501810953763 0.00018184433696751012 0.0011782657314495248 0.00048134865856601703 -5.9358191932646842e-05 -3.9603826007805767e-05
leaf_weight=405 116 619 1803 19509 95 2385 7707 724 932 157614 2456 2941 17826 25848 73 156 187 67 64 408 228 66 489 165 101 1810 1626 6662 16053 123
leaf_count=405 116 619 1803 19509 95 2385 7707 724 932 157614 2456 2941 17826 25848 73 156 187 67 64 408 228 66 489 165 101 1810 1626 6662 16053 123
internal_value=-1.6552e-05 -8.15422e-06 0.000359755 6.07885e-05 0.000922813 0.000873674 0.00113268 -0.000301015 -0.00216577 -5.91094e-05 0.000252718 -8.92343e-05 0.000193512 -0.000133375 -7.39662e-05 0.00115311 0.00410827 0.00640333 0.00825548 0.000706175 0.00133341 0.00157246 0.0014431 -0.00050122 0.000853891 0.000409224 0.000182475 0.000341281 5.44704e-05 -0.00327731
internal_weight=269258 268210 32628 21312 11316 11221 8836 1129 1048 235582 20754 214828 29009 185819 159971 2357 474 287 220 11183 4113 3885 3819 878 590 1883 20135 7070 17679 288
internal_count=269258 268210 32628 21312 11316 11221 8836 1129 1048 235582 20754 214828 29009 185819 159971 2357 474 287 220 11183 4113 3885 3819 878 590 1883 20135 7070 17679 288
is_linear=0
shrinkage=0.05


Tree=46
num_leaves=31
num_cat=0
split_feature=7 8 2 7 5 1 1 7 2 8 8 7 2 5 7 1 3 5 1 2 5 2 0 5 0 7 5 2 1 0
split_gain=1.75437 1.81514 1.98277 1.63399 1.16505 0.991755 0.997239 1.62468 1.74275 2.30141 1.11182 2.93217 1.54754 1.45169 1.25937 1.20049 1.05447 1.04148 1.01108 0.928835 0.927941 1.02561 0.91581 1.77233 0.912173 0.899206 0.89321 1.24068 0.898583 0.856417
threshold=0.084054682809110978 0.011124157997051442 -0.094473580504882457 0.020654714253217459 58.253513398121008 -0.053627066939369743 0.047317306650904618 0.030087733250814895 0.035597638841778141 0.79298332245770065 0.48901098845122398 0.038998441370282362 0.16607558155650629 82.721296622103907 0.048218597682754084 0.077482595617676245 1.0000000180025095e-35 29.332769766351905 0.17857975875780266 0.46454772059302524 36.551724114403498 0.17041651231208924 0.054494406694063253 31.137582650300093 -0.022026783297179272 0.070843092138759015 55.586624745675188 -0.056168967307077759 0.2068991669203544 0.045613811873003514
decision_type=10 10 8 8 10 10 10 10 10 10 10 10 10 10 10 10 2 10 10 10 10 10 10 10 10 10 10 10 10 10
left_child=1 2 4 -4 -1 22 -7 8 -8 -10 11 20 -12 16 -14 19 17 -13 -11 -16 -9 24 -3 -24 -22 -17 28 -28 -19 -23
right_child=-2 5 3 -5 -6 6 7 10 9 18 12 13 14 -15 15 25 -18 26 -20 -21 21 29 23 -25 -26 -27 27 -29 -30 -31
leaf_value=0.0008299907486387601 -0.0020574784771901847 0.00013894004279282391 -0.0013823833250999225 0.00019084454200127735 0.0063904580381993013 -0.00016927663985488451 -7.5293673581174601e-05 0.0014626096360553795 0.0015488483806642467 -9.5983803707543991e-05 -0.00085328176578371151 -0.0014771747316234514 0.00048143117570280847 0.0084650900050559467 0.002066939833336316 -0.0012801433734403636 -0.0042837674781847539 0.0018617967444207678 0.0045390636448013359 -0.0025948572898274649 -0.0030839887097098254 0.00059341552187106581 0.0072730905036168586 0.00042673695541277823 -0.00069300263071638663 0.001095490259995331 -0.0025334661407247494 0.0011422005675999854 0.0071551562738548739 0.0068952988006804189
leaf_weight=11221 1048 41708 1803 19509 95 145424 8367 531 5829 4259 8684 333 6527 68 600 3198 89 2355 121 130 444 224 132 333 3927 455 274 1416 83 71
leaf_count=11221 1048 41708 1803 19509 95 145424 8367 531 5829 4259 8684 333 6527 68 600 3198 89 2355 121 130 444 224 132 333 3927 455 274 1416 83 71
internal_value=-1.57244e-05 -7.74651e-06 0.000341767 5.77491e-05 0.000876672 -5.6154e-05 -0.000104059 9.3591e-05 0.000459662 0.000898097 -0.000137636 0.000296739 -0.000355222 0.00121353 4.12175e-05 -0.000614332 0.00110515 0.00121266 3.2062e-05 0.00123676 -0.000517909 -0.000743296 0.000163542 0.00237022 -0.000935876 -0.000984246 0.00142965 0.000546264 0.00204201 0.00211014
internal_weight=269258 268210 32628 21312 11316 235582 193409 47985 18576 10209 29409 9815 19594 4618 10910 4383 4550 4461 4380 730 5197 4666 42173 465 4371 3653 4128 1690 2438 295
internal_count=269258 268210 32628 21312 11316 235582 193409 47985 18576 10209 29409 9815 19594 4618 10910 4383 4550 4461 4380 730 5197 4666 42173 465 4371 3653 4128 1690 2438 295
is_linear=0
shrinkage=0.05


Tree=47
num_leaves=31
num_cat=0
split_feature=7 8 2 7 6 5 6 1 1 6 7 6 7 2 5 7 1 5 2 6 1 5 2 7 7 6 7 6 1 6
split_gain=1.58332 1.63817 1.78945 1.47468 1.17511 1.79521 0.98024 0.988547 0.895059 0.904957 1.01398 0.894699 0.831894 3.38438 1.64434 1.52619 1.18535 1.23415 0.937996 0.86692 0.795887 1.30591 0.771619 0.759016 1.36191 0.958251 0.883933 0.807701 0.794017 0.745373
threshold=0.084054682809110978 0.011124157997051442 -0.094473580504882457 0.020654714253217459 1.0631663384097843 58.253513398121008 0.46422611227298244 -0.14738400708105606 -0.053627066939369743 1.8345948309903883 0.050417968496791338 0.48697091873904857 0.048218597682754084 0.21138725944221473 49.509235899387157 0.04682658472744345 0.26006599770700684 30.402657440870488 0.19427002954183406 0.50210660955191655 -0.0053333334050270067 71.003441841506728 0.20525490716530362 0.031523882146400194 0.034862502756522674 0.90492405696211875 0.033884834145942809 0.57070225787296902 -0.01087533500098131 0.57458531573014604
decision_type=10 10 8 8 10 10 10 10 10 10 10 10 10 10 10 10 10 10 10 10 10 10 10 8 8 10 10 10 10 10
left_child=1 2 4 -4 5 6 -1 29 -3 -10 -11 -2 15 19 -15 16 17 -5 -17 -14 21 22 23 28 25 26 27 -25 -19 -8
right_child=11 8 3 12 -6 -7 7 -9 9 10 -12 -13 13 14 -16 18 -18 20 -20 -21 -22 -23 -24 24 -26 -27 -28 -29 -30 -31
leaf_value=-0.00020404862812233864 0.0021864093842631177 0.0001553650331211989 -0.0013132641637474156 -0.00026855647566876629 -0.00010544915524857346 0.0089176080235892474 -0.0021683264898099733 0.0011210838962343221 -0.00013091595704552695 0.0004132826580906318 -0.00083577986911099545 -0.0024700097063571117 0.00041574313164030922 0.0090331139181322167 0.0010743431815055189 0.0060344437745122898 0.0039229008509059768 -0.00019353523596097775 -0.00059444285991291207 -0.0023820446733862841 0.00018712942959357999 0.0074721650566789326 -0.0038109246835423016 8.9525537112274695e-05 0.0011618952176491914 -0.00024572128721047195 0.0105534120416307 0.0067637887136348029 0.0042981108894275732 0.0042465275487950632
leaf_weight=1332 116 42173 1803 7295 2577 73 51 6879 177787 13780 1842 932 337 69 1092 185 218 1223 75 1552 4842 80 81 74 2006 80 76 117 107 404
leaf_count=1332 116 42173 1803 7295 2577 73 51 6879 177787 13780 1842 932 337 69 1092 185 218 1223 75 1552 4842 80 81 74 2006 80 76 117 107 404
internal_value=-1.49382e-05 -7.35919e-06 0.000324678 5.48616e-05 0.000832838 0.00110953 0.00104375 0.00127038 -5.33463e-05 -9.88559e-05 0.000266005 -0.0019546 0.000181302 -0.000577167 0.00154735 0.000321853 0.000260855 0.000210901 0.00412226 -0.00188292 0.000613576 0.00115074 0.00101638 0.00112255 0.0016622 0.00455444 0.00599269 0.00417795 0.000167823 0.0035275
internal_weight=269258 268210 32628 21312 11316 8739 8666 7334 235582 193409 15622 1048 19509 3050 1161 16459 16199 15981 260 1889 8686 3844 3764 3683 2353 347 267 191 1330 455
internal_count=269258 268210 32628 21312 11316 8739 8666 7334 235582 193409 15622 1048 19509 3050 1161 16459 16199 15981 260 1889 8686 3844 3764 3683 2353 347 267 191 1330 455
is_linear=0
shrinkage=0.05


Tree=48
num_leaves=31
num_cat=0
split_feature=7 1 1 7 5 5 1 0 7 7 6 0 5 4 6 0 1 5 7 6 5 7 3 4 0 0 1 1 1 7
split_gain=1.42895 1.30919 1.10462 1.2866 1.92407 1.2824 0.93163 0.911103 1.06502 1.10227 0.807465 0.782973 1.84136 0.801346 1.09353 2.1063 1.7256 1.53028 1.46837 1.75313 1.3695 1.342 1.03437 0.904359 0.994521 0.884697 0.774066 0.733433 0.713363 0.700325
threshold=0.084054682809110978 -0.03836812497862007 0.046287056575604175 0.030087733250814895 48.139326606725739 43.504843169735551 0.049419211333010978 0.037228874289992782 0.053672811631288876 0.033275881399993615 0.48697091873904857 0.054494406694063253 39.560828408567851 -0.38676948585315718 0.88173167874633551 -0.018548287706632079 -0.13975089850557351 18.76197877986878 0.044783073190515534 2.4440655663061612 56.63246839491439 0.025502230703826016 1.0000000180025095e-35 -0.97799571533919716 -0.017608273336723709 0.0075376884422110333 0.26006599770700684 -0.07889864011601154 0.049419211333010978 0.062182765303145433
decision_type=10 8 10 10 8 10 10 10 10 10 10 10 8 10 10 10 10 10 8 10 10 10 2 8 10 10 10 10 10 10
left_child=1 11 -3 4 -4 7 -6 8 9 -5 -2 13 29 14 15 -1 17 18 19 21 23 -16 -15 24 27 -19 -8 -17 -7 -13
right_child=10 2 3 5 6 28 26 -9 -10 -11 -12 12 -14 22 16 20 -18 25 -20 -21 -22 -23 -24 -25 -26 -27 -28 -29 -30 -31
leaf_value=0.00075644112883797301 0.0020770888836805484 -0.00015106529435370106 -0.00065465076191847233 -0.0004267937248358855 -0.00066908838991744585 0.0010834885813804538 0.0006827394215857197 -0.00070225213489038369 -0.00089085406670416992 0.002208851024327961 -0.0023465092234338427 0.0051910693157298168 -0.00036672374646674682 0.00082289292080290038 -0.00024404570167708037 0.0099900489153224043 -0.000377655441737357 -0.00026687441059407275 -0.00045899898170138952 -0.0035377816117640273 0.0067844890589085858 0.0058457901962610933 3.6378086741054839e-05 -0.00018519922642216676 0.00062898216094078895 0.0027999426142443179 0.0037965875125886631 0.0016228789948350326 -0.00024076330950574347 -0.00082310161925035349
leaf_weight=12591 116 138409 3532 503 1300 1055 16679 793 498 1877 932 321 487 8972 111 50 19622 1778 283 72 73 489 7827 19837 2252 271 202 55 28214 57
leaf_count=12591 116 138409 3532 503 1300 1055 16679 793 498 1877 932 321 487 8972 111 50 19622 1778 283 72 73 489 7827 19837 2252 271 202 55 28214 57
internal_value=-1.41913e-05 -6.99123e-06 -7.5911e-05 0.000114418 0.000413222 -8.25443e-05 0.000620676 0.000798367 0.00121185 0.00165182 -0.00185687 0.00017007 0.00166569 0.000152654 6.38762e-05 0.000239573 -0.000206806 0.000909177 0.00256218 0.0038345 -5.26924e-05 0.00471917 0.000456439 -7.51811e-05 0.000850755 0.000138742 0.00072 0.00560725 -0.000193031 0.00428417
internal_weight=269258 268210 193062 54653 21713 32940 18181 3671 2878 2380 1048 75148 865 74283 57484 34858 22626 3004 955 672 22267 600 16799 22194 2357 2049 16881 105 29269 378
internal_count=269258 268210 193062 54653 21713 32940 18181 3671 2878 2380 1048 75148 865 74283 57484 34858 22626 3004 955 672 22267 600 16799 22194 2357 2049 16881 105 29269 378
is_linear=0
shrinkage=0.05


Tree=49
num_leaves=31
num_cat=0
split_feature=8 2 7 7 6 6 4 2 7 2 4 7 7 4 1 7 1 7 4 2 7 6 4 6 2 7 2 7 8 8
split_gain=1.36463 1.72218 1.26834 1.25065 1.05689 0.987761 1.141 1.54098 0.985017 2.19976 1.65503 1.3787 1.20885 1.02004 0.983104 0.980374 1.23591 0.946725 1.73866 2.09746 1.49272 1.06151 0.879758 1.23216 2.07685 1.54523 0.859204 1.61535 2.0904 1.38481
threshold=0.011124157997051442 -0.094473580504882457 0.020654714253217459 0.068895718469190556 1.0631663384097843 0.44553609438665792 -0.061446170109221036 -0.1212304634663947 0.048218597682754084 0.20525490716530362 -0.071356982140794847 0.04682658472744345 0.084054682809110978 -0.16497451955648015 0.19168037263172447 0.030983618061388492 -0.07889864011601154 0.042420322669416401 -0.85086216309341711 -0.25731976722325567 0.058752616110890658 0.64523003444401839 0.82609845294226092 0.84412295810120741 0.42303513137429588 0.058752616110890658 0.14689145610645607 0.042420322669416401 0.72508888121756854 0.89237539003806587
decision_type=10 8 8 10 10 10 10 10 10 10 10 10 10 10 10 10 10 10 10 10 10 10 10 10 10 10 10 10 10 10
left_child=1 4 -3 26 5 15 17 -8 11 13 -11 14 22 -10 -4 16 -1 -7 19 -19 21 -21 23 -12 25 -25 29 28 -28 -2
right_child=3 2 8 -5 -6 6 7 -9 9 10 12 -13 -14 -15 -16 -17 -18 18 -20 20 -22 -23 -24 24 -26 -27 27 -29 -30 -31
leaf_value=-0.0052354445040691646 -5.7256502866538891e-05 -0.0012439896958138825 0.00017000091715618868 -0.00085679944901788949 -0.00010115404824317427 0.00089052551437864252 0.00089759027440438743 0.0099279358446603353 -0.00022460905457197963 0.008163686685588185 0.00035318046920346441 0.0039111573079403921 -0.0038768573587884946 -0.0026132724316973522 0.0023757045535492032 -0.0013979753884097695 0.0027662764245418303 0.0004224710195992531 0.0012822942935376681 0.015847685249404064 0.0012972077647905931 0.0075929586060559748 -0.0011057501415073958 0.0066454781140752872 0.011045953451025794 -0.0017074750337475377 0.0012591925801262566 -0.00023650536373372866 0.00011128192949621976 -0.0010178574355514801
leaf_weight=56 198794 1803 15677 4771 2591 6087 102 88 706 74 486 260 142 1218 522 743 349 134 995 63 56 102 342 97 85 129 6193 11740 11029 3824
leaf_count=56 198794 1803 15677 4771 2591 6087 102 88 706 74 486 260 142 1218 522 743 349 134 995 63 56 102 342 97 85 129 6193 11740 11029 3824
internal_value=-1.34817e-05 0.000288186 2.54399e-05 -5.54827e-05 0.000786145 0.00104814 0.00125395 0.00508007 0.000141398 -0.000649957 0.000893233 0.000299054 0.000473239 -0.00173677 0.000241078 -0.000319207 0.00165987 0.0011562 0.00235409 0.00535814 0.00835081 0.0107448 0.00101557 0.00192585 0.00438345 0.00187764 -3.8974e-05 0.000215763 0.000524069 -7.53859e-05
internal_weight=269258 32907 21541 236351 11366 8775 7627 190 19738 3279 1355 16459 1281 1924 16199 1148 405 7437 1350 355 221 165 1139 797 311 226 231580 28962 17222 202618
internal_count=269258 32907 21541 236351 11366 8775 7627 190 19738 3279 1355 16459 1281 1924 16199 1148 405 7437 1350 355 221 165 1139 797 311 226 231580 28962 17222 202618
is_linear=0
shrinkage=0.05


Tree=50
num_leaves=31
num_cat=0
split_feature=1 5 3 0 8 6 6 6 4 6 8 0 4 0 5 4 6 1 4 0 4 6 0 6 8 0 0 5 6 4
split_gain=1.39935 0.898922 1.09467 1.65248 0.995468 0.947006 0.933119 1.02826 0.879812 1.03819 0.877365 1.18544 0.860931 0.843324 0.811328 0.784767 1.3211 0.781252 0.773212 0.758164 1.46641 0.897879 1.55532 0.905075 0.936343 0.74978 0.748351 0.740347 0.728686 0.776656
threshold=-0.094794384716213473 60.806165978921008 1.0000000180025095e-35 -0.042307153507199317 0.557985266028166 0.41664128979638942 1.047165219241738 0.85146481948946462 0.37129417159447992 1.2049747868104068 0.36842105117728546 -0.011744286460216134 -0.60225581489961588 -0.0096769734319120376 84.36679887914751 -0.60225581489961588 0.7015131783344527 0.22843713725094186 0.61186367619012305 0.016394919509673537 -0.49195197075086256 1.0070122301200986 0.010611230953767927 0.96482550934878264 0.58893448791481096 0.021426348320916725 -0.08895198320300883 52.655202969134379 1.7462420465785153 1.0379820791358578
decision_type=8 10 2 10 10 8 8 10 10 10 10 10 10 10 10 10 8 10 10 10 8 8 10 10 8 10 10 10 10 10
left_child=19 5 3 6 -4 12 7 -3 13 14 -7 -12 -2 -5 -10 16 -13 -15 -16 21 -21 22 23 -1 -25 -14 -23 -28 -17 -30
right_child=1 2 4 8 -6 10 -8 -9 9 -11 11 15 25 17 18 28 -18 -19 -20 20 -22 26 -24 24 -26 -27 27 -29 29 -31
leaf_value=0.00064258525023911967 0.0011748911027694067 0.0020192633503405698 -0.0015882046880040448 1.9945569915487984e-05 -1.5708782426798101e-05 -1.88194548150678e-05 0.0015326623862838313 0.0087827411639384515 -0.0002192688397896843 0.00050310730466362325 6.0098663172033855e-05 -0.00016368115701031897 4.4012495421769755e-06 0.0014449169714489422 0.0053467606502658974 -0.00039365492343568427 -0.002007534982382723 -0.0046735748543210746 0.0007395928967432071 0.0023344931724276993 -0.00062142099074865762 0.0011837530209770678 -0.0022165481705830998 0.0019091775745780776 0.0079093978905707199 0.0031550262710795954 -0.00045511536202779313 0.001831929369558474 0.0007935935035887885 -0.0017109635964490727
leaf_weight=9039 2698 116 1043 1839 28713 117567 615 109 12528 12108 20637 1956 5972 3342 119 35547 1930 53 388 1285 623 964 460 450 76 195 5764 377 2328 357
leaf_count=9039 2698 116 1043 1839 28713 117567 615 109 12528 12108 20637 1956 5972 3342 119 35547 1930 53 388 1285 623 964 460 450 76 195 5764 377 2328 357
internal_value=1.06623e-05 -2.07861e-05 0.000146169 0.000353009 -7.08275e-05 -7.45939e-05 0.00254064 0.00529579 0.000292515 0.000169743 -9.93976e-05 -0.000250355 0.000429935 0.000882288 -0.000139914 -0.000402471 -0.00107944 0.0013494 0.00182096 0.000423896 0.00136933 0.00031859 0.000623338 0.000759913 0.00277613 0.000104024 -0.000111402 -0.000314712 -0.000333662 0.000460585
internal_weight=269198 250160 60973 31217 29756 189187 840 225 30377 25143 180322 62755 8865 5234 13035 42118 3886 3395 507 19038 1908 17130 10025 9565 526 6167 7105 6141 38232 2685
internal_count=269198 250160 60973 31217 29756 189187 840 225 30377 25143 180322 62755 8865 5234 13035 42118 3886 3395 507 19038 1908 17130 10025 9565 526 6167 7105 6141 38232 2685
is_linear=0
shrinkage=0.05


Tree=51
num_leaves=31
num_cat=0
split_feature=1 2 7 4 5 5 7 5 7 4 2 2 2 7 7 3 5 2 7 1 0 4 7 5 7 0 2 6 6 5
split_gain=1.26291 1.04 1.8153 1.29137 1.18232 1.07216 1.47369 1.27199 3.86803 2.0326 3.9455 1.52382 1.0781 0.984649 0.955422 1.19637 0.91049 0.910451 1.83206 2.09448 1.7744 0.924322 0.875214 0.976816 0.840753 0.78256 0.762154 0.757704 2.45616 1.45964
threshold=-0.094794384716213473 0.23999290991948866 0.068895718469190556 -0.16497451955648015 54.597701116478426 73.138336581420717 0.059819200537251725 65.589279665839854 0.073071248271039071 0.51183061292236742 0.65459219715740546 0.65459219715740546 0.3897788632604014 0.04336510981720245 0.040174863921194688 1.0000000180025095e-35 71.384803105610402 -0.21500824586268383 0.04516356898295245 -0.15738888560099426 0.018789731203352259 -1.1482418154195815 0.079061678468717936 49.702161390374222 0.023142727293339892 -0.034701010940929415 -0.24067840387544062 1.0974429876554652 0.94255675828893604 15.508353125118299
decision_type=8 10 10 10 10 10 10 10 10 10 10 10 10 10 10 2 10 8 10 10 10 8 10 10 10 10 10 10 10 10
left_child=17 2 -2 -3 -4 6 12 22 -9 10 -10 -11 14 24 15 -5 -14 18 19 27 -21 -19 23 -8 -7 -24 -20 28 29 -1
right_child=1 3 4 5 -6 13 7 8 9 11 -12 -13 16 -15 -16 -17 -18 21 26 20 -22 -23 25 -25 -26 -27 -28 -29 -30 -31
leaf_value=0.0087321162663607146 -3.0133115119082355e-05 0.0060766342611080319 -0.00067708892891213358 0.003941141400274086 -0.0029728699101629185 -0.003000418592149267 0.0036072828358311841 -0.0010499239116673218 0.018761655285968171 -0.0011203791170763518 0.00025949381850659851 0.0082836570670562128 0.0020879348157235742 -0.00071900463176519558 0.00036809735726184506 0.0010184492137525205 0.0064932669511697794 -0.00068645503546142567 -0.00089752110710632346 0.00038897535080578374 0.0058473418241724515 0.00039369683109260968 0.00041766770559713653 -0.0011122764999070135 0.00067089837800692227 -0.0051769687120172382 0.0025189593934919689 0.0027293409396313834 0.012343668177607471 5.2361246166952154e-05
leaf_weight=72 232424 99 2043 484 773 164 123 652 68 112 50 70 674 3393 3131 1266 142 2345 1159 1616 164 12745 87 1009 3174 222 190 499 100 148
leaf_count=72 232424 99 2043 484 773 164 123 652 68 112 50 70 674 3393 3131 1266 142 2345 1159 1616 164 12745 87 1009 3174 222 190 499 100 148
internal_value=1.01292e-05 -1.97468e-05 -4.54216e-05 0.000385061 -0.00130729 0.000347043 0.00073495 -0.000306289 0.00111196 0.00581047 0.0109218 0.00249656 0.00117232 -0.000119183 0.000891084 0.00182678 0.00285455 0.000402701 0.0010787 0.00185468 0.000891881 0.00022584 -0.00124326 -0.000599462 0.000490522 -0.00360178 -0.000416327 0.00394722 0.00584634 0.00289301
internal_weight=269198 250160 235240 14920 2816 14821 8090 2393 952 300 118 182 5697 6731 4881 1750 816 19038 3948 2599 1780 15090 1441 1132 3338 309 1349 819 320 220
internal_count=269198 250160 235240 14920 2816 14821 8090 2393 952 300 118 182 5697 6731 4881 1750 816 19038 3948 2599 1780 15090 1441 1132 3338 309 1349 819 320 220
is_linear=0
shrinkage=0.05


Tree=52
num_leaves=31
num_cat=0
split_feature=7 8 4 6 7 5 4 6 8 5 7 8 4 5 5 4 5 5 5 8 6 0 4 7 6 5 6 5 7 7
split_gain=1.01447 2.09813 1.90975 1.432 1.14478 1.11726 1.04371 0.953429 0.921972 1.12706 1.11764 1.40097 2.05492 1.13453 1.1274 1.35442 1.28694 1.20286 1.1209 1.04056 1.13531 1.04663 0.931069 0.901861 0.901694 0.887997 0.877088 0.943078 0.855967 0.963131
threshold=0.022044759013178344 0.8609775726248089 0.97647239300175082 0.7015131783344527 0.06094917433654435 69.897354001669427 -0.95248443962480367 1.0270328941827052 0.26132687509649116 45.048183000459765 0.03125647285141462 0.080042828453397399 -0.57765621859008365 20.785020217558074 84.36679887914751 0.21959073012069064 54.801442114025576 81.358519548871314 45.229723179479301 0.16369984880702096 1.8034516744201159 -0.07805826330971298 -0.40719827892798205 0.058752616110890658 0.45806781455587359 14.634146337756819 0.55108286910926607 22.478065484455573 0.043054602623442122 0.040701661468941046
decision_type=8 8 10 8 10 10 10 8 10 10 10 8 10 8 10 10 10 10 10 8 10 10 10 10 10 10 10 10 10 10
left_child=1 2 3 6 8 -4 -1 -7 10 23 13 12 -12 19 15 26 -17 -18 -15 20 21 -2 -23 28 -6 -5 27 -13 29 -10
right_child=4 -3 5 25 24 7 -8 -9 9 -11 11 14 -14 18 -16 16 17 -19 -20 -21 -22 22 -24 -25 -26 -27 -28 -29 -30 -31
leaf_value=0.00158339490389364 0.0082035768858206987 -0.0011761781651986379 0.00029089069949763947 -0.0013388538775302727 0.001154263707569382 0.0086172249773881059 0.00014299298471361606 0.0022922532341674707 -0.00028873855283533093 9.0799568348817901e-05 0.00030272871844287929 -0.0015140533026644213 -0.0016140731954457474 -0.00017562456267220937 0.006300679865914087 -0.0016797803843365503 0.00039310473039815919 -0.0061735370524332554 0.00039757086312027298 -0.00069881177370088453 -0.001954484701735652 0.0011929381870413528 0.0070608986202505943 0.0023259655559622447 -0.00055020177075786416 -0.00022349242090139961 0.00096026911908442226 0.00047467690171953405 -0.0010152569893433648 0.0012402114490103573
leaf_weight=1354 56 4647 953 1855 839 64 17670 863 18423 78993 6001 686 1823 30336 87 1065 3923 71 11865 918 268 3332 69 322 10322 46965 15894 4550 3893 1091
leaf_count=1354 56 4647 953 1855 839 64 17670 863 18423 78993 6001 686 1823 30336 87 1065 3923 71 11865 918 268 3332 69 322 10322 46965 15894 4550 3893 1091
internal_value=9.62271e-06 -0.000147478 -7.89163e-05 -0.000122476 6.95924e-05 0.00149305 0.000245511 0.00272893 9.94698e-05 2.66358e-08 0.000225668 0.000443428 -0.000143888 6.71504e-05 0.000618309 0.000599432 -0.000135429 0.000276372 -1.44681e-05 0.000808994 0.00118058 0.00142363 0.00131199 -0.000302153 -0.000422073 -0.000265873 0.000775374 0.000214121 -0.000338307 -0.000203257
internal_weight=269198 74371 69724 67844 194827 1880 19024 927 183666 102722 80944 34100 7824 46844 26276 26189 5059 3994 42201 4643 3725 3457 3401 23729 11161 48820 21130 5236 23407 19514
internal_count=269198 74371 69724 67844 194827 1880 19024 927 183666 102722 80944 34100 7824 46844 26276 26189 5059 3994 42201 4643 3725 3457 3401 23729 11161 48820 21130 5236 23407 19514
is_linear=0
shrinkage=0.05


Tree=53
num_leaves=31
num_cat=0
split_feature=1 8 5 7 1 7 2 5 5 8 4 8 2 7 2 8 8 2 7 1 5 7 8 7 7 8 7 7 5 2
split_gain=1.18629 1.47032 1.1109 1.4403 1.04514 0.89878 0.818392 1.52958 0.869673 0.825317 0.811822 1.66253 1.7674 1.39462 1.12155 1.0811 1.05435 1.77263 1.03817 0.951969 1.38503 1.46113 0.839943 0.854162 0.822948 0.799942 0.878389 1.83856 0.798396 0.974887
threshold=-0.028947850571830854 0.81468972556365615 21.642745471086872 0.022260992922864185 0.043139448846459046 0.010729015863647379 -0.019842560750172985 52.655202969134379 75.64042598981753 0.16666666638175887 -0.38676948585315718 0.36842105117728546 0.076100291161981151 0.041827604897578967 -0.20991807387696423 0.25785105679588655 0.18723766890753532 -0.32084279149985417 0.01318481275596658 -0.14738400708105606 16.221122141354375 0.044783073190515534 0.40927627140838274 0.058752616110890658 0.026974021476458439 0.056338028099883884 0.03946003414417007 0.03686004482621686 39.954279827720789 -0.10280827071076991
decision_type=8 8 10 8 10 8 8 10 10 8 10 10 10 10 10 10 10 10 8 10 10 10 10 10 10 10 10 10 10 10
left_child=1 10 -3 -4 6 -6 7 -2 -9 -8 16 12 14 15 -12 -14 19 -18 -19 20 21 24 23 -20 -1 -22 27 -27 29 -16
right_child=4 2 3 -5 5 -7 9 8 -10 -11 11 -13 13 -15 28 -17 17 18 22 -21 25 -23 -24 -25 -26 26 -28 -29 -30 -31
leaf_value=0.00029963145214497496 -0.00010528545762233909 -0.0001130342595230294 -0.001641756103058616 0.0012342523372412156 0.0060772378056768396 0.00010189261220031835 -0.0010647763502053792 0.00061712670146208337 0.0042725846878584745 -0.00023124874856364185 -0.0025021477871577965 4.3752022097357998e-05 0.0070272067297862803 0.00038288329322498242 0.0067109638537333266 0.0027417206501671207 -0.0073234463225673426 -0.0023097842995025114 -0.00055485500809730282 7.9671662645029576e-05 -0.00034524897595644282 -0.00032158154738572793 0.00015853045256687914 0.0015864044572460733 0.0053789506140700973 0.0013998305140256605 0.00042489336331592197 0.010548215890192201 0.00066397565353468364 0.0012207923701942616
leaf_weight=99 48965 2854 465 6821 63 57768 3121 6333 167 61283 266 14089 239 334 123 383 89 597 11727 35243 1383 243 9422 485 410 198 508 76 5208 236
leaf_count=99 48965 2854 465 6821 63 57768 3121 6333 167 61283 266 14089 239 334 123 383 89 597 11727 35243 1383 243 9422 485 410 198 508 76 5208 236
internal_value=9.14158e-06 0.000155415 0.000723158 0.0010507 -6.6175e-05 0.000108402 -0.0001504 -9.61899e-06 0.000711044 -0.000271641 8.46552e-05 0.000353475 0.000996234 0.00298898 0.000669633 0.00438839 -8.14282e-06 -0.000281113 -0.000252919 0.000151519 0.00101957 0.0028682 -0.000196159 -0.000469815 0.00439103 0.000377458 0.0016556 0.00393734 0.000821186 0.00310183
internal_weight=269198 91498 10140 7286 177700 57831 119869 55465 6500 64404 81358 20878 6789 956 5833 622 60480 22320 22231 38160 2917 752 21634 12212 509 2165 782 274 5567 359
internal_count=269198 91498 10140 7286 177700 57831 119869 55465 6500 64404 81358 20878 6789 956 5833 622 60480 22320 22231 38160 2917 752 21634 12212 509 2165 782 274 5567 359
is_linear=0
shrinkage=0.05


Tree=54
num_leaves=31
num_cat=0
split_feature=1 8 5 1 0 9 5 8 5 1 2 8 8 2 8 4 1 8 4 8 2 0 0 2 2 0 8 2 0 5
split_gain=1.07062 1.32696 1.00259 0.943241 0.810741 1.06358 1.13868 0.900613 0.804038 1.09407 0.872352 1.09988 0.783375 1.30096 1.05947 1.09591 1.21849 0.775999 0.732669 1.50044 1.59508 1.4082 1.29961 1.27669 1.0122 0.935384 0.888939 1.43894 1.21305 1.0625
threshold=-0.028947850571830854 0.81468972556365615 21.642745471086872 0.043139448846459046 0.059174224623200218 1.0000000180025095e-35 65.869427013971674 0.56703283408178051 30.402657440870488 -0.013026436013790053 -0.082479211422832363 0.40489359352560911 0.66147025987619645 0.21807114913014361 0.32584610537525943 0.89317498498260806 0.070181745785140151 0.35238095186156998 -0.38676948585315718 0.36842105117728546 0.076100291161981151 -0.028948805926338802 0.050560434785319915 -0.1146997533716284 -0.20991807387696423 -0.050461122088397641 0.16075021778074713 -0.32084279149985417 -0.013390782423017221 36.330605226763858
decision_type=8 8 10 10 10 2 10 10 8 10 10 8 10 10 8 10 10 8 10 10 10 10 10 10 10 10 10 10 10 10
left_child=1 18 -3 8 5 -5 7 -7 9 -2 -11 -12 14 -14 -8 16 -16 -17 22 20 24 -22 26 -24 -20 -26 -1 -28 -29 -30
right_child=3 2 -4 4 -6 6 12 -9 -10 10 11 -13 13 -15 15 17 -18 -19 19 -21 21 -23 23 -25 25 -27 27 28 29 -31
leaf_value=0.00012722237469142824 -0.00031830817995503948 -0.0001073825248060062 0.00099816740577107592 9.5099949632477057e-05 -0.00036340790761568882 0.0010592985825279174 -0.0023347960667403338 -0.0014907416134908086 -0.00019233742748556263 0.00022945808400421874 0.0019539369009397203 -0.00028533399955152686 -0.0001664383750249038 0.0020140623415366571 0.0029041707026981958 0.0075405690233067927 0.011291558129883464 0.0017014502503905808 -0.0023770403707606973 4.1564422776437269e-05 -0.00056986238694820641 0.0039196412735460909 0.0040500986204651283 -0.00081288604178292128 0.003645251842692058 0.00063351594082294155 -0.0064071137732274732 0.00011751726673956141 -0.0010303437628533566 -9.1033995655058191e-05
leaf_weight=35810 6161 2854 7286 44110 8025 602 120 815 104610 6433 1893 772 1645 1171 111 60 71 1101 266 14089 230 726 381 209 271 5296 95 11883 6476 5626
leaf_count=35810 6161 2854 7286 44110 8025 602 120 815 104610 6433 1893 772 1645 1171 111 60 71 1101 266 14089 230 726 381 209 271 5296 95 11883 6476 5626
internal_value=8.6845e-06 0.000147645 0.000687 -6.28663e-05 0.000102982 0.000178129 0.000821109 -0.000407379 -0.00014288 0.000196181 0.000544584 0.00130526 0.00122793 0.000740297 0.00216652 0.00256872 0.00617617 0.00200321 8.04224e-05 0.000335801 0.000946422 0.00283953 -7.73568e-06 0.00232745 0.000636151 0.000780126 -3.07405e-05 -0.000265651 -0.000241326 -0.000593676
internal_weight=269198 91498 10140 177700 57831 49806 5696 1417 119869 15259 9098 2665 4279 2816 1463 1343 182 1161 81358 20878 6789 956 60480 590 5833 5567 59890 24080 23985 12102
internal_count=269198 91498 10140 177700 57831 49806 5696 1417 119869 15259 9098 2665 4279 2816 1463 1343 182 1161 81358 20878 6789 956 60480 590 5833 5567 59890 24080 23985 12102
is_linear=0
shrinkage=0.05


Tree=55
num_leaves=31
num_cat=0
split_feature=7 8 4 2 0 7 7 2 7 2 4 5 5 7 7 1 5 1 8 2 7 5 4 2 7 7 5 8 5 7
split_gain=1.29676 1.23225 1.24711 1.06587 1.38476 1.35263 1.6942 1.62187 1.40959 2.10242 1.34784 1.6228 0.932894 1.24985 0.891979 0.900183 0.956145 0.858787 0.849086 1.60789 1.22728 1.38922 1.36642 1.20077 1.37331 1.41407 1.17318 1.16206 1.14393 1.52745
threshold=0.062182765303145433 0.011124157997051442 1.4264144945704402 -0.10132817990817548 -0.07805826330971298 0.027450269407221058 0.048732584943597293 0.21138725944221473 0.04275317982542725 0.13720367789013468 0.53019978575856863 65.869427013971674 68.54931819711274 0.054473624498138536 0.03946003414417007 -0.052799211351304713 44.090909069865724 0.14460248547869184 0.76130113397639287 0.15813196578469771 0.040701661468941046 77.611940197148598 0.48583506881752903 0.28079413032914996 0.028749857779281091 0.038330976880495846 82.721296622103907 0.37642585511339244 76.882066305004102 0.037275660282738245
decision_type=10 10 10 8 10 8 10 10 10 10 10 8 10 10 10 10 10 10 10 10 10 10 10 10 10 10 10 10 10 10
left_child=1 2 3 -1 -5 -6 8 -8 14 -10 -11 -12 -9 -14 -7 16 -16 -15 19 28 21 23 -22 24 -21 27 -24 -26 -3 -30
right_child=-2 18 -4 4 5 6 7 12 9 10 11 -13 13 17 15 -17 -18 -19 -20 20 22 -23 26 -25 25 -27 -28 -29 29 -31
leaf_value=0.00070961716826971723 -0.00056360253219072038 -3.4048237323557653e-05 0.0054862185441065942 -0.0016968914086954536 -0.00063585878855886837 0.00053437250300822847 -0.0020826897903533227 0.0030398135131690651 0.0038820801254297586 -0.0041534786303498734 0.0072360147192844079 -0.0011519053091236517 -0.0062060292251408106 0.0055367881641385785 -0.0023473532888890498 -0.0020703171960237189 0.0058222129329455544 -0.0027566789608579455 -0.00026515341752279082 0.0025596875451226295 0.0007145532925256615 -0.00082369968317834723 -0.0013873687567108742 0.0042033855784737242 0.0034315190861401636 0.0027404806974781156 0.0048901204471453992 -0.000267511807813476 0.0005254488878676226 0.0040229943283378129
leaf_weight=10185 10095 184343 116 1037 4033 11655 1209 304 728 161 87 171 80 69 63 615 83 57 31908 1332 2656 784 1625 365 235 634 78 2200 1997 370
leaf_count=10185 10095 184343 116 1037 4033 11655 1209 304 728 161 87 171 80 69 63 615 83 57 31908 1332 2656 784 1625 365 235 634 78 2200 1997 370
internal_value=-7.63588e-06 1.40189e-05 0.0003117 0.000292044 8.30724e-05 0.000178637 0.000393586 -0.00108519 0.000581009 0.00225807 -0.00056361 0.00167658 0.00127947 -0.00131832 0.000426081 -0.00123244 0.00229699 0.00178498 -2.591e-05 1.29153e-05 0.000633577 0.00112672 5.69138e-06 0.00144756 0.00121901 0.000637128 -0.00109985 8.94789e-05 -2.00242e-05 0.00107217
internal_weight=269275 259180 30653 30537 20352 19315 15282 1719 13563 1147 419 258 510 206 12416 761 146 126 228527 196619 9909 5550 4359 4766 4401 3069 1703 2435 186710 2367
internal_count=269275 259180 30653 30537 20352 19315 15282 1719 13563 1147 419 258 510 206 12416 761 146 126 228527 196619 9909 5550 4359 4766 4401 3069 1703 2435 186710 2367
is_linear=0
shrinkage=0.05


Tree=56
num_leaves=31
num_cat=0
split_feature=6 4 0 1 4 8 8 6 0 8 1 6 1 3 0 4 8 0 6 1 5 4 8 6 5 4 0 5 8 8
split_gain=1.22771 1.92713 1.26418 1.00745 1.48701 2.57007 1.18324 1.56304 1.10657 0.942661 0.862471 0.849516 0.809553 0.749247 1.41802 0.953553 1.08456 0.902574 0.958704 0.776379 1.01524 0.798585 0.860215 0.742304 0.862877 0.769781 0.73755 0.712407 1.03382 1.2409
threshold=0.62506809901986327 -0.75569551344728014 -0.07805826330971298 -0.11447863701864362 -0.57159750581934221 0.13603785811251509 0.76130113397639287 1.2977721653984642 -0.020216614783719052 0.097048649989857641 0.26006599770700684 1.1753735957338798 -0.0081078119972283185 1.0000000180025095e-35 -0.044684129429892132 -0.071356982140794847 0.26132687509649116 0.04154046774269083 1.047165219241738 -0.035823782106074113 49.919022670565589 0.021814278530545555 0.2645894821151285 0.80928581942541722 79.261974704181185 -0.23190213440951987 0.061806535162411642 14.634146337756819 0.058780815764824655 0.11987291577668219
decision_type=10 8 10 10 10 10 10 10 10 8 10 10 10 2 10 10 8 10 10 10 10 10 10 10 10 10 10 10 8 10
left_child=1 -1 -3 27 5 -5 7 9 11 -6 -4 -7 13 14 19 17 -17 -16 -19 -11 -21 -22 -23 24 25 -14 -27 -2 -29 -30
right_child=3 2 10 4 6 8 -8 -9 -10 12 -12 -13 23 -15 15 16 -18 18 -20 20 21 22 -24 -25 -26 26 -28 28 29 -31
leaf_value=0.00088006935863103983 0.0016803755725725426 -0.0017155694474022612 9.4903665304121564e-05 -4.6472331990493132e-05 -0.00061750170986802364 2.162446355331349e-05 -0.00029813509743039241 0.00036642011937859919 -0.0011634168237906436 0.0011742967036622175 0.0033129048084856332 -0.0012682100517421417 0.00012918261150790755 -0.00018948896438985405 -8.9828045512976195e-05 0.0017595967301284087 0.0003702764655160934 0.0003601346429280763 0.0041359020462951833 0.001055446630850277 0.010491585110522512 -0.00082835382430480333 0.0076417913802130063 9.8647575800045162e-06 0.0022532020236789309 -0.00064733094569369425 0.0043924198690036389 -0.00047705652002173944 0.0018367014553789666 0.00014688853977419796
leaf_weight=8577 1053 968 55447 26880 6775 4726 30052 29870 10144 637 209 1749 4642 8474 11964 1898 5405 466 263 154 76 53 69 37679 306 13120 73 2767 1670 3109
leaf_count=8577 1053 968 55447 26880 6775 4726 30052 29870 10144 637 209 1749 4642 8474 11964 1898 5405 466 263 154 76 53 69 37679 306 13120 73 2767 1670 3109
internal_value=-7.25409e-06 0.000181626 7.58309e-05 -6.76007e-05 -9.09013e-05 -0.00034867 -1.71222e-05 5.21423e-05 -0.000837451 -4.98357e-05 0.000106988 -0.00032678 -4.73736e-06 0.000207322 0.000367559 0.000276151 0.000731351 1.4249e-05 0.00172231 0.00221568 0.00410023 0.00646839 0.00396214 -0.000116652 -0.000379427 -0.000424596 -0.000619445 0.000462076 0.000292069 0.000737386
internal_weight=269275 65201 56624 204074 195475 43499 151976 121924 16619 92054 55656 6475 85279 29459 20985 19996 7303 12693 729 989 352 198 122 55820 18141 17835 13193 8599 7546 4779
internal_count=269275 65201 56624 204074 195475 43499 151976 121924 16619 92054 55656 6475 85279 29459 20985 19996 7303 12693 729 989 352 198 122 55820 18141 17835 13193 8599 7546 4779
is_linear=0
shrinkage=0.05


Tree=57
num_leaves=31
num_cat=0
split_feature=7 1 0 6 4 0 2 7 4 7 0 4 6 6 7 1 4 3 6 2 7 1 0 4 1 0 4 0 1 6
split_gain=1.1875 1.12223 1.03885 1.171 0.831184 0.834917 0.847476 1.18059 1.5679 1.05396 1.39138 1.22299 0.977489 0.957077 0.8943 0.976887 0.863618 0.810821 0.809093 1.10922 1.22826 1.19206 1.00238 0.962973 1.17106 0.954117 0.860514 0.768232 0.767758 0.751834
threshold=0.062182765303145433 -0.053627066939369743 -0.07805826330971298 1.2787812200896804 -0.74885217463607889 0.059174224623200218 0.17041651231208924 0.048218597682754084 0.73182799324622916 0.040435130959160917 0.022412765753629164 0.89317498498260806 1.571883440496052 1.2881132953148915 0.045942379692413306 0.12324540571616761 -0.4408389889780297 1.0000000180025095e-35 0.62858974848366278 -0.29919394975115426 0.044028506789199028 -0.13975089850557351 -0.0036900369003690088 -0.56582534893374137 -0.055235903337169205 0.052427708969265858 -0.96511640687138911 -0.017311450145031045 -0.030775117980691043 0.62506809901986327
decision_type=10 8 10 8 8 10 10 10 10 10 10 10 10 10 10 10 10 2 8 8 10 10 10 8 10 10 10 10 8 10
left_child=1 18 -3 29 -5 6 9 13 -9 17 16 12 -12 -8 -14 -16 -11 -6 22 20 21 -20 26 25 -25 -21 -1 -23 -7 -4
right_child=-2 2 3 4 5 28 7 8 -10 10 11 -13 14 -15 15 -17 -18 -19 19 23 -22 27 -24 24 -26 -27 -28 -29 -30 -31
leaf_value=0.0020499853616953727 -0.00053892100013405925 -0.0014584098003301814 8.8330140054795957e-05 -0.0008803295105955074 0.00027005730561462663 0.003747284087032557 0.0068402239947269365 0.0023632004596882065 -0.0016996045913166208 0.0054049481583842863 0.0022202962824331234 -0.00047280027631182818 0.0033575628373514986 0.0011454631379961677 0.012780367903638094 0.004323119666233036 7.6029829202340214e-05 -0.00037164176414401551 0.0055916523799930361 -0.00013198417654016164 -0.00067454110165575312 -0.0016059211534012457 1.7625405925424772e-05 0.00034044108749657859 0.0027644771835490722 0.0033097158810077923 0.00067629223523961413 0.0042098488988510019 -0.00029878594972281822 -0.00015955624171555086
leaf_weight=1376 10095 1278 41426 1767 25011 119 75 332 834 80 381 214 145 4534 76 62 1532 6129 282 25086 288 139 5142 10526 523 203 6648 96 7954 116922
leaf_count=1376 10095 1278 41426 1767 25011 119 75 332 834 80 381 214 145 4534 76 62 1532 6129 282 25086 288 139 5142 10526 523 203 6648 96 7954 116922
internal_value=-6.89138e-06 1.3831e-05 -3.72306e-05 -2.84814e-05 0.000184464 0.000224093 0.000318997 0.000878556 -0.000542785 0.000222909 0.00121278 0.00281428 0.00387368 0.00123813 0.0060996 0.00898073 0.000340492 0.000143758 0.000225827 0.000106446 0.00194224 0.00339994 0.000562616 6.57775e-05 0.000455182 -0.000104357 0.000911861 0.000769883 -0.000239145 -9.47058e-05
internal_weight=269275 259180 208871 207593 49245 47478 39405 5775 1166 33630 2490 878 664 4609 283 138 1612 31140 50309 37143 805 517 13166 36338 11049 25289 8024 235 8073 158348
internal_count=269275 259180 208871 207593 49245 47478 39405 5775 1166 33630 2490 878 664 4609 283 138 1612 31140 50309 37143 805 517 13166 36338 11049 25289 8024 235 8073 158348
is_linear=0
shrinkage=0.05


Tree=58
num_leaves=31
num_cat=0
split_feature=7 8 8 5 1 8 7 4 1 4 7 8 1 1 0 8 7 0 8 1 7 1 4 4 7 4 8 7 8 4
split_gain=1.07635 1.45711 1.00177 0.890429 2.35069 1.6345 1.2487 1.63326 1.08113 1.04103 0.848694 1.02673 0.790338 1.00082 0.776497 1.16873 0.770976 0.752699 0.727924 0.712078 0.644839 1.12338 0.856349 1.31784 0.79232 0.748324 0.712872 0.780001 1.08097 0.719819
threshold=0.079061678468717936 0.91946033832292196 0.76130113397639287 59.295989284251469 0.19168037263172447 0.61541130580174574 0.052946406917865098 0.55687220843679142 -0.051973141121421311 0.62999704921725597 0.0081742625780446224 0.65210175778263302 0.2068991669203544 0.26006599770700684 0.052427708969265858 0.19598326047377998 0.023253679352010084 -0.029931256787467827 0.83677729463455208 0.26006599770700684 0.062182765303145433 0.32037338840207635 1.0620545557555838 0.29995240434532638 0.075517149084893084 0.29995240434532638 0.20528607269751348 0.02791324903461662 0.3604740832465238 0.66926294623214633
decision_type=10 10 10 10 10 8 10 10 8 8 10 10 10 10 10 8 10 10 10 10 10 10 10 10 10 10 8 10 10 10
left_child=2 18 3 4 8 6 -6 -8 14 -7 11 -5 -11 -14 -1 -16 -4 -12 -2 -18 21 25 23 -22 -25 -19 -27 29 -29 -28
right_child=1 -3 16 10 5 9 7 -9 -10 12 17 -13 13 -15 15 -17 19 20 -20 -21 22 -23 -24 24 -26 26 27 28 -30 -31
leaf_value=0.00015480126122071692 -0.0012018820681717799 0.0057878977086471576 -0.00072228468625046619 0.001334837529999356 0.0027507993081112357 -0.0036342139848458926 0.0049011947999305621 0.016599073148332536 -9.1210760011458907e-05 0.0070605992396915521 0.00085048250859627833 0.008330278132416425 -0.0019926115555395168 0.0038354749159144733 0.0046204042686410823 0.00021602126707736307 -7.3140418645970004e-05 0.00065679693897393795 -0.0059319358384784535 -0.001307250448506351 -0.0030183525195510204 0.0066473064527137957 -0.0051345423625765796 9.972368285979282e-05 0.0053954679047456015 -0.0011988645074571078 -1.0225040662059827e-05 0.0005106799190653516 -0.00043028273737261992 0.00069704442512741338
leaf_weight=51270 1888 73 6965 828 142 95 74 50 138521 69 4164 56 138 158 245 391 25076 6427 85 1226 360 67 114 603 80 1080 6702 4354 10208 7766
leaf_count=51270 1888 73 6965 828 142 95 74 50 138521 69 4164 56 138 158 245 391 25076 6427 85 1226 360 67 114 603 80 1080 6702 4354 10208 7766
internal_value=-6.54682e-06 -0.001149 2.2002e-06 3.87047e-05 -7.45618e-06 0.00283225 0.00595209 0.00961808 -1.82825e-05 0.00102816 0.000244825 0.00177799 0.00224166 0.00111833 0.00017634 0.00191268 -0.000254531 0.000212498 -0.00140566 -0.000130665 0.000142145 0.00017888 -0.00102003 -0.000570313 0.000720016 0.000167018 6.24749e-05 0.0001094 -0.000148937 0.000369417
internal_weight=269275 2046 267229 233962 191153 726 266 124 190427 460 42809 884 365 296 51906 636 33267 41925 1973 26302 37761 36604 1157 1043 683 36537 30110 29030 14562 14468
internal_count=269275 2046 267229 233962 191153 726 266 124 190427 460 42809 884 365 296 51906 636 33267 41925 1973 26302 37761 36604 1157 1043 683 36537 30110 29030 14562 14468
is_linear=0
shrinkage=0.05


Tree=59
num_leaves=31
num_cat=0
split_feature=7 1 4 2 7 5 5 7 5 2 2 7 7 7 2 5 1 1 2 5 2 6 5 4 5 6 1 7 5 7
split_gain=1.00831 0.922593 0.873243 1.57078 1.8201 1.2088 1.05345 1.31906 1.23642 1.03066 0.994916 1.02231 0.972919 1.88568 1.34614 0.93169 0.906911 0.850333 1.67253 1.14317 0.770877 1.05635 1.18498 1.08777 1.04265 1.35707 1.02957 1.8525 1.04756 0.91505
threshold=0.062182765303145433 -0.053627066939369743 -0.30989265444274539 -0.043519582356536572 0.030590131061354067 56.63246839491439 61.710078240786373 0.036494476576477579 39.756949441393317 -0.016212406910081297 -0.2204671338228493 0.059819200537251725 0.055227318600763041 0.052946406917865098 -0.090341596686865019 47.947872818153279 -0.036454811397603197 0.077482595617676245 -0.16492180462303777 31.137582650300093 -0.20991807387696423 0.88173167874633551 45.423202778420446 -0.96511640687138911 41.141141123844569 0.68188029759923274 -0.15738888560099426 0.044783073190515534 15.508353125118299 0.028035940640548769
decision_type=10 8 8 8 10 10 10 10 10 8 10 10 10 10 10 10 8 10 10 10 8 10 10 8 10 10 10 10 10 10
left_child=1 20 5 4 15 9 8 -8 -6 17 -10 12 13 -12 -15 -4 -5 -3 19 -19 26 23 -23 24 -22 29 27 -1 -28 -26
right_child=-2 2 3 16 6 -7 7 -9 10 -11 11 -13 -14 14 -16 -17 -18 18 -20 -21 21 22 -24 -25 25 -27 28 -29 -30 -31
leaf_value=0.0033396240870669559 -0.00049646713960843712 -0.00012824783897179325 -0.00031577503007749401 0.00055302919946221814 0.0018623051744769904 0.0044421386685394122 0.0050774741649865429 0.0010537842571864831 -0.0027803595800145083 -0.00069608928174693481 0.00046787142909455114 0.0059492493538057497 -0.0031008992988242174 0.010582538649905474 0.00057802115053195372 0.00054114150147327087 -6.8290400557951308e-05 0.0012337759161917868 -0.0024100273261865369 0.0098395482982849974 0.00083812900855571165 -0.00041534196985766673 0.00055968547722283078 0.00018187848709402341 0.0039468858910437958 0.0012627320069572834 -0.00084884864152593603 -0.001001250604953551 0.0008264664337679444 0.013420283005572856
leaf_weight=831 10095 57605 7779 6195 2015 141 332 527 230 8810 6157 87 183 80 58 5356 113064 70 96 86 4337 12818 4117 22554 52 166 1237 349 3798 50
leaf_count=831 10095 57605 7779 6195 2015 141 332 527 230 8810 6157 87 183 80 58 5356 113064 70 96 86 4337 12818 4117 22554 52 166 1237 349 3798 50
internal_value=-6.21947e-06 1.28756e-05 -3.3422e-05 3.66868e-05 0.000416901 -0.000182504 0.000937539 0.00260892 0.000774574 -0.000192285 0.000452016 0.00056526 0.000492953 0.000597429 0.00637774 3.3646e-05 -3.60155e-05 -0.00011557 0.00278255 0.00597798 0.000205092 0.000131612 -0.000178307 0.000324862 0.00102515 0.00405174 0.000726418 0.00205576 0.000414875 0.00859071
internal_weight=269275 259180 208871 142063 22804 66808 9669 859 8810 66667 6795 6565 6478 6295 138 13135 119259 57857 252 156 50309 44094 16935 27159 4605 268 6215 1180 5035 102
internal_count=269275 259180 208871 142063 22804 66808 9669 859 8810 66667 6795 6565 6478 6295 138 13135 119259 57857 252 156 50309 44094 16935 27159 4605 268 6215 1180 5035 102
is_linear=0
shrinkage=0.05


Tree=60
num_leaves=31
num_cat=0
split_feature=2 6 4 5 2 5 1 8 8 8 8 6 8 1 1 4 5 8 8 2 6 6 2 8 1 2 1 2 6 1
split_gain=1.05367 1.25885 1.36365 1.86556 1.54007 1.98754 4.73234 1.29646 1.19173 1.06952 1.0207 0.853302 0.881804 0.793403 0.748807 1.43379 1.20701 0.98886 0.935664 1.2924 1.02395 0.987858 0.767647 1.78396 1.25777 0.828931 0.738394 0.728521 0.762063 0.71604
threshold=0.3897788632604014 0.87380071825851158 0.92415200677590736 81.358519548871314 0.46454772059302524 64.803739384027395 -0.0013630170918999538 0.38440111380459507 0.84906492955078761 0.8609775726248089 0.92707669363633938 0.84412295810120741 0.91231343233938167 0.05944845259693899 0.065165902073342177 -0.40719827892798205 29.332769766351905 0.57142857020581539 1.0000000180025095e-35 -0.067262014085127317 0.27650921227003539 0.33369681696033587 0.14689145610645607 0.44723325029715799 -0.020799118343189978 0.25839402339364265 0.045230039706666177 -0.16492180462303777 1.0270328941827052 -0.096978477157520046
decision_type=10 10 10 10 10 10 10 10 10 10 10 10 10 10 10 8 8 8 10 8 8 8 10 10 10 10 10 10 10 10
left_child=9 2 3 4 5 7 -7 -2 -8 14 -4 12 -6 -10 18 27 -17 -18 19 -1 -21 -20 -23 24 25 29 -11 28 -16 -24
right_child=1 -3 10 -5 11 6 8 -9 13 26 -12 -13 -14 -15 15 16 17 -19 21 20 -22 22 23 -25 -26 -27 -28 -29 -30 -31
leaf_value=0.00081597413131690453 0.0083159928950481115 0.00017230146906479157 0.0026270926460115751 -0.0034644439925140694 -0.00057022220065245071 0.016095375472704242 -0.0017978959759189326 -0.00056397625077838384 0.0011908054402025017 -0.00095817019931336382 0.012446940670191657 0.0063761899662125162 0.0048440325742609112 0.00946708946043987 0.0089286335465310028 -0.0031112246199639535 0.00055689095526921507 -3.7982034588611011e-05 0.00093414807408481293 0.0048178829214884904 -2.416103651069905e-05 -9.6773006032001792e-05 -0.0011482943409449747 0.00010001582638329045 0.00089966633242678925 0.0096922204673193929 -0.00018418111966714542 2.6627274689404933e-06 0.0019498942249607462 0.0042733591503134076
leaf_weight=7530 50 3414 55 169 599 95 88 231 51 4655 51 59 86 67 94 270 13450 14536 2475 110 14730 184572 74 11220 879 58 9116 73 67 344
leaf_count=7530 50 3414 55 169 599 95 88 231 51 4655 51 59 86 67 94 270 13450 14536 2475 110 14730 184572 74 11220 879 58 9116 73 67 344
internal_value=-3.18447e-06 0.000714784 0.00187158 0.00148302 0.00211358 0.00404019 0.00686336 0.00101609 0.00260588 -1.68101e-05 0.00735174 0.000606477 0.000109524 0.00589005 6.77557e-06 0.000248093 0.000215814 0.000247912 -2.41946e-05 0.000282448 1.17301e-05 -5.85576e-05 -7.10201e-05 0.000306974 0.00202068 0.00409078 -0.000445812 0.00414585 0.00602444 0.00331354
internal_weight=269268 5015 1601 1495 1326 582 301 281 206 264253 106 744 685 118 250482 28490 28256 27986 221992 22370 14840 199622 197147 12575 1355 476 13771 234 161 418
internal_count=269268 5015 1601 1495 1326 582 301 281 206 264253 106 744 685 118 250482 28490 28256 27986 221992 22370 14840 199622 197147 12575 1355 476 13771 234 161 418
is_linear=0
shrinkage=0.05


Tree=61
num_leaves=31
num_cat=0
split_feature=2 6 6 6 2 8 1 5 0 1 0 8 8 2 6 6 6 5 1 2 6 5 8 2 0 2 6 2 1 2
split_gain=0.950942 1.13611 1.13075 1.02892 2.95061 0.965238 0.761008 1.43184 0.734028 0.675798 1.32343 0.85112 0.844437 1.18085 0.891542 0.743717 0.742615 0.893425 0.767451 0.715741 0.700964 1.21501 1.11262 0.934022 0.815926 1.12974 1.57252 0.77773 0.685434 0.934159
threshold=0.3897788632604014 0.87380071825851158 0.55108286910926607 0.61167366341554874 0.46454772059302524 0.8609775726248089 0.17857975875780266 81.358519548871314 0.0033660487064265392 0.065165902073342177 0.059174224623200218 0.67084183288796218 1.0000000180025095e-35 -0.10132817990817548 0.33369681696033587 0.27650921227003539 1.4446005762362875 76.882066305004102 0.22843713725094186 0.25839402339364265 1.1346497903137316 51.474543740160591 0.22447098423516193 0.049704069032557537 0.04413020094962717 -0.24067840387544062 1.6093040268207586 -0.081104630092150951 0.26006599770700684 0.0026946916534994485
decision_type=10 10 10 10 10 10 10 10 10 10 10 8 10 8 8 8 8 10 10 10 10 10 10 10 10 10 10 10 10 10
left_child=5 2 -2 4 -4 9 7 -5 -8 12 11 -11 13 -1 -14 -15 17 18 -13 -19 -16 22 24 -24 -22 26 -26 -23 -12 -30
right_child=1 -3 3 6 -6 -7 8 -9 -10 10 28 16 14 15 20 -17 -18 19 -20 -21 21 27 23 -25 25 -27 -28 -29 29 -31
leaf_value=0.00086429688557622473 -0.00077150597183268021 0.00016368638205705463 0.012603535799611232 0.002050536375395822 0.00032006881369108506 -0.00042352142485293874 0.00088385365018621084 -0.004224498758655197 0.0087476555069857468 0.00061200829314861783 -0.00078244865040836924 -6.6841364772012447e-05 0.00088744067287894503 0.0039361223119471342 -0.00011930679914896894 1.7580693696362093e-05 0.0005140416654169015 -0.0010719976333071872 -0.0037828881064368007 -0.0051405048105977432 3.9304140582080755e-05 0.0024170979172766383 -0.00068946426381164602 0.00088402173410908214 0.010625706619985804 0.00080471883117985568 0.00048228300771899994 0.00036332364242619262 0.0054005812924064764 -0.00059368663759589747
leaf_weight=6060 342 3414 88 836 110 13771 50 102 73 14800 3737 4894 2475 122 151383 16188 4156 329 143 161 15829 473 9039 1053 74 1108 79 18109 109 161
leaf_count=6060 342 3414 88 836 110 13771 50 102 73 14800 3737 4894 2475 122 151383 16188 4156 329 143 161 15829 473 9039 1053 74 1108 79 18109 109 161
internal_value=-3.02525e-06 0.000679045 0.001778 0.00247056 0.00577939 -1.59696e-05 0.00185308 0.00136818 0.00555099 6.4368e-06 0.000235689 0.000373553 -2.29849e-05 0.000268326 -5.56297e-05 4.68917e-05 9.08541e-06 -0.000370614 -0.00017234 -0.00240879 -6.74691e-05 0.000104005 -0.000109007 -0.000525287 0.000136815 0.00136085 0.00538825 0.000415602 -0.000606671 0.00182622
internal_weight=269268 5015 1601 1259 198 264253 1061 938 123 250482 28490 24483 221992 22370 199622 16310 9683 5527 5037 490 197147 45764 27182 10092 17090 1261 153 18582 4007 270
internal_count=269268 5015 1601 1259 198 264253 1061 938 123 250482 28490 24483 221992 22370 199622 16310 9683 5527 5037 490 197147 45764 27182 10092 17090 1261 153 18582 4007 270
is_linear=0
shrinkage=0.05


Tree=62
num_leaves=31
num_cat=0
split_feature=7 8 7 1 5 6 7 0 6 8 6 1 0 8 8 7 7 5 3 5 5 0 0 8 6 1 7 6 1 6
split_gain=0.846508 0.707634 1.4496 0.937989 1.17382 2.04763 1.19709 1.69916 1.05021 0.922231 0.846922 0.788292 1.22417 1.01173 0.798818 1.96627 1.41048 1.88608 1.27205 1.12434 1.12408 0.905291 1.10723 1.17882 0.78137 0.806485 0.760189 0.722458 0.711262 1.65015
threshold=0.079061678468717936 1.0000000180025095e-35 0.020890698557700361 0.039293704698151417 67.008265075488623 1.1479477205935829 0.055227318600763041 0.019211573615185776 0.62858974848366278 1.0000000180025095e-35 0.33369681696033587 0.043139448846459046 0.071774098249793319 0.92707669363633938 0.57142857020581539 0.038998441370282362 0.023464049159820644 53.830634489015473 1.0000000180025095e-35 84.36679887914751 29.332769766351905 -0.032086348602651908 -0.030438898389434196 0.42968295946104235 2.349245140747239 0.26006599770700684 0.070843092138759015 3.4582492346713782 0.32037338840207635 2.8721210558773405
decision_type=10 10 8 8 10 10 8 10 8 8 8 10 10 10 10 10 10 10 2 10 10 10 10 10 10 10 10 10 10 10
left_child=1 2 9 4 -4 6 -6 8 -8 -1 -3 13 14 -12 15 16 17 -13 20 -19 -17 -22 -23 26 25 -14 -24 -18 -26 -30
right_child=-2 10 3 -5 5 -7 7 -9 -10 -11 11 12 24 -15 -16 18 27 19 -20 -21 21 22 23 -25 28 -27 -28 -29 29 -31
leaf_value=0.0012783558290737677 -0.001019793111568399 0.00088848911705052651 0.00049083741752205181 -7.5573313256889615e-05 -0.00033221540388916676 0.0099603460637375796 0.0080992379654198886 0.012540742365643382 -0.00055819778548554582 -0.0015320700903246759 -7.0237158525636247e-05 -0.00020192878170895872 -0.00092410694946142176 -0.0015364820691096662 2.1111754943933551e-05 -0.0012776227862348099 -0.00013216707853037563 0.0019566196917705598 -0.0023214689310785239 -0.0042928911615760894 -0.00036823863689833963 0.0092541830198766255 0.002552943059145097 0.00045449008153434719 -0.00021024096101514658 -0.0039287297611338319 -0.0014502254284677967 0.004726162091037032 0.010390531110439312 0.0001414298693513653
leaf_weight=354 2031 2526 15645 8362 328 84 50 50 117 1664 185654 2144 2331 1184 24254 344 12291 2622 231 74 478 51 2719 1106 1928 247 124 77 54 144
leaf_count=354 2031 2526 15645 8362 328 84 50 50 117 1664 185654 2144 2331 1184 24254 344 12291 2622 231 74 478 51 2719 1106 1928 247 124 77 54 144
internal_value=-2.87398e-06 4.8546e-06 0.000249297 0.00035483 0.000575983 0.00269379 0.0015738 0.00445479 0.00203385 -0.00103906 -2.2227e-05 -3.18906e-05 0.000141886 -7.95288e-05 0.00021962 0.0004359 0.000181259 0.000904886 0.00130308 0.00178508 0.00147672 0.00168831 0.00193406 0.00183953 -0.000626781 -0.00121198 0.00237834 -0.00010192 8.28363e-05 0.00293664
internal_weight=269268 267237 26654 24636 16274 629 545 217 167 2018 240583 238057 51219 186838 46515 22261 17208 4840 5053 2696 4822 4478 4000 3949 4704 2578 2843 12368 2126 198
internal_count=269268 267237 26654 24636 16274 629 545 217 167 2018 240583 238057 51219 186838 46515 22261 17208 4840 5053 2696 4822 4478 4000 3949 4704 2578 2843 12368 2126 198
is_linear=0
shrinkage=0.05


Tree=63
num_leaves=31
num_cat=0
split_feature=7 7 4 5 8 8 5 8 1 8 7 1 5 7 8 8 7 8 6 1 1 8 5 6 1 6 7 7 7 6
split_gain=0.788085 1.20777 1.3928 1.58038 1.53674 1.4262 1.60054 2.88467 1.35455 1.81518 1.21274 1.07432 2.04599 1.00203 1.23159 1.15795 1.09549 0.95144 1.23506 0.979343 0.945741 1.01864 1.00272 1.33272 1.20201 1.05131 1.13736 1.04318 0.983002 1.17809
threshold=0.054473624498138536 0.038753739887981066 0.94042340005163061 26.736391577725808 0.84274905879301187 0.4763019474533613 77.611940197148598 0.3033873338683547 0.033857468179067103 0.38440111380459507 0.043054602623442122 -0.15738888560099426 20.320806189805015 0.052946406917865098 0.32584610537525943 0.43403797806748301 0.053672811631288876 0.81468972556365615 1.571883440496052 -0.0013630170918999538 0.15907000839106325 0.8609775726248089 51.474543740160591 0.94255675828893604 -0.016893621152957058 0.7015131783344527 0.01318481275596658 0.024104969265588898 0.0081742625780446224 0.6518922820905092
decision_type=10 10 10 10 8 10 10 10 10 8 10 8 8 10 8 10 10 10 10 10 10 10 10 8 10 10 8 8 10 10
left_child=1 11 3 -3 -4 6 8 -8 13 -10 -9 12 -1 -5 16 -16 -15 18 -7 -19 21 22 25 24 -24 27 -27 -13 29 -26
right_child=-2 2 4 5 -6 17 7 10 9 -11 -12 20 -14 14 15 -17 -18 19 -20 -21 -22 -23 23 -25 28 26 -28 -29 -30 -31
leaf_value=0.0037058191618562497 -0.00031852291099726017 -0.00072010278999942636 -0.0019379350818814044 0.00036050074320605581 0.00015746010671127632 -0.00025227890320524398 -0.00087975516838464636 0.015735427911517788 0.002276286566806905 0.00024601686793428976 0.0051095105940476065 0.00034186908320037087 -9.1302702323214709e-05 0.0086804451546197668 -0.00077196339551705722 0.0071112571537794017 0.0018527519186703951 0.0027486603086132005 0.001526084511388001 0.00048095932225852627 0.00091233412475533269 -0.00056068233718963413 0.00036356249745510391 0.00034125490796853248 0.0076837628468287636 -0.00091312449527994495 -0.00016950187346313986 -0.00011319241044785804 -0.00034805041935198253 0.00034261118958966107
leaf_weight=558 18406 3074 1429 12024 2257 11042 103 58 2743 1839 50 20840 974 118 277 56 117 553 1071 3424 2590 9292 9459 35659 83 5536 72253 31828 21395 160
leaf_count=558 18406 3074 1429 12024 2257 11042 103 58 2743 1839 50 20840 974 118 277 56 117 553 1071 3424 2590 9292 9459 35659 83 5536 72253 31828 21395 160
internal_value=-2.73028e-06 2.04397e-05 0.000271455 0.000364877 -0.000654889 0.000464511 0.000778482 0.00510671 0.000725306 0.00146143 0.010816 -2.75104e-05 0.00129172 0.000457443 0.00250961 0.000553743 0.00528113 0.00012527 -9.50406e-05 0.000796282 -3.71762e-05 -4.9085e-05 -2.49803e-05 0.000132629 -0.000106603 -0.00010563 -0.000222423 6.68691e-05 -0.000312135 0.00285008
internal_weight=269268 250862 40235 36549 3686 33475 17385 211 17174 4582 108 210627 1532 12592 568 333 235 16090 12113 3977 209095 206505 197213 66756 31097 130457 77789 52668 21638 243
internal_count=269268 250862 40235 36549 3686 33475 17385 211 17174 4582 108 210627 1532 12592 568 333 235 16090 12113 3977 209095 206505 197213 66756 31097 130457 77789 52668 21638 243
is_linear=0
shrinkage=0.05


Tree=64
num_leaves=31
num_cat=0
split_feature=2 6 4 5 2 5 6 8 0 8 8 0 5 3 0 2 2 8 4 5 8 0 6 8 0 6 2 0 5 4
split_gain=0.896205 1.01356 1.17721 1.56961 1.31076 1.77606 2.11041 1.15949 1.00623 0.909195 0.827445 1.08732 0.806268 1.19746 1.07419 0.974094 1.56852 1.04149 0.993626 0.81719 0.826421 0.786138 0.752343 0.784935 0.710289 0.682765 0.76775 1.02391 0.677327 0.657694
threshold=0.3897788632604014 0.87380071825851158 0.92415200677590736 81.358519548871314 0.46454772059302524 64.803739384027395 0.60441262499964477 0.38440111380459507 0.011206670128427356 0.92707669363633938 0.50659383237964506 -0.01391395982061888 52.065370752628233 1.0000000180025095e-35 0.068097587217287772 -0.056168967307077759 -0.14155677326617019 0.18723766890753532 1.4264144945704402 70.622972347479006 0.20528607269751348 0.0097301672739283935 0.84412295810120741 0.91231343233938167 -0.021299194762897818 1.3938999483564487 0.17041651231208924 -0.030438898389434196 64.062499894897442 -0.70674008885377249
decision_type=10 10 10 10 10 10 10 10 10 10 10 10 10 2 10 10 8 10 10 10 10 10 10 10 10 10 10 10 10 10
left_child=10 2 3 4 5 7 -7 -2 24 -4 12 -12 -1 14 15 16 17 -14 25 20 -18 -21 23 -6 -8 -17 -27 -28 -15 -13
right_child=1 -3 9 -5 22 6 8 -9 -10 -11 11 29 13 28 -16 18 19 -19 -20 21 -22 -23 -24 -25 -26 26 27 -29 -30 -31
leaf_value=-1.5015284316153804e-05 0.0077371379837859432 0.00017278684240593165 0.002330207293853164 -0.0032015703301311927 -0.00058342756545392703 0.013501885364001449 0.0023714598044063204 -0.00066065559420647462 -3.4558498597842582e-05 0.011598184804760797 0.00016290671931663532 -0.0013712846452917104 0.00029353015354672212 -0.00060878329725891464 -0.00099140987932854895 0.00011090125413980419 0.00050573828044103524 -0.0032841133700515727 0.0038856759411564491 0.0011712072080443398 0.0019075887988240833 0.0053442464249893133 0.0059421726764905883 0.004524790574079055 0.0098713609630450318 0.00050887065903888198 0.007447057521934513 0.001535488644984564 -0.0034677842838360009 -0.00023053281588734489
leaf_weight=138848 50 3414 55 169 599 77 54 231 94 51 20963 1291 571 1935 1572 27501 2493 316 186 218 1818 234 59 86 76 6137 86 494 232 59358
leaf_count=138848 50 3414 55 169 599 77 54 231 94 51 20963 1291 571 1935 1572 27501 2493 316 186 218 1818 234 59 86 76 6137 86 494 232 59358
internal_value=-2.59377e-06 0.000659555 0.00169755 0.00133653 0.00191491 0.00369231 0.00636106 0.000833614 0.0039064 0.00678933 -1.516e-05 -0.000147519 4.39835e-05 0.000231042 0.000290697 0.000341016 0.00094947 -0.000981031 0.000241093 0.00130898 0.00109692 0.00333159 0.000524526 5.78962e-05 0.00675602 0.000221282 0.000673205 0.00241203 -0.000914869 -0.000254815
internal_weight=269268 5015 1601 1495 1326 582 301 281 224 106 264253 81612 182641 43793 41626 40054 5650 887 34404 4763 4311 452 744 685 130 34218 6717 580 2167 60649
internal_count=269268 5015 1601 1495 1326 582 301 281 224 106 264253 81612 182641 43793 41626 40054 5650 887 34404 4763 4311 452 744 685 130 34218 6717 580 2167 60649
is_linear=0
shrinkage=0.05


Tree=65
num_leaves=31
num_cat=0
split_feature=7 2 8 7 2 2 8 4 2 7 2 7 4 8 8 1 7 7 8 7 1 4 1 2 1 1 1 2 7 1
split_gain=1.05856 1.2851 1.16479 1.17018 1.27854 1.47786 1.31139 1.56886 1.1674 2.70393 0.972559 1.0022 0.933362 1.28266 1.58812 1.83429 1.15381 0.909843 1.27471 1.22185 0.891853 1.50634 0.883289 1.50701 0.980021 0.869805 0.838793 0.83439 0.799071 0.795565
threshold=0.054473624498138536 0.32268664290448762 0.78756700837013283 0.052946406917865098 -0.01004470472925467 -0.19703100785860359 0.50659383237964506 -0.66586243192947159 0.11667401317707661 0.042420322669416401 -0.0088701955150441974 0.034367111798127327 -0.240047222390287 0.26804799527923462 0.2177029679116855 0.047317306650904618 0.035399379558920398 0.028160040679056846 0.51515151440329221 0.015284114862724163 0.044190259021546503 -0.27959274318879307 0.046287056575604175 -0.19327307726062062 -0.10487348131908285 0.26006599770700684 0.19168037263172447 -0.20524185014866811 0.03946003414417007 -0.085278129224466856
decision_type=10 10 10 10 10 10 8 10 10 10 10 10 10 10 10 10 10 10 10 10 10 10 10 10 10 10 10 10 10 10
left_child=1 2 3 8 5 -5 7 -7 10 17 11 25 22 14 15 27 -16 19 -19 -10 21 -9 24 -24 28 -1 -6 -14 -13 -20
right_child=-2 -3 -4 4 26 6 -8 20 9 -11 -12 12 13 -15 16 -17 -18 18 29 -21 -22 -23 23 -25 -26 -27 -28 -29 -30 -31
leaf_value=-4.9211877056779575e-07 -0.00037213886448262084 0.00088444067725278793 -0.00033679615165285135 -0.00099138062651429296 -0.00017511645763940912 0.00075624407678521403 0.00091120616481618014 0.0072762671828136907 -0.0024402766385012205 -0.00069702037398208523 -0.00016534627749344716 0.0015599467766696969 -0.002325543875174065 0.00018296473414372268 -0.0019234369615834133 -0.00082137844105616392 0.003799620714451959 0.0012252797379319743 0.0038287856396597535 0.0014883057541612797 0.0037958182796666569 0.017682301465762208 0.0045167393915207894 0.00021148365307061814 -0.00012353421839837348 0.0033332196060729654 0.0054714046353080744 0.0021356390120600742 0.00018276632354393915 -8.3798814355123848e-05
leaf_weight=113354 18394 4235 22516 162 893 87 163 105 207 4193 63712 1756 112 3952 98 1018 869 3424 133 4511 66 52 309 594 13856 196 71 1633 2632 5617
leaf_count=113354 18394 4235 22516 162 893 87 163 105 207 4193 63712 1756 112 3952 98 1018 869 3424 133 4511 66 52 309 594 13856 196 71 1633 2632 5617
internal_value=-6.03483e-06 2.08451e-05 5.99547e-06 4.04868e-05 0.00138825 0.00313028 0.00454193 0.00645098 3.07869e-05 0.000415808 -3.33076e-06 7.02011e-05 0.000345046 0.000810638 0.00147567 0.000865318 0.00321962 0.000751692 0.00046151 0.00131594 0.0086727 0.0107229 0.000158245 0.00168471 8.26912e-05 5.26224e-06 0.000240758 0.00184931 0.00073389 6.70097e-06
internal_weight=268920 250526 246291 223775 1599 635 473 310 222176 18085 204091 140379 26829 7682 3730 2763 967 13892 9174 4718 223 157 19147 903 18244 113550 964 1745 4388 5750
internal_count=268920 250526 246291 223775 1599 635 473 310 222176 18085 204091 140379 26829 7682 3730 2763 967 13892 9174 4718 223 157 19147 903 18244 113550 964 1745 4388 5750
is_linear=0
shrinkage=0.05


Tree=66
num_leaves=31
num_cat=0
split_feature=0 2 6 1 6 4 8 2 4 2 8 1 3 8 0 4 6 0 8 1 8 2 0 8 1 2 1 4 2 1
split_gain=0.635208 0.64799 1.05252 0.881716 1.04603 0.751621 1.1415 0.60192 1.24318 0.833743 1.57094 1.45885 1.35741 0.936374 0.859722 0.722989 0.708915 0.770584 1.10827 0.969363 0.731524 1.14132 1.3766 0.869946 0.853147 1.07615 1.02357 1.97485 0.646785 0.637016
threshold=-0.033354908516315555 -0.16774193548387098 1.0524965452748547 -0.15738888560099426 0.93440859701951429 -1.0217711347397251 0.045556433556731474 -0.0088701955150441974 -0.44766326763838243 0.14689145610645607 0.46798820932055607 -0.020799118343189978 1.0000000180025095e-35 0.89904761733514771 0.026394237177683414 0.85193201255003093 2.2673683850001769 0.11807879403993272 0.98548752424217623 0.19168037263172447 0.91946033832292196 0.29362218294380887 0.021426348320916725 0.96074607427254322 0.12775959273898144 0.36249146008198335 0.05944845259693899 0.78967278041982381 0.15080085516008138 -0.025361038288574441
decision_type=8 10 8 10 10 10 10 8 8 10 8 10 2 10 10 10 10 10 8 10 10 10 10 10 10 10 10 10 10 10
left_child=1 2 3 4 -1 6 -5 15 -9 13 11 29 28 -10 -15 -2 17 20 -19 -20 -12 -22 24 -24 25 -23 -27 -28 -13 -11
right_child=7 -3 -4 5 -6 -7 -8 8 9 10 16 12 -14 14 -16 -17 -18 18 19 -21 21 22 23 -25 -26 26 27 -29 -30 -31
leaf_value=0.0020098597654546412 3.7670682829815921e-05 7.9626637845997333e-05 0.0001550873046593245 0.0016987809394435817 0.008223564724175958 0.00070054686957488055 0.0085809273131429095 -0.00080886489756636494 -0.00012265348939838206 0.0032975571842505332 -0.00011634962244191966 0.0047298660186152943 -0.0068717595006871444 -0.0016087400171894296 -5.8536831122042757e-06 0.0021408261920175683 0.00083611907910237772 -0.0040222271938874761 0.0046069301586375453 -0.0017984337421402222 -9.0032010010100368e-05 0.002177109076459701 -0.00070837104362116436 0.0020504998031634076 0.0015690718124324434 0.0026710474919848914 0.017579199877059595 0.0041802528440232642 0.00077920233584213633 0.0091353349018631121
leaf_weight=230 122178 22245 4504 277 96 2047 77 6099 77610 395 20165 111 56 2072 1403 410 2591 288 92 165 2444 146 620 530 294 58 55 55 1554 53
leaf_count=230 122178 22245 4504 277 96 2047 77 6099 77610 395 20165 111 56 2072 1403 410 2591 288 92 165 2444 146 620 530 294 58 55 55 1554 53
internal_value=-5.73309e-06 0.000213287 0.000624472 0.00139972 0.00383966 0.00106844 0.00319574 -3.26949e-05 -0.000113891 -7.56213e-05 0.000151155 0.00144665 0.000785053 -0.000158607 -0.000961589 4.47048e-05 4.89867e-05 -3.28799e-05 -0.0018923 0.000494537 8.70859e-06 0.000608851 0.00158045 0.000563109 0.0035047 0.00531703 0.00804578 0.0108797 0.00104258 0.00398819
internal_weight=268920 29476 7231 2727 326 2401 354 239444 116856 110757 29672 2169 1721 81085 3475 122588 27503 24912 545 257 24367 4202 1758 1150 608 314 168 110 1665 448
internal_count=268920 29476 7231 2727 326 2401 354 239444 116856 110757 29672 2169 1721 81085 3475 122588 27503 24912 545 257 24367 4202 1758 1150 608 314 168 110 1665 448
is_linear=0
shrinkage=0.05


Tree=67
num_leaves=31
num_cat=0
split_feature=7 2 5 8 4 5 7 1 2 4 7 5 4 1 8 7 8 5 2 7 4 1 0 7 8 2 8 1 0 5
split_gain=0.970452 1.02588 1.44008 0.982345 0.976844 0.89327 1.30737 1.29419 0.813724 1.53694 1.18835 1.14095 1.05343 1.22068 0.967833 1.26351 0.997985 0.979902 0.917658 1.12143 0.896565 0.850756 0.839886 1.56938 1.10087 0.969904 0.903065 1.16134 0.950522 0.878322
threshold=0.06094917433654435 0.23999290991948866 73.138336581420717 0.89904761733514771 1.0620545557555838 80.202179339743097 0.037275660282738245 0.075422496016705157 -0.11006045212671516 -0.96511640687138911 0.035399379558920398 18.76197877986878 0.24668851310818021 0.14460248547869184 0.060999075736290674 0.032103619945936163 0.56260117565321954 30.402657440870488 -0.32084279149985417 0.03630989795466992 -0.74118881183265917 -0.064642782621717396 0.010295508530791421 0.035582665312475961 0.18723766890753532 -0.32084279149985417 0.094553288759069223 -0.11100923626367236 0.0062289012334892932 40.735411799272448
decision_type=10 10 10 10 10 10 8 10 8 10 10 10 10 10 10 10 10 10 10 10 8 10 10 10 10 10 8 10 10 10
left_child=1 3 -3 5 -5 8 -7 -8 9 18 14 -12 13 22 15 -11 -16 -17 19 -1 -10 -20 24 -24 26 -26 27 29 -29 -13
right_child=-2 2 -4 4 -6 6 7 -9 20 10 11 12 -14 -15 16 17 -18 -19 21 -21 -22 -23 23 -25 25 -27 -28 28 -30 -31
leaf_value=0.0093503309670241851 -0.0004623746192915456 0.0010133813452019586 -9.7010923535634762e-05 -0.0010634189787474472 0.00028735424172683503 0.00041802903260504366 0.0065726851043668814 0.0011053926098646943 -0.00036281682839287206 0.00041093931623482037 -0.0010267166241911224 0.0040005482303301443 -0.0030835233642601406 0.0055174628526975331 -0.0003785787946937093 8.7822194023138861e-06 0.0028868074127804989 -0.0024139096723407626 0.00052060862201581113 0.00048930611228570342 -1.1757330205449577e-05 0.0019906685950580013 0.0090382001813850369 0.0011350317240005506 -0.0070967589797113432 -0.00038045119960385576 0.0013578424939046756 -0.00029402472893260947 -0.0054522705709831301 -0.0031391449371137876
leaf_weight=69 11139 5989 5698 4184 1968 2070 187 257 20443 11478 1139 251 187 130 18416 954 237 742 7083 74 164801 1143 64 3393 55 2372 2759 1491 95 52
leaf_count=69 11139 5989 5698 4184 1968 2070 187 257 20443 11478 1139 251 187 130 18416 954 237 742 7083 74 164801 1143 64 3393 55 2372 2759 1491 95 52
internal_value=-5.44643e-06 1.42979e-05 0.000472009 -7.43877e-06 -0.000631312 8.55705e-06 0.000946101 0.00340806 -1.37011e-06 0.00017303 5.44379e-05 0.000478721 0.000636772 0.000702022 -0.000105373 0.000222713 -0.00033709 -0.00105115 0.000793904 0.00476491 -5.04993e-05 0.000724873 0.000642583 0.00128134 0.000330471 -0.000532654 0.00078116 -6.11194e-05 -0.000602999 0.00277525
internal_weight=268920 257781 11687 246094 6152 239942 2514 444 237428 52184 43815 11988 10849 10662 31827 13174 18653 1696 8369 143 185244 8226 10532 3457 7075 2427 4648 1889 1586 303
internal_count=268920 257781 11687 246094 6152 239942 2514 444 237428 52184 43815 11988 10849 10662 31827 13174 18653 1696 8369 143 185244 8226 10532 3457 7075 2427 4648 1889 1586 303
is_linear=0
shrinkage=0.05


Tree=68
num_leaves=31
num_cat=0
split_feature=7 2 5 0 4 7 7 0 1 7 7 2 2 4 2 4 2 9 0 1 2 7 5 7 0 0 5 5 7 5
split_gain=0.91339 1.0522 0.921336 0.790986 0.7546 1.50389 1.11187 2.08762 2.22517 0.932099 0.740744 1.56491 1.38126 0.861292 0.924571 1.10162 0.944161 0.721171 0.837334 0.6546 1.07801 1.22648 1.13887 1.12436 0.994547 0.849593 0.75434 0.689235 0.657333 0.638758
threshold=0.054473624498138536 0.32268664290448762 89.350945490958722 -0.02444494743725167 0.80164327893500864 0.035759957434919797 0.052306130992699713 -0.020216614783719052 0.048367155720096873 0.051698813434739997 0.052946406917865098 -0.01004470472925467 -0.19703100785860359 -0.66586243192947159 -0.085033167916594807 -0.25611048898464672 -0.031834898696943885 1.0000000180025095e-35 0.030438425480863954 -0.11447863701864362 -0.22651167371318895 0.0270918637567352 37.990490990513585 0.038753739887981066 0.022412765753629164 -0.059310384195960013 19.833660984713578 33.723339476152603 0.028160040679056846 89.350945490958722
decision_type=10 10 10 10 10 10 10 10 10 10 10 10 10 10 10 10 10 2 10 8 8 10 10 10 10 10 10 10 10 10
left_child=1 10 3 -2 6 29 9 -8 -9 -3 19 12 -12 -14 15 -15 -16 -7 -19 20 21 -1 -22 24 28 -25 -27 -28 -23 -6
right_child=2 4 -4 -5 5 17 7 8 -10 -11 11 -13 13 14 16 -17 -18 18 -20 -21 22 23 -24 25 -26 26 27 -29 -30 -31
leaf_value=-0.0015554342082390506 0.00012656451982243002 0.0013327093961782103 0.0035573629905702544 -0.0005924376202329387 0.003489128337311004 -0.0015668539619468768 -0.0021532058677015205 0.0026587647088468303 0.014891844229115284 -0.0043633898991780979 -0.00098101141194979671 -6.7722482573365911e-05 0.00034160571439525279 0.0044930039816934277 0.00045442363849227752 0.012456412062529126 0.0076019821064766948 0.0052835859098505772 -1.7074391100233555e-05 -1.6898255025766994e-05 -0.00031305082251248227 0.006642793573072678 0.0010774978425189693 0.0036534471556834191 0.0080389554683481246 -0.0032285815703015329 0.0018412966014193612 -0.0043447593951390848 0.0020994155320672118 -0.00096206117858234255
leaf_weight=288 5458 1694 150 12786 399 847 72 82 68 75 162 1178 104 95 123 80 74 82 815 235704 4663 88 2152 151 90 179 271 54 835 101
leaf_count=288 5458 1694 150 12786 399 847 72 82 68 75 162 1178 104 95 123 80 74 82 815 235704 4663 88 2152 151 90 179 271 54 835 101
internal_value=-5.17411e-06 1.97947e-05 -0.000345249 -0.000377336 0.000801227 0.000172552 0.00150979 0.0048452 0.00820443 0.00109121 6.35791e-06 0.00101245 0.00300688 0.00436411 0.00548868 0.00813342 0.00313929 -0.00052052 0.00046749 -1.11553e-06 0.000423015 0.00145769 0.000126048 0.00197795 0.0030218 0.000363555 -0.000622107 0.00081346 0.00253259 0.00258999
internal_weight=268920 250526 18394 18244 4235 2244 1991 222 150 1769 246291 1816 638 476 372 175 197 1744 897 244475 8771 1956 6815 1668 1013 655 504 325 923 500
internal_count=268920 250526 18394 18244 4235 2244 1991 222 150 1769 246291 1816 638 476 372 175 197 1744 897 244475 8771 1956 6815 1668 1013 655 504 325 923 500
is_linear=0
shrinkage=0.05


Tree=69
num_leaves=31
num_cat=0
split_feature=7 9 1 4 5 6 7 0 8 4 7 0 0 4 5 0 7 7 5 7 8 8 0 8 4 8 6 8 4 8
split_gain=0.844674 1.02034 0.575954 0.506759 0.695409 0.746012 0.672048 1.33295 1.41088 0.965567 0.885727 0.864725 0.754487 0.594262 0.556635 0.544561 0.50843 0.506494 1.31704 0.898014 1.05181 1.28398 1.28024 0.868372 0.831792 1.12936 0.72377 0.930028 0.570609 1.72072
threshold=0.079061678468717936 1.0000000180025095e-35 -0.11447863701864362 -1.1482418154195815 22.894895672215231 1.8034516744201159 0.04516356898295245 0.026394237177683414 0.13320996694719225 -0.081634386871794737 0.049831260130964027 -0.02444494743725167 -0.070991281012234661 -1.2140863899834828 42.335185446402797 -0.048797578059879325 0.037275660282738245 0.054473624498138536 89.350945490958722 0.052946406917865098 0.26804799527923462 0.17868047432333226 0.0047595009762844151 0.92707669363633938 -0.49814658473674905 0.15508811277241849 2.6997656663647489 0.92707669363633938 -0.47951290906693039 0.44723325029715799
decision_type=10 2 8 8 10 10 8 10 8 10 8 10 10 8 8 10 10 10 10 10 8 10 10 10 10 8 10 10 10 10
left_child=2 -2 3 4 5 15 7 9 16 12 -8 -12 -5 -7 -13 -1 -9 19 24 -4 21 -21 -23 -20 25 -19 27 28 29 -22
right_child=1 -3 17 6 -6 13 10 8 -10 -11 11 14 -14 -15 -16 -17 -18 18 23 20 26 22 -24 -25 -26 -27 -28 -29 -30 -31
leaf_value=0.0035139719672914274 -0.0012503877433596858 0.0042526832121273566 -4.1974152754536169e-06 0.0034735728462560659 -0.001047104770289168 -0.00017987532348532874 -0.001423309382349887 0.0052188702417629677 5.8949495931821213e-06 0.005918166454384019 0.0012383807065701139 0.00054305454814350602 0.00047450377575240614 -0.0057995913975775757 -0.0011731394889160462 0.00044689030347820711 0.011178022028949365 -0.00085676172310201614 0.0084253917041588848 0.00065748516858401412 -0.00054299655429860389 0.0020824864730421529 0.012701651610223054 0.000291176132292899 -0.00049636297525967605 0.0017547532627602961 -0.0037996423668923904 0.005972226587781574 0.00027302349115114699 0.010656425019476081
leaf_weight=259 1967 88 239643 221 1332 249 806 91 105 88 1677 938 4105 58 952 328 59 703 71 124 94 51 64 61 12202 1007 87 85 1351 54
leaf_count=259 1967 88 239643 221 1332 249 806 91 105 88 1677 938 4105 58 952 328 59 703 71 124 94 51 64 61 12202 1007 87 85 1351 54
internal_value=-4.91541e-06 -0.00101473 2.86072e-06 0.000352703 -0.000323095 0.00075563 0.000519074 0.000936247 0.00445114 0.000733189 7.36642e-05 0.000411921 0.000627716 -0.00124158 -0.000321399 0.00180017 0.0075628 -1.25621e-05 -0.000304466 4.40934e-06 0.00108428 0.00418678 0.00799228 0.0046664 -0.000351631 0.00068113 0.000640533 0.000884406 0.000595904 0.00354328
internal_weight=268920 2055 266865 11268 2226 894 9042 4669 255 4414 4373 3567 4326 307 1890 587 150 255597 14044 241553 1910 239 115 132 13912 1710 1671 1584 1499 148
internal_count=268920 2055 266865 11268 2226 894 9042 4669 255 4414 4373 3567 4326 307 1890 587 150 255597 14044 241553 1910 239 115 132 13912 1710 1671 1584 1499 148
is_linear=0
shrinkage=0.05


Tree=70
num_leaves=31
num_cat=0
split_feature=7 1 0 6 2 2 7 7 2 8 0 6 8 1 0 1 7 7 2 8 8 8 8 7 0 6 1 1 1 7
split_gain=0.837402 0.752166 1.16499 0.747545 0.675027 0.774207 0.88581 1.11645 1.96733 1.47037 1.81912 1.1075 1.09048 0.955298 1.2177 0.900329 1.62873 1.54652 2.07488 0.91917 0.803585 0.771601 0.768507 1.38402 1.30151 0.938788 0.728236 0.724074 0.723251 1.79659
threshold=0.084054682809110978 -0.052799211351304713 -0.07805826330971298 0.4247346127170098 -0.056168967307077759 0.24887111530462872 0.040435130959160917 0.073071248271039071 0.42303513137429588 0.91231343233938167 0.03272600367994339 1.4582995398390131 0.51515151440329221 0.13273324462366434 -0.0046380994130100764 0.11159149277058301 0.028624462016337369 0.025502230703826016 0.30648267736161167 0.78756700837013283 0.89237539003806587 0.94246965447869058 0.15783037525820851 0.051045454732637836 0.011824711433406023 0.96058248484507347 0.13273324462366434 0.0053775246358926951 0.048367155720096873 0.030087733250814895
decision_type=10 8 10 10 10 10 10 10 10 8 10 10 8 10 10 10 10 10 10 10 10 10 10 10 10 10 10 10 10 10
left_child=1 -1 -3 -2 -4 21 12 -8 27 11 -11 -10 13 14 -7 -14 17 -17 -19 -18 -21 22 23 24 -6 -25 -26 -9 -24 -30
right_child=3 2 4 -5 5 6 7 8 9 10 -12 -13 15 -15 -16 16 19 18 -20 20 -22 -23 28 25 26 -27 -28 -29 29 -31
leaf_value=0.00016691330807774724 0.0039504808983498365 -0.0014388382662714847 9.4914255564150062e-05 -0.0017542629034008371 -0.00056634566502138258 -0.00024171591378814941 -0.00017704576686243591 0.0027698448746267595 0.003117474206240698 0.012642454079807151 0.00279182281629951 -0.0052414002083241949 5.9269081412989798e-05 -0.0014512717920548187 0.0085982395246901443 0.00022726785882292057 0.0035480113756026681 0.0037164090761992461 0.015720103676042829 -0.001864606305709227 0.0011839057930051974 -0.00096330682861403691 -0.00014311818163545464 -0.00099771464765763826 0.00032208807911258725 -0.0039153342694949866 0.0034174758724402638 -0.0033856850630547206 0.00056389508401252124 -0.00021360440464206527
leaf_weight=54379 61 1481 70427 980 11813 56 7823 66 191 86 103 50 2296 58 128 90 263 90 60 315 689 2725 79606 747 3805 437 200 173 13801 16095
leaf_count=54379 61 1481 70427 980 11813 56 7823 66 191 86 103 50 2296 58 128 90 263 90 60 315 689 2725 79606 747 3805 437 200 173 13801 16095
internal_value=-4.60964e-06 8.8703e-07 -4.13659e-05 -0.00141998 -3.16122e-05 -9.44685e-05 0.000280674 -9.39313e-06 0.00195107 0.0039725 0.00727412 0.00138327 0.000889634 0.00414407 0.00590782 0.000682542 0.00163213 0.0054089 0.00851789 0.000916722 0.00022745 -0.000130862 -0.000112931 -0.000425685 -0.000302263 -0.00207457 0.000476664 -0.00168583 -6.43706e-05 0.000145316
internal_weight=269094 268053 213674 1041 212193 141766 12537 8492 669 430 189 241 4045 242 184 3803 1507 240 150 1267 1004 129229 126504 17002 15818 1184 4005 239 109502 29896
internal_count=269094 268053 213674 1041 212193 141766 12537 8492 669 430 189 241 4045 242 184 3803 1507 240 150 1267 1004 129229 126504 17002 15818 1184 4005 239 109502 29896
is_linear=0
shrinkage=0.05


Tree=71
num_leaves=31
num_cat=0
split_feature=7 6 4 0 2 7 7 5 4 8 8 5 0 8 7 7 7 7 4 8 6 8 7 5 7 0 6 4 8 8
split_gain=0.755755 0.67466 0.670381 0.665337 0.648711 2.59897 2.01482 1.71312 4.23584 1.82617 1.52742 1.60551 1.39185 2.30671 1.34192 3.1544 1.32427 1.30765 1.29131 1.03712 1.02616 0.913358 0.911552 0.953321 0.876534 1.52374 0.900904 1.22762 0.782883 0.703923
threshold=0.084054682809110978 0.4247346127170098 0.85193201255003093 inf 0.3897788632604014 0.073071248271039071 0.059819200537251725 65.869427013971674 0.53019978575856863 0.78756700837013283 0.76130113397639287 76.247475864889722 0.021898991201666943 0.61989833219557444 0.051045454732637836 0.053672811631288876 0.057757133189171216 0.051698813434739997 0.65998057755851236 0.9058488064324447 0.99731144792120119 0.96074607427254322 0.075517149084893084 76.247475864889722 0.035223353549260199 0.04154046774269083 1.0369435280615324 0.92415200677590736 0.87359775149466901 0.51515151440329221
decision_type=10 10 10 8 10 10 10 10 10 8 10 10 10 10 10 10 10 10 10 10 10 10 10 10 10 10 10 10 10 10
left_child=3 -2 -3 4 -1 6 10 12 9 -9 16 14 13 -7 18 20 17 -6 28 -17 -16 -8 -10 -24 25 -13 27 -26 -12 -19
right_child=1 2 -4 -5 5 7 21 8 22 -11 11 24 -14 -15 15 19 -18 29 -20 -21 -22 -23 23 -25 26 -27 -28 -29 -30 -31
leaf_value=-6.3427931052435427e-06 0.0037529568403547051 -0.0020617221298473353 0.0026610693514912119 -0.0019352661468993672 0.0043804314773658159 0.011427449502562192 -0.0019529105792535498 0.0075869072819877348 -0.0020754840106355569 0.020902868690721405 0.00071515513262587847 -0.00083093636173960138 -0.0054557693482687082 -0.0020531322197279052 0.016164080639320771 -0.00079033155952029947 0.0095907074841032804 0.0017661071403629403 -0.0019600795890098261 0.0060756580333691098 0.0063500431757420308 0.0022051958889925494 0.0080434280720984817 0.0012660236313093861 -0.00035938196041092465 0.0087025750372917033 -0.001999857917876954 0.0074326532103739622 0.0071559235429891413 -0.0048504633293329812
leaf_weight=262926 61 898 82 443 282 51 1162 51 79 52 113 118 75 84 57 176 73 88 266 80 50 149 92 119 295 65 891 61 81 74
leaf_count=262926 61 898 82 443 282 51 1162 51 79 52 113 118 75 84 57 176 73 88 266 80 50 149 92 119 295 65 891 61 81 74
internal_value=-4.37916e-06 -0.00134898 -0.00166655 8.4268e-07 4.0477e-06 0.000587295 0.000134567 0.00365128 0.00559942 0.0143095 0.000898872 0.000336435 5.4958e-06 0.00303953 0.00209583 0.00436862 0.00334988 0.00232379 0.000302307 0.00135529 0.0115781 -0.00148033 0.00250582 0.0042211 -0.000676142 0.00255528 -0.00115036 0.00097577 0.00340434 -0.00125628
internal_weight=269094 1041 980 268053 267610 4684 4081 603 393 103 2770 2253 210 135 823 363 517 444 460 256 107 1311 290 211 1430 183 1247 356 194 162
internal_count=269094 1041 980 268053 267610 4684 4081 603 393 103 2770 2253 210 135 823 363 517 444 460 256 107 1311 290 211 1430 183 1247 356 194 162
is_linear=0
shrinkage=0.05


Tree=72
num_leaves=31
num_cat=0
split_feature=7 1 5 6 1 7 5 6 6 2 6 4 2 6 4 5 4 4 5 9 7 4 1 4 5 4 4 7 3 7
split_gain=0.682069 0.690744 0.973445 0.889772 0.81871 0.946086 0.900291 1.1398 0.720993 0.69404 0.673414 0.638478 0.626315 0.60888 0.605019 0.579126 0.589479 0.574426 0.75224 0.642849 1.08462 0.686007 0.650546 0.808555 0.763193 0.573557 0.629915 0.558038 2.03727 0.824458
threshold=0.084054682809110978 -0.026582193079394464 37.588304605188654 0.35031719307178938 -0.061728395061728385 0.025502230703826016 33.266059503258496 1.571883440496052 0.71829843525091264 -0.23318461280970601 1.8689944477999509 1.5441925810724568 -0.050309115457984992 0.4247346127170098 0.85193201255003093 34.635167702579885 -0.38020637909664418 0.41659463704380001 72.636242482043727 1.0000000180025095e-35 0.038998441370282362 0.68978436022049339 0.095790315152338282 1.2252736199753029 82.721296622103907 -0.16497451955648015 -0.46021432627474995 0.057757133189171216 1.0000000180025095e-35 0.051045454732637836
decision_type=10 8 10 10 10 10 8 10 8 10 10 10 8 10 10 8 10 10 10 2 8 8 10 10 10 10 10 10 2 10
left_child=1 2 4 -4 6 8 7 -1 12 -5 11 -3 -6 -2 25 -8 -17 -12 -19 20 21 -20 -23 24 -24 26 -15 29 -29 -21
right_child=13 10 3 9 5 -7 15 -9 -10 -11 17 -13 -14 14 -16 16 -18 18 19 27 -22 22 23 -25 -26 -27 -28 28 -30 -31
leaf_value=0.00044653231743303952 0.0035653090929625877 -8.6696281779264145e-05 0.0014982202983031647 -0.0016146333357086404 0.00070714685349721796 -0.00065598398364561045 -0.0012420236073651253 -0.0007183175678342423 -0.000276011745459413 0.00025901515825495767 0.0008927101517856792 -0.0047962036177826434 -0.00061500593584151817 -0.0025917729351400097 0.0025280159213807345 -0.00018222039227251257 0.0041219298846022238 -0.00019060882741856632 0.0052499137602353592 0.0011635952551972413 -0.0020070104112428753 -0.0010319653478850009 0.0015652011768305643 -0.0017566780980769929 0.0070255171443367823 -0.0030164370526845788 0.0015372875394973563 0.010581075289332408 0.00045466902013085184 -0.0020034394338618827
leaf_weight=17910 61 158056 1446 500 4457 9069 1489 2379 9408 42990 2923 72 1121 178 82 4440 81 7509 80 2265 530 410 242 122 87 528 192 70 171 226
leaf_count=17910 61 158056 1446 500 4457 9069 1489 2379 9408 42990 2923 72 1121 178 82 4440 81 7509 80 2265 530 410 242 122 87 528 192 70 171 226
internal_value=-4.1602e-06 8.00545e-07 0.000108874 0.000278044 -4.20929e-05 -0.0002529 0.000150727 0.000309947 -8.96748e-06 0.000237474 -5.88091e-05 -8.88406e-05 0.000441436 -0.00128153 -0.00158322 -0.000386781 -0.000105106 0.000265675 0.000109184 0.000644788 -0.000197923 0.000821011 0.000409498 0.00171992 0.00300911 -0.00195864 -0.000449125 0.00109853 0.00339595 0.000876261
internal_weight=269094 268053 95290 44936 50354 24055 26299 20289 14986 43490 172763 158128 5578 1041 980 6010 4521 14635 11712 4203 1471 941 861 451 329 898 370 2732 241 2491
internal_count=269094 268053 95290 44936 50354 24055 26299 20289 14986 43490 172763 158128 5578 1041 980 6010 4521 14635 11712 4203 1471 941 861 451 329 898 370 2732 241 2491
is_linear=0
shrinkage=0.05


Tree=73
num_leaves=31
num_cat=0
split_feature=2 4 1 0 4 0 1 8 4 8 2 8 8 0 1 8 0 1 2 8 8 0 4 4 0 6 1 1 8 2
split_gain=0.613267 1.08758 1.10418 1.00275 0.8757 0.776453 1.88361 0.849757 0.752623 1.13275 0.990696 0.966305 1.36938 0.744055 0.803027 0.711761 0.669499 0.719176 1.58947 1.16586 0.678984 0.667139 0.955383 0.726459 1.28877 0.842743 0.650449 0.648233 0.635579 1.10541
threshold=-0.056168967307077759 -0.72031686260590655 -0.031382048643769304 -0.07805826330971298 0.77773351498630372 0.071774098249793319 0.017857142857142908 0.20227584126274714 -0.071356982140794847 0.45122353838458956 -0.18265794825493178 0.40927627140838274 0.31454765996620376 0.0026767618868249747 -0.10774410774410774 0.15783037525820851 0.031932773109243702 -0.0041653021817790728 -0.07729918596037065 0.18161289280619045 0.28191930370458645 0.0047595009762844151 0.2646784276949064 0.37129417159447992 0.020530856433820691 1.0688447200318305 0.046287056575604175 0.11159149277058301 0.42127626048784911 -0.099885185653874928
decision_type=8 8 8 10 10 10 10 10 10 10 10 8 10 10 10 8 10 10 10 8 8 10 10 10 10 10 10 10 8 10
left_child=5 -2 13 4 -4 8 -7 -8 11 10 -10 12 -1 -3 -15 26 17 18 20 -19 -12 22 -21 25 -25 28 -5 -18 -23 -30
right_child=1 2 3 15 -6 6 7 -9 9 -11 16 -13 -14 14 -16 -17 27 19 -20 21 -22 23 -24 24 -26 -27 -28 -29 29 -31
leaf_value=2.925789499755964e-05 -0.00060211127942418183 0.00039421944741804544 -0.0017706812838205466 -0.00042336595683932612 0.0049180244387803133 0.0042161524336841007 -0.0033042053496875968 0.0010026304650696627 -0.0017626127375809698 -0.00082533909936086277 0.0068168554378084641 0.00040232391038947692 -0.00076735768143839462 -0.001535808634582344 1.5034856899147165e-05 -5.3813128511217267e-05 -0.00067705388980924207 -0.00051435126092365282 1.1894445853269301e-05 0.0013937039881418652 0.0024767275261194828 0.00016870723414120611 -0.0013094253883257829 0.0018739602042459971 0.009326669074716451 0.0032739315784508249 -0.0021334748035272424 0.0028798256511448402 0.0096110300233983887 0.00024680075894139008
leaf_weight=68346 8813 21932 1208 6394 51 383 170 351 352 1250 208 15339 5857 928 8303 122627 913 1017 296 1363 159 738 430 157 92 527 609 149 52 80
leaf_count=68346 8813 21932 1208 6394 51 383 170 351 352 1250 208 15339 5857 928 8303 122627 913 1017 296 1363 159 738 430 157 92 527 609 149 52 80
internal_value=-3.95219e-06 -6.11838e-05 -3.17662e-05 -9.54503e-05 -0.00149973 9.55997e-05 0.0015542 -0.000402671 8.20516e-05 0.000553665 0.000817519 4.10589e-05 -3.36207e-05 0.000235716 -0.000140873 -8.18115e-05 0.000964454 0.00120147 0.0027379 0.000972873 0.00493653 0.00141268 0.000745435 0.00213952 0.00462757 0.00169605 -0.000572082 -0.000178019 0.000740257 0.00393574
internal_weight=269094 170865 162052 130889 1259 98229 904 521 97325 7783 6533 89542 74203 31163 9231 129630 6181 5119 663 4456 367 3439 1793 1646 249 1397 7003 1062 870 132
internal_count=269094 170865 162052 130889 1259 98229 904 521 97325 7783 6533 89542 74203 31163 9231 129630 6181 5119 663 4456 367 3439 1793 1646 249 1397 7003 1062 870 132
is_linear=0
shrinkage=0.05


Tree=74
num_leaves=31
num_cat=0
split_feature=6 4 2 0 2 2 4 0 1 1 0 5 5 6 6 2 4 1 4 1 4 6 5 5 0 4 0 0 4 1
split_gain=0.582616 0.963284 1.01522 0.666283 0.756294 0.608345 1.33805 0.941981 2.47315 0.860492 1.10431 1.00738 0.91163 0.801145 0.76462 1.04383 1.14309 2.67336 0.671943 0.668026 0.672351 1.1864 0.803447 0.666627 0.657311 0.646788 0.601454 0.592642 0.650813 0.587433
threshold=0.62506809901986327 -0.74118881183265917 -0.050309115457984992 0.024010049408489612 -0.10850160730437557 -0.11788454893370102 -0.57159750581934221 0.050560434785319915 -0.016893621152957058 -0.014680604026845621 -0.07805826330971298 70.261214397015564 24.768242559201592 1.0369435280615324 0.82654532230866018 0.3897788632604014 0.5027545543433326 0.017187146653098066 -0.23190213440951987 0.12324540571616761 -0.97799571533919716 1.085577884666143 37.588304605188654 86.352263577446465 0.04154046774269083 -0.40025479034279504 0.0026767618868249747 0.071774098249793319 1.4264144945704402 -0.051973141121421311
decision_type=8 10 8 10 8 8 8 10 10 8 10 10 8 8 8 10 8 10 10 8 10 10 10 10 10 10 10 10 10 10
left_child=1 2 -1 4 -3 7 -7 19 25 26 11 -11 13 -12 15 18 17 -17 24 20 21 29 -23 -20 -14 -9 -8 28 -16 -2
right_child=5 3 -4 -5 -6 6 9 8 -10 10 12 -13 14 -15 27 16 -18 -19 23 -21 -22 22 -24 -25 -26 -27 -28 -29 -30 -31
leaf_value=0.00087323280087971415 0.0011004944748539203 -0.00035775759369088568 -0.00043652728209127295 0.00090110561625809764 0.00012154985223912452 -0.00040155790252730997 0.00034925344204268441 0.0033893188445012698 -0.00030358431495030496 -0.0020129239526215665 0.0028101552369497844 0.0035759020951341026 9.0229268733693535e-05 -0.00068130315350393425 1.0176033003398898e-05 -0.0022706632672067164 0.00053702224611064029 0.011834755022890676 -0.00052804199818571663 0.0025947796073517073 -3.1711703518692929e-05 -0.00025934871371356314 0.0027971280762604457 0.0029222403871760777 0.0050067234535505862 0.0084819881468623255 -9.2767548379500285e-05 -0.00047819269984042552 0.0015018182515888698 0.004340743372489248
leaf_weight=7309 2886 10816 1855 2184 34423 27386 22580 465 810 1101 503 87 4612 244 79966 59 445 78 19646 265 28443 3519 229 141 69 72 11675 6341 738 147
leaf_count=7309 2886 10816 1855 2184 34423 27386 22580 465 810 1101 503 87 4612 244 79966 59 445 78 19646 265 28443 3519 229 141 69 72 11675 6341 738 147
internal_value=-3.75458e-06 0.000138818 0.000608108 4.81332e-05 6.95427e-06 -4.17194e-05 -8.0458e-05 0.000143025 0.00144086 -2.11557e-05 -8.71714e-05 -0.00160364 -7.1206e-05 0.00166971 -8.28074e-05 -0.000326234 0.00176652 0.00576016 -0.000376013 9.37657e-05 7.49499e-05 0.000522343 -7.26003e-05 -0.000503456 0.000162701 0.00407213 0.000198601 -1.27536e-05 2.38164e-05 0.00125754
internal_weight=269094 56587 9164 47423 45239 212507 175671 36836 1347 148285 114030 1188 112842 747 112095 25050 582 137 24468 35489 35224 6781 3748 19787 4681 537 34255 87045 80704 3033
internal_count=269094 56587 9164 47423 45239 212507 175671 36836 1347 148285 114030 1188 112842 747 112095 25050 582 137 24468 35489 35224 6781 3748 19787 4681 537 34255 87045 80704 3033
is_linear=0
shrinkage=0.05


Tree=75
num_leaves=31
num_cat=0
split_feature=7 2 1 8 7 5 6 2 7 7 1 8 0 8 8 6 3 5 2 1 0 2 7 7 5 0 6 1 6 8
split_gain=0.696524 1.06159 1.12302 0.805925 1.70471 0.971835 1.87616 1.04911 0.775986 0.663996 0.696559 1.59343 0.653761 0.716343 0.659263 0.736177 0.642755 3.02846 0.768122 1.35834 1.1644 0.939676 1.50374 3.74243 0.806439 1.04057 0.768325 0.689601 0.614883 0.583295
threshold=0.054473624498138536 0.32268664290448762 0.22843713725094186 0.91231343233938167 0.052306130992699713 77.611940197148598 2.349245140747239 0.3897788632604014 0.036494476576477579 0.039236893248547962 -0.0013630170918999538 0.80382359519951585 0.019646473239131827 0.78756700837013283 0.87359775149466901 0.90492405696211875 1.0000000180025095e-35 86.352263577446465 0.25839402339364265 0.060833618136249663 -0.042307153507199317 0.46454772059302524 0.075517149084893084 0.084054682809110978 74.584855952004844 0.030438425480863954 0.50716150775313829 0.22843713725094186 1.121793882126102 0.75598086029085587
decision_type=10 10 10 10 10 10 10 10 10 10 10 10 10 8 10 10 2 10 10 10 10 10 10 10 10 10 10 10 10 8
left_child=1 -1 3 5 -5 7 -7 8 -3 -9 11 -11 13 -10 15 -15 17 18 -2 21 -21 22 26 -24 27 -26 -20 -22 -17 -12
right_child=16 2 -4 4 -6 6 -8 9 12 10 29 -13 -14 14 -16 28 -18 -19 19 20 24 -23 23 -25 25 -27 -28 -29 -30 -31
leaf_value=1.5889915237013096e-05 -0.00028613899302629294 0.0034485081519527571 -0.0011351122925938627 0.0017005040409192687 0.009214097279250438 -0.0015548672950827355 0.0060807924391701818 0.0071105248980639305 -0.0014973827473734255 0.0013526957631111146 0.0060569630705154028 0.011886981416838742 -0.0025949729653884507 0.00088612175440964675 -0.0015607416180166778 0.010296798957621351 -0.00068497635936549083 0.0090182645584118894 0.0071470594247345061 0.0058474366502196066 -0.0012533663679173835 -0.0010628493148428591 0.015896381945195673 -0.00086218727748576304 -0.0026846079021789742 0.0046717199715604124 0.0010330762426323185 -0.0058231936623217607 0.0031001217159709869 0.00041417626671642286
leaf_weight=246823 10254 168 635 1110 81 758 90 83 252 100 53 56 223 151 98 51 6592 91 61 64 314 138 72 62 86 109 326 112 71 337
leaf_count=246823 10254 168 635 1110 81 758 90 83 252 100 53 56 223 151 98 51 6592 91 61 64 314 138 72 62 86 109 326 112 71 337
internal_value=7.795e-06 2.94852e-05 0.000806793 0.00114169 0.0022115 0.000630197 -0.000744479 0.00133971 0.000344603 0.0029439 0.00231051 0.00513423 -0.000271776 0.000559802 0.00195714 0.00321996 -0.00029018 -6.75353e-05 -0.000138824 0.000985109 -0.000573982 0.00260571 0.00357742 0.00814242 -0.00123577 0.00142739 0.00199678 -0.00245482 0.00610857 0.00118102
internal_weight=269421 251140 4317 3682 1191 2491 848 1643 1014 629 546 156 846 623 371 273 18281 11689 11598 1344 685 659 521 134 621 195 387 426 122 390
internal_count=269421 251140 4317 3682 1191 2491 848 1643 1014 629 546 156 846 623 371 273 18281 11689 11598 1344 685 659 521 134 621 195 387 426 122 390
is_linear=0
shrinkage=0.05


Tree=76
num_leaves=31
num_cat=0
split_feature=7 6 5 1 8 7 1 7 7 7 8 6 0 7 6 7 8 7 1 8 1 7 5 7 5 0 8 8 0 0
split_gain=0.659261 0.528462 0.516185 1.52867 1.96128 1.29463 1.01959 1.10173 0.997489 0.913154 0.989696 0.86771 0.943427 0.830514 0.804898 1.861 1.80999 1.05474 1.27118 1.89602 1.22194 1.04756 0.945496 0.922409 0.966972 0.885477 0.783932 0.773161 0.759155 1.18854
threshold=0.079061678468717936 0.27650921227003539 59.295989284251469 0.19168037263172447 0.58031706261755611 0.065185274809158783 -0.0047473049618750309 0.0081742625780446224 0.048218597682754084 0.032103619945936163 0.32944221471637353 0.97398537477434799 -0.018235517947656429 0.052946406917865098 0.92996735694619359 0.038753739887981066 0.53667481635254954 0.034048340045024515 0.018543991081803716 0.13054194761524893 0.12775959273898144 0.075517149084893084 89.350945490958722 0.041264316431061085 73.138336581420717 0.048838080306593652 0.24462538673989251 0.8609775726248089 0.15039605358095179 0.071774098249793319
decision_type=10 8 10 10 8 10 10 8 10 8 8 10 10 10 10 8 8 8 10 10 10 10 10 10 10 10 10 8 10 10
left_child=1 -1 3 -3 13 28 8 -8 9 11 -11 12 -4 -5 15 25 23 20 19 -19 27 -18 26 24 -17 -9 -22 -16 29 -6
right_child=-2 2 6 4 5 -7 7 14 -10 10 -12 -13 -14 -15 17 16 21 18 -20 -21 22 -23 -24 -25 -26 -27 -28 -29 -30 -31
leaf_value=0.0011133743600869707 -0.00089632300240747535 -4.0021747456504333e-05 -0.0016614090830327024 0.0033732731942168991 0.0019408247228816962 -0.0060981646519548335 0.0031541705401194327 -0.00065134671971004158 -0.00039232177304652837 0.003155269446993183 0.00097119339321654155 0.0012198058964616786 0.0002756636231740712 0.0093157886649545257 0.00040956512917314546 0.0034692594694023453 9.1259070804682648e-06 0.010109366420365404 -0.00031523923158948406 0.00096142936938136542 0.0059398249958065299 0.0071480916266759426 -0.0024453658714151845 0.0016625913391768437 0.011213366611412277 0.0051131241075666762 0.0015088191792538852 -0.00032366571695749695 0.0067268211331407909 -0.0045224844615652481
leaf_weight=1089 2003 197547 753 137 371 65 281 11716 2480 594 4091 1933 3804 103 15370 159 4355 60 13531 1012 105 52 145 681 54 67 2023 4693 59 88
leaf_count=1089 2003 197547 753 137 371 65 281 11716 2480 594 4091 1933 3804 103 15370 159 4355 60 13531 1012 105 52 145 681 54 67 2023 4693 59 88
internal_value=7.40525e-06 1.41743e-05 9.67976e-06 -3.10629e-05 0.00211936 0.000553292 0.000128606 3.14903e-05 0.000514822 0.000716139 0.00124811 0.000332121 -4.44188e-05 0.0059236 1.52477e-05 -0.000268543 0.000509489 0.000146499 -0.000183933 0.00147344 0.000362531 9.33615e-05 0.00146126 0.0025608 0.00543255 -0.000618569 0.00172745 0.000238053 0.00138793 0.000701672
internal_weight=269421 267418 266329 198370 823 583 67959 54304 13655 11175 4685 6490 4557 240 54023 17084 5301 36939 14603 1072 22336 4407 2273 894 213 11783 2128 20063 518 459
internal_count=269421 267418 266329 198370 823 583 67959 54304 13655 11175 4685 6490 4557 240 54023 17084 5301 36939 14603 1072 22336 4407 2273 894 213 11783 2128 20063 518 459
is_linear=0
shrinkage=0.05


Tree=77
num_leaves=31
num_cat=0
split_feature=7 7 8 8 0 8 6 1 6 4 8 7 1 8 7 8 6 1 8 7 4 8 6 4 7 1 4 7 7 7
split_gain=0.603026 1.01426 0.859836 1.25761 1.16435 0.696715 2.03262 1.17009 0.794236 0.692759 0.789156 0.544684 0.624635 0.534115 0.502198 1.13136 0.950098 0.85904 0.818878 0.96609 0.98179 0.815234 0.854688 0.846184 0.67924 0.607727 0.599384 0.883447 0.592027 0.578143
threshold=0.054473624498138536 0.052306130992699713 0.24117647020991875 0.17868047432333226 0.011500781913482251 0.44723325029715799 0.52136975593460977 -0.030775117980691043 2.6997656663647489 -0.41411456341770297 0.59353702287685184 0.075517149084893084 -0.0058426653965632505 0.10951240125441826 0.020551039971919455 1.0000000180025095e-35 0.57458531573014604 0.037486143618059915 0.52376905140679997 0.011966459963838884 0.57521814977149266 0.18445624228218932 0.88552461309724451 -0.10176073818146142 0.012621321768486548 0.26006599770700684 1.2768143495111557 0.033123585838905116 0.015825986897744664 0.019588688035570519
decision_type=10 10 8 10 10 10 10 10 10 10 8 10 10 10 10 10 8 10 10 10 10 10 10 10 8 10 10 10 10 8
left_child=1 14 3 -3 -5 -4 7 -7 -8 10 11 -2 13 -13 16 26 28 18 24 20 -20 22 23 25 -18 -19 -16 -28 -1 -24
right_child=9 2 5 4 -6 6 8 -9 -10 -11 -12 12 -14 -15 15 -17 17 21 19 -21 -22 -23 29 -25 -26 -27 27 -29 -30 -31
leaf_value=0.00096765852009123878 0.00026036988365891241 0.0011004908478592851 -0.00055183270028601389 0.0034616060010807283 0.013056637669913471 0.01235842614152812 0.00096555964213145158 0.003296867725561912 -0.0031776957186870278 -0.00044755654594460359 0.0017370056017463776 -0.00086096473323417702 0.0020798662432636589 -0.0040098522242278519 0.00047511373734849096 2.5557067411071621e-05 -0.00062670483533426927 -0.00051909253372880873 -0.00043066052774988614 -0.00085839985420617599 0.0021916835376243294 0.00064491204646848171 -0.0012392675508579734 0.004076067054554074 -6.3124075354532551e-05 0.0024424096725299636 0.00746755966898299 0.00012748528041698961 7.3492281607643665e-05 -0.005144036238067853
leaf_weight=3044 3075 272 883 86 50 57 1549 95 125 13725 758 404 117 202 12586 165266 6229 1862 1010 8377 552 5713 324 120 37726 191 76 89 4724 134
leaf_count=3044 3075 272 883 86 50 57 1549 95 125 13725 758 404 117 202 12586 165266 6229 1862 1010 8377 552 5713 324 120 37726 191 76 89 4724 134
internal_value=7.03499e-06 2.7217e-05 0.000923538 0.00306339 0.00698919 0.000601257 0.00115886 0.00669495 0.000656177 -0.000270221 0.000264006 -2.99732e-05 -0.00126483 -0.00191059 1.59526e-05 6.05694e-05 -9.75026e-05 -0.000162578 -0.000235669 -0.000645535 0.000496058 0.00030952 -0.000418755 -5.02623e-06 -0.000142991 -0.00024357 0.000514365 0.00350837 0.000423884 -0.00238171
internal_weight=269421 251140 3117 408 136 2709 1826 152 1674 18281 4556 3798 723 606 248023 178017 70006 62238 53894 9939 1562 8344 2631 2173 43955 2053 12751 165 7768 458
internal_count=269421 251140 3117 408 136 2709 1826 152 1674 18281 4556 3798 723 606 248023 178017 70006 62238 53894 9939 1562 8344 2631 2173 43955 2053 12751 165 7768 458
is_linear=0
shrinkage=0.05


Tree=78
num_leaves=31
num_cat=0
split_feature=2 4 5 5 1 6 6 2 0 5 6 0 3 1 1 0 6 4 0 4 1 1 5 1 6 3 0 5 0 6
split_gain=0.598285 1.13817 0.808158 1.17294 0.676082 0.667514 1.02355 1.31041 0.653113 0.843866 0.640964 0.862227 0.648031 0.92718 1.32666 0.636351 0.574742 0.92347 0.534842 0.497878 0.792922 1.15155 0.720484 1.02497 0.701023 0.589253 1.02544 0.676443 0.55774 0.649809
threshold=0.24887111530462872 -0.15634765943150178 79.261974704181185 59.497830432370478 -0.073522063441808602 0.61167366341554874 0.5932759050987626 0.34107168447774633 0.064879818699374772 58.878504661662596 2.2673683850001769 0.071774098249793319 1.0000000180025095e-35 0.32037338840207635 0.2068991669203544 0.0033660487064265392 0.98314791803475687 0.94042340005163061 -0.018883496768789473 0.51183061292236742 0.046287056575604175 0.05944845259693899 63.100230331110048 0.044190259021546503 1.5194087571650152 1.0000000180025095e-35 -0.0048780487804878639 61.245538605282285 -0.01791180333820452 0.90902863172469661
decision_type=10 10 10 10 10 10 10 10 10 10 10 10 2 10 10 10 10 10 10 10 10 10 10 10 10 2 10 10 10 10
left_child=-1 18 3 8 -5 6 -6 -8 9 -3 11 15 13 14 -12 -4 17 -17 -2 20 24 -22 23 -21 25 28 27 -27 -7 -30
right_child=1 2 10 4 5 19 7 -9 -10 -11 12 -13 -14 -15 -16 16 -18 -19 -20 22 21 -23 -24 -25 -26 26 -28 -29 29 -31
leaf_value=-1.0992741701004792e-05 0.0013903879603031017 -5.7594524042673247e-05 -0.0014475216047204289 -0.0011810345440111758 0.0014505509959019296 -0.00021532966056838634 0.0010483741735745418 0.011634918620305447 -0.0040391265018843115 -0.004030954703446288 0.0060058862251282062 -0.0028965692962511901 -0.00018784919035195295 0.0069593435814757675 -0.002860004575855923 0.00065184470404463168 -0.00037284285270764675 0.0065840708310659747 0.0076023838869840295 -0.0067556186431002897 0.010064907293300137 0.0018428903808800148 0.00060833113484645913 -0.00036173459723314066 0.006320445443658779 0.0066276502818049454 -0.0014001643188902629 0.0011195160455352616 0.0025419801887263485 0.0095969506743131209
leaf_weight=255066 63 1469 858 447 753 80 57 60 135 147 71 404 501 91 104 313 948 83 77 77 62 136 5779 337 60 62 485 552 94 50
leaf_count=255066 63 1469 858 447 753 80 57 60 135 147 71 404 501 91 104 313 948 83 77 77 62 136 5779 337 60 62 485 552 94 50
internal_value=6.68324e-06 0.000320758 0.000276574 0.000486854 0.000715093 0.000813146 0.00212657 0.00647737 -0.000698138 -0.000419033 -0.000399339 -0.000773268 0.000871141 0.00286571 0.000737014 -0.000383707 0.000295424 0.00189522 0.00480699 0.000666159 0.0014581 0.00441746 0.000463985 -0.00155094 0.00103442 0.00079469 0.000318296 0.00167571 0.003132 0.00499162
internal_weight=269421 14355 14215 10842 9091 8644 870 117 1751 1616 3373 2606 767 266 175 2202 1344 396 140 7774 1581 198 6193 414 1383 1323 1099 614 224 144
internal_count=269421 14355 14215 10842 9091 8644 870 117 1751 1616 3373 2606 767 266 175 2202 1344 396 140 7774 1581 198 6193 414 1383 1323 1099 614 224 144
is_linear=0
shrinkage=0.05


Tree=79
num_leaves=31
num_cat=0
split_feature=7 2 7 8 5 8 7 8 4 7 4 6 6 6 5 2 4 0 7 6 8 0 8 7 5 2 8 8 4 7
split_gain=0.562633 0.643884 1.16298 1.34116 1.31657 1.2442 1.12739 1.97345 5.66836 5.23312 1.03849 0.958748 1.51273 0.869175 0.754231 0.817962 0.747294 0.667369 0.706317 0.634274 0.593399 0.797609 0.750439 0.581215 0.842403 1.1243 0.98342 0.94308 1.1532 1.17746
threshold=0.079061678468717936 0.24887111530462872 0.040970522754318658 0.36842105117728546 71.769045585759457 0.72508888121756854 0.070843092138759015 0.80382359519951585 0.51183061292236742 0.075517149084893084 0.62118419287325011 1.5194087571650152 0.80585243110246374 1.7202531394024461 89.350945490958722 0.36249146008198335 1.1856484800993001 0.0040404040404039563 0.031666770218745262 0.56295236189311193 0.77142856830612294 0.071774098249793319 0.95132488019122674 0.062182765303145433 75.64042598981753 0.3897788632604014 0.52376905140679997 0.87359775149466901 0.75481095787642116 0.044783073190515534
decision_type=10 10 10 8 10 8 10 8 10 10 10 10 10 10 10 10 10 10 10 10 8 10 10 10 10 10 8 10 10 10
left_child=1 -1 4 -4 5 17 23 10 9 -9 -8 12 -10 -7 15 19 -13 -3 -19 -6 -17 22 -22 24 25 26 -5 28 29 -27
right_child=-2 2 3 6 14 13 7 8 11 -11 -12 16 -14 -15 -16 20 -18 18 -20 -21 21 -23 -24 -25 -26 27 -28 -29 -30 -31
leaf_value=-5.3324085785017302e-06 -0.00082852662050290991 0.0028590457161258472 0.0081940211635082964 -0.0039987685910761539 -0.0048110230675628106 0.00092639846644004961 -0.0019269431940192592 0.005174399205196174 0.004780276380293747 0.025195261172018948 0.0057100725475488709 0.0081712539650891959 -0.0040053322583370838 0.0059840616885252218 -0.0020574225101402869 0.005883259201382704 0.00026994933806625859 0.012020496755838396 0.0049296435610474074 0.00032621850784390807 0.0012236097208997133 -0.0031712568542723988 0.0058433016216691488 -0.0010965889738664065 -0.00080416093254814976 0.0086938667438786338 0.00011637767089410543 0.0036489992659484286 -0.0033115777246054412 0.0009331992862393482
leaf_weight=253853 2003 221 50 152 62 981 350 94 69 50 51 57 169 93 281 94 63 50 118 1944 363 76 116 1486 2209 54 3236 415 146 515
leaf_count=253853 2003 221 50 152 62 981 350 94 69 50 51 57 169 93 281 94 63 50 118 1944 363 76 116 1486 2209 54 3236 415 146 515
internal_value=6.34908e-06 1.26024e-05 0.000348232 2.75061e-05 0.00101651 0.00224189 -1.72861e-05 0.00165963 0.00374873 0.0121261 -0.000955652 0.000379068 -0.00145824 0.00136435 0.000405911 0.000666625 0.00402307 0.00466471 0.00704002 0.00016744 0.00220956 0.00158735 0.00234237 -0.000201659 -3.9684e-06 0.000387272 -6.82452e-05 0.00175302 0.000652554 0.00166971
internal_weight=269421 267418 13565 9166 4399 1463 9116 903 502 144 401 358 238 1074 2936 2655 120 389 168 2006 649 555 479 8213 6727 4518 3388 1130 715 569
internal_count=269421 267418 13565 9166 4399 1463 9116 903 502 144 401 358 238 1074 2936 2655 120 389 168 2006 649 555 479 8213 6727 4518 3388 1130 715 569
is_linear=0
shrinkage=0.05


Tree=80
num_leaves=31
num_cat=0
split_feature=2 5 0 0 8 1 8 8 4 8 4 8 0 0 5 3 2 0 8 5 0 8 2 2 0 1 0 2 8 8
split_gain=0.922495 0.784957 1.22826 1.10067 2.27613 0.837485 1.25506 1.79681 1.75939 0.742507 0.716278 0.891358 0.66596 0.755772 0.775467 0.633904 0.997578 0.898076 0.672806 0.7025 0.966139 1.12456 0.768699 0.681406 0.759384 0.629522 1.2726 0.755964 1.00909 0.604628
threshold=0.3897788632604014 74.079952285585975 -0.01791180333820452 0.013428541016496711 0.92707669363633938 0.085967762479124979 0.80382359519951585 0.83104930563871315 0.36266919428038813 0.71014492616397173 0.45134855145007935 0.75598086029085587 0.017165523992020097 0.020981237474649198 62.393883041702011 1.0000000180025095e-35 0.11667401317707661 -0.02444494743725167 0.78243504923787188 77.611940197148598 0.039363937782084919 0.61541130580174574 0.10912155185054385 0.0014651504664450201 0.052427708969265858 0.075422496016705157 0.030438425480863954 0.5317431461326293 0.85517241207292927 0.81468972556365615
decision_type=10 10 10 10 10 10 8 8 10 8 10 10 10 10 10 2 10 10 10 10 10 10 8 10 10 10 10 10 8 8
left_child=15 3 -3 4 5 6 10 -8 -9 -4 -2 -12 -5 -14 -15 16 18 -18 19 -1 21 22 -21 24 -20 26 -16 28 -28 -19
right_child=1 2 9 12 -6 -7 7 8 -10 -11 11 -13 13 14 25 -17 17 29 23 20 -22 -23 -24 -25 -26 -27 27 -29 -30 -31
leaf_value=-8.6347888159690096e-06 0.00014707882849348687 -0.0023376799210794628 0.0058982121446798192 -0.0046251429856887889 0.012609900931163473 -0.00019644880478633669 0.01163211127768827 0.0095402981466031628 0.00097380800611801272 0.00039318994186790708 0.0084958907374395789 4.4681401923298843e-05 0.0054288400736238274 -0.0024747313723981271 -0.0030436528291154122 -0.00017289647981306221 0.0014114791933265921 0.00046729607073564615 0.00010482429057765157 0.0016567013075311941 -0.0022351940362622474 -0.0013524027233297478 0.0056298087312785551 -0.0013266025813534412 0.0066651945068272505 -0.00037882091509883903 0.0020206564581233331 0.00073487356272031721 0.011015405338063528 -0.00031045359366371961
leaf_weight=193213 437 441 63 70 51 364 77 80 239 2208 65 60 70 229 70 52722 1964 9562 263 1093 203 292 137 1672 53 392 55 73 72 3383
leaf_count=193213 437 441 63 70 51 364 77 80 239 2208 65 60 70 229 70 52722 1964 9562 263 1093 203 292 137 1672 53 392 55 73 72 3383
internal_value=-4.89608e-06 0.000660113 7.70037e-05 0.00131793 0.00224503 0.00184517 0.0026209 0.00477686 0.00312214 0.000545905 0.00110176 0.00443931 8.33006e-05 0.000426267 3.32481e-05 -1.7756e-05 2.08557e-05 0.000415197 -8.9993e-06 3.33741e-07 0.00100488 0.00143703 0.00209923 -0.000924173 0.00120514 0.000900812 0.00275865 0.00478946 0.00712004 0.000264042
internal_weight=269673 5116 2712 2404 1373 1322 958 396 319 2271 562 125 1031 961 891 264557 211835 14909 196926 194938 1725 1522 1230 1988 316 662 270 200 127 12945
internal_count=269673 5116 2712 2404 1373 1322 958 396 319 2271 562 125 1031 961 891 264557 211835 14909 196926 194938 1725 1522 1230 1988 316 662 270 200 127 12945
is_linear=0
shrinkage=0.05


Tree=81
num_leaves=31
num_cat=0
split_feature=2 7 4 2 2 2 1 5 6 7 1 7 6 7 7 6 6 1 6 7 4 6 1 5 5 6 0 4 7 1
split_gain=0.832551 0.819955 2.39244 2.9859 1.01163 0.740681 1.05397 1.7055 4.42194 1.26939 1.24559 0.808094 1.10572 0.938665 1.26177 1.08023 0.728465 0.570609 0.545281 0.537463 0.822641 0.774467 1.12478 0.723489 0.720658 0.724466 0.840623 0.693046 0.486682 0.79508
threshold=0.3897788632604014 0.075517149084893084 -0.081634386871794737 0.25839402339364265 0.076100291161981151 0.46454772059302524 0.0042157775487722269 62.169652675677099 0.62174119467419764 0.058752616110890658 -0.053627066939369743 0.059819200537251725 0.78517731410669633 0.052306130992699713 0.053672811631288876 1.1614323289819837 2.6997656663647489 -0.031985444252844046 0.33369681696033587 0.073071248271039071 0.39838769196475304 0.87776125432104735 0.066761192556678242 66.705135707503814 81.358519548871314 1.4446005762362875 0.00778314780241507 0.2646784276949064 0.02169689937894281 0.032962389578208191
decision_type=10 10 10 10 10 10 10 10 10 10 10 10 10 10 10 10 10 10 8 10 10 10 10 10 10 10 10 10 10 10
left_child=1 18 3 -3 -4 6 7 -2 -9 -10 -11 13 -13 16 -15 -16 -8 -6 -1 -7 27 22 -22 -23 25 26 -25 -21 29 -20
right_child=5 2 4 -5 17 19 11 8 9 10 -12 12 -14 14 15 -17 -18 -19 28 20 21 23 -24 24 -26 -27 -28 -29 -30 -31
leaf_value=0.00064744708410687294 -0.00072404578129541789 -0.00036797904708090015 -0.00066696675534630239 0.0097373635204419714 -0.0024140261287257251 -0.00024931304740994883 0.00010669790930300419 0.019323452648241077 -0.00047168428686240486 0.0020221898134332151 0.01270767160257674 0.0037187472680670908 -0.0026527763505578834 0.0093041679590570338 -0.0017042510008012928 0.0052758684346411872 0.0046109215356409548 -0.0060175075326261863 -0.00018525304291034991 0.001233310744393873 0.00094001476390985776 -0.0036629403645675332 0.010208585143867714 0.0018224316456271754 -0.00091167902871966367 0.00015725622679171869 0.0094361361843398259 -0.004204656626976464 2.8986867968441661e-05 0.00025946794822055339
leaf_weight=3128 153 1443 231 77 173 2292 807 50 126 60 50 88 301 78 107 115 101 301 67941 131 64 63 67 67 125 86 79 106 179468 11795
leaf_count=3128 153 1443 231 77 173 2292 807 50 126 60 50 88 301 78 107 115 101 301 67941 131 64 63 67 67 125 86 79 106 179468 11795
internal_value=-4.65128e-06 -1.68682e-05 -0.000972666 0.000143936 -0.00338009 0.000627107 0.00136706 0.00353685 0.00581628 0.00295459 0.00687923 0.000770612 -0.0012114 0.00140886 0.00383365 0.00191158 0.000607718 -0.00470231 -8.7615e-06 0.000137967 0.00126442 0.00232394 0.00568043 0.00127704 0.0021488 0.00379777 0.00594218 -0.00119886 -1.66804e-05 -0.000119467
internal_weight=269673 264557 2225 1520 705 5116 2036 439 286 236 110 1597 389 1208 300 222 908 474 262332 3080 788 551 131 420 357 232 146 237 259204 79736
internal_count=269673 264557 2225 1520 705 5116 2036 439 286 236 110 1597 389 1208 300 222 908 474 262332 3080 788 551 131 420 357 232 146 237 259204 79736
is_linear=0
shrinkage=0.05


Tree=82
num_leaves=31
num_cat=0
split_feature=2 7 5 5 5 1 5 2 7 7 7 5 6 0 6 1 2 7 7 5 6 1 7 2 3 2 7 5 5 2
split_gain=0.751378 0.74001 1.64932 0.690282 1.08138 1.30975 1.08244 1.14738 1.94247 2.365 1.02791 0.823342 0.800974 1.18925 0.872319 0.975163 0.668712 0.605762 1.08751 1.15998 0.806989 0.606052 0.55349 0.552637 0.542089 1.03563 1.46243 1.99454 1.2241 2.03344
threshold=0.3897788632604014 0.075517149084893084 55.191747776234571 73.138336581420717 72.193383674602458 0.12775959273898144 62.169652675677099 0.65459219715740546 0.073071248271039071 0.079061678468717936 0.052946406917865098 46.778681694580179 0.66212877028363393 0.02903361850930786 0.86645722660008329 -0.017445923181983344 0.65459219715740546 0.03630989795466992 0.031804127038711529 86.352263577446465 1.2787812200896804 0.138593914159612 0.079061678468717936 0.063182897862232759 1.0000000180025095e-35 0.11667401317707661 0.033571281333631749 77.611940197148598 86.352263577446465 0.21807114913014361
decision_type=10 10 10 10 10 10 10 10 10 10 10 10 10 10 10 10 10 10 10 10 10 10 10 10 2 10 10 10 10 10
left_child=1 24 -3 4 5 6 11 8 -8 -10 -6 -2 -13 14 15 -14 -7 18 -5 20 -20 -19 -9 -4 25 -1 27 -27 -28 -30
right_child=3 2 23 17 10 16 7 22 9 -11 -12 12 13 -15 -16 -17 -18 21 19 -21 -22 -23 -24 -25 -26 26 28 -29 29 -31
leaf_value=-2.6948180831923769e-06 0.0053388534816886171 -0.00017790393251061821 -0.0010959050905935434 -0.0024185641637344043 0.011022459281672378 -0.0020193082184859499 0.0021610585880155078 -0.0041366678231009625 0.014537421171553433 0.0026422144285041011 0.0025592669035492789 -0.0036704198024647382 0.0015625524538336322 -0.0041613723851129493 -0.00048280029692188879 0.010881911750882864 0.0037481045035906791 -0.0011197892298432971 0.0035147098036339649 -0.00092538529081811918 0.011227660478713613 0.00044749193390056138 0.0017663113428158809 -0.0045704209587413532 -0.00015226162334330387 0.0015114940093250964 -5.9714887184555568e-05 -0.00070312903549225251 0.012608161360007145 -0.00033245265173415342
leaf_weight=195458 61 1711 172 89 51 425 680 82 78 90 121 164 64 93 118 50 57 1003 78 73 60 1602 77 342 52357 4704 8390 1297 51 75
leaf_count=195458 61 1711 172 89 51 425 680 82 78 90 121 164 64 93 118 50 57 1003 78 73 60 1602 77 342 52357 4704 8390 1297 51 75
internal_value=-4.41871e-06 -1.60248e-05 -0.000924033 0.000595752 0.00126148 0.000940321 0.00164539 0.0026197 0.00335052 0.00816499 0.0050687 -0.000138469 -0.000821734 0.000615757 0.00253073 0.00564999 -0.00133727 8.90655e-05 0.00221667 0.00417182 0.00686817 -0.000155956 -0.00127799 -0.00340774 -8.32343e-06 2.75674e-05 0.00043502 0.00103285 1.37476e-05 0.00490541
internal_weight=269673 264557 2225 5116 2211 2039 1557 1007 848 168 172 550 489 325 232 114 482 2905 300 211 138 2605 159 514 262332 209975 14517 6001 8516 126
internal_count=269673 264557 2225 5116 2211 2039 1557 1007 848 168 172 550 489 325 232 114 482 2905 300 211 138 2605 159 514 262332 209975 14517 6001 8516 126
is_linear=0
shrinkage=0.05


Tree=83
num_leaves=31
num_cat=0
split_feature=2 7 4 2 2 2 6 6 4 7 7 7 7 7 6 4 6 7 6 7 4 6 5 4 5 6 6 2 7 0
split_gain=0.678118 0.667859 2.02406 2.7011 0.860856 0.636397 0.776583 3.7838 0.561296 0.559273 1.10607 0.689183 0.876727 1.42064 0.964437 0.723653 0.759714 0.50167 0.491851 0.449812 0.752782 0.692413 0.655744 0.642204 0.638779 0.645142 0.785577 0.447 1.01617 1.01264
threshold=0.3897788632604014 0.075517149084893084 -0.081634386871794737 0.25839402339364265 0.076100291161981151 0.46454772059302524 0.61167366341554874 0.57070225787296902 0.5389050432709187 0.079061678468717936 0.073071248271039071 0.059819200537251725 0.052306130992699713 0.053672811631288876 1.1346497903137316 0.41659463704380001 2.6997656663647489 0.048732584943597293 0.33369681696033587 0.073071248271039071 0.39838769196475304 0.87776125432104735 66.705135707503814 0.2646784276949064 81.358519548871314 1.4446005762362875 1.0974429876554652 -0.01377161909206087 0.034367111798127327 0.010006462511384486
decision_type=10 10 10 10 10 10 10 10 10 10 10 10 10 10 10 10 10 10 8 10 10 10 10 10 10 10 10 8 8 10
left_child=1 18 3 -3 -4 6 7 8 -2 10 11 12 15 -14 -15 -8 17 -17 -1 -7 23 -22 -23 -21 25 26 -24 28 -20 -30
right_child=5 2 4 -5 -6 19 9 -9 -10 -11 -12 -13 13 14 -16 16 -18 -19 27 20 21 22 24 -25 -26 -27 -28 -29 29 -31
leaf_value=0.00061532291556740256 -0.0020066002624429249 -0.00033767471360322994 -0.00058938442950904994 0.0092736519328862812 -0.0043118847702973218 -0.00024173215588075872 0.0059672912377795066 0.01539452811703086 0.0044500600118190054 -0.0030378870792029536 0.0069743507847117338 -0.0010921485572160034 0.0091965192565805331 -0.0014740875804319887 0.0046122491500768673 0.00034190909454053002 0.0043380731753636121 -0.0028492713060251466 -2.8399004728594862e-05 0.0011279713083858396 0.0053303152454291826 -0.0035362913703826807 0.0010550644601984272 -0.0041067327849373643 -0.00088470817059278491 0.00011370617322363827 0.0085503051417287115 -8.2279247339308814e-05 0.00010994377903311608 0.00072794404261618609
leaf_weight=3128 103 1443 231 77 474 2292 59 55 50 85 77 360 84 124 137 649 101 152 100587 131 131 63 58 106 125 86 88 127273 21824 9520
leaf_count=3128 103 1443 231 77 474 2292 59 55 50 85 77 360 84 124 137 649 101 152 100587 131 131 63 58 106 125 86 88 127273 21824 9520
internal_value=-4.19778e-06 -1.52236e-05 -0.000877831 0.000149215 -0.00309217 0.000565964 0.00125186 0.00414674 0.000103419 0.000922459 0.00111559 0.000844808 0.00137873 0.00354087 0.00172066 0.000602524 0.000251613 -0.000263658 -7.90726e-06 0.000112564 0.00114308 0.00215662 0.00116672 -0.00121329 0.00199667 0.00354914 0.00557274 -1.54282e-05 4.90625e-05 0.000297647
internal_weight=269673 264557 2225 1520 705 5116 2036 208 153 1828 1743 1666 1306 345 261 961 902 801 262332 3080 788 551 420 237 357 232 146 259204 131931 31344
internal_count=269673 264557 2225 1520 705 5116 2036 208 153 1828 1743 1666 1306 345 261 961 902 801 262332 3080 788 551 420 237 357 232 146 259204 131931 31344
is_linear=0
shrinkage=0.05


Tree=84
num_leaves=31
num_cat=0
split_feature=2 5 8 5 0 8 7 8 4 2 8 0 7 4 2 2 8 8 2 8 4 2 7 5 0 0 5 2 4 6
split_gain=0.612002 0.613807 1.43636 0.967242 0.963716 1.19396 0.918043 0.774688 0.765032 0.676885 1.33156 0.646638 0.602743 1.82754 2.35028 0.81146 0.827987 0.579909 0.518242 0.504019 0.823148 0.712288 2.50215 1.81803 1.49761 1.15743 0.860403 0.848002 1.21325 0.788345
threshold=0.3897788632604014 73.138336581420717 0.68539325521819683 72.193383674602458 0.011206670128427356 0.91231343233938167 0.052946406917865098 0.86699122854662136 0.66926294623214633 0.5317431461326293 0.38440111380459507 -0.070991281012234661 0.075517149084893084 -0.061446170109221036 0.25839402339364265 0.088469689641684571 0.46798820932055607 0.71509932806643828 0.5317431461326293 0.80916595075554609 -0.16497451955648015 0.11667401317707661 0.033571281333631749 77.611940197148598 0.022921502073827597 -0.0063821001223254284 76.247475864889722 0.1619513799135415 0.66926294623214633 1.4446005762362875
decision_type=10 10 8 10 10 10 10 8 10 10 10 10 10 10 10 10 10 10 10 10 10 10 10 10 10 10 10 10 10 10
left_child=12 3 -3 4 5 8 -5 -4 9 10 -2 -11 19 14 -14 16 -15 -13 -8 21 -21 -1 23 24 26 -24 -23 -28 -29 -26
right_child=1 2 7 6 -6 -7 18 -9 -10 11 -12 17 13 15 -16 -17 -18 -19 -20 20 -22 22 25 -25 29 -27 27 28 -30 -31
leaf_value=-1.5785767144044116e-05 0.0087961038850724368 0.0071353523540061102 -0.0014342198850722805 0.010392726246979745 -0.0003907916331141454 0.0092858164530137885 -0.00095978525340935947 0.00040294289208952421 -0.0013731456411009352 0.0048959042539755849 0.0020842522094358822 -0.0034833724919643978 -0.00034986205309052117 -0.002502587990751729 0.008347948995225769 -0.0042240421055142353 0.0042141584013230529 0.0013652668132237977 0.0055866835253959102 0.0055619858029741249 -0.00025441528581882767 0.00072338765581312563 0.00035309165712488428 -0.00083929777419450692 0.0036485655367783109 -0.00051014519063850145 0.00047093033036952345 0.00096716154413297784 0.011292800589492828 0.0015309971602152589
leaf_weight=215887 86 70 799 51 876 51 59 2036 196 58 525 119 1470 156 82 452 65 128 62 61 21675 5825 7156 1253 803 8490 95 50 66 971
leaf_count=215887 86 70 799 51 876 51 59 2036 196 58 525 119 1470 156 82 452 65 128 62 61 21675 5825 7156 1253 803 8490 95 50 66 971
internal_value=-3.98789e-06 0.000537666 5.98708e-05 0.00116543 0.000861697 0.0018051 0.00476614 -0.000114832 0.00146201 0.00206866 0.00302896 0.000144903 -1.44624e-05 -0.00083394 0.000109687 -0.00301003 -0.000527074 -0.000970717 0.0023946 -7.51189e-06 -0.000238092 1.33193e-05 0.000267615 0.000928711 0.00121236 -0.000115327 0.000837004 0.00397356 0.00684209 0.00248951
internal_weight=269673 5116 2905 2211 2039 1163 172 2835 1112 916 611 305 264557 2225 1552 673 221 247 121 262332 21736 240596 24709 9063 7810 15646 6036 211 116 1774
internal_count=269673 5116 2905 2211 2039 1163 172 2835 1112 916 611 305 264557 2225 1552 673 221 247 121 262332 21736 240596 24709 9063 7810 15646 6036 211 116 1774
is_linear=0
shrinkage=0.05


Tree=85
num_leaves=31
num_cat=0
split_feature=2 5 4 8 8 0 0 0 2 8 1 5 2 8 0 2 2 4 8 3 8 5 1 5 8 0 2 2 2 4
split_gain=0.547045 1.20525 0.916349 0.846901 0.838591 0.838787 0.783853 0.727579 0.797368 1.34974 1.13464 0.992842 1.96493 0.962975 1.22831 0.72211 1.04452 1.048 0.719243 0.684751 1.09608 0.677281 0.966356 0.809251 0.769349 0.721832 0.695527 0.957504 1.02789 0.682851
threshold=-0.01377161909206087 75.099602289294651 -0.46021432627474995 0.6111725717874037 0.32211996020547135 0.0086040983781371389 -0.011744286460216134 -0.0058823529411763933 0.063182897862232759 0.3604740832465238 -0.011429297144308513 62.872817551059583 0.10193517940598885 0.32211996020547135 0.016008878677544417 0.11667401317707661 0.086456866001647717 1.0620545557555838 0.18161289280619045 1.0000000180025095e-35 0.46399371873530987 57.034183011470525 0.14460248547869184 49.919022670565589 0.34486160919123793 0.030438425480863954 -0.14155677326617019 -0.085033167916594807 -0.095852632071626462 0.87946274317831652
decision_type=8 10 8 8 10 10 10 8 10 8 10 10 10 10 10 10 10 10 10 2 10 10 10 10 10 10 10 10 10 10
left_child=1 3 6 21 5 -3 -2 15 -9 10 18 12 -12 14 -14 16 17 -4 -10 -11 -21 22 -1 -24 25 26 -23 28 -28 -26
right_child=2 4 7 -5 -6 -7 -8 8 9 19 11 -13 13 -15 -16 -17 -18 -19 -20 20 -22 24 23 -25 29 -27 27 -29 -30 -31
leaf_value=-1.9387353357654249e-05 -0.0001097073550151686 0.0016810447209076409 8.7414746251226436e-05 0.00041517401983204576 0.00039933779072644985 0.0084524345156255145 -0.0010831703938859909 -0.00030478436213114517 0.0072941718774067387 0.00017375937650352381 -0.00014472865038526482 -0.00059335539373910442 -0.0011478184121905975 0.0070553925880565754 0.0045604861778737096 0.00039657454613775157 -0.00071234779783129777 0.0069350322885189351 0.002124197984360492 -0.0038553180017445888 -0.0002097771067687757 -0.00096192878528036712 0.0038941535013848278 -0.00021602860206792899 -0.0005006290188328933 -0.00094805293776684195 0.0020255194628758587 0.0010641396119624275 0.007107371786821335 0.0044376458229548107
leaf_weight=114167 4243 85 25195 14954 163 99 4034 36334 74 16997 853 1210 152 153 248 15460 4657 56 740 208 23639 329 290 204 1705 435 344 2479 140 73
leaf_count=114167 4243 85 25195 14954 163 99 4034 36334 74 16997 853 1210 152 153 248 15460 4657 56 740 208 23639 329 290 204 1705 435 344 2479 140 73
internal_value=-3.00072e-06 6.78869e-05 -7.45293e-05 6.03291e-05 0.00301087 0.00532435 -0.000584149 -4.10458e-05 -0.000131193 1.12669e-05 0.000963927 0.000456649 0.00136028 0.00368175 0.00239133 0.000119124 -2.42954e-05 0.000102601 0.0025942 -6.87357e-05 -0.000241575 1.61705e-05 -9.8391e-06 0.00219683 0.000557913 0.000966175 0.00121912 0.00146129 0.00349548 -0.000297876
internal_weight=269720 135467 134253 135120 347 184 8277 125976 80608 44274 3430 2616 1406 553 400 45368 29908 25251 814 40844 23847 120166 114661 494 5505 3727 3292 2963 484 1778
internal_count=269720 135467 134253 135120 347 184 8277 125976 80608 44274 3430 2616 1406 553 400 45368 29908 25251 814 40844 23847 120166 114661 494 5505 3727 3292 2963 484 1778
is_linear=0
shrinkage=0.05


Tree=86
num_leaves=31
num_cat=0
split_feature=6 4 5 5 1 8 2 4 8 5 2 8 2 1 2 1 6 4 0 4 5 6 0 2 4 1 2 4 2 1
split_gain=0.697745 0.573916 0.794666 0.724989 0.815726 0.524012 0.501938 0.986698 0.836966 0.888168 1.05764 0.864204 1.82785 0.866251 0.748942 0.995281 0.68387 1.23442 1.23692 0.835898 0.707587 0.651754 0.853759 0.651736 0.627632 0.851136 0.710507 0.912461 0.831949 0.645408
threshold=0.27650921227003539 -0.38676948585315718 50.904664042458258 24.768242559201592 -0.00077324711471049568 0.83104930563871315 -0.055033357388052921 -0.72697674998527051 0.57600180401789769 61.931818167449542 -0.10280827071076991 0.26132687509649116 -0.32084279149985417 0.14460248547869184 -0.090341596686865019 0.036553524804177624 0.66212877028363393 0.13807316171583817 0.019211573615185776 -0.8689956971575773 34.840396242969689 1.228362115022344 0.071774098249793319 -0.11006045212671516 1.0620545557555838 0.26006599770700684 0.32268664290448762 1.1485950055336345 0.074287807193514813 -0.029529180541995988
decision_type=8 10 10 10 10 8 8 8 8 10 10 10 10 10 10 10 8 10 10 10 10 10 10 10 10 10 8 10 10 8
left_child=1 3 -3 -1 -5 -4 8 -8 9 11 -11 13 -13 -2 15 -12 19 20 -19 -14 -18 24 -23 -15 29 26 28 -28 -26 -9
right_child=6 2 5 4 -6 -7 7 21 -10 10 14 12 16 23 -16 -17 17 18 -20 -21 -22 22 -24 -25 25 -27 27 -29 -30 -31
leaf_value=-9.2238216103427925e-05 9.1356872068054824e-05 -0.0020959362167382923 0.00063357856715740577 0.0025813926505186603 0.0093086593312453302 0.0066631601080298425 -0.00058919127728991074 9.8381854308107389e-05 0.00051267033713797044 -0.00044577993770045314 0.0096898005405166316 -0.0094637727951286024 0.001546816791699519 0.0069335598397617703 0.0018855637999176005 0.00070713263041540691 -0.0010723695054836255 -0.00050552819068297797 0.0028903718715471202 -6.6758388911086034e-05 -0.00028710184153357221 0.00021931425544200936 -0.00048005078210409193 -0.00028192229094166382 0.0033972627420230691 -0.0029386931067290982 0.007525679487011847 0.00012806988225848829 5.6738963492796124e-05 -0.00017147737251161171
leaf_weight=232 67842 237 129 387 51 50 8377 29536 10110 440 78 54 933 81 524 51 4893 547 526 5744 6934 37018 4947 51 251 123 99 72 724 88679
leaf_count=232 67842 237 129 387 51 50 8377 29536 10110 440 78 54 933 81 524 51 4893 547 526 5744 6934 37018 4947 51 251 123 99 72 724 88679
internal_value=-2.85068e-06 0.00126197 -0.000196748 0.00216767 0.0033647 0.00231782 -7.96392e-06 -6.00964e-05 8.16386e-05 3.25087e-05 0.001449 1.48358e-05 -0.000277387 9.92302e-05 0.00272573 0.00613851 -0.000252048 -0.000464656 0.00115919 0.000158712 -0.000611978 -3.26436e-05 0.00013687 0.00414576 -9.218e-05 0.00101387 0.00143809 0.0044109 0.00091671 -0.000104053
internal_weight=269720 1086 416 670 438 179 268634 169826 98808 88698 1093 87605 19631 67974 653 129 19577 12900 1073 6677 11827 161449 41965 132 119484 1269 1146 171 975 118215
internal_count=269720 1086 416 670 438 179 268634 169826 98808 88698 1093 87605 19631 67974 653 129 19577 12900 1073 6677 11827 161449 41965 132 119484 1269 1146 171 975 118215
is_linear=0
shrinkage=0.05


Tree=87
num_leaves=31
num_cat=0
split_feature=6 4 5 5 1 2 5 4 0 1 0 0 1 2 6 6 0 2 3 5 6 2 2 4 5 6 5 1 4 2
split_gain=0.629715 0.517959 0.717186 0.654303 0.736193 0.477614 1.0662 0.963182 0.721295 0.751861 0.686909 0.683878 1.12665 0.844734 0.671353 0.780451 0.656941 0.721961 1.15266 0.925131 0.656161 0.649749 1.07659 0.932626 0.649659 0.635649 0.570265 0.56424 0.646328 0.797262
threshold=0.27650921227003539 -0.38676948585315718 50.904664042458258 24.768242559201592 -0.00077324711471049568 -0.01377161909206087 75.099602289294651 -0.45379578502954682 -0.0053768259236345308 -0.1224650807998877 0.0086040983781371389 0.04036654509629601 0.0095087163232964195 -0.18590175023651842 1.9032115473160072 0.79882827968685144 -0.0058823529411763933 0.063182897862232759 1.0000000180025095e-35 63.594842475318643 0.69832349717981967 0.11409632928692905 0.086456866001647717 1.0620545557555838 44.090909069865724 1.0170115748360005 74.079952285585975 -0.10487348131908285 0.43331768183003605 0.3897788632604014
decision_type=8 10 10 10 10 8 10 8 10 10 10 10 10 10 10 10 8 10 2 10 10 10 10 10 10 10 10 10 10 10
left_child=1 3 -3 -1 -5 6 11 8 -7 -10 -11 -2 13 14 15 -13 21 -18 19 24 27 22 23 -9 -19 -8 -23 -20 -29 -30
right_child=5 2 -4 4 -6 7 25 16 9 10 -12 12 -14 -15 -16 -17 17 18 20 -21 -22 26 -24 -25 -26 -27 -28 28 29 -31
leaf_value=-8.762629324086573e-05 2.6410435457080862e-05 -0.0019911394203073131 0.0022019283047209977 0.0024523229991974434 0.0088432265172242279 -0.00024649151171478274 0.0011705051241431832 8.381998193096188e-05 -0.0049033096954879127 -0.001597297572642464 3.5634186056263452e-05 -0.00095132050519607157 -2.1808090549286919e-05 0.00083360403497940842 -0.0012442548741476939 0.0043012430342828515 -0.00029129932061650309 -0.00038705522068890647 0.002866047430255164 -1.9526251416727175e-05 -0.00010017012328364491 0.00050104053122435033 -0.00076194668649225573 0.0065435557178196704 0.00082761296571066045 0.0055917221087460915 -0.00032319579541894308 -0.0013814789573768343 -0.00054071199157372139 0.0026131949606341392
leaf_weight=232 127974 237 179 387 51 5376 217 25049 132 1901 974 83 3667 2139 85 478 36147 1279 104 11140 19394 13319 4254 56 7901 130 2491 2512 1603 229
leaf_count=232 127974 237 179 387 51 5376 217 25049 132 1901 974 83 3667 2139 85 478 36147 1279 104 11140 19394 13319 4254 56 7901 130 2491 2512 1603 229
internal_value=-2.70815e-06 0.00119887 -0.000186911 0.00205929 0.00319647 -7.56573e-06 5.88779e-05 -7.44621e-05 -0.000593359 -0.0012135 -0.00104409 5.17328e-05 0.000553996 0.00131216 0.00289671 0.00352413 -3.97953e-05 -0.000125595 1.00348e-05 0.000286732 -0.000225788 0.000112754 -2.64067e-05 9.82293e-05 0.00065838 0.00282687 0.000371175 -0.000773504 -0.000860639 -0.000146474
internal_weight=269720 1086 416 670 438 268634 134773 133861 8383 3007 2875 134426 6452 2785 646 561 125478 80309 44162 20320 23842 45169 29359 25105 9180 347 15810 4448 4344 1832
internal_count=269720 1086 416 670 438 268634 134773 133861 8383 3007 2875 134426 6452 2785 646 561 125478 80309 44162 20320 23842 45169 29359 25105 9180 347 15810 4448 4344 1832
is_linear=0
shrinkage=0.05


Tree=88
num_leaves=31
num_cat=0
split_feature=7 4 4 6 4 8 5 2 6 2 7 8 8 6 2 5 6 5 4 8 5 2 7 7 8 7 7 8 7 4
split_gain=0.804215 0.764024 0.638255 0.572363 0.505824 0.632676 0.62873 0.547032 0.442762 0.40874 0.956879 1.31387 1.47696 1.03631 0.926079 1.09233 0.916108 0.901768 0.895793 1.20577 0.850251 1.23324 0.851991 0.958804 0.784188 0.80981 0.739057 1.3756 0.964509 1.35306
threshold=0.084054682809110978 0.94042340005163061 0.56585695329037422 0.27650921227003539 -0.38676948585315718 0.18161289280619045 50.904664042458258 -0.0014523690205593407 0.43178115732243499 0.14689145610645607 0.044783073190515534 0.72508888121756854 0.71014492616397173 2.6997656663647489 0.0051465002353683351 60.581154083426703 0.66886321027131757 89.350945490958722 0.82609845294226092 0.83677729463455208 82.721296622103907 0.3897788632604014 0.033123585838905116 0.026744002490023656 0.45982675126958616 0.028035940640548769 0.050417968496791338 0.78756700837013283 0.044401498149700465 0.64977701337552107
decision_type=10 10 10 8 10 10 10 8 10 10 10 8 10 10 8 10 10 10 10 8 10 10 10 10 10 10 10 8 10 10
left_child=3 2 8 4 5 7 -6 -1 -2 14 11 12 20 -13 15 -5 -14 -15 -12 -20 21 24 23 -22 -11 -26 28 -28 -16 -30
right_child=1 -3 -4 9 6 -7 -8 -9 -10 10 18 13 16 17 26 -17 -18 -19 19 -21 22 -23 -24 -25 25 -27 27 -29 29 -31
leaf_value=9.424595779127735e-05 0.0030949121249640096 0.0044120336878997347 -0.004961625854036986 2.1607107327867729e-05 -0.0019176180556904881 0.0039670022463015337 0.0020409761437081867 0.0055360103834350156 -0.0015013917815753621 0.001738809586249844 0.00010097690493262205 -2.3884665495343807e-05 -0.0010567861004724033 0.0023553457604378603 -0.00015802110040924911 0.00070423270211643623 0.0047887808293242476 -0.0034357286221977021 -0.0022812251895204592 -0.00028317073810973405 -0.00081594514221867412 0.0085415860682797554 0.0031656410421061591 -0.0078368688782211402 0.0016057825869127522 4.8645983062454987e-05 -0.00028119414027542931 -0.0021803366198463385 0.00017226062679018657 0.0025172475303741784
leaf_weight=359 56 54 130 144019 235 254 175 53 814 1641 9493 12227 82 734 75284 6109 367 74 1014 2957 124 52 61 80 1130 3198 4030 1249 2883 782
leaf_count=359 56 54 130 144019 235 254 175 53 814 1641 9493 12227 82 734 75284 6109 367 74 1014 2957 124 52 61 80 1130 3198 4030 1249 2883 782
internal_value=-2.57274e-06 -0.00138101 -0.00169383 2.83497e-06 0.00115371 0.0020043 -0.000227974 0.000794279 -0.00120554 -1.79279e-06 0.000162306 0.000383713 0.000950773 9.07205e-05 -2.50636e-05 4.93845e-05 0.00372122 0.00182498 -0.000162799 -0.000793377 0.000752884 0.00087488 -0.00201895 -0.00356925 0.00080809 0.0004552 -0.00015776 -0.000730527 -0.000119461 0.00067261
internal_weight=269720 1054 1000 268666 1076 666 410 412 870 267590 33234 19770 6735 13035 234356 150128 449 808 13464 3971 6286 6021 265 204 5969 4328 84228 5279 78949 3665
internal_count=269720 1054 1000 268666 1076 666 410 412 870 267590 33234 19770 6735 13035 234356 150128 449 808 13464 3971 6286 6021 265 204 5969 4328 84228 5279 78949 3665
is_linear=0
shrinkage=0.05


Tree=89
num_leaves=31
num_cat=0
split_feature=7 4 4 6 4 5 1 5 6 2 2 4 5 7 7 6 1 5 7 5 7 1 5 1 4 1 6 4 7 2
split_gain=0.725804 0.689532 0.576025 0.516558 0.456506 0.590555 0.654596 0.567429 0.399852 0.371721 0.371045 0.918564 0.646595 0.948467 0.993378 0.924197 0.924068 0.722171 1.53213 1.21305 0.940468 0.748545 0.656774 0.639352 0.597503 0.587172 0.581585 0.722162 1.45606 0.855835
threshold=0.084054682809110978 0.94042340005163061 0.56585695329037422 0.27650921227003539 -0.38676948585315718 24.768242559201592 -0.00077324711471049568 50.904664042458258 0.4247346127170098 0.14689145610645607 -0.055033357388052921 -0.72031686260590655 58.048114338556445 0.037053957192947101 0.030590131061354067 0.87001530317950981 0.095790315152338282 62.63228218309456 0.033716780539192116 67.314036753084238 0.035399379558920398 0.017857142857142908 68.218354287684932 0.050584170450210249 0.48583506881752903 0.19168037263172447 1.228362115022344 0.94042340005163061 0.033123585838905116 0.066765643919805676
decision_type=10 10 10 8 10 10 10 10 10 8 8 8 10 10 10 10 10 10 10 10 10 10 10 10 10 10 10 10 8 10
left_child=3 2 8 4 5 -1 -7 -6 -2 -9 12 -12 25 14 15 -14 -15 20 19 -19 21 -16 -20 -17 -25 -5 -13 29 -29 -28
right_child=1 -3 -4 10 7 6 -8 9 -10 -11 11 26 13 16 17 23 -18 18 22 -21 -22 -23 -24 24 -26 -27 27 28 -30 -31
leaf_value=-0.00013907515921113907 0.0031956606644671414 0.0041914319990340758 -0.0047135445650649047 5.1679103504596276e-05 -0.0018217371757875416 0.0022822114780259046 0.0083112845650141348 0.00044059432123363446 -0.0014099511563197267 0.0054830613577416028 -0.00054838611033099411 -7.6067661840091604e-05 -0.0010409479432531286 0.00045952730194385815 0.0035601757535272667 0.0010652077946776166 -0.0035148602810111474 0.014144324003063959 -0.0020072461431936972 0.0042903832915681802 0.0072616193672282656 -0.0026050946185699644 0.0048073848514947337 0.0091873305610773205 0.0018821640139107003 0.0038473007652689429 4.6300338724145765e-05 0.00030969918958160321 -0.00074628933095403547 0.00059949235213330697
leaf_weight=231 50 54 130 96122 235 384 51 123 820 52 8655 118647 392 820 85 254 178 64 64 61 57 117 79 57 55 102 16406 7259 5932 12184
leaf_count=231 50 54 130 96122 235 384 51 123 820 52 8655 118647 392 820 85 254 178 64 64 61 57 117 79 57 55 102 16406 7259 5932 12184
internal_value=-2.4441e-06 -0.00131195 -0.00160914 2.69322e-06 0.00109602 0.00190408 0.00298907 -0.000216575 -0.00114526 0.00193893 -1.70315e-06 -4.6643e-05 7.54342e-05 0.000907086 0.00180522 0.000646053 -0.000249331 0.00347249 0.00529205 0.0093356 0.0015897 -1.07977e-05 0.00175748 0.0024529 0.00559997 5.57026e-05 -1.95743e-05 0.000140852 -0.000165179 0.00028205
internal_weight=269720 1054 1000 268666 1076 666 435 410 870 175 267590 169083 98507 2283 1285 758 998 527 268 125 259 202 143 366 112 96224 160428 41781 13191 28590
internal_count=269720 1054 1000 268666 1076 666 435 410 870 175 267590 169083 98507 2283 1285 758 998 527 268 125 259 202 143 366 112 96224 160428 41781 13191 28590
is_linear=0
shrinkage=0.05


Tree=90
num_leaves=31
num_cat=0
split_feature=7 7 2 2 2 4 8 1 1 6 0 4 2 1 8 6 0 8 4 1 1 2 8 7 7 8 0 6 1 6
split_gain=0.658901 0.842746 1.18338 0.999836 1.21326 1.20119 0.807746 1.34208 1.12951 0.893504 0.786909 0.767294 1.06028 0.847767 0.75388 0.716259 0.69267 0.661611 1.04003 0.830794 0.617583 1.00329 1.33445 1.31787 0.833661 0.716626 0.689524 0.801267 0.635941 1.02118
threshold=0.054473624498138536 0.052946406917865098 0.0562167312619909 -0.19327307726062062 -0.11961245595280844 -0.5472446635205831 0.61541130580174574 -0.048073792691027122 -0.014124096270364815 0.94699432623376933 -0.032696969171048855 -0.60868456164142337 0.14049137795938263 0.13273324462366434 0.70517419753052002 1.9830753495502627 -0.00079354584115232097 0.8609775726248089 1.0000000180025095e-35 -0.07237934035368225 -0.12716893308091839 -0.23318461280970601 0.13054194761524893 0.025611504823731594 0.04516356898295245 0.065643942526605201 -0.052231862507044972 1.8034516744201159 -0.15738888560099426 1.381807549578892
decision_type=10 10 10 10 10 10 8 10 10 10 10 10 10 10 10 10 10 8 10 10 8 8 8 10 10 10 10 10 10 10
left_child=1 20 3 -3 5 -5 7 -6 -9 -8 11 -2 13 -13 -4 17 -10 -14 -19 -20 21 22 23 -1 25 26 27 -25 29 -28
right_child=10 2 14 4 6 -7 9 8 16 -11 -12 12 15 -15 -16 -17 -18 18 19 -21 -22 -23 -24 24 -26 -27 28 -29 -30 -31
leaf_value=-0.0030972183809241226 0.0015318949085328219 -0.00096577399250738136 -0.0011658421651476213 0.0018467367496341467 0.00039926198223051994 0.011934718288830483 0.0018682619411265478 0.01196154702176172 -0.00011545299434117855 -0.0058764518936826526 -0.00046303203763942217 -0.00070979955826759708 0.00055074039451792373 -0.0053292156600776332 0.0013077176657549899 -0.0024265981427015505 0.0066317834995667617 0.0095299010881437704 -0.0039433507928989973 0.0030662170902124573 3.9760144657195375e-06 0.00015148768068534536 -0.0010965060187144819 0.0064764569004113733 -0.00029638710447564076 0.0068189519117907473 0.0054089219029861274 0.0006774730150060481 -0.00059210727281680097 -0.0014277056443115956
leaf_weight=97 989 174 641 50 185 72 120 61 63 54 14223 1384 1274 107 593 160 96 52 51 247 242935 4620 340 211 162 145 177 83 178 79
leaf_count=97 989 174 641 50 185 72 120 61 63 54 14223 1384 1274 107 593 160 96 52 51 247 242935 4620 340 211 162 145 177 83 178 79
internal_value=3.66695e-06 2.4874e-05 0.00102016 0.00242669 0.00326875 0.0078003 0.00231392 0.00353801 0.00617742 -0.00053527 -0.000284419 0.000311361 -5.72218e-05 -0.00104131 2.28296e-05 0.000765239 0.00395835 0.00107971 0.00300514 0.00186659 1.64449e-05 0.000513677 0.00165044 0.0024755 0.00299777 0.00360906 0.00296972 0.00483933 0.00170322 0.00329918
internal_weight=269623 251136 2109 875 701 122 579 405 220 174 18487 4264 3275 1491 1234 1784 159 1624 350 298 249027 6092 1472 1132 1035 873 728 294 434 256
internal_count=269623 251136 2109 875 701 122 579 405 220 174 18487 4264 3275 1491 1234 1784 159 1624 350 298 249027 6092 1472 1132 1035 873 728 294 434 256
is_linear=0
shrinkage=0.05


Tree=91
num_leaves=31
num_cat=0
split_feature=4 7 5 8 0 7 2 2 2 4 1 8 8 5 4 5 4 2 1 0 8 8 4 5 5 8 1 2 8 7
split_gain=0.603391 0.70186 0.928355 1.17209 0.883186 0.84176 0.996804 0.903638 0.901892 1.83493 1.97851 0.826768 0.793206 0.894037 1.72655 0.815292 0.692052 0.958269 0.76511 0.678542 0.796248 0.611521 1.09684 0.688706 1.09986 0.607558 0.569721 0.905468 1.20434 1.19343
threshold=1.4264144945704402 0.054473624498138536 89.350945490958722 0.92707669363633938 -0.032696969171048855 0.052946406917865098 0.0562167312619909 -0.20524185014866811 -0.064729683113820088 -0.40025479034279504 0.0065518653449687667 0.70517419753052002 0.25445544589299574 35.054214223154069 -0.38676948585315718 46.20134157461041 -0.60868456164142337 0.14049137795938263 0.13273324462366434 0.064879818699374772 0.98548752424217623 0.81468972556365615 1.0000000180025095e-35 74.079952285585975 70.261214397015564 0.84906492955078761 -0.12716893308091839 -0.23318461280970601 0.13054194761524893 0.026974021476458439
decision_type=10 10 10 10 10 10 10 10 10 10 10 10 8 10 10 10 10 10 10 10 8 8 10 10 10 8 8 8 8 10
left_child=1 5 4 -4 16 26 7 -7 9 -9 -11 -8 -10 -14 -15 -16 -3 18 -18 20 -2 -19 -23 24 25 -24 27 28 29 -1
right_child=19 2 3 -5 -6 6 11 8 12 10 -12 -13 13 14 15 -17 17 21 -20 -21 -22 22 23 -25 -26 -27 -28 -29 -30 -31
leaf_value=-0.0020053891897196478 0.001700310777935506 0.0014553001385386782 0.0082272653572890968 -0.0013996680606189267 -0.00052723798809490847 -0.001199023042825406 -0.001161226540743203 0.0018971272619598058 -0.0039640328266837615 0.017082250088163355 0.004390381133719666 0.0014864557051846574 -0.003121298603469231 0.010943650283415112 0.0072134873731993137 9.1493038442800128e-06 -0.00067430957395280705 0.00012905104032465335 -0.0050627549444368786 0.00024605603369977656 0.0082745793759822842 0.0090534060468109179 0.0055575143689444917 -0.0021474161836591041 0.0079215810959520818 -7.971014629336114e-05 -1.6008713281215123e-06 0.00014391330533052677 -0.0010416807014553343 0.002956631551776231
leaf_weight=138 584 989 71 57 13800 152 629 184 57 53 73 555 61 62 50 183 1384 1255 107 1395 50 52 60 106 73 235 241254 4620 340 994
leaf_count=138 584 989 71 57 13800 152 629 184 57 53 73 555 61 62 50 183 1384 1255 107 1395 50 52 60 106 73 235 241254 4620 340 994
internal_value=3.4836e-06 -3.02958e-06 -0.00030288 0.00394027 -0.000332952 1.88384e-05 0.00102562 0.00230535 0.00304209 0.00508041 0.00972902 7.98745e-05 0.00151212 0.00238892 0.00352832 0.00155514 0.000296277 -5.4051e-05 -0.000989242 0.000862473 0.00221879 0.000728863 0.00215997 0.00140373 0.00242662 0.00106684 1.04576e-05 0.000487993 0.00156792 0.00235172
internal_weight=269623 267594 18189 128 18061 249405 2059 875 723 310 126 1184 413 356 295 233 4261 3272 1491 2029 634 1781 526 474 368 295 247346 6092 1472 1132
internal_count=269623 267594 18189 128 18061 249405 2059 875 723 310 126 1184 413 356 295 233 4261 3272 1491 2029 634 1781 526 474 368 295 247346 6092 1472 1132
is_linear=0
shrinkage=0.05


Tree=92
num_leaves=31
num_cat=0
split_feature=4 8 7 7 2 2 2 4 8 8 1 1 6 0 4 2 1 6 0 6 7 7 7 0 2 8 4 1 0 1
split_gain=0.54456 0.653375 0.633429 0.759688 0.899616 0.823489 1.04987 1.03591 0.746158 0.727615 1.21649 1.02843 0.781445 0.719871 0.62531 0.862835 0.690511 0.652931 0.615555 0.589202 0.770559 0.605587 1.00491 0.636355 0.637104 0.579204 0.921578 0.648031 0.571321 0.56995
threshold=1.4264144945704402 0.19303797430174457 0.054473624498138536 0.052946406917865098 0.0562167312619909 -0.19327307726062062 -0.11961245595280844 -0.40719827892798205 0.70517419753052002 0.61541130580174574 -0.047324267690747095 -0.014124096270364815 0.94699432623376933 -0.032696969171048855 -0.60868456164142337 0.14049137795938263 0.13273324462366434 2.5603091509611668 -0.00079354584115232097 2.4440655663061612 0.026277775721614698 0.056835442829510065 0.051045454732637836 0.15039605358095179 0.23269160944132808 0.81468972556365615 1.0000000180025095e-35 -0.07237934035368225 -0.070991281012234661 0.17857975875780266
decision_type=10 10 10 10 10 10 10 10 10 8 10 10 10 10 10 10 10 10 10 10 10 10 10 10 10 8 10 10 10 10
left_child=2 -2 3 -1 5 -5 7 -7 -6 10 -8 -12 -11 14 -4 16 -16 25 -13 20 -3 22 23 -21 -25 -17 -27 -28 -29 -30
right_child=1 19 13 4 8 6 9 -9 -10 12 11 18 -14 -15 15 17 -18 -19 -20 21 -22 -23 -24 24 -26 26 27 28 29 -31
leaf_value=9.9346977968446426e-06 0.0039611674171835913 0.0021339149682769241 0.0013825351410594908 -0.00088870037942034212 -0.0011031651851463476 0.0031986455415608365 0.00025440066436696422 0.012515318792205877 0.0014121329158241441 0.0016096645714909149 0.011330999952430526 -0.00019187510336032287 -0.0056331333825558744 -0.0004617983595965025 -0.00064059408801357806 0.00028381484826423426 -0.0048096171538911277 -0.0039410422216424696 0.0061686972228320279 0.00088626581504050407 -0.0020175895876894446 0.0046148039045204462 -0.0031338044491082012 0.00071912875116270569 0.00789726266057055 0.008600735804066062 -0.0036783529615674452 0.0064700027206676339 0.0025891405590728975 -0.0021294057073057903
leaf_weight=247346 153 157 989 174 629 70 186 52 555 120 60 63 54 13925 1384 1196 107 73 96 949 388 114 143 56 69 52 52 67 259 85
leaf_count=247346 153 157 989 174 629 70 186 52 555 120 60 63 54 13925 1384 1196 107 73 96 949 388 114 143 56 69 52 52 67 259 85
internal_value=3.30943e-06 0.00081935 -2.8781e-06 1.78965e-05 0.00097434 0.00219008 0.00295429 0.00716969 7.58808e-05 0.00206607 0.00322786 0.00575327 -0.0006381 -0.000287736 0.0002807 -5.20375e-05 -0.00093978 0.000689904 0.00364847 0.000563114 -0.000821652 0.00113013 0.00080371 0.00132798 0.00468146 0.000887484 0.0022894 0.00158057 0.00224593 0.00142322
internal_weight=269623 2029 267594 249405 2059 875 701 122 1184 579 405 219 174 18189 4264 3275 1491 1784 159 1876 545 1331 1217 1074 125 1711 515 463 411 344
internal_count=269623 2029 267594 249405 2059 875 701 122 1184 579 405 219 174 18189 4264 3275 1491 1784 159 1876 545 1331 1217 1074 125 1711 515 463 411 344
is_linear=0
shrinkage=0.05


Tree=93
num_leaves=31
num_cat=0
split_feature=4 8 7 5 8 4 2 1 7 1 3 5 8 7 7 2 6 5 7 8 4 2 8 2 6 5 2 5 4 6
split_gain=0.491466 0.589671 0.57167 0.842572 1.05892 0.727017 0.838422 1.24186 1.17947 1.1147 0.940181 1.66294 0.966793 0.737206 0.685619 0.811903 0.788826 0.754961 0.794266 1.33326 0.808106 0.69451 0.651429 1.57471 0.610314 0.816309 0.858626 0.685161 0.586581 0.891326
threshold=1.4264144945704402 0.19303797430174457 0.054473624498138536 89.350945490958722 0.92707669363633938 -0.42105923336609474 0.080079439350605588 0.098675070426067282 0.057757133189171216 0.2068991669203544 1.0000000180025095e-35 73.138336581420717 0.29965738472661957 0.070843092138759015 0.052946406917865098 0.0562167312619909 0.39910471140893738 28.780845954188944 0.053672811631288876 0.57142857020581539 -0.59010351914078651 0.189021640767469 0.42127626048784911 -0.074726995266080495 0.54273377100787001 63.821138200031818 0.25839402339364265 49.310932991630523 0.36266919428038813 0.88935139677679054
decision_type=10 10 10 10 10 10 10 10 10 8 2 10 10 10 10 10 10 10 10 8 10 10 10 10 8 10 10 10 10 10
left_child=2 -2 14 5 -5 -4 8 10 -7 -10 11 24 -13 -11 -1 16 -16 -18 19 20 -19 -17 23 -22 25 26 -8 -28 29 -26
right_child=1 -3 3 4 -6 6 7 -9 9 13 -12 12 -14 -15 15 21 17 18 -20 -21 22 -23 -24 -25 28 -27 27 -29 -30 -31
leaf_value=9.437962737841118e-06 0.0037631089265726114 0.00053495841681352704 0.00025000349179410593 0.0078437910638224917 -0.0013065945561321682 -0.0024585350121814785 7.0159688032054836e-05 -0.0010804431916727551 -0.00077048862767141804 0.0061522908442926535 -0.00027387482027328816 0.0023989237269334911 0.01084490252815158 -0.0011103666516848736 0.0074702756645690128 -0.0012458704582955071 -0.0017669737115745612 0.0013420814182609321 0.0007222244006718344 -0.00050086942960311158 0.011876122420653702 0.0011847546654135952 0.012961184735875578 -0.00020719316805927802 -7.4849211663721192e-05 0.0075704324750169626 0.0087549134585090359 0.0011645795513122094 -0.00096571907980646371 0.003162622592573161
leaf_weight=247346 153 1876 4484 71 57 1095 315 2732 3523 99 3825 72 64 54 63 542 134 58 358 104 56 642 50 52 654 62 61 58 648 315
leaf_count=247346 153 1876 4484 71 57 1095 315 2732 3523 99 3825 72 64 54 63 542 134 58 358 104 56 642 50 52 654 62 61 58 648 315
internal_value=3.14395e-06 0.000778382 -2.7342e-06 -0.00027335 0.00376901 -0.000301998 -0.000484305 -0.000195094 -0.00101811 -0.000589041 0.000203124 0.00101438 0.0063735 0.003589 1.70017e-05 0.000925623 0.00208058 0.00166241 0.0023402 0.00415031 0.00638976 7.20867e-05 0.00824271 0.00605823 0.000669452 0.00220375 0.00143709 0.00505542 0.000198818 0.00097758
internal_weight=269623 2029 267594 18189 128 18061 13577 8806 4771 3676 6074 2249 136 153 249405 2059 875 812 678 320 216 1184 158 108 2113 496 434 119 1617 969
internal_count=269623 2029 267594 18189 128 18061 13577 8806 4771 3676 6074 2249 136 153 249405 2059 875 812 678 320 216 1184 158 108 2113 496 434 119 1617 969
is_linear=0
shrinkage=0.05


Tree=94
num_leaves=31
num_cat=0
split_feature=4 8 6 7 7 7 7 5 8 4 7 8 8 6 8 1 7 7 1 5 8 6 4 6 4 8 8 7 8 6
split_gain=0.443548 0.532178 0.531754 0.69543 0.546543 0.90693 0.515932 0.760421 0.955673 0.656133 0.618771 0.657817 0.960737 0.849689 0.558418 0.602385 0.600178 0.563243 0.514173 0.781338 1.06765 1.11327 0.804762 0.712468 0.685065 0.638218 0.839738 0.740347 0.601452 0.649016
threshold=1.4264144945704402 0.19303797430174457 2.4440655663061612 0.026277775721614698 0.056835442829510065 0.051045454732637836 0.054473624498138536 89.350945490958722 0.92707669363633938 -0.42105923336609474 0.052946406917865098 0.2645894821151285 0.12512729655249896 0.78862880064341201 0.15508811277241849 0.0048080225517029848 0.066940537286215143 0.079061678468717936 -0.12716893308091839 19.833660984713578 0.21165644106853862 1.7462420465785153 -1.0384766367224652 0.4247346127170098 -1.0384766367224652 0.054054054030392575 0.10704082939066545 0.033417484923777406 0.045556433556731474 0.92563592641101933
decision_type=10 10 10 10 10 10 10 10 10 10 10 8 10 10 8 10 10 10 8 8 8 10 10 10 10 8 8 10 10 10
left_child=6 -2 3 -3 5 -4 10 9 -9 14 18 12 -12 -14 -8 17 -17 -16 19 20 21 24 25 -24 -1 -21 27 -27 29 -26
right_child=1 2 4 -5 -6 -7 7 8 -10 -11 11 -13 13 -15 15 16 -18 -19 -20 22 -22 -23 23 -25 28 26 -28 -29 -30 -31
leaf_value=0.0042838150608285296 0.003574953551915493 0.0020004712686589239 0.0012348313612459627 -0.0019434580230697921 0.0043573157594533098 -0.0030038621631561669 -0.0003653269726828754 0.0074516014838722396 -0.0012412648656193103 -0.00046008946078946882 -0.00081046158502922976 0.00049455335144851212 0.007862754301331416 0.0014962213451148385 0.00076816720016692995 0.00097161221815622416 0.0068023448721564643 -0.0021195606834700574 -2.4894589616378223e-06 -0.0015873282786815044 -0.001811189966387238 -0.00063876218967521842 -0.0026181279120861857 0.0010394285336056716 -0.0021827495768438321 -0.00019740439924770541 -0.0003259059460698302 0.0061907304669730368 0.0039839282930849802 0.0022331195334721375
leaf_weight=445 153 157 1074 388 114 143 2069 71 57 13577 111 1737 114 97 2052 100 79 184 241254 865 213 301 142 2135 143 83 1290 100 176 199
leaf_count=445 153 157 1074 388 114 143 2069 71 57 13577 111 1737 114 97 2052 100 79 184 241254 865 213 301 142 2135 143 83 1290 100 176 199
internal_value=2.98676e-06 0.000739463 0.00050821 -0.000807317 0.00104687 0.000736776 -2.59749e-06 -0.000259682 0.00358056 -0.000286898 1.61516e-05 0.000879342 0.00295505 0.00493596 0.000237503 0.000753965 0.00354495 0.000530537 8.96607e-06 0.000462625 0.00146356 0.00201539 0.000142283 0.000811333 0.00284499 -0.000509311 0.000123741 0.00329338 0.00160894 0.000386718
internal_weight=269623 2029 1876 545 1331 1217 267594 18189 128 18061 249405 2059 322 211 4484 2415 179 2236 247346 6092 1477 1264 4615 2277 963 2338 1473 183 518 342
internal_count=269623 2029 1876 545 1331 1217 267594 18189 128 18061 249405 2059 322 211 4484 2415 179 2236 247346 6092 1477 1264 4615 2277 963 2338 1473 183 518 342
is_linear=0
shrinkage=0.05


Tree=95
num_leaves=31
num_cat=0
split_feature=7 5 7 2 4 5 9 4 4 4 2 8 2 2 2 7 7 4 8 5 4 7 1 7 8 8 7 8 4 5
split_gain=0.615899 1.55032 0.388658 1.0171 1.20641 3.61347 1.28412 0.922788 0.822421 0.501698 0.732934 0.698763 0.642314 0.449339 0.42744 0.674837 0.83822 1.30997 0.82861 1.07666 1.05778 1.04011 0.893454 0.877049 0.706631 0.658235 0.647764 0.664025 0.711475 0.632058
threshold=0.0081742625780446224 67.910447716849561 0.079061678468717936 0.65459219715740546 0.47742145887718607 71.384803105610402 1.0000000180025095e-35 0.51183061292236742 0.42480299560766693 -0.15634765943150178 0.25839402339364265 0.38853297847854912 -0.15480182505966114 0.65459219715740546 0.17041651231208924 0.017955990406416902 0.036669205911247595 0.80164327893500864 0.52376905140679997 69.897354001669427 0.62999704921725597 0.031666770218745262 0.0192318259825679 0.031666770218745262 0.91946033832292196 0.96074607427254322 0.032390809754010451 0.80916595075554609 0.40732190437622123 59.090252740256197
decision_type=8 10 10 10 10 10 2 10 10 10 10 10 10 10 10 10 10 10 8 10 10 10 10 10 8 10 10 8 10 10
left_child=1 -1 13 7 -5 -6 -7 8 9 10 11 12 -4 14 -2 -16 18 25 19 23 21 -20 -21 -17 -19 -18 27 28 -23 -26
right_child=2 -3 3 4 5 6 -8 -9 -10 -11 -12 -13 -14 -15 15 16 17 24 20 22 -22 26 -24 -25 29 -27 -28 -29 -30 -31
leaf_value=0.00031866801227152519 -9.753607240831872e-06 0.0053445305623130296 -0.00089384539022492539 -0.0027623573272300764 0.014564053237959111 -0.0032089939248268898 0.0064296890394941256 -0.0044667661371467484 0.0052483584875748918 -0.0021906896284684565 0.0049752059059345252 -0.0039440019651117517 0.0025157906445399379 -0.0012617707195404495 -0.0027123962863757692 0.0048747077548622654 0.00029821351518038693 -0.0011060585142181035 -0.0014019946725406535 0.0043039762796834111 0.00082394394763107023 0.0016659956940202393 -0.001000549511699756 0.0011811441240463497 0.0040330497815491678 0.0045916683965414344 0.00018129615190981931 -0.00094209656494462658 0.0098235262964259506 -0.00014234015440300478
leaf_weight=855 239233 187 554 94 59 103 52 188 55 541 62 136 184 695 197 356 11011 3118 1297 100 5464 52 385 293 94 90 1095 54 55 2533
leaf_count=855 239233 187 554 94 59 103 52 188 55 541 62 136 184 695 197 356 11011 3118 1297 100 5464 52 385 293 94 90 1095 54 55 2533
internal_value=7.37698e-06 0.00122062 2.66245e-06 -0.000686897 0.0019592 0.00403316 2.46287e-05 -0.00116073 -0.000755032 -0.000978585 -0.000277998 -0.000650651 -4.37464e-05 7.91728e-06 1.12419e-05 0.000202996 0.000225088 1.58345e-05 0.000610302 0.00187536 0.00043136 -0.000408858 9.31671e-05 0.0032072 -0.000597064 0.000333022 0.000616697 0.00357797 0.00585912 7.06474e-06
internal_weight=269192 1042 268150 2028 308 214 155 1720 1532 1477 936 874 738 266122 265427 26194 25997 16846 9151 1134 8017 2553 485 649 5745 11101 1256 161 107 2627
internal_count=269192 1042 268150 2028 308 214 155 1720 1532 1477 936 874 738 266122 265427 26194 25997 16846 9151 1134 8017 2553 485 649 5745 11101 1256 161 107 2627
is_linear=0
shrinkage=0.05


Tree=96
num_leaves=31
num_cat=0
split_feature=6 1 4 1 8 0 8 2 6 4 8 6 8 0 4 1 2 2 0 0 8 8 9 1 8 8 2 2 8 2
split_gain=0.482329 0.768416 1.12247 0.949346 0.6211 1.08344 0.553855 0.893395 2.69014 0.69125 0.409012 0.406174 0.506335 0.416484 0.679489 0.856603 0.686317 0.820063 0.646411 0.698885 0.684812 1.20273 0.642742 0.87488 0.596776 0.734274 0.551482 0.549302 0.943071 1.62757
threshold=0.45806781455587359 -0.12716893308091839 -0.80139842889733937 -0.11843624673773361 0.026163485247077154 -0.023198693466470629 0.022222221893004001 -0.14583851833416292 0.36474926626790494 -1.0983818404969325 0.10704082939066545 1.9429678614808059 0.038807900958983656 0.10082579029278151 1.3422113471485175 0.090780493495887696 0.09502747050501216 0.09277924207872125 -0.042307153507199317 -0.059310384195960013 0.73557485070685813 0.64294947231529287 1.0000000180025095e-35 0.16800697416389279 0.96074607427254322 0.93449328868463766 0.36249146008198335 0.34107168447774633 0.9058488064324447 0.42303513137429588
decision_type=8 10 10 10 10 10 10 10 10 10 10 10 8 10 10 10 8 10 10 10 10 8 2 10 10 8 10 10 10 10
left_child=1 4 6 -4 -1 -6 -3 8 -8 -9 -11 -2 -13 14 16 -16 17 -14 19 -18 21 -21 23 -17 25 26 -24 -15 29 -29
right_child=11 2 3 -5 5 -7 7 9 -10 10 -12 12 13 27 15 22 18 -19 -20 20 -22 -23 24 -25 -26 -27 -28 28 -30 -31
leaf_value=-0.0043997953966978236 -2.6293836105353711e-05 -0.00010190001706144325 0.0055811495356330723 0.00015290490086727353 0.0056314520514269099 -0.0021856809382177051 0.013144333541487764 0.0068323452385109775 0.0010673811585933857 -0.00058544167365447901 0.0017673110158033306 -0.00096523730169326822 0.00050435962936305268 -0.00090377565388711438 -0.00086899998144119499 0.0025682011820477579 -0.00011300089380450749 0.005658689957524006 -0.00046214399241577617 0.0016860186702526007 -0.00019657159048575359 0.012146847608615646 0.0018355662066683088 -0.005492856938144542 -0.00081446099605623958 0.0059242442626418782 0.0068209659597293169 0.011685524029912901 -0.00039590650100892945 -2.3090119250643422e-05
leaf_weight=153 237199 378 81 14382 58 188 69 57 139 248 724 828 7243 1345 331 71 241 78 3659 61 61 50 735 64 127 160 60 51 280 71
leaf_count=153 237199 378 81 14382 58 188 69 57 139 248 724 828 7243 1345 331 71 241 78 3659 61 61 50 735 64 127 160 60 51 280 71
internal_value=7.00813e-06 0.00026912 0.00032291 0.000183306 -0.00189838 -0.000342617 0.00157312 0.00208497 0.00507368 0.00148084 0.00116702 -1.00816e-05 0.000237762 0.000305578 0.000403403 0.00138631 0.000269853 0.000559275 -0.000250496 0.00162461 0.00405929 0.0063981 0.00199971 -0.00125334 0.00240558 0.0028338 0.00221182 -0.000419067 0.00120266 0.00487149
internal_weight=269192 16477 16078 14463 399 246 1615 1237 208 1029 972 252715 15516 14688 12941 1548 11393 7321 4072 413 172 111 1217 135 1082 955 795 1747 402 122
internal_count=269192 16477 16078 14463 399 246 1615 1237 208 1029 972 252715 15516 14688 12941 1548 11393 7321 4072 413 172 111 1217 135 1082 955 795 1747 402 122
is_linear=0
shrinkage=0.05


Tree=97
num_leaves=31
num_cat=0
split_feature=7 2 7 2 4 8 1 4 4 8 2 2 7 7 4 8 8 4 1 7 0 4 1 8 8 7 3 8 4 2
split_gain=0.556433 0.884784 0.348928 0.918627 1.08972 1.01417 1.37655 0.83205 0.742519 0.455158 0.40479 0.384667 0.606114 0.758483 1.19828 0.876319 0.755675 0.817431 0.837129 0.795396 0.779226 1.57759 0.886056 0.775744 0.706331 0.625973 0.745777 0.607587 1.04079 0.592645
threshold=0.0081742625780446224 0.029733328756107128 0.079061678468717936 0.65459219715740546 0.47742145887718607 0.73557485070685813 0.22843713725094186 0.51183061292236742 0.42480299560766693 0.69487750502626466 0.65459219715740546 0.17041651231208924 0.017955990406416902 0.036669205911247595 0.82609845294226092 0.97168590762528517 0.46798820932055607 0.62999704921725597 0.030525852347334296 0.031666770218745262 0.022921502073827597 0.68978436022049339 -0.00077324711471049568 0.82545314673190862 0.70008446889021692 0.032390809754010451 1.0000000180025095e-35 0.80916595075554609 0.40732190437622123 0.3897788632604014
decision_type=8 10 10 10 10 10 10 10 10 10 10 10 8 10 10 10 8 10 10 10 10 10 10 8 10 10 2 8 10 10
left_child=1 -1 10 7 -5 -6 -7 8 9 -4 11 -2 -13 16 15 -15 20 19 23 -18 22 -22 -14 24 -19 27 -27 28 -21 -20
right_child=2 -3 3 4 5 6 -8 -9 -10 -11 -12 12 13 14 -16 -17 17 18 29 25 21 -23 -24 -25 -26 26 -28 -29 -30 -31
leaf_value=0.00043222841143358793 -9.6062475166232109e-06 0.0040773146165730186 -0.00071178360362185119 -0.0026238318115343997 0.0088243964533119106 -0.0037962062524999982 0.0059753784427765567 -0.004240789413117764 0.0049880477234414272 -0.0044806643939741394 -0.0011979485751624243 -0.0025707424200047016 0.0041183217671888718 0.0002715076338451305 -0.00060034700791518564 0.0062804222918023955 -0.0011052812739497698 0.0024545571629001257 0.00046517511230399506 0.00071217750603734336 0.011826825384715838 0.0021782624005706685 -0.00038085904985393402 0.001092866857923228 0.0083554519517233337 -0.002274790853848835 0.00084535216226626483 -0.00089417483045340143 0.010309693370864056 0.0027509827557425214
leaf_weight=834 239233 208 1392 94 69 67 78 188 55 85 695 197 159 11391 5394 61 1389 113 4896 56 56 174 351 293 92 242 918 54 57 301
leaf_count=834 239233 208 1392 94 69 67 78 188 55 85 695 197 159 11391 5394 61 1389 113 4896 56 56 174 351 293 92 242 918 54 57 301
internal_value=6.65772e-06 0.00115985 2.17656e-06 -0.000651187 0.00186356 0.00383466 0.00146023 -0.0011015 -0.000716264 -0.000928679 7.15557e-06 1.0311e-05 0.000192218 0.000213155 1.41029e-05 0.000303515 0.000579589 0.000444818 0.000785219 -0.000268944 0.00211142 0.00452748 0.00102183 0.00274353 0.00510276 0.000606468 0.000194426 0.00346856 0.0055534 0.000597565
internal_weight=269192 1042 268150 2028 308 214 145 1720 1532 1477 266122 265427 26194 25997 16846 11452 9151 8411 5695 2716 740 230 510 498 205 1327 1160 167 113 5197
internal_count=269192 1042 268150 2028 308 214 145 1720 1532 1477 266122 265427 26194 25997 16846 11452 9151 8411 5695 2716 740 230 510 498 205 1327 1160 167 113 5197
is_linear=0
shrinkage=0.05


Tree=98
num_leaves=31
num_cat=0
split_feature=7 5 7 2 0 5 8 5 2 7 8 8 2 5 2 5 7 2 8 7 1 8 1 0 7 5 5 5 8 7
split_gain=0.502181 1.34048 0.314907 0.829061 0.803585 0.673694 0.615557 0.377791 0.365323 0.383496 0.418864 0.429558 0.347162 0.579423 0.56928 0.91735 0.875301 0.612392 1.33901 0.988688 1.49402 1.81394 1.55815 1.02562 0.942032 1.31212 0.939091 1.25633 0.896188 0.822287
threshold=0.0081742625780446224 69.208938858797325 0.079061678468717936 0.65459219715740546 0.033538536309326579 71.384803105610402 0.67572241838145319 77.611940197148598 0.65459219715740546 0.066940537286215143 0.75094606584372503 0.89237539003806587 0.17041651231208924 75.64042598981753 -0.01377161909206087 68.218354287684932 0.06094917433654435 0.063182897862232759 0.15244112247509006 0.033571281333631749 0.036553524804177624 0.25445544589299574 -0.043185890150658816 -0.025694057442495585 0.024318907553594282 71.769045585759457 84.36679887914751 68.881771044823552 0.79298332245770065 0.012621321768486548
decision_type=8 8 10 10 10 10 10 10 10 10 10 10 10 10 10 10 10 10 8 10 10 10 10 10 10 10 10 10 8 10
left_child=1 -1 8 -4 5 6 -5 -6 12 -10 -11 -12 14 -14 15 -2 -17 -16 -19 20 21 22 23 -20 -23 -26 27 -21 -22 -30
right_child=2 -3 3 4 7 -7 -8 -9 9 10 11 -13 13 -15 17 16 -18 18 19 26 28 24 -24 -25 25 -27 -28 -29 29 -31
leaf_value=0.00032398217558781583 4.160555329518747e-05 0.0052363610116828406 -0.0010464277888481879 -0.0013186358024831861 0.0074879421836891169 -0.0033413885208614332 0.0065271058102953257 0.0017445750618353486 -8.7194353127321281e-05 -0.0060174627877915138 0.00059727639218479342 -0.0035985341284626364 0.00032164733972819484 -0.00021512771479414688 -0.00021305742349904053 0.0016629325344120342 -0.0035181294092319739 0.00416465827167708 -0.00035773955658078199 -0.00012955026301381616 0.0011209339423053821 -0.00066161305943480226 0.00098168293757798248 0.0078975416549024232 0.00035798632902403883 -0.0020238858067212055 0.0051627495632613008 -0.0014041809810760955 0.0060338254082658938 3.4403791040625326e-05
leaf_weight=877 141696 165 1720 50 67 91 50 50 386 65 122 122 19409 6785 54701 1294 87 196 50 14316 5602 6729 874 152 6792 632 79 2235 58 3740
leaf_count=877 141696 165 1720 50 67 91 50 50 386 65 122 122 19409 6785 54701 1294 87 196 50 14316 5602 6729 874 152 6792 632 79 2235 58 3740
internal_value=6.32484e-06 0.00110185 2.06774e-06 -0.000618628 0.00177038 -0.000228497 0.00260424 0.00503351 6.79779e-06 -0.00113805 -0.00245077 -0.00150063 9.79549e-06 0.000182607 -9.12593e-06 5.41044e-05 0.00133654 -0.000103211 4.17352e-05 2.21493e-05 0.000223273 -8.26789e-05 0.0018964 0.00585416 -0.000233141 0.000155219 -0.000275714 -0.000301673 0.000718947 0.000126022
internal_weight=269192 1042 268150 2028 308 191 100 117 266122 695 309 244 265427 26194 239233 143077 1381 96156 41455 41259 24629 15229 1076 202 14153 7424 16630 16551 9400 3798
internal_count=269192 1042 268150 2028 308 191 100 117 266122 695 309 244 265427 26194 239233 143077 1381 96156 41455 41259 24629 15229 1076 202 14153 7424 16630 16551 9400 3798
is_linear=0
shrinkage=0.05


Tree=99
num_leaves=31
num_cat=0
split_feature=7 5 4 6 7 5 1 8 1 1 8 2 7 7 8 5 6 1 1 2 2 8 1 6 8 7 1 1 4 2
split_gain=0.453218 1.20978 0.488878 0.43598 0.774668 0.704823 1.05578 1.01153 0.798994 0.707211 1.75551 1.31248 0.656431 0.839226 1.39058 1.21153 0.621805 0.732236 0.9836 0.825211 0.923689 0.689084 0.599043 0.586928 0.605252 0.555301 0.732792 0.795768 0.488125 0.485175
threshold=0.0081742625780446224 69.208938858797325 0.83884699754025072 0.45806781455587359 0.015825986897744664 27.049180323557731 -0.017445923181983344 0.080042828453397399 -0.13278317838299639 -0.092688042175225235 0.058780815764824655 -0.15967739204414053 0.031523882146400194 0.040701661468941046 0.34065933841323487 39.172821064648438 0.43178115732243499 0.055555555555555698 0.028958041843270336 -0.086319873398335842 0.01826285487393298 0.34850157802427006 -0.085278129224466856 0.39910471140893738 0.22773087439012649 0.023777957964405589 0.01137555679372382 -0.00077324711471049568 -0.88835271336717858 0.026812013978577246
decision_type=8 10 10 8 10 10 10 10 10 10 8 10 10 10 10 10 10 10 10 10 10 10 10 10 10 10 10 10 10 10
left_child=1 -1 -3 4 28 7 8 -6 -7 10 -10 -12 -13 -14 15 -15 23 18 19 -18 25 -19 -11 -8 -25 -21 27 -27 -2 -16
right_child=3 2 -4 -5 5 6 16 -9 9 22 11 12 13 14 29 -17 17 21 -20 20 -22 -23 -24 24 -26 26 -28 -29 -30 -31
leaf_value=0.00030778305925905383 0.0045490359153037016 0.0074590352325241034 0.0019931524464239679 -1.4338147993496343e-05 -0.0014401304889480823 -0.0022785593186394142 -9.40086484479555e-05 0.00034168225491559802 0.010731111947046757 -0.0015603983700084709 -0.0040242120341604784 0.0062213997546518608 -0.0011594677309039981 0.0020780126960963539 0.0031992058927083722 0.010647085607555843 -0.0014989680571015924 0.0074259016568445279 -0.0028086698931306425 0.0011711692866449846 -2.2943192898229888e-05 0.00075148018730953801 0.00075566222012791073 -0.0028182933789690479 -0.00058058485189789791 0.0040294759000358542 0.00075026506128219456 0.011339585969835753 0.001161373815658964 -0.0030724427519509428
leaf_weight=877 119 90 75 251693 1513 215 2404 1682 57 293 90 97 165 83 51 82 250 74 211 141 339 81 5923 482 810 89 65 64 999 78
leaf_count=877 119 90 75 251693 1513 215 2404 1682 57 293 90 97 165 83 51 82 250 74 211 141 339 81 5923 482 810 89 65 64 999 78
internal_value=6.00859e-06 0.00104676 0.00497454 1.96435e-06 0.000251294 0.000158681 0.000332527 -0.000502099 0.000723213 0.00081649 0.00231963 0.00157745 0.00248419 0.00169441 0.00329607 0.00633658 -0.000223791 0.000710423 0.000278783 0.00096597 0.00184883 0.00393798 0.000646491 -0.000555922 -0.0014154 0.00361632 0.00519782 0.0070873 0.00152196 -0.000592954
internal_weight=269192 1042 165 268150 16457 15339 12144 3195 7134 6919 703 646 556 459 294 165 5010 1314 1159 948 698 155 6216 3696 1292 359 218 153 1118 129
internal_count=269192 1042 165 268150 16457 15339 12144 3195 7134 6919 703 646 556 459 294 165 5010 1314 1159 948 698 155 6216 3696 1292 359 218 153 1118 129
is_linear=0
shrinkage=0.05


Tree=100
num_leaves=31
num_cat=0
split_feature=4 7 5 8 5 8 9 2 3 1 4 2 5 8 8 8 8 5 7 5 7 9 1 1 8 7 7 5 5 7
split_gain=0.367467 1.1392 0.990224 1.04925 0.901036 0.809049 0.811331 0.702002 0.711524 0.665008 0.993621 1.71178 0.8838 0.828513 0.761539 0.718117 0.704424 1.31979 1.53091 1.12021 1.0999 1.03192 1.07132 0.974235 0.885956 1.22713 0.862009 1.03018 0.842577 0.833502
threshold=0.89317498498260806 0.030087733250814895 69.208938858797325 0.32211996020547135 86.352263577446465 0.91231343233938167 1.0000000180025095e-35 0.23999290991948866 1.0000000180025095e-35 0.043139448846459046 -0.42105923336609474 -0.14373222694830176 29.332769766351905 0.14142193538900344 0.92707669363633938 0.12512729655249896 0.60225195820188426 66.705135707503814 0.040701661468941046 29.332769766351905 0.017540173128895536 1.0000000180025095e-35 0.068448214997069115 0.26006599770700684 0.38041764916219395 0.046375553000835915 0.02616633882716456 52.454968652640595 52.852029999055809 0.058752616110890658
decision_type=10 8 10 10 10 10 2 10 2 10 8 10 10 8 10 8 8 10 10 10 10 2 10 10 10 10 10 10 10 10
left_child=9 2 -2 -4 -5 6 -3 -8 -9 14 11 12 -11 -12 -1 -14 17 18 26 -20 -19 -22 -23 24 25 -21 27 -15 -27 -26
right_child=1 5 3 4 -6 -7 7 8 -10 10 13 -13 15 16 -16 -17 -18 20 19 23 21 22 -24 -25 29 28 -28 -29 -30 -31
leaf_value=-1.1182492831831773e-06 -0.00033505463826915139 -0.0012958323202966393 -0.0019741617887690942 0.0011673561531316994 -0.0012539160924380484 8.3070358694254653e-05 -0.00078045176848871834 0.0018937938363087132 -0.00073351582384714275 0.0020204463461010558 -0.0010241033310990797 -0.0014182289045328279 0.011544900465898017 -7.7616807358853895e-05 -0.001404626372393895 0.0046693548528572264 1.6120668024141888e-05 0.0073579683911520997 -0.0029713664729263053 0.0033872677849353487 0.0010879677083457781 0.0015751527921695795 0.01036695159476487 0.0078123907081919311 -0.00015847181063335459 0.0018940475472072869 -0.00027837057699329104 0.0013921059036674972 -0.0012011467821928851 0.0027109578231208123
leaf_weight=208608 4206 4196 335 3919 426 3475 1978 626 438 202 1368 204 56 2723 971 118 19257 80 154 870 1958 77 63 58 1271 619 8043 2121 341 316
leaf_count=208608 4206 4196 335 3919 426 3475 1978 626 438 202 1368 204 56 2723 971 118 19257 80 154 870 1958 77 63 58 1271 619 8043 2121 341 316
internal_value=1.16203e-05 -0.000196848 0.00022171 0.000722085 0.000929966 -0.000544025 -0.000845097 -0.000223372 0.000812251 2.79976e-05 0.000215092 0.0022695 0.00427029 0.000184787 -7.62084e-06 0.00688217 0.000228363 0.000446998 0.000294435 0.00120158 0.00160389 0.00138448 0.00553146 0.00138651 0.00127743 0.00202718 3.89828e-05 0.000565918 0.000794609 0.000412883
internal_weight=269077 19599 8886 4680 4345 10713 7238 3042 1064 249478 39899 580 376 39319 209579 174 37951 18694 16516 3629 2178 2098 140 3475 3417 1830 12887 4844 960 1587
internal_count=269077 19599 8886 4680 4345 10713 7238 3042 1064 249478 39899 580 376 39319 209579 174 37951 18694 16516 3629 2178 2098 140 3475 3417 1830 12887 4844 960 1587
is_linear=0
shrinkage=0.05


Tree=101
num_leaves=31
num_cat=0
split_feature=6 2 7 2 6 5 6 7 5 4 7 5 7 6 0 4 0 4 0 7 5 7 6 2 4 2 5 2 0 2
split_gain=0.528739 0.474884 0.333398 0.603629 0.934174 1.22549 0.903936 0.794097 0.605457 0.527048 1.23903 0.813911 2.34184 1.06131 1.15991 1.14452 1.06435 1.01033 0.771777 0.766001 1.56935 0.909598 1.14994 0.898101 0.890732 0.779055 0.747075 0.687848 0.669017 0.667933
threshold=0.27650921227003539 0.12520391734195571 0.048218597682754084 0.14689145610645607 0.72838624420074394 53.248969405813519 1.4883171927674639 0.017234887523989998 82.721296622103907 0.5027545543433326 0.010729015863647379 60.141572598933898 0.023253679352010084 0.8588532387688248 -0.020568957016377728 0.46038708663435884 -0.054216867469879519 0.29087327050483608 0.059174224623200218 0.02791324903461662 84.36679887914751 0.042130702872240168 0.61167366341554874 -0.0088701955150441974 1.0166187260216664 -0.066018724736477893 69.897354001669427 0.02393026374696439 0.020981237474649198 0.14049137795938263
decision_type=8 8 10 10 10 10 10 10 10 10 8 10 8 8 10 10 10 10 10 10 10 10 10 10 10 10 10 10 10 10
left_child=1 -1 3 9 8 6 -6 -7 -5 11 26 -2 27 14 -14 16 -15 -16 29 -12 21 23 -23 24 25 -21 -11 -13 -22 -18
right_child=2 -3 -4 4 5 7 -8 -9 -10 10 19 12 13 15 17 -17 18 -19 -20 20 28 22 -24 -25 -26 -27 -28 -29 -30 -31
leaf_value=0.00067661337780294296 4.621086310901328e-06 0.0036272032576636563 -0.00015493989155810655 -0.00027730751313262067 0.0019547857617139555 -0.0023327312446576715 0.0084310059413961053 0.00039552449925216892 -0.0037286134388738578 0.00027399455386483551 -3.2350607867275192e-05 0.00023189577599214215 -0.0014955921974980028 0.0055450019942242862 0.0015869490478497743 -0.00058833351058509972 0.0018769619661033754 -3.57936448974411e-05 -0.0022590882719373258 -0.0036428092261585653 0.0068425509366480744 0.0057555379482622888 0.00017275091676194183 -0.00090181766682573294 0.0063003429771924862 0.00069024306315985419 0.0031506995687959716 -0.0010618102891049913 -0.00017118084600523993 -0.0036823318462649531
leaf_weight=958 171414 159 28566 4240 621 271 59 16858 131 475 18992 1724 702 183 1783 568 3063 2076 123 116 102 98 1569 10102 64 981 430 2543 51 55
leaf_count=958 171414 159 28566 4240 621 271 59 16858 131 475 18992 1724 702 183 1783 568 3063 2076 123 116 102 98 1569 10102 64 981 430 2543 51 55
internal_value=1.10393e-05 0.00109662 6.51402e-06 2.57797e-05 0.000274243 0.000435001 0.00251669 0.00035236 -0.000380744 4.08848e-07 -0.000183673 3.33616e-05 0.000417646 0.000894963 0.000373891 0.00149031 0.00183513 0.000713973 0.00162565 -0.000235151 -0.000529548 -0.000589117 0.000500953 -0.000750455 0.000566567 0.000232053 0.00164083 -0.000539113 0.00450464 0.0017789
internal_weight=269077 1117 267960 239394 22180 17809 680 17129 4371 217214 32980 184234 12820 8553 4561 3992 3424 3859 3241 32075 13083 12930 1667 11263 1161 1097 905 4267 153 3118
internal_count=269077 1117 267960 239394 22180 17809 680 17129 4371 217214 32980 184234 12820 8553 4561 3992 3424 3859 3241 32075 13083 12930 1667 11263 1161 1097 905 4267 153 3118
is_linear=0
shrinkage=0.05


Tree=102
num_leaves=31
num_cat=0
split_feature=6 1 1 4 5 1 4 8 5 1 2 1 8 2 1 2 5 8 4 6 2 5 5 1 4 1 4 5 2 2
split_gain=0.478089 0.71231 0.552819 0.509887 0.625885 0.973708 0.963616 0.717242 0.435608 0.30599 0.30544 0.761387 0.471442 0.405604 0.378304 0.481171 0.440981 0.351746 0.803573 0.844035 0.448193 0.384847 0.60325 0.34733 0.408778 0.354108 0.333686 0.281694 0.709437 0.528989
threshold=0.41664128979638942 0.071906364990049113 -0.12716893308091839 -0.80139842889733937 35.054214223154069 -0.076159483882691267 -0.8339590118453607 0.045556433556731474 17.609304298399298 -0.067817558523189589 -0.19327307726062062 -0.11100923626367236 0.011124157997051442 -0.18948242230727122 -0.07237934035368225 -0.28142985723929298 33.497390265903363 0.032297688241028778 0.21959073012069064 0.36474926626790494 -0.16222110037345541 19.306490255620954 25.444552398323193 -0.048073792691027122 -0.16497451955648015 -0.055235903337169205 -0.40025479034279504 39.954279827720789 -0.13749805356586728 -0.059712502107157887
decision_type=8 10 10 10 10 10 10 10 10 10 8 10 10 8 10 10 10 10 10 10 8 10 10 10 10 10 10 10 8 10
left_child=1 2 -1 4 5 8 7 -6 -4 -9 12 -12 14 -13 -5 -16 -17 18 19 20 -15 -21 -23 25 26 -22 -25 28 -24 -30
right_child=-2 -3 3 10 6 -7 -8 9 -10 -11 11 13 -14 17 15 16 -18 -19 -20 21 23 22 27 24 -26 -27 -28 -29 29 -31
leaf_value=-0.0018821744672804855 -2.8609183540407604e-06 -0.0027746849598285434 0.0025725725906280182 -0.0059020586283223932 -0.0031908101405581247 0.0024511710786500117 0.0087891682544584161 0.0014403801803545765 -0.0021504454464310175 0.0059444303056607924 0.0049572343728315274 0.0044110071321953118 0.00023693736275872345 0.0041020442238625362 0.00248017111987186 -0.00094290057929286453 -0.0066568823053967212 0.00020206208257902161 0.0056828052318246853 0.0063558568648409619 -0.00029311586872635955 -0.003414188208058477 0.0062675756834393651 -0.0019884912174193119 -0.0053004784990662414 0.0043910617540362023 0.0013560098435846158 0.0036329613261062025 -0.0029398242424383387 0.0025553156308000683
leaf_weight=259 258700 180 60 57 52 387 67 78 262 73 92 62 590 51 60 104 50 6616 89 51 169 50 52 241 64 53 108 224 94 82
leaf_count=259 258700 180 60 57 52 387 67 78 262 73 92 62 590 51 60 104 50 6616 89 51 169 50 52 241 64 53 108 224 94 82
internal_value=1.04873e-05 0.000343261 0.000398299 0.000457732 0.00154115 0.000760989 0.0035898 0.00187375 -0.00127038 0.00361783 0.000339341 0.000434536 -0.000556004 0.000382564 -0.00228234 -0.0013182 -0.00279809 0.000351124 0.00109374 0.000764096 -0.000407601 0.00221759 0.00179717 -0.000769793 -0.00162714 0.000825179 -0.000953517 0.00237365 0.00113643 -0.000379589
internal_weight=269077 10377 10197 9938 979 709 270 203 322 151 8959 8098 861 8006 271 214 154 7944 1328 1239 686 553 502 635 413 222 349 452 228 176
internal_count=269077 10377 10197 9938 979 709 270 203 322 151 8959 8098 861 8006 271 214 154 7944 1328 1239 686 553 502 635 413 222 349 452 228 176
is_linear=0
shrinkage=0.05


Tree=103
num_leaves=31
num_cat=0
split_feature=6 8 5 4 0 5 5 8 1 5 6 4 8 0 8 2 4 8 2 0 5 6 6 5 4 6 8 2 5 6
split_gain=0.465555 0.550629 0.477664 0.421194 0.701612 0.415783 0.402551 0.637884 0.32057 0.415527 0.31947 0.925767 0.705906 0.690742 0.644961 0.596562 0.573181 1.82692 1.02703 1.02002 0.865729 0.733701 0.705905 0.739541 0.697671 0.685283 0.794117 0.982321 0.979309 0.850047
threshold=0.27650921227003539 0.22113589819460297 23.699636682426711 -0.38020637909664418 -0.01644265621884133 36.551724114403498 50.904664042458258 0.54474552975359469 -0.028947850571830854 35.69261880350728 0.62858974848366278 -0.96511640687138911 0.060999075736290674 0.0080525994727738155 0.072661909308472827 -0.2204671338228493 -0.59010351914078651 0.13881019790705293 -0.29919394975115426 -0.020568957016377728 22.894895672215231 0.66886321027131757 0.82289008216108028 18.20754993687834 -0.96511640687138911 0.6518922820905092 0.097048649989857641 -0.016212406910081297 64.304637370408599 3.1031203251961537
decision_type=8 8 10 10 10 10 10 10 10 10 8 10 10 10 10 10 8 10 8 10 10 10 8 10 10 8 8 8 10 10
left_child=1 5 -3 4 -4 -1 -5 -8 9 -6 11 12 -2 -14 -13 -16 17 18 20 21 -12 -19 -21 -24 -22 -18 -27 28 29 -28
right_child=10 2 3 6 8 -7 7 -9 -10 -11 16 14 13 -15 15 -17 25 19 -20 22 24 -23 23 -25 -26 26 27 -29 -30 -31
leaf_value=0.00044335034675460161 0.0001224934397610793 -0.0013126945832413665 -0.0017380852652713657 -0.0006487403315921387 0.0014001712701318674 -0.0033934146897384686 0.005903077412821243 -7.4069339152242245e-05 0.0071803298313170673 0.0065455471115330099 0.0020994295193110918 0.00037800425675640578 0.0022136812585866104 -0.003735907008162672 -0.0012690584160690421 3.7438208024095941e-06 -0.00055571271192403208 0.0018252000791750959 -6.5115146440142772e-06 -0.00045668261158717904 -0.0042808572878129782 -0.00026601363923382928 -0.0034392649545155183 -0.0011430913477783998 0.00077565391755090576 -0.0004449623937308264 0.00020549276099728799 -1.4964332299841421e-05 0.0015104432449383498 0.0033077334952100208
leaf_weight=267 951 106 50 167 99 96 85 94 88 65 1034 13038 1123 51 942 40535 4971 447 29873 4524 103 6801 377 5020 202 7997 41425 106795 1529 222
leaf_count=267 951 106 50 167 99 96 85 94 88 65 1034 13038 1123 51 942 40535 4971 447 29873 4524 103 6801 377 5020 202 7997 41425 106795 1529 222
internal_value=9.96295e-06 0.00102861 0.00179888 0.00230787 0.00367233 -0.000571331 0.00111693 0.00276424 0.00474582 0.0034395 5.71667e-06 0.00011117 0.00113502 0.00195522 7.12597e-05 -2.51633e-05 -2.25478e-05 -0.000173667 5.42114e-05 -0.000587935 0.00140893 -0.000137044 -0.000917342 -0.00130349 -0.000931955 2.23237e-05 4.05135e-05 6.64009e-05 0.000267656 0.000222029
internal_weight=269077 1117 754 648 302 363 346 179 252 164 267960 56640 2125 1174 54515 41477 211320 48381 31212 17169 1339 7248 9921 5397 305 162939 157968 149971 43176 41647
internal_count=269077 1117 754 648 302 363 346 179 252 164 267960 56640 2125 1174 54515 41477 211320 48381 31212 17169 1339 7248 9921 5397 305 162939 157968 149971 43176 41647
is_linear=0
shrinkage=0.05


Tree=104
num_leaves=31
num_cat=0
split_feature=6 8 5 5 0 1 2 6 8 2 5 5 2 6 0 2 1 1 0 6 1 0 8 1 8 2 1 8 6 5
split_gain=0.420164 0.496943 0.431092 0.375244 0.303079 0.384158 0.324087 0.288322 0.462942 0.630787 0.469172 0.646647 0.611327 0.464514 0.430406 0.552588 0.416635 0.408085 0.926733 0.641473 0.570341 0.560907 0.529842 0.804899 0.459433 0.44241 0.432923 0.803585 0.399213 0.392065
threshold=0.27650921227003539 0.22113589819460297 23.699636682426711 36.551724114403498 0.0042688235492990287 -0.037089470787727889 0.20525490716530362 0.62858974848366278 0.075006808784901222 -0.2204671338228493 62.393883041702011 61.481718059717075 -0.10132817990817548 0.33369681696033587 -0.019867637268299484 0.13107358875951461 -0.049605159225076904 -0.051973141121421311 -0.0036900369003690088 0.61814667560551106 -0.055235903337169205 -0.025694057442495585 0.2888622037061333 -0.070068077206283316 0.56260117565321954 0.1619513799135415 -0.070068077206283316 0.67572241838145319 0.45188364337852277 24.071781699735393
decision_type=8 8 10 10 10 10 8 8 10 10 10 10 10 10 10 10 10 10 10 10 10 10 10 10 10 10 10 10 10 10
left_child=1 3 -3 -1 6 -6 -4 8 10 16 11 13 -12 -2 -14 -16 29 18 19 20 -11 -21 -23 -24 28 -20 -27 -28 -22 -10
right_child=7 2 4 -5 5 -7 -8 -9 9 17 12 -13 14 -15 15 -17 -18 -19 25 21 24 22 23 -25 -26 26 27 -29 -30 -31
leaf_value=0.00042118282539792951 -0.0010039805984403646 -0.001247059887237759 0.0010931736499144419 -0.0032237438820933075 0.0014446889893377139 0.0068314265815580507 0.0045045011514147004 -2.1420441887942787e-05 -0.00037538748355582361 0.00048685278508149717 0.0068531397436917933 -0.0049728820816481271 0.0044187239398002284 0.0003818494997236994 0.0030416942826143769 -0.00088459039551119908 -0.00044475019991447841 -3.0219853374467194e-05 -0.00042802199930704526 9.5585494477745669e-05 0.0042939897707138372 0.0010257554037291243 0.010767703546501209 0.0023010180251171386 0.0056107406258541215 6.3461651778638813e-05 0.0085206396043089761 -0.00014584376821639362 0.00042169130977989669 -0.0038651297759291492
leaf_weight=267 634 106 432 96 62 71 83 211320 125 4593 54 58 87 13071 140 249 587 32560 3305 96 94 59 61 52 89 165 53 54 228 226
leaf_count=267 634 106 432 96 62 71 83 211320 125 4593 54 58 87 13071 140 249 587 32560 3305 96 94 59 61 52 89 165 53 54 228 226
internal_value=9.4648e-06 0.000977184 0.00170894 -0.000542765 0.00219248 0.00432032 0.00164296 5.43083e-06 0.000105611 2.25645e-05 0.00035166 0.000295445 0.00181146 0.00031774 0.0012395 0.000528468 -0.00125961 5.16083e-05 0.000352696 0.000774171 0.000646533 0.00315738 0.00486629 0.00687153 0.00243099 -0.0002685 0.00166981 0.0041469 0.00155211 -0.00262234
internal_weight=269077 1117 754 363 648 133 515 267960 56640 42347 14293 13763 530 13705 476 389 938 41409 8849 5272 5004 268 172 113 411 3577 272 107 322 351
internal_count=269077 1117 754 363 648 133 515 267960 56640 42347 14293 13763 530 13705 476 389 938 41409 8849 5272 5004 268 172 113 411 3577 272 107 322 351
is_linear=0
shrinkage=0.05


Tree=105
num_leaves=31
num_cat=0
split_feature=2 4 6 4 6 7 5 2 7 5 1 7 5 5 4 1 5 6 7 2 4 2 2 4 7 1 2 5 6 5
split_gain=0.412173 0.842327 1.13565 0.836414 2.03115 0.695193 0.673136 0.648528 0.634952 0.568471 0.82381 1.58804 1.42099 2.33067 0.610138 0.556769 0.710629 0.81224 0.708339 1.20148 0.746157 0.735914 0.831111 0.79971 0.683607 0.659747 0.654231 0.835382 0.898269 0.629376
threshold=-0.11006045212671516 -0.70674008885377249 0.65544579512200696 -0.97799571533919716 1.085577884666143 0.011966459963838884 38.193107859860582 -0.055033357388052921 0.019350803920319373 16.925915639070251 -0.13278317838299639 0.034697562260999779 32.802547756075285 30.143540663125858 -1.0563087378980653 -0.046588800821655389 31.617647055772178 1.1346497903137316 0.033884834145942809 0.10668881640329421 0.94042340005163061 0.13720367789013468 0.078063456576037429 1.3422113471485175 0.04728594744409189 -0.013026436013790053 0.14049137795938263 68.218354287684932 0.75099143627373122 26.736391577725808
decision_type=10 10 8 8 10 8 8 10 8 10 10 10 10 10 10 10 10 10 10 10 10 10 10 10 10 10 10 10 10 10
left_child=3 2 7 4 8 -5 -6 -2 -1 -10 -11 -12 13 14 -13 24 25 -18 19 -19 -20 22 -22 -24 29 -17 -26 -28 -29 -3
right_child=1 15 -4 5 6 -7 -8 -9 9 10 11 12 -14 -15 -16 16 17 18 20 -21 21 -23 23 -25 26 -27 27 28 -30 -31
leaf_value=0.0027152423723455291 0.00066162296593343106 -0.0016139153316284398 -0.00051564093298660327 -0.0027037802032314536 -0.00035488607371902237 7.4901101809433707e-05 0.0024073961507165846 -0.00031457335431481909 0.0027949291298245784 -0.00047328626293825039 0.00078194152379182933 0.0076134786031131323 0.0011428712486078786 0.016464642905898823 0.00071936313542064984 -8.112482947548315e-05 -0.0001159233572029531 9.209032521692424e-05 0.00010542368308988633 0.00077998758629596956 -0.00011010105018004765 -0.00026382211176657677 -0.0032455373082048837 0.00055921823802412276 -0.00063171014067383278 0.00081749095854890825 0.00081411652790483826 0.0014195358321379662 -0.0044694989150185589 0.00049029863161483098
leaf_weight=725 3983 364 16731 226 3837 56275 234 2970 429 849 1880 60 168 52 69 3517 99287 25922 11711 8406 604 4603 718 171 3465 4872 1997 107 164 14974
leaf_count=725 3983 364 16731 226 3837 56275 234 2970 429 849 1880 60 168 52 69 3517 99287 25922 11711 8406 604 4603 718 171 3465 4872 1997 107 164 14974
internal_value=2.27588e-05 -1.20524e-05 -0.000292443 0.000132647 0.000601234 6.37866e-05 -0.000196111 0.000244637 0.00136825 0.00108978 0.000852124 0.00135696 0.00445447 0.00752821 0.00392593 2.46609e-05 -7.19205e-06 -3.2009e-05 0.000127799 0.000260538 -0.000128092 -0.000576697 -0.00154131 -0.00251369 0.000266246 0.000440756 -0.00019958 0.000460619 -0.00214431 0.000440362
internal_weight=269370 204566 23684 64804 8303 56501 4071 6953 4232 3507 3078 2229 349 181 129 180882 159811 151422 52135 34328 17807 6096 1493 889 21071 8389 5733 2268 271 15338
internal_count=269370 204566 23684 64804 8303 56501 4071 6953 4232 3507 3078 2229 349 181 129 180882 159811 151422 52135 34328 17807 6096 1493 889 21071 8389 5733 2268 271 15338
is_linear=0
shrinkage=0.05


Tree=106
num_leaves=31
num_cat=0
split_feature=8 5 7 5 0 1 7 2 5 8 7 8 7 4 2 2 8 7 2 2 4 2 5 2 5 7 0 2 8 7
split_gain=0.473067 0.733281 0.595184 1.68046 0.659293 0.766995 0.677011 0.719641 0.817323 2.3112 2.98129 0.606104 0.55033 0.976707 0.692971 0.542295 0.540668 0.536781 0.876903 0.552155 0.489064 0.845202 0.668212 1.0863 0.825302 1.06551 1.14509 0.748933 0.634425 0.630789
threshold=0.32944221471637353 41.341893214238603 0.010729015863647379 68.881771044823552 -0.0058823529411763933 0.048367155720096873 0.019107537966002293 0.18398404778233649 72.193383674602458 0.58459797452370255 0.016781138874814996 0.92707669363633938 0.014116087967836826 -0.33103940139176152 -0.035411610418662191 -0.07729918596037065 0.48901098845122398 0.012621321768486548 -0.016212406910081297 -0.10280827071076991 0.90901025542326297 -0.024645537140768444 79.261974704181185 0.30648267736161167 60.806165978921008 0.070843092138759015 0.076313887081616474 0.32268664290448762 0.75598086029085587 0.03630989795466992
decision_type=10 10 10 10 10 10 10 10 10 10 10 10 10 10 10 10 10 8 10 10 10 10 10 10 10 10 10 10 10 10
left_child=17 12 3 -3 -4 11 7 8 -7 10 -10 15 13 14 -2 -6 -16 18 19 -1 22 -22 23 -8 -25 26 28 -24 -26 -23
right_child=1 2 4 -5 5 6 20 -9 9 -11 -12 -13 -14 -15 16 -17 -18 -19 -20 -21 21 29 27 24 25 -27 -28 -29 -30 -31
leaf_value=-0.0014172116926676965 -0.0025674910766235581 -0.00017663107244143578 0.00015458826264827348 0.0034097875165672227 0.00070562815115727531 0.00046343219982886846 0.00020287376030174916 -0.0029315290170457415 0.0015525475272669196 0.00065173266662391647 0.014084784015391384 -0.0013197081106030633 -0.00024533067548837513 0.0017162099079377797 0.0017519460644503011 -0.00024860215662333111 -0.0015674964087027607 0.00010372229520265928 -0.0015105458420932685 0.0002023461278530241 0.0061652451637201015 9.1572858384402685e-05 0.00018085302583216071 -0.0015845225169323386 0.0047502208532136042 0.0076146406833124299 0.0077204261143618315 -0.0024893610548595182 0.00069570864963955533 -0.00064179660569498238
leaf_weight=619 877 996 38649 486 1552 1022 10993 106 103 404 88 1271 19051 244 203 36628 310 136726 1344 3513 52 6833 621 150 113 89 76 455 660 5136
leaf_count=619 877 996 38649 486 1552 1022 10993 106 103 404 88 1271 19051 244 203 36628 310 136726 1344 3513 52 6833 621 150 113 89 76 455 660 5136
internal_value=2.16208e-05 -4.84473e-05 4.47079e-06 0.000999482 -9.57295e-06 -0.000105194 0.000100671 0.00105952 0.00132115 0.00279441 0.00732656 -0.000245571 -0.000320861 -0.00120148 -0.00171365 -0.000209813 -0.000253955 8.42812e-05 -0.00040113 -4.0274e-05 3.50546e-05 -0.000195488 0.000245691 0.000352033 0.00185912 0.00240981 0.00186419 -0.00094828 0.00128841 -0.000223122
internal_weight=269370 127168 106483 1482 105001 66352 26901 1723 1617 595 191 39451 20685 1634 1390 38180 513 142202 5476 4132 25178 12021 13157 12081 1088 938 849 1076 773 11969
internal_count=269370 127168 106483 1482 105001 66352 26901 1723 1617 595 191 39451 20685 1634 1390 38180 513 142202 5476 4132 25178 12021 13157 12081 1088 938 849 1076 773 11969
is_linear=0
shrinkage=0.05


Tree=107
num_leaves=31
num_cat=0
split_feature=1 5 6 0 4 0 4 5 6 6 5 5 4 6 0 7 7 0 6 6 0 0 6 7 5 4 6 0 5 5
split_gain=0.33845 0.879261 0.739483 1.12084 1.21412 0.786736 0.70823 0.603025 0.619491 0.581176 0.673837 0.553526 0.532234 0.450395 0.44962 0.439479 0.627184 0.624869 0.658211 0.613286 0.511314 0.41721 0.421252 0.494436 0.396385 0.376088 0.363833 0.42006 0.368013 0.359719
threshold=-0.13975089850557351 16.925915639070251 1.5538313626980778 -0.048797578059879325 -1.2140863899834828 -0.070991281012234661 -1.0217711347397251 61.710078240786373 0.8549958365832514 1.5897696991501069 31.617647055772178 23.307225878688119 -1.3229231923792539 0.92996735694619359 -0.0066209509495404042 0.037897260865345776 0.054473624498138536 0.0013867488772997263 1.2202166521143678 0.95131173623803866 -0.023621527712836373 -0.0063821001223254284 0.49741134583546187 0.065185274809158783 13.654556564743389 -0.94007964123255672 0.72172921347597752 -0.026121467069455225 52.852029999055809 49.509235899387157
decision_type=8 8 10 10 10 10 8 10 10 8 10 10 10 10 10 10 10 10 10 10 10 10 8 10 10 8 10 10 10 10
left_child=1 2 3 4 -1 -6 9 8 21 11 -11 -3 -4 29 -14 17 -17 18 19 20 -5 26 -23 25 -18 -24 28 -28 -8 -10
right_child=-2 6 12 15 5 -7 7 -9 13 10 -12 -13 14 -15 -16 16 24 -19 -20 -21 -22 22 23 -25 -26 -27 27 -29 -30 -31
leaf_value=0.00050221293732808107 1.1829354075319548e-05 0.00042090882394177885 0.0029315044726346338 -0.001914193012679999 0.013502130539228135 0.0054311278555057166 0.000813370983258778 -0.0039610032205890915 0.0045593230434116611 -0.00042229307289277967 0.0035045805995145606 -0.0019074042877770755 -0.0027482906501810457 0.0010529259135805193 0.0025733452545953733 -0.0028088539338004294 -0.00026550172441472695 0.0078211047948570922 -0.0030645842135917129 0.0072664602764416488 0.0047027951595153801 -0.0034704757355257243 -0.0048419324930624244 0.0027203213011803614 0.0053239647668368861 -0.00049852523069970607 -0.0024582678747612006 0.0015216975035349056 0.004728332826198312 -0.00024646135664079335
leaf_weight=68 263017 353 92 65 52 72 967 73 176 382 153 922 179 1141 51 116 70 50 56 60 53 128 56 110 58 453 177 106 64 50
leaf_count=68 263017 353 92 65 52 72 967 73 176 382 153 922 179 1141 51 116 70 50 56 60 53 128 56 110 58 453 177 106 64 50
internal_value=2.05398e-05 0.000381156 0.00170914 0.00259991 0.00587137 0.00881574 0.000120609 0.000535766 0.000631526 -0.000682409 0.000700719 -0.00126278 -0.000282624 0.00145684 -0.00156828 0.00141028 -0.000145993 0.00274737 0.00166323 0.00315064 0.00105784 8.41164e-05 -0.000859392 -0.000319458 0.00226723 -0.000976385 0.000620494 -0.000967539 0.00105639 0.0034961
internal_weight=269370 6353 1042 720 192 124 5311 3501 3428 1810 535 1275 322 1367 230 528 244 284 234 178 118 2061 747 619 128 509 1314 283 1031 226
internal_count=269370 6353 1042 720 192 124 5311 3501 3428 1810 535 1275 322 1367 230 528 244 284 234 178 118 2061 747 619 128 509 1314 283 1031 226
is_linear=0
shrinkage=0.05


Tree=108
num_leaves=31
num_cat=0
split_feature=8 5 6 6 0 5 6 7 0 0 1 6 5 6 7 7 1 6 6 1 0 5 0 5 0 6 7 7 5 8
split_gain=0.423392 0.66206 1.01291 0.765644 0.602319 0.576647 0.564525 0.695072 0.632787 0.839431 0.647666 0.742338 0.722428 0.834367 0.530865 0.524734 0.501483 0.901895 0.5518 0.522788 0.653231 0.893242 0.847031 0.844207 0.505947 0.499342 0.483009 0.477268 0.727591 0.595792
threshold=0.32944221471637353 41.341893214238603 0.41664128979638942 0.94255675828893604 -0.011476182614509776 22.053231932455265 0.92114602670131396 0.056835442829510065 0.052427708969265858 0.012437810945273743 0.0048080225517029848 0.80928581942541722 27.049180323557731 0.5819273057482256 0.037897260865345776 0.050417968496791338 -0.11447863701864362 1.1035764293596644 1.4310490402666254 0.138593914159612 -0.018235517947656429 69.208938858797325 -0.01391395982061888 64.304637370408599 -0.03403253894659513 1.4582995398390131 0.012621321768486548 0.028394480766547218 51.873198831565766 0.8609775726248089
decision_type=10 10 8 10 10 10 8 10 10 10 10 10 10 10 10 10 10 10 10 10 10 10 10 10 10 10 8 10 10 10
left_child=26 2 5 -3 15 -2 8 -8 9 10 -4 12 13 -12 -13 16 17 -5 -19 -18 21 23 -22 -21 -23 -9 -1 28 -6 -30
right_child=1 3 6 4 27 -7 7 25 -10 -11 11 14 -14 -15 -16 -17 19 18 -20 20 22 24 -24 -25 -26 -27 -28 -29 29 -31
leaf_value=-0.00038166458895137235 0.0040142778189518778 -0.00013675589373556699 -0.00026359356626947235 0.0074059852376514163 -0.00045255075034476795 0.00062607433178152696 -0.00094494724538525434 0.00062034727966532187 0.0034968158026587475 -0.0011296608670352177 0.0076936029555166475 0.0038134066110421375 -3.3597933887526857e-05 0.00035520370674526529 -0.0010057219175602465 -0.00027513466362355472 0.00041964485401619787 -0.0027469180445544999 0.0039317373129128782 0.0026737836038228124 -0.0029856149292004017 -0.0018978769170860347 0.0042736745755172388 0.0090593639444451531 0.002580116748989288 0.0061545238496881786 9.7233802228596631e-05 -0.00012773914383642964 0.00051494423333096006 -0.00021436187740972052
leaf_weight=5476 138 50840 9017 74 3394 1395 5391 203 113 2301 68 277 1569 90 72 2345 11236 65 59 130 126 101 59 86 168 51 136726 21615 12583 3602
leaf_count=5476 138 50840 9017 74 3394 1395 5391 203 113 2301 68 277 1569 90 72 2345 11236 65 59 130 126 101 59 86 168 51 136726 21615 12583 3602
internal_value=1.95128e-05 -4.67746e-05 -0.000305621 3.50796e-06 0.000131665 0.000931079 -0.000404611 -0.000824517 -0.000229119 -0.000260553 -8.02762e-05 0.000715954 0.00029092 0.0035135 0.0028192 0.000409429 0.000542054 0.00303771 0.000430829 0.000500551 0.00185736 0.00282159 -0.00067049 0.00521619 0.000898788 0.00173154 7.87921e-05 3.42373e-05 0.000213058 0.000352636
internal_weight=269370 127168 20685 106483 55643 1533 19152 5645 13507 13394 11093 2076 1727 158 349 14449 12104 198 124 11906 670 485 185 216 269 254 142202 41194 19579 16185
internal_count=269370 127168 20685 106483 55643 1533 19152 5645 13507 13394 11093 2076 1727 158 349 14449 12104 198 124 11906 670 485 185 216 269 254 142202 41194 19579 16185
is_linear=0
shrinkage=0.05


Tree=109
num_leaves=31
num_cat=0
split_feature=8 5 6 6 4 4 7 7 1 7 8 1 1 7 6 5 4 7 8 7 5 5 5 4 6 7 5 6 6 4
split_gain=0.382112 0.597509 0.914154 0.690994 0.922481 0.557164 1.37212 0.904523 0.710266 1.1336 0.764951 1.48184 1.26988 1.07323 1.35818 1.20712 1.14512 0.926467 0.924406 0.6367 0.620358 0.604905 0.603 0.714256 0.598288 0.590375 0.897571 0.560489 0.555997 0.544156
threshold=0.32944221471637353 41.341893214238603 0.41664128979638942 0.94255675828893604 -0.29470393053016014 0.74308898190729644 0.011187909012920107 0.021346711800366951 0.055555555555555698 0.030087733250814895 0.51103205056543077 0.10170033609193742 0.098675070426067282 0.023253679352010084 2.080172437363955 67.314036753084238 1.0166187260216664 0.020774311230730241 0.43403797806748301 0.028035940640548769 68.881771044823552 76.247475864889722 75.64042598981753 0.87946274317831652 1.1346497903137316 0.075517149084893084 82.721296622103907 1.8689944477999509 1.4582995398390131 0.63964464037047242
decision_type=10 10 8 10 10 10 10 10 10 10 10 10 10 10 10 10 10 10 10 10 10 10 10 10 10 10 10 10 10 10
left_child=-1 2 -2 4 -3 7 20 -5 24 10 11 13 -12 14 15 -10 17 -17 -15 21 -7 -13 -14 -24 -8 27 28 -11 -27 -6
right_child=1 3 -4 5 29 6 8 -9 9 25 12 19 22 18 -16 16 -18 -19 -20 -21 -22 -23 23 -25 -26 26 -28 -29 -30 -31
leaf_value=7.4852490215580742e-05 0.00088452500439364717 0.00040102281856956267 -0.00038438056146771236 -0.00022052585076661144 -0.00029166909378952816 0.00022348091735693742 -0.0016575050395808554 0.00040784131388486953 0.0026998718055009068 -0.00061374465194025953 -0.00035753353938252621 -0.00081239405568462155 0.00048768997807053182 -0.0010800464246026216 -0.00028899515610677996 0.00033520020213193046 0.012887225541161635 0.0094893679492396577 0.0035754443993056685 0.0024871645269054429 0.004126302258341639 -0.0061294326815160291 -0.0036396661284836193 0.0024377223496873934 -0.00034802077761364719 0.0090791122674440533 -0.0020582584149175971 0.00011920318045642018 0.0020422502321603359 0.0001917009954591046
leaf_weight=142202 1533 7047 19152 7472 36879 160 1099 24524 159 6519 3203 238 1333 243 116 52 86 59 190 106 280 69 51 929 4228 52 66 4348 61 6914
leaf_count=142202 1533 7047 19152 7472 36879 160 1099 24524 159 6519 3203 238 1333 243 116 52 86 59 190 106 280 69 51 929 4228 52 66 4348 61 6914
internal_value=1.85372e-05 -4.44358e-05 -0.00029034 3.33257e-06 -0.000129918 0.000125081 -5.89603e-05 0.000261099 -0.000111404 3.95791e-05 0.000545732 0.00162792 0.000287152 0.00276049 0.00440966 0.00594069 0.00855637 0.00520093 0.000962779 -0.000853853 0.00270709 -0.00200743 0.0011799 0.00212145 -0.000618177 -0.000273571 0.00257456 -0.000320485 0.00528045 -0.000215355
internal_weight=269370 127168 20685 106483 50840 55643 23647 31996 23207 17880 6834 1318 5516 905 472 356 197 111 433 413 440 307 2313 980 5327 11046 179 10867 113 43793
internal_count=269370 127168 20685 106483 50840 55643 23647 31996 23207 17880 6834 1318 5516 905 472 356 197 111 433 413 440 307 2313 980 5327 11046 179 10867 113 43793
is_linear=0
shrinkage=0.05


Tree=110
num_leaves=31
num_cat=0
split_feature=2 2 8 7 7 5 2 8 6 0 0 0 5 2 6 0 5 6 5 6 0 0 8 2 6 7 2 2 5 5
split_gain=0.411656 0.917008 0.853056 0.859175 1.05099 0.682135 0.644259 0.68542 0.771121 0.617301 0.609929 0.609491 0.780391 0.604556 0.649209 0.681941 0.664176 0.815668 0.663437 0.592925 0.621221 0.699548 0.83567 0.960179 0.787954 0.596174 0.959411 0.63556 0.630197 0.708997
threshold=0.0039040319771477265 0.059678156735150541 0.16961907320596217 0.026277775721614698 0.032975736110415835 52.454968652640595 -0.14155677326617019 0.15783037525820851 0.66886321027131757 -0.054216867469879519 0.081793937462988034 0.11807879403993272 39.362878236306308 -0.07729918596037065 1.3076523575614649 -0.027506920253740293 55.191747776234571 0.94255675828893604 68.218354287684932 0.88173167874633551 0.027027027027027088 0.012127726972499754 0.070410074079722218 -0.051533033238413788 0.41664128979638942 0.034367111798127327 -0.063462852808195511 -0.055033357388052921 51.282051236028927 34.41083267532246
decision_type=10 10 8 10 10 10 8 10 10 10 10 10 10 10 10 10 10 10 10 8 8 10 10 10 10 10 10 10 10 10
left_child=5 9 3 -3 -5 11 7 8 -7 -2 13 19 -13 -8 15 -15 17 -17 -16 20 21 -1 24 -24 -23 -21 28 -28 29 -27
right_child=1 2 -4 4 -6 6 10 -9 -10 -11 -12 12 -14 14 18 16 -18 -19 -20 25 -22 22 23 -25 -26 26 27 -29 -30 -31
leaf_value=0.00012242976240709478 0.0011567195888626603 -0.0012014692750602516 1.6650289483345645e-05 0.0075631019904318711 0.0011817657733241059 0.0030962695140677472 0.001029620928761387 -0.00231423224922648 -0.001215189964219677 -0.00030040498238508966 -0.001583225619237018 0.0036936153849892739 -0.0014441406029542022 0.0013337187256447077 0.00070773131791317351 0.0011039451473252994 -0.00023425655966054839 -0.00053155828469264945 0.0033576643148592214 -0.0001885663445127643 0.00079724676588787389 -0.0023737520977625288 -0.0010210236537422156 0.00030530206554066981 0.00089651895614276762 7.8530107293980892e-05 -0.002635488777890431 -0.00033255681118082148 -0.0026865915749755918 0.00097545369123574739
leaf_weight=65503 741 115 71313 115 147 168 3328 469 271 38059 389 239 107 1071 3053 2415 8098 1114 256 49374 3032 206 4623 1936 1740 4588 347 2193 157 4239
leaf_count=65503 741 115 71313 115 147 168 3328 469 271 38059 389 239 107 1071 3053 2415 8098 1114 256 49374 3032 206 4623 1936 1740 4588 347 2193 157 4239
internal_value=-2.65533e-06 -7.67788e-05 2.91908e-05 0.00240135 0.00398273 4.88807e-05 0.000317067 -0.000985152 0.000434754 -0.000272577 0.000377015 8.8673e-06 0.00210477 0.000416453 0.00028897 0.000126419 1.52113e-05 0.000587666 0.000912743 3.60999e-06 9.57761e-05 6.70379e-05 -0.000359574 -0.000629536 0.000550334 -0.000112986 0.000210833 -0.00064717 0.000453412 0.000509261
internal_weight=269406 110490 71690 377 262 158916 20632 908 439 38800 19724 138284 346 19335 16007 12698 11627 3529 3309 137938 77040 74008 8505 6559 1946 60898 11524 2540 8984 8827
internal_count=269406 110490 71690 377 262 158916 20632 908 439 38800 19724 138284 346 19335 16007 12698 11627 3529 3309 137938 77040 74008 8505 6559 1946 60898 11524 2540 8984 8827
is_linear=0
shrinkage=0.05


Tree=111
num_leaves=31
num_cat=0
split_feature=7 5 4 2 2 8 4 4 5 6 8 4 8 7 2 4 7 8 5 7 6 4 2 6 5 2 4 7 7 8
split_gain=0.402731 1.1875 0.414486 0.391039 0.855727 0.771878 1.13501 0.717679 0.552963 1.25634 0.974215 0.681253 0.67539 0.82335 0.730959 0.659014 0.651204 0.620163 1.14505 0.74698 0.611393 1.09045 1.11781 0.818197 0.846199 0.735842 1.1174 1.18985 1.76003 0.99613
threshold=0.0081742625780446224 69.208938858797325 0.74308898190729644 0.0026946916534994485 0.059678156735150541 0.16961907320596217 0.04205543134458338 -0.38676948585315718 59.295989284251469 0.97398537477434799 0.26804799527923462 0.17498659047189266 0.25106509864781418 0.027208323080054719 -0.099885185653874928 0.25576882262114425 0.047742006227164728 0.31831738772629514 74.584855952004844 0.036669205911247595 1.0023796188250913 -0.96511640687138911 -0.11632211591706552 1.1092931942997908 11.189191036564852 -0.11006045212671516 -0.73376258002556427 0.031391716260991791 0.070843092138759015 0.29613177425924059
decision_type=8 10 10 10 10 8 10 10 10 8 10 10 10 8 8 10 10 8 10 10 8 10 8 8 8 8 10 10 10 8
left_child=1 -1 -3 8 -5 6 -6 -7 20 10 11 -10 13 15 -15 -13 17 18 19 -11 21 22 -2 -22 -25 26 -26 -28 29 -29
right_child=3 2 -4 4 5 7 -8 -9 9 16 -12 12 -14 14 -16 -17 -18 -19 -20 -21 23 -23 -24 24 25 -27 27 28 -30 -31
leaf_value=0.00024581710623273806 0.0013114691514717147 0.0077896536362615223 0.0027190899461397508 -0.00026522452416718491 0.0060407949503127291 -0.001168869376342858 0.00027925945029071554 3.418804604710783e-05 -0.00042509195626854867 0.0013609815510027259 -0.00084006799633860527 0.0036912842634555 0.0052725792683618652 -0.0016889965245023963 0.0033237076223592288 -0.0015734587772931264 -0.0010305754219974328 0.00082955752318594517 0.0088622451059505222 0.0050908679267964684 -0.00050674540521053414 4.6182148709105251e-05 0.00013235294091963159 -0.0014376061324286812 -0.0001248621081826579 -0.00011948114569615767 0.00013575615081711572 0.0026132885152620328 -0.0014399995529517655 0.00028664278436119826
leaf_weight=875 3582 70 95 39430 131 1262 246 69985 737 962 2269 73 110 88 419 320 322 2219 62 156 10642 89733 4580 1019 6146 27942 2994 1910 421 606
leaf_count=875 3582 70 95 39430 131 1262 246 69985 737 962 2269 73 110 88 419 320 322 2219 62 156 10642 89733 4580 1019 6146 27942 2994 1910 421 606
internal_value=-2.52257e-06 0.000979499 0.00487024 -6.3282e-06 -7.81622e-05 2.48182e-05 0.00228128 1.28783e-05 4.43828e-05 0.000456556 -0.000156739 0.000730767 0.0015742 0.00112218 0.00245365 -0.000595529 0.00111847 0.00132206 0.00224822 0.00188143 2.30625e-05 9.65108e-05 0.000649823 -0.000116067 -1.47562e-05 2.14737e-05 0.000347594 0.000837178 0.00155221 0.0020529
internal_weight=269406 1040 165 268366 111054 71624 377 71247 157312 7737 4016 1747 1010 900 507 393 3721 3399 1180 1118 149575 97895 8162 51680 41038 40019 12077 5931 2937 2516
internal_count=269406 1040 165 268366 111054 71624 377 71247 157312 7737 4016 1747 1010 900 507 393 3721 3399 1180 1118 149575 97895 8162 51680 41038 40019 12077 5931 2937 2516
is_linear=0
shrinkage=0.05


Tree=112
num_leaves=31
num_cat=0
split_feature=7 5 4 2 1 2 5 5 1 4 6 7 2 6 7 7 7 2 5 6 7 7 0 1 1 2 7 4 4 1
split_gain=0.363465 1.07172 0.374074 0.353903 0.857716 0.812155 0.753938 0.580172 1.15834 0.600151 0.974715 1.29905 0.818101 0.845724 2.26256 1.21311 0.841442 2.76111 0.799327 0.767897 0.736726 0.735081 0.638917 0.628363 1.28692 0.677979 0.601127 0.598467 1.07962 0.716305
threshold=0.0081742625780446224 69.208938858797325 0.74308898190729644 0.0039040319771477265 0.26006599770700684 0.14689145610645607 75.64042598981753 52.454968652640595 0.15907000839106325 0.2646784276949064 1.3076523575614649 0.032677986316878328 -0.063462852808195511 0.63536151319041323 0.032975736110415835 0.035399379558920398 0.037275660282738245 -0.023437500000000052 71.003441841506728 0.53425481889571846 0.025397247701499374 0.011966459963838884 0.081793937462988034 0.10798492700206642 0.070181745785140151 -0.11158987858232959 0.06094917433654435 0.57521814977149266 0.59353057351098115 0.085967762479124979
decision_type=8 10 10 10 10 10 8 10 10 10 10 8 8 10 10 10 10 10 10 10 10 8 10 8 10 10 10 10 10 10
left_child=1 -1 -3 4 7 -5 -6 -2 9 22 11 20 23 14 -14 -15 17 -17 21 -16 -11 -12 26 24 25 -13 -9 -22 -29 -30
right_child=3 2 -4 5 6 -7 -8 8 -10 10 18 12 13 15 19 16 -18 -19 -20 -21 27 -23 -24 -25 -26 -27 -28 28 29 -31
leaf_value=0.00023352625519827209 3.2410345383077386e-07 0.0074001710229952417 0.0025831354263630745 -0.00016556287435107137 -0.0021663322333585135 0.00012858478318134774 0.0044773273048093502 0.00071104188638491982 -0.0022061578594411119 -0.00024753490799424245 0.0064468495547771454 -0.0057164810983691538 0.013375973447874263 -0.0017136763971636231 -0.001743168194166464 0.011736962285564765 0.0010514713888585988 -0.0014006261807222517 0.0041483790951042992 0.0040828190124544486 -0.0020992531388707627 0.00049727442109525233 -0.0036689908370835947 -0.0053580075785118553 0.0042346102583968757 -0.00046014940819298313 -0.0011933289563347462 0.0067926054032376188 0.00045359027127334328 -0.0042588272977939472
leaf_weight=875 137607 70 95 76120 55 33925 191 10162 456 2881 53 86 51 341 94 79 672 81 171 142 1289 2539 87 70 116 214 432 52 288 112
leaf_count=875 137607 70 95 76120 55 33925 191 10162 456 2881 53 86 51 341 94 79 672 81 171 142 1289 2539 87 70 116 214 432 52 288 112
internal_value=-2.39644e-06 0.000930524 0.00462673 -6.01179e-06 4.18583e-05 -7.48822e-05 0.00299196 3.72673e-05 0.000285637 0.000342416 4.94639e-05 -0.000281987 0.000801715 0.0013932 0.00382605 0.000797949 0.00182735 0.00508606 0.000837364 0.0017623 -0.000738257 0.000618929 0.000598342 -0.000975175 -0.000237679 -0.00196696 0.000633386 -0.0015503 1.51788e-05 -0.000865887
internal_weight=269406 1040 165 268366 158321 110045 246 158075 20468 20012 9331 6568 1946 1460 287 1173 832 160 2763 236 4622 2592 10681 486 416 300 10594 1741 452 400
internal_count=269406 1040 165 268366 158321 110045 246 158075 20468 20012 9331 6568 1946 1460 287 1173 832 160 2763 236 4622 2592 10681 486 416 300 10594 1741 452 400
is_linear=0
shrinkage=0.05


Tree=113
num_leaves=31
num_cat=0
split_feature=7 5 4 8 1 4 8 7 1 6 4 8 5 7 5 5 8 5 7 1 7 7 7 6 4 3 6 1 8 7
split_gain=0.328027 0.967226 0.337602 0.304474 0.291458 0.493824 1.64003 0.841214 1.05287 0.658994 1.27941 0.715617 1.29769 0.937999 0.828999 0.859201 0.604798 0.783296 1.47443 0.648004 0.620647 2.42768 0.62761 1.01483 0.600426 0.593721 0.781239 1.2653 0.590073 0.772493
threshold=0.0081742625780446224 69.208938858797325 0.74308898190729644 0.21165644106853862 -0.030775117980691043 -0.030882502787409859 0.25785105679588655 0.040701661468941046 -0.10487348131908285 0.88173167874633551 -0.96511640687138911 0.17868047432333226 34.41083267532246 0.062182765303145433 43.504843169735551 39.560828408567851 0.060999075736290674 40.735411799272448 0.035223353549260199 -0.035138528423186537 0.040970522754318658 0.038753739887981066 0.029711263176090508 0.55108286910926607 0.13807316171583817 1.0000000180025095e-35 1.5194087571650152 -0.051973141121421311 0.26132687509649116 0.017234887523989998
decision_type=8 10 10 8 10 10 8 8 10 10 8 8 10 10 10 10 10 10 10 10 10 10 10 8 10 2 10 10 8 10
left_child=1 3 -3 -1 5 9 24 8 -8 10 16 -11 28 -14 15 -15 19 20 -19 -2 21 22 23 -18 -7 -10 -27 -28 -13 -30
right_child=4 2 -4 -5 -6 6 7 -9 25 11 -12 12 13 14 -16 -17 17 18 -20 -21 -22 -23 -24 -25 -26 26 27 -29 29 -31
leaf_value=0.0013834324406954417 0.00024251246800508953 0.0070301624189596625 0.0024539786449780591 -0.00052706509415752646 -4.2840119900172381e-05 0.0034554660323617894 0.00690159290377668 -0.00028744876368624168 0.0011978282695625344 2.616015239449666e-05 3.9178694870561064e-05 -0.0023359494846045175 -0.00023171094895334905 0.0018982314117825948 0.00066347534601252697 0.010389448625289581 0.0036752652539998789 0.0020918865407859501 0.011677267633727752 0.005869914530418241 -0.0015005785470278827 0.011989488173276186 -0.00053793606440747906 0.00087894216517410233 0.00073241003632814076 -3.1515804157061679e-05 0.010061045426090121 -0.0001196284450615119 -0.002857539058871995 -0.00050870210770811368
leaf_weight=343 3154 70 95 532 177993 554 66 4709 2127 18158 44160 949 6944 65 230 55 412 203 50 52 215 52 485 1527 319 3136 51 76 416 2208
leaf_count=343 3154 70 95 532 177993 554 66 4709 2127 18158 44160 949 6944 65 230 55 412 203 50 52 215 52 485 1527 319 3136 51 76 416 2208
internal_value=-2.27662e-06 0.000883998 0.00439539 0.00022185 -5.7112e-06 6.74156e-05 0.000380761 0.000202152 0.00062472 2.38193e-05 0.000133275 -0.000165903 -0.000486828 -0.000104414 0.00242115 0.00579004 0.00080893 0.00132636 0.00398623 0.000333787 0.00107629 0.00130004 0.00107073 0.00147311 0.00246044 0.000547861 0.000124177 0.00396867 -0.0012675 -0.000881079
internal_weight=269406 1040 165 875 268366 90373 11038 10165 5456 79335 50310 29025 10867 7294 350 120 6150 2944 253 3206 2691 2476 2424 1939 873 5390 3263 127 3573 2624
internal_count=269406 1040 165 875 268366 90373 11038 10165 5456 79335 50310 29025 10867 7294 350 120 6150 2944 253 3206 2691 2476 2424 1939 873 5390 3263 127 3573 2624
is_linear=0
shrinkage=0.05


Tree=114
num_leaves=31
num_cat=0
split_feature=2 1 2 8 1 5 4 1 4 5 1 1 5 8 6 5 7 7 4 7 8 8 7 8 7 4 4 1 6 5
split_gain=0.306525 0.773862 0.721729 0.692387 1.35916 0.680429 0.649323 0.594715 0.905479 0.540811 1.04868 0.539991 0.636891 1.07911 0.543637 0.833757 0.723023 0.825808 0.759178 0.81794 0.57191 0.656309 0.518282 0.799207 0.782549 0.578111 0.783852 0.563794 0.501875 0.882879
threshold=0.0039040319771477265 0.26006599770700684 0.059678156735150541 0.16961907320596217 -0.049605159225076904 75.64042598981753 -0.38676948585315718 0.065165902073342177 0.16578027505997298 52.454968652640595 0.15907000839106325 -0.0063845140381090229 82.721296622103907 0.26804799527923462 1.2881132953148915 68.218354287684932 0.032677986316878328 0.032975736110415835 0.24668851310818021 0.025397247701499374 0.69016439974999833 0.47214763640315688 0.010729015863647379 0.54917477760649025 0.016327559054624002 0.75481095787642116 0.85193201255003093 0.022920577918115862 0.78862880064341201 70.622972347479006
decision_type=10 10 10 8 10 8 10 10 10 10 10 10 10 10 10 10 8 8 10 10 8 10 10 10 10 10 10 10 8 10
left_child=1 9 -2 4 -4 -3 -5 8 -6 -1 11 28 14 -14 16 -16 18 -18 -13 -20 21 -17 23 -8 27 -25 -27 -24 -11 -30
right_child=2 5 3 6 7 -7 22 -9 -10 10 -12 12 13 -15 15 20 17 -19 19 -21 -22 -23 24 25 -26 26 -28 -29 29 -31
leaf_value=2.3627212721799982e-06 -0.00023982837071387801 -0.0020558737252246249 0.0080908511893811649 -0.0011074817501234607 0.0031675165452595268 0.0042556028718650539 -0.0021737280173046102 0.005563057512250346 -0.0029381477573931789 0.00027411994933146389 -0.0020937079449108672 0.00033104083656737961 0.0094012501472607261 5.986884489287565e-05 0.00042504374205167597 0.0025500132710430221 0.0055956339460644352 0.00042153163918775237 -0.00022562027869627664 -0.0016464320535869899 -0.0016346932399114045 0.0082403019831424045 -0.0016379423306322122 0.0010033142622393957 5.7404908562138388e-05 0.01055665101669729 0.0026669688027451391 -4.1000568871258876e-05 0.0010486842455418777 0.0072238067780637143
leaf_weight=138125 38800 55 77 1262 105 191 90 51 144 3200 456 2544 50 81 3160 177 79 3235 2706 1619 51 71 1190 140 67464 50 85 1032 3057 59
leaf_count=138125 38800 55 77 1262 105 191 90 51 144 3200 456 2544 50 81 3160 177 79 3235 2706 1619 51 71 1190 140 67464 50 85 1032 3057 59
internal_value=-2.16279e-06 4.23082e-05 -6.61247e-05 2.7887e-05 0.00216501 0.0028445 1.6589e-05 0.00064404 -0.00036347 3.79637e-05 0.000277311 0.000331131 0.000155585 0.00362528 0.000122266 0.000663828 -6.16934e-05 0.000544873 -0.000354336 -0.00075748 0.00318744 0.00417909 3.68396e-05 0.00191604 2.69968e-05 0.00325451 0.00558907 -0.000896248 0.000713935 0.00116561
internal_weight=269406 158916 110490 71690 377 246 71313 300 249 158670 20545 20089 13773 131 13642 3459 10183 3314 6869 4325 299 248 70051 365 69686 275 135 2222 6316 3116
internal_count=269406 158916 110490 71690 377 246 71313 300 249 158670 20545 20089 13773 131 13642 3459 10183 3314 6869 4325 299 248 70051 365 69686 275 135 2222 6316 3116
is_linear=0
shrinkage=0.05


Tree=115
num_leaves=31
num_cat=0
split_feature=6 7 0 4 0 0 0 6 2 6 2 2 7 1 2 0 2 2 6 6 4 4 0 2 2 7 4 2 6 0
split_gain=0.385233 0.782778 0.56401 0.639865 0.620293 0.636649 0.693605 1.07659 0.585466 0.572639 1.21263 0.542413 0.539524 0.949686 1.07543 1.06925 0.690454 0.73166 0.892804 0.532693 1.02775 0.612142 0.604869 0.487853 0.560531 0.486158 0.453542 0.807082 0.971182 0.82187
threshold=0.62506809901986327 0.015825986897744664 -0.017025909498571964 -0.67228494690505902 0.024010049408489612 0.02903361850930786 0.027667376662952717 0.53852485209868095 -0.29919394975115426 0.35031719307178938 -0.1212304634663947 0.034107964581856616 0.016327559054624002 0.022164086290604294 0.084338468494076571 0.016394919509673537 -0.15480182505966114 -0.024645537140768444 1.7202531394024461 0.76459429255538369 -0.77783010811878517 0.27303798695973497 -0.0066209509495404042 -0.2204671338228493 -0.25731976722325567 0.06094917433654435 -0.72031686260590655 -0.10850160730437557 1.571883440496052 -0.018548287706632079
decision_type=8 10 10 10 10 10 10 10 10 10 10 10 8 10 10 10 10 10 10 8 10 10 10 10 10 10 8 8 10 10
left_child=1 -1 3 9 8 6 -6 -8 25 10 -3 -11 13 14 16 -15 -2 -18 -19 20 -14 22 -22 24 -5 -4 27 28 29 -21
right_child=12 2 4 23 5 -7 7 -9 -10 11 -12 -13 19 15 -16 -17 17 18 -20 26 21 -23 -24 -25 -26 -27 -28 -29 -30 -31
leaf_value=0.0007834322598097858 -0.0019761912813288096 0.0088609146933081584 -0.0030704425632898675 0.00022922200657463318 0.0011360969593302596 0.00010372277752309489 0.0089752838133445277 0.0012164183744671304 -2.7290589700893251e-05 0.0007130461938553253 -0.00041863608639687301 0.0047320088077888846 0.00050107917043771698 0.00097228847763052907 -0.0024818091429582544 -0.00089850980295469018 6.1251608430291462e-07 -0.0007715751624752065 0.0016741916906992142 0.00064657234496845321 -0.00039361125957213997 -0.00061284467865883776 0.00010379686705409692 0.00022403902023795865 -0.003550154565052479 0.00040250868759974238 9.5199678252693085e-05 -0.00052222707999819069 -0.00079514498516692538 -0.00023769792978926989
leaf_weight=4304 605 68 288 204 734 1313 79 103 38883 3529 73 86 5248 2868 590 1041 10942 7046 394 6632 11295 8678 13319 6726 189 155 128380 8783 2503 4352
leaf_count=4304 605 68 288 204 734 1313 79 103 38883 3529 73 86 5248 2868 590 1041 10942 7046 394 6632 11295 8678 13319 6726 189 155 128380 8783 2503 4352
internal_value=1.94527e-05 0.000135214 8.20013e-05 0.000402569 -1.89188e-06 0.000809521 0.00182122 0.00458428 -4.78828e-05 0.000930584 0.00405661 0.000808656 -1.14281e-05 -0.000237455 -0.000379529 0.000474079 -0.000314203 -0.000259503 -0.000642055 1.66309e-05 -0.000149247 -0.000251761 -0.000124456 0.000123988 -0.00158834 -0.0018553 5.90665e-05 -0.00014923 9.36723e-05 0.000296213
internal_weight=269410 56734 52430 10875 41555 2229 916 182 39326 3756 141 3615 212676 23486 19577 3909 18987 18382 7440 189190 38540 33292 24614 7119 393 443 150650 22270 13487 10984
internal_count=269410 56734 52430 10875 41555 2229 916 182 39326 3756 141 3615 212676 23486 19577 3909 18987 18382 7440 189190 38540 33292 24614 7119 393 443 150650 22270 13487 10984
is_linear=0
shrinkage=0.05


Tree=116
num_leaves=31
num_cat=0
split_feature=0 4 7 6 6 6 4 8 0 8 4 6 8 1 7 8 7 8 4 4 7 5 6 0 0 0 0 4 5 1
split_gain=0.353485 1.13058 1.11757 0.778476 0.462271 0.34583 0.821009 1.01867 0.660572 0.61194 0.586913 1.14893 0.594451 0.634573 0.963302 0.557554 0.762516 0.689511 0.542713 0.669074 0.662316 0.559192 0.538394 0.587424 0.801814 0.689918 0.684144 0.591972 1.6776 1.03477
threshold=0.089574882243653522 -0.091872161653097195 0.040701661468941046 1.8345948309903883 1.6505494143082171 1.253007325915507 -0.71362793478028175 0.16075021778074713 -0.01391395982061888 0.36842105117728546 -0.97799571533919716 0.86253754602745858 0.060999075736290674 -0.10212174007070439 0.03503896545610883 0.012871287119155065 0.020774311230730241 0.012871287119155065 0.16578027505997298 0.15692228949156242 0.022044759013178344 84.36679887914751 0.38899516842181386 0.014117928578466611 -0.020568957016377728 -0.047276873929753598 -0.042307153507199317 0.47742145887718607 66.705135707503814 -0.011958454686946283
decision_type=8 8 10 8 10 8 8 10 10 10 10 10 8 10 10 10 8 8 10 10 8 10 10 10 10 10 10 10 10 10
left_child=5 2 -2 4 -3 10 7 -7 9 -9 11 12 13 -1 -15 16 17 -12 19 -18 -20 22 -22 24 25 -24 -27 28 -26 -30
right_child=1 3 -4 -5 -6 6 -8 8 -10 -11 15 -13 -14 14 -16 -17 18 -19 20 -21 21 -23 23 -25 27 26 -28 -29 29 -31
leaf_value=-0.00090063613386352943 -0.0028809179114460044 -0.001188697259511387 0.0046272249106477465 -0.00019603527097275671 -0.0036084541491790108 -2.3922133893434536e-05 0.0002046617464621525 -0.0016474763234685602 -0.0028312594541295404 0.00041188152377597161 0.00028675840514667952 -0.00017897081058159623 0.0013068922552972094 0.00060987674023343854 0.007593242872013327 -5.2879441602485787e-05 0.00051168270564983529 -0.0013950971078424547 0.0046997561674964224 0.0057196597786500093 0.0034636330780910053 0.0045079743245526422 -0.0022627600534056839 0.00045300729711298987 -0.0014250673125826231 0.0065287490874262792 0.00074160431656215733 -0.0023569385657406638 0.00066423929864157963 0.0095272216903201003
leaf_weight=788 66 952 199 3177 249 6685 52555 844 526 630 1175 5209 3148 1557 51 174467 11598 1266 70 62 94 62 179 1415 759 56 580 858 73 60
leaf_count=788 66 952 199 3177 249 6685 52555 844 526 630 1175 5209 3148 1557 51 174467 11598 1266 70 62 94 62 179 1415 759 56 580 858 73 60
internal_value=1.848e-05 -0.000414015 0.00275727 -0.000605973 -0.00169038 2.60644e-05 0.000130239 -0.000320109 -0.00131011 -0.000767289 -5.28122e-06 0.000354224 0.0008552 0.000261741 0.000831364 -2.53345e-05 0.00023717 -0.000585519 0.000363742 0.000539375 -0.000123154 -0.00020478 -0.000276501 -0.000364835 -0.000816004 0.000479394 0.00125116 -0.00141929 -0.00051738 0.00466258
internal_weight=269410 4643 265 4378 1201 264767 61240 8685 2000 1474 203527 10753 5544 2396 1608 192774 18307 2441 15866 11660 4206 4136 4074 3980 2565 815 636 1750 892 133
internal_count=269410 4643 265 4378 1201 264767 61240 8685 2000 1474 203527 10753 5544 2396 1608 192774 18307 2441 15866 11660 4206 4136 4074 3980 2565 815 636 1750 892 133
is_linear=0
shrinkage=0.05


Tree=117
num_leaves=31
num_cat=0
split_feature=6 7 5 5 2 8 7 8 8 4 7 1 8 4 5 2 2 2 6 8 8 5 2 6 5 1 6 4 8 2
split_gain=0.344187 0.709041 0.537217 0.524052 0.500701 0.845092 0.519649 0.499375 0.675422 0.492392 0.480033 0.848443 0.9869 1.15125 0.930194 1.17517 0.80076 0.709017 0.70446 0.665121 0.62833 1.02022 0.617577 0.528277 0.506843 0.49229 0.478574 0.885544 0.773988 0.638233
threshold=0.62506809901986327 0.015825986897744664 26.099290774959027 18.76197877986878 -0.29919394975115426 0.12783364699157587 0.043054602623442122 0.65210175778263302 0.45982675126958616 -0.99225335413760363 0.016327559054624002 0.022164086290604294 0.4763019474533613 -0.63355011249446469 13.654556564743389 -0.024645537140768444 0.084338468494076571 -0.15264933228715913 1.6949258391604467 0.29241979326276563 0.2177029679116855 27.049180323557731 -0.049175346128585033 0.82289008216108028 43.504843169735551 -0.0063845140381090229 0.76459429255538369 -0.77783010811878517 0.5279297541824578 -0.13749805356586728
decision_type=8 8 10 10 8 10 10 10 8 10 8 10 8 10 10 10 10 10 10 10 10 8 10 10 10 10 8 10 8 8
left_child=1 2 3 -1 5 6 -3 8 -4 -5 11 12 14 23 -2 17 -15 -16 19 24 -19 22 25 -14 -17 -22 27 28 -12 -30
right_child=10 4 7 9 -6 -7 -8 -9 -10 -11 26 -13 13 16 15 18 -18 20 -20 -21 21 -23 -24 -25 -26 -27 -28 -29 29 -31
leaf_value=0.00027500867529525768 -0.0017559285310939339 -0.0022747439549613024 0.00064793236775465902 0.0069529581640381368 9.5878503075949692e-05 -0.0055693945660949592 0.00076575729893477629 0.0023006139976570854 -0.0012646472495485347 0.0022788147989353954 0.0002277817434588794 0.00044770328773760287 -0.0010340460996516201 -0.00037853885330137161 -0.0021321309467992647 -0.00043168938676531923 -0.0025430354343444149 0.00058810879801008634 0.001858810201371003 -0.00014570660547323695 -0.0035007284741359877 0.00020323235916042267 0.0018134708709023871 -0.0036508079430619942 -0.0019968563032191711 0.001173737733759201 5.5055899680455468e-05 -0.00023755057679849558 0.0039070309326191257 0.00077591622449057855
leaf_weight=318 850 247 2217 64 52078 98 326 332 583 471 4572 3909 308 3705 301 787 483 6683 244 1656 422 1966 82 516 1509 65 150650 33292 273 403
leaf_count=318 850 247 2217 64 52078 98 326 332 583 471 4572 3909 308 3705 301 787 483 6683 244 1656 422 1966 82 516 1509 65 150650 33292 273 403
internal_value=1.7556e-05 0.000126976 0.000770074 0.00188249 7.83927e-05 -0.00127873 -0.000544895 0.000467107 0.000249706 0.00283796 -1.16332e-05 -0.000224835 -0.000359123 -0.000964301 -0.000150873 -5.13986e-05 -0.000628169 0.000255889 -0.000748507 -0.000909485 0.000333866 -0.000336393 -0.0022009 -0.0026727 -0.00146036 -0.00287683 1.48336e-05 -0.000142392 0.000461267 0.0020404
internal_weight=269410 56734 3985 853 52749 671 573 3132 2800 535 212676 23486 19577 5012 14565 13715 4188 9519 4196 3952 9218 2535 569 824 2296 487 189190 38540 5248 676
internal_count=269410 56734 3985 853 52749 671 573 3132 2800 535 212676 23486 19577 5012 14565 13715 4188 9519 4196 3952 9218 2535 569 824 2296 487 189190 38540 5248 676
is_linear=0
shrinkage=0.05


Tree=118
num_leaves=31
num_cat=0
split_feature=8 2 1 0 5 8 2 1 6 1 5 2 5 8 6 6 0 8 9 7 5 7 1 5 2 7 0 6 2 5
split_gain=0.338817 0.705127 0.873871 1.00512 0.991917 0.736447 0.653688 0.739531 0.651945 0.553954 0.526711 0.638107 0.49535 0.48875 0.466754 0.600893 0.426327 0.754432 0.476496 0.466145 0.419768 0.407792 0.446321 0.442682 0.387661 0.353446 0.439718 0.345244 0.429669 0.779116
threshold=0.89904761733514771 0.32268664290448762 0.2068991669203544 -0.0068722899911839988 73.138336581420717 0.92707669363633938 0.46454772059302524 0.17857975875780266 2.4440655663061612 0.047317306650904618 72.636242482043727 0.5317431461326293 51.474543740160591 0.98548752424217623 0.77138318546841 1.228362115022344 0.059174224623200218 0.91231343233938167 1.0000000180025095e-35 0.052946406917865098 79.261974704181185 0.058752616110890658 0.15147380262110979 74.584855952004844 0.42303513137429588 0.045942379692413306 0.11807879403993272 1.042067946529267 0.14689145610645607 57.423902378793336
decision_type=10 10 10 10 10 10 10 10 10 8 10 10 10 10 10 10 10 10 2 10 10 10 10 10 10 10 10 10 10 10
left_child=-1 12 3 4 -3 9 21 10 16 -5 -8 -12 -2 25 -11 -16 17 -4 20 -18 -19 22 -7 -24 -6 -10 -27 28 -14 -30
right_child=1 2 8 5 24 6 7 -9 13 14 11 -13 27 -15 15 -17 19 18 -20 -21 -22 -23 23 -25 -26 26 -28 -29 29 -31
leaf_value=2.7923038621763899e-05 0.0029594659533662103 0.010715211980510503 -0.0052675394528214677 0.0019460372902426006 0.0054386636570972558 0.0016965614277766961 0.0061394155778841985 0.0074747059208510273 0.0030457169054916092 -0.0061652754356535822 0.0041904254945718577 -0.0010878209234059058 -0.0017285115875279756 0.0041543811646988617 0.0012455369546336848 -0.0033598689431943401 -0.0053011065093053894 0.0022544970113917121 0.0037735021949952675 -0.0014331001895091808 -0.0027835607678528031 -0.0035220179616947452 0.0027871814410330032 -0.0026752047036151293 -0.00049054837436415257 0.0013242334090903694 -0.0051210767521776938 -0.00030724846726504896 -0.0048161863615295217 -0.00013188825880451106
leaf_weight=258994 102 50 63 121 51 477 61 77 51 56 93 149 1167 96 135 149 126 70 90 204 101 57 51 136 60 51 55 5069 95 1353
leaf_count=258994 102 50 63 121 51 477 61 77 51 56 93 149 1167 96 135 149 126 70 90 204 101 57 51 136 60 51 55 5069 95 1353
internal_value=1.66782e-05 -0.000262924 0.000444912 0.00110618 0.0048677 0.000718468 0.00142098 0.00309916 -0.000811276 -0.000959345 0.00198722 0.000940596 -0.000502021 0.00134399 -0.00199332 -0.00117068 -0.00164504 -0.000356681 0.000828699 -0.00290998 -0.000721198 0.000536509 0.000884907 -0.00118546 0.00223368 -0.00037447 -0.00202003 -0.00054797 -0.00101459 -0.000439214
internal_weight=269410 10416 2630 1723 161 1562 1101 380 907 461 303 242 7786 253 340 284 654 324 261 330 171 721 664 187 111 157 106 7684 2615 1448
internal_count=269410 10416 2630 1723 161 1562 1101 380 907 461 303 242 7786 253 340 284 654 324 261 330 171 721 664 187 111 157 106 7684 2615 1448
is_linear=0
shrinkage=0.05


Tree=119
num_leaves=31
num_cat=0
split_feature=0 4 7 6 6 0 1 5 3 6 5 7 0 6 4 6 4 4 7 7 5 6 0 3 9 4 7 7 7 0
split_gain=0.314586 1.01692 1.00864 0.69528 0.413177 0.328711 0.324562 1.00146 1.34809 1.33892 0.61289 0.35367 0.687423 0.322526 0.319197 0.305058 0.734249 0.521417 0.707568 0.680358 0.827965 1.17135 0.744145 0.795426 0.696126 0.98247 0.70661 0.738564 0.835892 0.660634
threshold=0.089574882243653522 -0.091872161653097195 0.040701661468941046 1.8345948309903883 1.6505494143082171 0.11807879403993272 0.26006599770700684 72.636242482043727 1.0000000180025095e-35 4.1205965995928295 79.261974704181185 0.047742006227164728 0.15039605358095179 1.7737832070643782 -0.28731303670844915 1.253007325915507 -0.71362793478028175 0.83884699754025072 0.024104969265588898 0.033123585838905116 69.208938858797325 1.3480971060625997 -0.0068722899911839988 1.0000000180025095e-35 1.0000000180025095e-35 0.94042340005163061 0.042130702872240168 0.050417968496791338 0.046375553000835915 -0.032696969171048855
decision_type=8 8 10 8 10 10 10 8 2 8 10 8 10 10 10 8 8 8 10 10 10 10 10 2 2 10 10 10 10 10
left_child=15 2 -2 4 -3 -6 11 -8 9 -9 -11 12 -5 14 -4 -1 -17 18 29 20 -19 -22 23 -23 -21 -26 -27 28 -28 -18
right_child=1 3 13 6 5 -7 7 8 -10 10 -12 -13 -14 -15 -16 16 17 19 -20 24 21 22 -24 -25 25 26 27 -29 -30 -31
leaf_value=-6.4407050321549931e-06 -0.0027408611629101817 -0.0011247442548007996 0.0036033510551787915 -9.3930682760401402e-05 -0.0018991237034273593 -0.0055933048519506761 -0.003713245080221915 0.01152398513188049 -0.00037143393467788485 0.0056603106949478389 -0.0017560883263985699 -0.0009624178391047048 0.0049015833811247595 0.0014684901604141488 0.0084961826098151512 -0.00030504803317404932 -0.0016239331425034948 -6.3565044326708867e-05 0.0005065497940343551 -0.00094849298920815733 0.0028089182846632223 0.0051603237854380328 0.00024068542825784399 0.00012951695748294394 0.0032739313377781864 -0.0010380050544446238 0.00058516098448857317 -0.00060125861134040931 0.0050691789297975208 9.7179898389885758e-05
leaf_weight=203527 66 952 75 1216 147 102 93 59 242 60 52 1382 73 64 60 8685 589 11821 19459 3220 585 165 4003 150 234 1036 265 416 171 10441
leaf_count=203527 66 952 75 1216 147 102 93 59 242 60 52 1382 73 64 60 8685 589 11821 19459 3220 585 165 4003 150 234 1036 265 416 171 10441
internal_value=1.58443e-05 -0.000392161 0.0026155 -0.000574215 -0.00159904 -0.0034124 -0.000186801 0.000974305 0.00202986 0.00542817 0.00221698 -0.000406764 0.000188981 0.00439199 0.00577794 2.29992e-05 0.000120841 0.000191221 0.000325203 6.09592e-06 0.000163009 0.000709272 0.000424814 0.0027647 -0.000485145 0.000217955 -0.000160805 0.000905838 0.0023438 5.27277e-06
internal_weight=269410 4643 265 4378 1201 249 3177 506 413 171 112 2671 1289 199 135 264767 61240 52555 30489 22066 16724 4903 4318 315 5342 2122 1888 852 436 11030
internal_count=269410 4643 265 4378 1201 249 3177 506 413 171 112 2671 1289 199 135 264767 61240 52555 30489 22066 16724 4903 4318 315 5342 2122 1888 852 436 11030
is_linear=0
shrinkage=0.05


Tree=120
num_leaves=31
num_cat=0
split_feature=8 6 7 7 1 7 7 7 0 5 5 5 0 7 7 4 6 6 0 1 0 7 5 7 5 7 4 8 6 4
split_gain=0.415378 0.698311 0.919624 0.852819 0.917727 0.82952 0.96933 1.47635 0.956142 0.928632 1.21901 0.972463 0.890029 0.962321 1.08613 1.10896 1.01622 0.950361 0.842259 0.823889 0.821124 0.80049 0.964951 0.779073 1.91103 1.14928 0.67906 0.772399 0.652154 0.863422
threshold=0.011124157997051442 1.0270328941827052 0.073071248271039071 0.059819200537251725 0.26006599770700684 0.048218597682754084 0.042420322669416401 0.039694704981381605 0.054494406694063253 26.099290774959027 45.229723179479301 34.635167702579885 -0.017025909498571964 0.026396665982416856 0.030206774574356474 0.49436743298584201 0.53852485209868095 0.96930806793349611 0.04413020094962717 0.066761192556678242 0.0049936423561541829 0.079061678468717936 59.711663822382668 0.028624462016337369 45.048183000459765 0.029588326954101025 -0.41411456341770297 0.0041166789392324803 0.59674488698003991 -0.67228494690505902
decision_type=10 8 8 10 10 10 10 10 10 10 10 10 10 10 10 10 10 10 10 10 10 8 10 10 10 10 10 8 10 10
left_child=1 2 5 4 -3 6 7 8 12 -8 11 -11 -1 -14 17 16 -16 23 -12 21 -21 22 -4 -15 -25 -26 27 -7 -13 -30
right_child=-2 3 19 -5 -6 26 9 -9 -10 10 18 28 13 14 15 -17 -18 -19 -20 20 -22 -23 -24 24 25 -27 -28 -29 29 -31
leaf_value=0.0009664331551746477 -2.6783405088218196e-05 -6.0469815902921512e-05 0.0019822453399403737 -0.0017957522612669034 0.0028719090743941386 -0.005016338177113634 -0.0014722531203075556 -0.0016489873404859591 0.0072166711914738143 0.0013078262658179386 0.0011962071320439217 0.0032444100605603802 -0.00055902357356155509 0.00047135979747846317 -0.00092678305404168609 -0.0029418638592379146 0.0012769287152003803 0.0085124931725798752 -0.0051932710322684476 0.00077298288017808425 0.0084894567396601346 0.00032348504279041665 0.0095397715600715454 0.00089529271118482111 0.011435708445052125 0.0023423134676066409 -0.0010552612449349001 0.00093452055405839572 0.012817023937449844 0.0052859699309165424
leaf_weight=4516 236347 14002 182 697 272 58 209 902 52 251 653 188 3265 636 859 277 1338 52 56 58 85 625 55 296 89 57 1852 911 53 135
leaf_count=4516 236347 14002 182 697 272 58 209 902 52 251 653 188 3265 636 859 277 1338 52 56 58 85 625 55 296 89 57 1852 911 53 135
internal_value=-3.68054e-06 0.000163398 0.0003759 -8.7982e-05 -4.5915e-06 0.000287526 0.000446345 0.000298512 0.000452105 0.001627 0.00211184 0.0037179 0.000421209 6.27525e-05 0.000626043 3.94211e-05 0.000415304 0.00191038 0.000691537 0.00184485 0.0053597 0.00126176 0.0037361 0.00159191 0.00320429 0.00788555 -0.000494131 0.000578329 0.00532675 0.00740909
internal_weight=269028 32681 17710 14971 14274 16705 13884 12339 11437 1545 1336 627 11385 6869 3604 2474 2197 1130 709 1005 143 862 237 1078 442 146 2821 969 376 188
internal_count=269028 32681 17710 14971 14274 16705 13884 12339 11437 1545 1336 627 11385 6869 3604 2474 2197 1130 709 1005 143 862 237 1078 442 146 2821 969 376 188
is_linear=0
shrinkage=0.05


Tree=121
num_leaves=31
num_cat=0
split_feature=6 0 7 1 2 7 7 7 2 2 6 2 2 0 4 7 7 4 4 2 7 4 5 4 4 0 6 7 5 4
split_gain=0.415431 0.964331 0.659522 0.752458 0.719912 0.938131 0.708085 0.72402 0.664535 0.609148 0.560063 0.558052 1.78968 0.550352 0.568675 0.495052 0.464303 0.479823 0.505845 0.466571 1.27099 1.04721 2.00558 1.40766 1.59939 1.29272 0.901448 0.783039 0.914119 0.735844
threshold=0.55108286910926607 0.024010049408489612 0.017075607837422558 -0.046588800821655389 0.15080085516008138 0.039236893248547962 0.044028506789199028 0.053672811631288876 -0.24845454019078497 0.09277924207872125 0.4813804502166108 -0.16774193548387098 -0.18948242230727122 -0.00079354584115232097 -0.37387472563994312 0.049245603936570334 0.084054682809110978 0.85193201255003093 0.56585695329037422 0.23999290991948866 0.073071248271039071 0.85193201255003093 65.589279665839854 0.51183061292236742 0.74308898190729644 -0.0096769734319120376 1.0270328941827052 0.036669205911247595 89.350945490958722 0.16578027505997298
decision_type=8 10 8 10 10 10 10 10 10 10 10 10 8 10 10 10 10 10 10 10 10 10 10 10 10 10 10 10 10 10
left_child=1 2 -1 4 5 13 -6 -8 15 -10 -9 12 -3 -4 -15 -7 19 18 -18 -2 27 22 26 25 -25 -24 29 28 -21 -22
right_child=16 11 3 -5 6 8 7 10 9 -11 -12 -13 -14 14 -16 -17 17 -19 -20 20 21 -23 23 24 -26 -27 -28 -29 -30 -31
leaf_value=0.00081326369034633375 -4.140773292275045e-05 0.00049289726962778739 0.00095004235316513148 -0.00013089950607816602 0.0046890619297727983 -0.0044871804820528875 -0.0024503566267524372 0.00034700924595845977 4.8049206076277448e-05 -0.0024930746501712151 0.0047782555016223343 0.0010286951737802327 0.0097973361049662339 -0.00035029326215893725 0.001797613295117756 -0.00052523690336368464 -0.0010944695934290826 0.0023609329944985465 -0.0049530709164754792 0.001050449963136304 0.0062350276513978937 -0.00097892880057499042 0.0054383293844248153 0.00025589747799445044 0.01085206444706553 0.016696092799561576 -0.0030433068975054831 -8.3436521934559366e-05 -0.0023795818569711767 0.00046327505788764083
leaf_weight=3015 218375 146 4399 21340 181 165 114 166 2637 259 125 974 80 1922 367 151 683 86 97 2937 83 201 51 113 52 51 110 9775 208 165
leaf_count=3015 218375 146 4399 21340 181 165 114 166 2637 259 125 974 80 1922 367 151 683 86 97 2937 83 201 51 113 52 51 110 9775 208 165
internal_value=-3.49651e-06 0.000154478 0.00010648 3.95234e-05 0.00038635 0.000285556 0.00208919 0.000927271 -0.00041678 -0.000179213 0.00225047 0.00154808 0.0037865 0.000622861 -5.91506e-06 -0.00259397 -2.79338e-05 -0.00118352 -0.00157432 -2.36225e-05 0.000258921 0.00216041 0.00317002 0.00644974 0.0035953 0.0110672 0.000723977 0.000137355 0.000823599 0.00239495
internal_weight=269028 36041 34841 31826 10486 9900 586 405 3212 2896 291 1200 226 6688 2289 316 232987 866 780 232121 13746 826 625 267 165 102 358 12920 3145 248
internal_count=269028 36041 34841 31826 10486 9900 586 405 3212 2896 291 1200 226 6688 2289 316 232987 866 780 232121 13746 826 625 267 165 102 358 12920 3145 248
is_linear=0
shrinkage=0.05


Tree=122
num_leaves=31
num_cat=0
split_feature=8 2 9 6 6 7 7 2 6 7 5 7 7 5 6 5 8 2 7 2 5 5 7 6 7 0 5 7 2 7
split_gain=0.380583 0.534764 0.899386 0.984212 0.776283 0.767775 2.29458 2.78707 1.69886 0.549994 0.595994 0.487796 0.980722 0.78544 1.43627 0.688199 0.669605 0.615207 0.580668 0.91289 0.554317 0.764915 0.77667 0.839528 0.634405 1.00109 1.42154 0.618566 0.562243 1.92663
threshold=0.76130113397639287 0.3897788632604014 1.0000000180025095e-35 1.6093040268207586 1.6505494143082171 0.084054682809110978 0.075517149084893084 0.46454772059302524 0.86645722660008329 0.046375553000835915 55.586624745675188 0.030983618061388492 0.035759957434919797 51.095700996458042 1.5897696991501069 46.398305074424115 0.82003939512827007 0.46454772059302524 0.042130702872240168 0.074287807193514813 59.928089866327966 76.247475864889722 0.048732584943597293 3.1031203251961537 0.070843092138759015 0.048838080306593652 68.218354287684932 0.055933224678610928 0.3897788632604014 0.052306130992699713
decision_type=10 10 2 10 10 10 10 10 10 10 10 10 10 10 10 10 10 10 10 10 10 10 10 10 10 8 10 10 10 10
left_child=1 -1 4 -4 5 6 9 -8 -9 -3 -11 -2 15 14 -14 -13 -15 -17 -18 -20 -21 24 23 -23 27 26 -26 28 -22 -30
right_child=11 2 3 -5 -6 -7 7 8 -10 10 -12 12 13 16 -16 17 18 -19 19 20 21 22 -24 -25 25 -27 -28 -29 29 -31
leaf_value=1.2975899475213869e-05 -0.00037585664404754028 0.0036269902853139991 0.0010110768754358261 0.0081605071837411221 -0.003124869021468921 -0.0017792377962016531 0.016417351057045348 -0.0025805075177534795 0.0084819575229576269 0.0044277827786688238 -0.00067276873908328515 -0.0033913500593450753 0.00078878529213492364 -0.0008591156880724479 0.0094824078232027126 0.00066299690264799921 -0.00060543822836049135 0.005087817978346721 0.0031062781716263651 -0.0011752166866672103 0.00061731681458638394 0.00027340141214490695 -0.0011874549148407027 0.0059553319738208229 0.00032456958541405147 -0.00051687051457887951 0.011226602342090946 -0.00061844927273339281 0.00049995884057540388 0.0083055803603069352
leaf_weight=234027 14771 108 111 85 134 221 51 72 67 63 630 103 694 3675 51 4347 3307 80 261 762 1937 594 1361 73 54 94 67 837 281 110
leaf_count=234027 14771 108 111 85 134 221 51 72 67 63 630 103 694 3675 51 4347 3307 80 261 762 1937 594 1361 73 54 94 67 837 281 110
internal_value=-3.32168e-06 1.9091e-05 0.000947165 0.0041116 0.000486372 0.000885634 0.00147992 0.00641989 0.00275176 0.000308141 -0.000209082 -0.000161119 8.61047e-06 -0.000196274 0.00138392 0.000648955 -0.000284043 0.000742958 -6.7018e-05 0.000209853 8.73298e-05 0.000265226 -0.000502459 0.000895262 0.000725836 0.00335406 0.00636123 0.000547299 0.000966428 0.00269591
internal_weight=269028 235569 1542 196 1346 1212 991 190 139 801 693 33459 18688 14158 745 4530 13413 4427 9738 6431 6170 5408 2028 667 3380 215 121 3165 2328 391
internal_count=269028 235569 1542 196 1346 1212 991 190 139 801 693 33459 18688 14158 745 4530 13413 4427 9738 6431 6170 5408 2028 667 3380 215 121 3165 2328 391
is_linear=0
shrinkage=0.05


Tree=123
num_leaves=31
num_cat=0
split_feature=6 4 8 6 2 2 4 1 4 1 1 5 2 6 4 1 8 8 2 5 4 4 1 2 5 8 1 2 8 5
split_gain=0.373009 0.513106 0.459401 0.820818 0.903284 1.27246 1.07618 1.10148 1.13316 0.810434 0.993966 0.698409 0.704991 0.670734 0.875963 0.899115 0.815141 0.653572 0.691568 0.642968 0.546888 0.512297 0.659686 0.627586 0.510574 0.707736 0.476229 0.451796 0.765339 0.70272
threshold=0.55108286910926607 -0.78563246780086693 0.011124157997051442 1.0270328941827052 0.3897788632604014 0.17480451732844984 0.55687220843679142 0.077482595617676245 0.82609845294226092 -0.045886549553394378 0.013960035319921739 56.214217423369426 0.24887111530462872 1.1035764293596644 -0.71362793478028175 -0.031382048643769304 0.16075021778074713 0.36455017861569655 -0.083751673781814459 86.352263577446465 1.4264144945704402 0.74308898190729644 -0.011958454686946283 -0.0088701955150441974 26.439040657847737 0.43403797806748301 -0.1224650807998877 -0.10850160730437557 0.41751121188715407 24.768242559201592
decision_type=8 8 10 8 8 10 10 10 10 10 10 10 10 10 10 10 10 10 10 10 10 10 10 10 10 10 10 8 10 10
left_child=1 -1 3 4 5 -2 9 -8 -9 -6 -11 12 -7 -4 16 -16 -15 -18 24 20 -5 22 -17 -23 25 -19 -20 28 -3 -30
right_child=2 27 13 19 6 11 7 8 -10 10 -12 -13 -14 14 15 21 17 18 26 -21 -22 23 -24 -25 -26 -27 -28 -29 29 -31
leaf_value=0.00064093179883258067 0.00053703515637415218 -0.000363119555911563 -0.00011894934350497622 -8.9608958195886758e-05 0.00030243947340006182 -0.0010750514705518178 -0.0047699168667977706 0.0082756686666659238 -0.00057601696122825774 0.012950480390393822 0.0042494923130035524 -0.0020843024398823646 0.0047946184207742076 -6.5697717523292089e-05 0.00069921055082338649 -0.0003476775065517321 -0.0016608053462177461 0.0020625329522442992 0.0034477745981088708 -0.004864643339200744 0.0031927618545978479 0.0016246475825684292 0.00028782417260476512 -0.00014954282359026696 0.0025093302768193926 -0.0055799912333626446 -0.001321755302256861 0.00018789308035470971 0.0070493406771371774 0.0010056602542228823
leaf_weight=4581 11100 7797 132615 14773 55 136 71 58 96 52 89 746 82 7079 6440 4751 1784 69 56 70 128 510 29070 21990 313 54 800 23169 54 440
leaf_count=4581 11100 7797 132615 14773 55 136 71 58 96 52 89 746 82 7079 6440 4751 1784 69 56 70 128 510 29070 21990 313 54 800 23169 54 440
internal_value=-3.1556e-06 0.000146536 -2.63116e-05 0.000165785 0.000465154 0.000385706 0.00274178 0.000382342 0.00275773 0.00545033 0.00745837 -0.00135678 0.00113281 -5.1973e-05 6.98394e-05 0.00013955 -0.000360991 -0.00104057 -0.000184143 -8.38718e-05 -6.14133e-05 7.55554e-05 0.000198552 -0.000109328 0.00143673 -0.00129272 -0.00100973 7.45457e-05 -0.000242201 0.00166631
internal_weight=269028 36041 232987 27456 12485 12064 421 225 154 196 141 964 218 205531 72916 62761 10155 3076 1292 14971 14901 56321 33821 22500 436 123 856 31460 8291 494
internal_count=269028 36041 232987 27456 12485 12064 421 225 154 196 141 964 218 205531 72916 62761 10155 3076 1292 14971 14901 56321 33821 22500 436 123 856 31460 8291 494
is_linear=0
shrinkage=0.05


Tree=124
num_leaves=31
num_cat=0
split_feature=3 8 2 5 7 2 7 7 7 2 8 4 5 5 8 4 4 5 7 8 7 7 4 2 4 0 4 0 5 5
split_gain=0.348446 0.699664 1.00994 0.914076 0.867804 1.09803 0.699413 1.04917 0.64784 1.45644 1.7276 1.54474 1.35157 1.10289 1.12081 1.11054 1.0712 0.866401 0.749007 0.671222 1.31689 0.949195 0.78592 0.759205 0.851002 1.36442 0.867882 0.666236 0.662998 0.617188
threshold=1.0000000180025095e-35 0.78756700837013283 0.063182897862232759 76.882066305004102 0.06361128722715019 0.46454772059302524 0.045942379692413306 0.038753739887981066 0.043054602623442122 0.25839402339364265 0.39252336366058183 1.5441925810724568 68.218354287684932 66.705135707503814 0.50659383237964506 -0.18263252436617203 0.5843916806097863 63.821138200031818 0.084054682809110978 0.36842105117728546 0.038753739887981066 0.041827604897578967 -0.37387472563994312 0.12520391734195571 0.2646784276949064 0.0097301672739283935 1.0000000180025095e-35 0.037228874289992782 54.027952861603573 86.352263577446465
decision_type=2 10 10 10 10 10 10 10 10 10 8 10 10 10 8 10 10 10 10 10 8 10 10 10 10 10 10 10 10 10
left_child=1 2 3 -1 5 -3 7 29 17 -10 -11 12 13 14 -12 -16 -15 19 27 -4 22 23 -21 -22 26 -26 -25 28 -17 -5
right_child=-2 4 8 6 -6 -7 -8 -9 9 10 11 -13 -14 16 15 18 -18 -19 -20 20 21 -23 -24 24 25 -27 -28 -29 -30 -31
leaf_value=-1.3916623961913813e-05 -0.00011352163932300706 -0.00068419179131633397 0.0012741630775893074 0.0018533408203889271 0.0041990436537693559 -0.0076230742775931434 -0.0021668902473174971 0.006730113870464266 -0.0004620256568979505 0.0099294026576293021 -0.0054332838437905345 0.0088960351944290875 -0.0008421348797585165 0.011902186640437839 0.0075167829305619787 0.006325847073572268 0.0018856245758278028 0.00014865376066125569 -0.0027864679859191614 -0.0028415496091078532 0.00191125194558933 -0.00058331785674133301 0.00026634493354765813 0.0044636148283732869 -0.00223854724845296 0.008126839376719935 0.013733851575758307 -0.00090991268220282767 0.0017870868346439993 -0.0020069389941636475
leaf_weight=180074 56370 3351 4284 755 89 58 120 100 5878 54 58 58 860 51 76 102 56 10350 103 213 346 204 4521 51 64 63 50 168 381 120
leaf_count=180074 56370 3351 4284 755 89 58 120 100 5878 54 58 58 860 51 76 102 56 10350 103 213 346 204 4521 51 64 63 50 168 381 120
internal_value=-2.99782e-06 2.62991e-05 3.80277e-05 -5.15871e-06 -0.000675 -0.000802248 0.00143509 0.00187841 0.000317547 -6.79246e-05 0.00110977 0.000860811 0.000609574 0.00186432 0.00128648 0.00175605 0.00665987 0.000467653 0.00117539 0.000804692 0.000439814 0.00234622 0.000126509 0.00338738 0.00562746 0.00290334 0.00905284 0.00180223 0.00274558 0.00132393
internal_weight=269028 212658 209160 181169 3498 3409 1095 975 27991 7845 1967 1913 1855 995 888 830 107 20146 754 9796 5512 778 4734 574 228 127 101 651 483 875
internal_count=269028 212658 209160 181169 3498 3409 1095 975 27991 7845 1967 1913 1855 995 888 830 107 20146 754 9796 5512 778 4734 574 228 127 101 651 483 875
is_linear=0
shrinkage=0.05


Tree=125
num_leaves=31
num_cat=0
split_feature=1 4 7 7 7 8 0 0 8 4 4 8 4 0 4 0 0 7 7 6 0 8 6 6 4 1 7 8 8 0
split_gain=0.287406 1.03921 0.758871 1.00027 0.954908 0.582801 1.04534 1.14529 0.9778 1.1485 0.650095 0.598584 0.859264 0.592276 0.578667 0.751846 0.827007 0.740131 0.811981 0.63809 1.43571 0.573165 0.584719 0.520591 0.493012 0.47201 0.468588 0.644979 0.466718 0.459699
threshold=0.054286838260087629 -0.42105923336609474 0.030087733250814895 0.029711263176090508 0.031666770218745262 0.32944221471637353 -0.010434782608695624 0.056741931854283674 0.15783037525820851 0.17498659047189266 -0.240047222390287 0.95132488019122674 0.78967278041982381 -0.0083869749076860827 0.74308898190729644 0.15039605358095179 0.064879818699374772 0.02791324903461662 0.027563969432362691 0.7115958772845371 0.0086040983781371389 0.23809523601662891 2.6997656663647489 0.65879401770354085 -0.51708818195280837 0.066761192556678242 0.030454395172624913 0.87986479227732606 0.78243504923787188 0.033538536309326579
decision_type=10 8 8 10 10 8 10 10 10 10 10 10 10 10 10 10 10 8 10 10 10 10 10 10 10 10 10 8 10 10
left_child=14 24 3 21 -4 6 -6 8 9 -8 -7 -12 -13 -10 15 16 -1 18 19 20 23 22 -3 -16 25 -2 -19 -28 -18 -5
right_child=1 2 4 29 5 10 7 -9 13 -11 11 12 -14 -15 17 -17 28 26 -20 -21 -22 -23 -24 -25 -26 -27 27 -29 -30 -31
leaf_value=-2.2697912764365179e-05 0.003105582893847234 -0.00058758631596333391 -0.00075958978063495758 0.0032882851039603362 -0.00090660842613995019 -0.0024631288656435739 0.00040845600602171001 -0.00097840517616906426 0.0064947134319970528 -0.0066175331764056211 -9.9055685832476822e-05 0.0043817658022888206 0.00050216872993959379 0.0017222620594611747 -0.0021952908712430537 -0.0043704177535167253 0.0011308999656682106 -0.0024770801985545808 0.0043787580492678493 -0.00032583287988541314 0.0087240970227867361 0.00041834506793483661 0.0042249680136760273 0.0034511874469127647 0.003984770804538719 -0.003606757057830692 -0.0015564771456772007 0.00034356001227557435 -0.0011866650963938772 0.00029359996007327497
leaf_weight=211190 55 2177 4185 417 906 275 344 591 67 70 20723 154 1949 2189 107 99 2203 540 98 5309 64 12847 65 66 253 50 1129 739 241 185
leaf_count=211190 55 2177 4185 417 906 275 344 591 67 70 20723 154 1949 2189 107 99 2203 540 98 5309 64 12847 65 66 253 50 1129 739 241 185
internal_value=-5.90413e-06 0.00010571 8.53308e-05 0.000369349 -5.63578e-05 5.15719e-05 0.000595833 0.00101325 0.0014541 -0.000779513 -4.66029e-05 -1.74894e-05 0.000786267 0.001864 -2.98098e-05 -1.41338e-05 -1.2115e-05 -0.000445914 -0.000132797 -0.000212518 0.00232584 0.00028961 -0.000448061 -4.11431e-05 0.00278943 -9.07695e-05 -0.00117982 -0.000804803 0.000902368 0.00236799
internal_weight=269287 47502 47144 15691 31453 27268 4167 3261 2670 414 23101 22826 2103 2256 221785 213733 213634 8052 5644 5546 237 15089 2242 173 358 105 2408 1868 2444 602
internal_count=269287 47502 47144 15691 31453 27268 4167 3261 2670 414 23101 22826 2103 2256 221785 213733 213634 8052 5644 5546 237 15089 2242 173 358 105 2408 1868 2444 602
is_linear=0
shrinkage=0.05


Tree=126
num_leaves=31
num_cat=0
split_feature=2 4 7 5 3 7 1 1 5 6 7 7 4 2 7 2 2 4 7 5 2 5 1 1 4 9 9 7 6 5
split_gain=0.436062 0.745516 0.576427 1.01597 0.718831 0.757682 0.757866 0.672111 0.515078 0.684678 2.1644 0.671379 1.06147 0.937304 0.624462 0.861326 0.753293 0.847983 0.510886 1.38282 0.65306 0.506392 0.690025 0.953831 0.46841 0.766244 0.662192 0.717759 0.969516 0.705671
threshold=0.24887111530462872 0.051849484352188384 0.040174863921194688 70.622972347479006 1.0000000180025095e-35 0.039694704981381605 -0.013571211551260119 0.027432957758231517 89.350945490958722 2.6997656663647489 0.028862404659885408 0.032677986316878328 1.0620545557555838 0.30648267736161167 0.036669205911247595 0.2688814819575725 0.29362218294380887 1.1173375469307762 0.068895718469190556 54.995216471685168 0.12809340207289702 49.112425994818118 -0.051973141121421311 -0.083475550740549784 0.83884699754025072 1.0000000180025095e-35 1.0000000180025095e-35 0.052946406917865098 1.9032115473160072 68.218354287684932
decision_type=10 10 10 10 2 10 10 10 10 10 10 10 10 10 10 10 10 10 10 8 10 10 10 10 10 2 2 10 10 10
left_child=18 21 3 4 -3 6 -6 -8 9 11 -11 12 -5 -14 16 -16 -13 -18 -1 -20 -21 22 23 -2 25 -4 27 -26 29 -29
right_child=1 2 24 8 5 -7 7 -9 -10 10 -12 14 13 -15 15 -17 17 -19 19 20 -22 -23 -24 -25 26 -27 -28 28 -30 -31
leaf_value=-1.1671407094412741e-05 0.0026410999209423303 0.0041933944932186825 0.00017193847338712432 -0.0015545807862426513 -0.0021667069934588347 0.0064996989873179704 0.0042999264718504458 0.00066213141841161042 -0.0019374582986200163 0.012225838919170201 0.00033396825941059557 -0.00028138635920301554 -6.5394548610562379e-05 0.0066875353410506266 0.0048752322545823684 -0.00089967300928119097 0.0041084325494154346 -0.0014388836049225315 -0.00010373483385120361 -0.001295072301234706 -0.0041604117685593196 0.0004440142250369794 0.001064934579849721 0.011505501547758028 -0.0021522936083881307 0.0040660271340306102 0.00018726805401529968 -0.002172044702520064 -0.002870219604014174 0.0019253835068938055
leaf_weight=250910 71 273 6096 862 166 64 172 485 257 50 163 252 147 79 73 559 383 84 3220 528 319 203 116 53 896 129 1861 137 228 451
leaf_count=250910 71 273 6096 862 166 64 172 485 257 50 163 252 147 79 73 559 383 84 3220 528 319 203 116 53 896 129 1861 137 228 451
internal_value=-5.60892e-06 0.000262967 0.000198463 0.0006987 0.00194985 0.00125933 0.00085182 0.00161449 0.000199788 0.000406905 0.00312549 0.000169489 -0.000754914 0.00229514 0.000913937 -0.000232635 0.00192177 0.00311063 -2.06821e-05 -0.000576591 -0.00237423 0.00228212 0.00383684 0.00642992 -9.28016e-06 0.000252635 -0.000465598 -0.00117528 -0.00010249 0.000970711
internal_weight=269287 14310 13867 4069 1160 887 823 657 2909 2652 213 2439 1088 226 1351 632 719 467 254977 4067 847 443 240 124 9798 6225 3573 1712 816 588
internal_count=269287 14310 13867 4069 1160 887 823 657 2909 2652 213 2439 1088 226 1351 632 719 467 254977 4067 847 443 240 124 9798 6225 3573 1712 816 588
is_linear=0
shrinkage=0.05


Tree=127
num_leaves=31
num_cat=0
split_feature=2 4 7 5 0 7 7 0 0 1 5 6 7 7 1 7 2 2 4 0 7 5 2 2 7 7 6 5 4 5
split_gain=0.393546 0.672828 0.520226 0.916912 0.746239 0.483829 0.651437 0.557541 0.709777 0.799424 0.464857 0.617922 1.95337 0.605919 0.981024 0.563577 0.777346 0.679847 0.765304 0.632698 0.461075 1.24799 0.592304 0.457481 0.423868 0.964656 0.877588 0.811824 1.07279 1.06374
threshold=0.24887111530462872 0.051849484352188384 0.040174863921194688 70.622972347479006 0.059174224623200218 0.049831260130964027 0.058752616110890658 0.0020194006943634606 -0.017608273336723709 -0.11447863701864362 89.350945490958722 2.6997656663647489 0.028862404659885408 0.032677986316878328 0.17857975875780266 0.036669205911247595 0.2688814819575725 0.29362218294380887 1.1173375469307762 0.03527687718704265 0.068895718469190556 54.995216471685168 0.10437241159604972 0.32268664290448762 0.070843092138759015 0.084054682809110978 0.86253754602745858 65.589279665839854 1.0889217266561968 81.358519548871314
decision_type=10 10 10 10 10 10 10 10 10 10 10 10 10 10 10 10 10 10 10 10 10 10 10 10 10 10 10 10 10 10
left_child=20 5 3 4 -3 -2 -7 8 9 -8 11 13 -13 14 -5 17 -17 -15 19 -19 -1 -22 -23 -14 -4 27 -27 -26 29 -29
right_child=1 2 24 10 -6 6 7 -9 -10 -11 -12 12 23 15 -16 16 -18 18 -20 -21 21 22 -24 -25 25 26 -28 28 -30 -31
leaf_value=-1.1087837962755538e-05 -0.002266975237634378 0.0014398284194657726 -0.00014902317007187095 -0.0011372784654603168 0.0057509360805590142 0.0076716652091598572 0.0067258796737795432 -0.00092309896833679553 0.0086342273829504851 -0.00059073422723616075 -0.0018405854051066599 0.011614546795142816 -0.0017852155920118095 -0.0002673170815551347 0.0046485434303979714 0.0046314706333772581 -0.00085468935855498849 0.0027521808724047555 -0.0013669394287197587 0.007491620622264843 -9.8548097662557057e-05 -0.0010937986181560973 -0.0037603938192233878 0.0036545484942348953 -2.7197347553964833e-05 0.0016801473949473328 -0.0031748784043356282 0.0045577312682409431 -0.001618056357766076 -0.0022878937523525497
leaf_weight=250910 54 1049 8291 1009 111 58 56 113 50 112 257 50 100 252 79 73 559 290 84 93 3220 478 369 63 481 149 248 447 117 65
leaf_count=250910 54 1049 8291 1009 111 58 56 113 50 112 257 50 100 252 79 73 559 290 84 93 3220 478 369 63 481 149 248 447 117 65
internal_value=-5.32847e-06 0.000249819 0.00018854 0.000663765 0.00185236 0.00216801 0.00278366 0.00192715 0.00340458 0.00184814 0.000189799 0.000386559 0.00296921 0.000161014 -0.000717168 0.00086824 -0.000221003 0.00182568 0.0029551 0.00390301 -1.9648e-05 -0.000547761 -0.00225551 0.00031727 -8.81616e-06 0.000762555 -0.00135272 0.0015191 0.00270156 0.00368866
internal_weight=269287 14310 13867 4069 1160 443 389 331 218 168 2909 2652 213 2439 1088 1351 632 719 467 383 254977 4067 847 163 9798 1507 397 1110 629 512
internal_count=269287 14310 13867 4069 1160 443 389 331 218 168 2909 2652 213 2439 1088 1351 632 719 467 383 254977 4067 847 163 9798 1507 397 1110 629 512
is_linear=0
shrinkage=0.05


Tree=128
num_leaves=31
num_cat=0
split_feature=0 7 6 1 7 5 5 7 7 7 1 6 4 5 4 1 5 1 1 4 5 6 7 7 7 0 5 6 5 0
split_gain=0.284277 0.511072 0.742966 0.746751 0.638297 0.5103 0.606869 0.486396 0.693595 0.753285 0.48362 0.464238 0.332 0.406439 0.456154 0.42961 0.373356 0.35215 0.322021 0.823594 0.788017 0.784737 0.794642 0.834494 0.643678 0.564215 0.567983 1.25788 1.06996 0.594661
threshold=-0.062339272320136634 0.045550372314020794 1.7737832070643782 0.043139448846459046 0.04336510981720245 62.393883041702011 27.617602425476409 0.03503896545610883 0.030087733250814895 0.032390809754010451 -0.074781837161467732 0.87776125432104735 -1.4263930892379502 40.735411799272448 -1.1779966872946057 -0.088746941272430643 32.802547756075285 -0.13278317838299639 0.053007751304393287 -0.42105923336609474 34.41083267532246 0.54273377100787001 0.04516356898295245 0.038330976880495846 0.021465416459827472 -0.018883496768789473 72.193383674602458 0.84794815975670168 74.079952285585975 0.04154046774269083
decision_type=8 8 10 10 10 10 10 10 10 10 10 10 10 10 10 10 10 10 10 8 8 10 10 10 8 10 10 8 10 10
left_child=1 2 3 4 5 6 7 8 -1 -10 -8 -12 16 14 -14 -15 -4 -16 -2 21 -21 -20 23 -23 25 -22 -27 -28 -29 -30
right_child=18 -3 12 -5 -6 -7 10 -9 9 -11 11 -13 13 15 17 -17 -18 -19 19 20 24 22 -24 -25 -26 26 27 28 29 -31
leaf_value=0.0016690196769443303 -3.9119760304411696e-05 -8.7072344461946186e-05 0.0026416870171561413 -0.0032952611400734314 0.004168970513696137 0.0061865539691757926 -0.00067799451432091519 0.00031024119474031865 0.010041309690999353 0.0027304521314767448 0.0052689381546640237 0.00090134927828369672 -6.2819006409318683e-05 0.0045895022386685013 -0.006612501849285456 -0.00024408369313667729 -0.0023045475161634385 -0.0021488999262642625 -0.0033181130976813358 -0.0012393286857770138 0.004491205617170973 0.0031953695647911557 0.00091922364445719469 0.010791912981117743 6.0080812957535309e-05 0.00024232944924326016 0.0080147704119387427 0.0051022432743315117 -2.2084043564155668e-05 0.0035598053600337798
leaf_weight=188 215072 3405 161 81 215 51 511 162 69 72 70 465 210 55 59 280 50 176 51 1096 97 102 164 56 42479 2753 71 147 783 136
leaf_count=188 215072 3405 161 81 215 51 511 162 69 72 70 465 210 55 59 280 50 176 51 1096 97 102 164 56 42479 2753 71 147 783 136
internal_value=-5.06205e-06 0.000327396 0.000818271 0.00140122 0.00161221 0.00126605 0.00110278 0.00255291 0.0036572 0.00630811 0.000422082 0.00147281 -0.000289982 -0.00076597 -0.00175626 0.00054949 0.00146959 -0.00326955 -1.30004e-05 0.000104191 8.58368e-05 0.00244451 0.00335723 0.00588782 0.000117094 0.00072453 0.000630605 0.00157073 0.00114153 0.000507989
internal_weight=269287 6280 2875 1884 1803 1588 1537 491 329 141 1046 535 991 780 445 335 211 235 263007 47935 47562 373 322 158 46466 3987 3890 1137 1066 919
internal_count=269287 6280 2875 1884 1803 1588 1537 491 329 141 1046 535 991 780 445 335 211 235 263007 47935 47562 373 322 158 46466 3987 3890 1137 1066 919
is_linear=0
shrinkage=0.05


Tree=129
num_leaves=31
num_cat=0
split_feature=2 8 1 4 7 2 2 8 8 6 1 7 4 8 4 6 9 4 8 7 8 4 1 7 8 6 1 8 6 6
split_gain=0.350829 0.97246 0.848538 0.656788 0.412646 0.997342 0.389006 0.721312 0.504883 0.528523 0.549199 0.487908 0.870622 0.594237 0.878653 0.383775 0.376715 0.600524 0.75088 0.683743 0.599657 0.718417 0.730434 0.710297 0.581773 0.579148 0.696077 0.743044 0.577317 0.704059
threshold=0.24887111530462872 0.40489359352560911 0.0083053923607457909 -0.26383113010512238 0.068895718469190556 0.10668881640329421 -0.1763616358492183 0.60682228875209776 0.69016439974999833 0.67846876292485037 -0.070068077206283316 0.073071248271039071 0.091279182578036591 0.47214763640315688 -0.47951290906693039 1.4582995398390131 1.0000000180025095e-35 0.83884699754025072 0.91231343233938167 0.070843092138759015 0.87359775149466901 1.0166187260216664 0.075422496016705157 0.040435130959160917 0.85517241207292927 1.8345948309903883 0.26006599770700684 0.71509932806643828 1.3480971060625997 1.3701567292387469
decision_type=10 8 10 10 10 10 10 8 8 10 10 10 10 8 10 10 2 10 10 10 10 10 10 10 8 10 10 10 10 10
left_child=4 2 -2 -3 -1 6 -6 11 -9 -10 -11 12 13 14 -8 -13 17 28 -19 -20 21 22 -18 -24 -25 26 27 -23 -5 -30
right_child=1 3 -4 16 5 -7 7 8 9 10 -12 15 -14 -15 -16 -17 20 18 19 -21 -22 25 23 24 -26 -27 -28 -29 29 -31
leaf_value=-1.0230871133196573e-05 0.0083400527819963727 0.005023066248478634 0.0010238943896011302 7.1580713105716366e-05 -0.00055890965865331159 -0.0021265532906505394 0.007004716607598523 -0.0042382790020561402 -0.0024885358151709464 0.005269684614971854 -0.00029814368844193091 -0.00023384339241507501 0.0086506225401535627 -0.0018723830264300492 1.1100667340562065e-05 0.0033450641253116916 -0.00073643671021272894 -0.0012182299305042864 0.00024903749381769498 0.0062857804596424113 0.00018467305418858713 0.0025586662985384468 0.0089725203073878837 -0.00065250730740131239 0.0063992909810868864 0.0018674890557011771 -0.0059644855836635102 -0.0041728625561637412 0.0058755896663149967 0.00094947530690814427
leaf_weight=250910 68 70 95 7243 2052 779 86 97 143 65 139 385 56 78 94 93 64 1762 758 50 2167 125 82 58 59 478 57 61 78 1035
leaf_count=250910 68 70 95 7243 2052 779 86 97 143 65 139 385 56 78 94 93 64 1762 758 50 2167 125 82 58 59 478 57 61 78 1035
internal_value=-4.80895e-06 0.000236093 0.00407603 0.00019185 -1.8329e-05 -0.000517938 -0.000136822 0.000563927 -0.00104929 -0.000157848 0.00147592 0.00146831 0.00299948 0.00177288 0.00335249 0.000462471 0.000167826 2.89219e-05 -0.000639479 0.000622598 0.000649472 0.00167307 0.00390999 0.00540432 0.00290353 0.000857105 -0.0011304 0.000351014 0.000234498 0.0012947
internal_weight=269287 14310 163 14147 254977 4067 3288 1236 444 347 204 792 314 258 180 478 14077 10926 2570 808 3151 984 263 199 117 721 243 186 8356 1113
internal_count=269287 14310 163 14147 254977 4067 3288 1236 444 347 204 792 314 258 180 478 14077 10926 2570 808 3151 984 263 199 117 721 243 186 8356 1113
is_linear=0
shrinkage=0.05


Tree=130
num_leaves=31
num_cat=0
split_feature=6 5 7 7 0 4 0 0 2 2 7 6 7 4 0 7 3 5 5 4 2 2 2 7 5 5 2 2 7 7
split_gain=0.322708 0.527996 0.775541 0.771768 0.941291 0.76472 0.732379 0.709209 0.796757 0.644558 1.11342 0.672828 0.523564 0.550922 0.522076 0.472663 1.08283 1.75127 0.995511 0.852793 1.31112 0.979007 0.927757 1.27245 0.925743 0.706422 1.08524 0.799334 0.697959 0.931089
threshold=1.5043727894306957 32.802547756075285 0.012621321768486548 0.04336510981720245 -0.07805826330971298 -0.26383113010512238 0.021426348320916725 0.04036654509629601 -0.24067840387544062 -0.030635685929077058 0.025832622043519066 0.57828628043297392 0.047742006227164728 -0.51077124340055446 0.068097587217287772 0.038753739887981066 1.0000000180025095e-35 89.350945490958722 66.705135707503814 0.60248127982763122 0.23999290991948866 0.25839402339364265 0.048120745558593477 0.041827604897578967 54.597701116478426 67.609507282816807 0.2688814819575725 0.15080085516008138 0.049245603936570334 0.084054682809110978
decision_type=10 8 10 10 10 10 10 10 10 10 10 10 10 10 8 8 2 10 10 10 10 10 10 10 10 10 10 8 10 10
left_child=1 2 -1 4 -4 7 9 -6 -9 10 -7 -12 -5 -14 15 -3 17 18 19 21 24 22 -17 -24 -21 26 27 -20 -23 -30
right_child=-2 14 3 12 5 6 -8 8 -10 -11 11 -13 13 -15 -16 16 -18 -19 25 20 -22 28 23 -25 -26 -27 -28 -29 29 -31
leaf_value=-0.00062228981005172572 0.00012482163344364734 -0.00011729233392476485 0.0039686363108154986 -0.0011931338650711704 0.00015404778119830012 0.00072144194770172793 -0.0010652128949825213 0.0061149768276199546 0.001099961156152359 0.00060037668734513243 0.010392799447678652 0.0043347696464819214 0.00033078022966387486 -0.00084202936393971755 -0.00069177809391014419 0.00016156925717472498 -0.00027279171070890995 0.007918569899944437 0.0042993226227544014 0.0060236410535303656 -0.0021122743372851385 -0.0025291049362135098 0.001004886177894514 -0.00098698860075007409 0.0015076299063468987 0.00083568620871496207 0.009832805783824167 -0.0017236742400564256 0.0035565820288088086 -0.0020333788317452926
leaf_weight=3480 33950 131843 167 1510 41979 164 184 94 503 261 66 150 2665 1604 3426 21401 15663 74 142 127 233 74 1000 4045 1066 2704 54 90 457 89
leaf_count=3480 33950 131843 167 1510 41979 164 184 94 503 261 66 150 2665 1604 3426 21401 15663 74 142 127 233 74 1000 4045 1066 2704 54 90 457 89
internal_value=-1.92868e-05 -4.0078e-05 9.91253e-05 0.00015 0.000222016 0.000207599 0.00171534 0.000178384 0.0018896 0.0025135 0.00382752 0.00618583 -0.000392926 -0.000109882 -8.03749e-05 -6.86769e-05 6.70651e-05 0.000235755 0.000217696 0.000126613 0.00131836 6.38253e-05 1.77819e-05 -0.000592167 0.00198838 0.00108563 0.00344876 0.00196282 0.0020278 0.0026454
internal_weight=269265 235315 52827 49347 43568 43401 825 42576 597 641 380 216 5779 4269 182488 179062 47219 31556 31482 28492 1426 27066 26446 5045 1193 2990 286 232 620 546
internal_count=269265 235315 52827 49347 43568 43401 825 42576 597 641 380 216 5779 4269 182488 179062 47219 31556 31482 28492 1426 27066 26446 5045 1193 2990 286 232 620 546
is_linear=0
shrinkage=0.05


Tree=131
num_leaves=31
num_cat=0
split_feature=1 6 8 7 7 0 1 8 3 0 1 8 5 6 8 0 0 0 7 8 6 6 7 7 8 8 1 5 6 0
split_gain=0.323922 0.623442 0.601257 0.537352 0.514582 0.476855 0.649929 0.518787 0.671083 0.522737 0.690331 0.472487 1.26453 0.745559 0.651006 0.608191 0.607735 0.757585 0.59427 0.626088 0.551782 0.520926 0.520852 0.996032 0.68236 0.645888 0.627366 0.623855 0.533946 0.715845
threshold=-0.030775117980691043 1.9032115473160072 0.81468972556365615 0.049831260130964027 0.039236893248547962 0.068097587217287772 0.32037338840207635 0.96074607427254322 1.0000000180025095e-35 0.10082579029278151 0.079401972898997544 0.18723766890753532 35.054214223154069 0.33369681696033587 0.33333333014833016 -0.01791180333820452 -0.018883496768789473 0.020530856433820691 0.024959169904222034 0.66623571998419873 0.36474926626790494 0.96930806793349611 0.052946406917865098 0.04336510981720245 0.21165644106853862 0.20852807550365901 -0.074781837161467732 36.762584847071828 0.55513649611655225 -0.010434782608695624
decision_type=8 10 10 10 10 8 10 10 2 10 8 10 10 8 10 10 10 10 10 10 10 10 10 10 10 10 10 10 10 10
left_child=2 5 11 4 -4 -2 7 8 9 -7 -11 -1 14 15 21 -14 -16 20 19 -15 -18 -13 23 25 -25 -20 27 -26 29 -28
right_child=1 -3 3 -5 -6 6 -8 -9 -10 10 -12 12 13 18 16 -17 17 -19 22 -21 -22 -23 -24 24 26 -27 28 -29 -30 -31
leaf_value=0.00015440540937890058 -6.9014114361122935e-05 0.00026585136925924769 0.001402474132956677 -0.0012073729012078028 0.0054679664871326202 -0.00065392274884103988 -0.0035276248594487297 0.0011608897907221605 -0.0018308331960395618 -0.0013495581737957179 0.0019121143931066526 -0.00068813754794728739 0.0072904920666657675 0.00064829280561445261 0.00052458473644655362 0.0014831590696327611 0.0017881563843524595 0.0016521111527027406 -0.0015960152614587497 -0.00093472336115831109 -0.0010242483389204218 -0.0019016424161881014 0.00046164818642523879 0.0029981418284282923 0.0028304471495979723 7.0810800221004689e-05 0.00050582498804066782 -0.0020358180158450145 -1.3051215221717854e-05 -0.0037921710338113114
leaf_weight=48902 162485 13842 215 106 122 2382 180 443 917 239 505 3435 52 5799 1909 339 186 337 606 700 2797 1191 3864 107 69 14195 162 1448 1490 241
leaf_count=48902 162485 13842 215 106 122 2382 180 443 917 239 505 3435 52 5799 1909 339 186 337 606 700 2797 1191 3864 107 69 14195 162 1448 1490 241
internal_value=-1.83225e-05 -5.66209e-05 6.02046e-05 0.00189761 0.00287425 -8.33253e-05 -0.000581685 -0.00046348 -0.000641465 -0.000292569 0.000864346 5.09369e-05 -7.90453e-05 8.68755e-05 -0.000568507 0.00225549 -0.000186275 -0.000595019 5.73114e-05 0.000477788 -0.000848886 -0.00100056 -6.58821e-05 -0.000177159 -0.000933517 2.56564e-06 -0.00105689 -0.00181448 -0.000449771 -0.00206444
internal_weight=269265 180993 88272 443 337 167151 4666 4486 4043 3126 744 87829 38927 29072 9855 391 5229 3320 28681 6499 2983 4626 22182 18318 3517 14801 3410 1517 1893 403
internal_count=269265 180993 88272 443 337 167151 4666 4486 4043 3126 744 87829 38927 29072 9855 391 5229 3320 28681 6499 2983 4626 22182 18318 3517 14801 3410 1517 1893 403
is_linear=0
shrinkage=0.05


Tree=132
num_leaves=31
num_cat=0
split_feature=2 0 6 8 6 7 5 6 8 0 7 0 7 5 2 6 0 2 2 8 6 0 5 5 5 7 0 0 8 8
split_gain=0.278713 0.783429 0.792318 0.746177 1.09507 0.908647 0.599583 0.700981 0.643504 0.539219 0.87191 0.975051 1.08421 0.905068 1.01002 0.992838 0.675806 0.57211 0.974294 0.564326 0.560756 0.656052 0.649443 0.543348 0.541714 0.589564 0.533023 1.22107 1.07962 1.68195
threshold=-0.01377161909206087 0.089574882243653522 1.1544726702269428 0.41342056129146593 2.1343770088931624 0.041264316431061085 64.062499894897442 0.82654532230866018 0.32944221471637353 -0.0083869749076860827 0.023777957964405589 -0.012559029308604195 0.045550372314020794 47.341772144907331 0.086456866001647717 1.1976476572075536 -0.011216924464989729 0.3897788632604014 0.19427002954183406 0.49791393420316898 1.4446005762362875 -0.011744286460216134 66.433854731003393 64.304637370408599 44.284125602012338 0.047742006227164728 0.0057393384182942162 0.014493580646335104 0.34065933841323487 0.23472300494644965
decision_type=8 10 10 10 10 10 10 10 10 8 8 10 10 10 10 10 10 10 10 8 10 10 10 10 8 10 10 10 8 10
left_child=1 6 -3 5 -5 -4 -1 8 -8 10 -2 -12 20 19 -15 16 -16 18 -18 -14 22 -22 23 -13 25 -11 -9 28 29 -28
right_child=9 2 3 4 -6 -7 7 26 -10 24 11 12 13 14 15 -17 17 -19 -20 -21 21 -23 -24 -25 -26 -27 27 -29 -30 -31
leaf_value=1.1690507335268771e-05 -0.00036430397970815565 0.0074701178469695154 -0.0030727025024992016 0.00064184989299601286 0.0098062105518433133 0.0019805892430280227 0.00091757902211539758 0.00036007895054236515 -0.0016639332931986555 -0.00034444715748591787 7.6904917878540123e-05 0.00048569839513383544 -0.0041333391439292355 0.0069156192775739174 0.0060347114356975205 -0.0024715370381556412 0.0039882845410368229 0.0065645670622523702 -0.0020299872967061003 0.0016770853673880499 0.0074181848996855565 0.0013385856946521862 -0.00091211203274017534 0.002981317269138915 -9.7441778684964847e-05 -0.0015130925434960413 0.0027716719773577228 0.0013037328802463916 0.0011708544715980276 0.014869442476925019
leaf_weight=132294 9212 57 140 78 56 244 583 496 412 8368 31635 2876 74 146 144 93 134 55 135 96 59 179 813 236 78666 1239 56 558 72 59
leaf_count=132294 9212 57 140 78 56 244 583 496 412 8368 31635 2876 74 146 144 93 134 55 135 96 59 179 813 236 78666 1239 56 558 72 59
internal_value=-1.74064e-05 3.32851e-05 0.00187495 0.00125926 0.00447173 0.000138243 2.54136e-05 0.000837345 -0.000151349 -6.84549e-05 7.05756e-05 0.000179808 0.000825711 0.00242348 0.00321112 0.00224702 0.00318468 0.001918 0.000967962 -0.000852158 0.000489117 0.00284571 0.00034622 0.000674955 -0.000140727 -0.000495166 0.00163005 0.00247556 0.00597226 0.00897835
internal_weight=269265 135105 575 518 134 384 134530 2236 995 134160 45887 36675 5040 877 707 561 468 324 269 170 4163 238 3925 3112 88273 9607 1241 745 187 115
internal_count=269265 135105 575 518 134 384 134530 2236 995 134160 45887 36675 5040 877 707 561 468 324 269 170 4163 238 3925 3112 88273 9607 1241 745 187 115
is_linear=0
shrinkage=0.05


Tree=133
num_leaves=31
num_cat=0
split_feature=1 6 4 1 7 0 0 5 5 4 4 6 7 6 5 0 5 1 6 6 7 0 1 0 1 4 4 0 7 4
split_gain=0.286758 0.559763 0.485148 0.501791 0.613186 1.04418 0.933301 0.614769 1.12912 0.773036 0.675555 0.768401 0.608018 0.587307 0.563102 0.492289 0.507702 0.468635 0.781978 0.498387 0.441513 0.4325 0.5844 0.444597 0.91381 0.420911 0.420376 0.409405 0.684098 0.486012
threshold=-0.030775117980691043 1.9032115473160072 -0.12923078058444573 0.081445378995278608 0.033571281333631749 0.00075652504039702706 -0.028467402368874569 82.721296622103907 84.36679887914751 1.3422113471485175 1.4264144945704402 3.4582492346713782 0.028394480766547218 2.2673683850001769 89.350945490958722 0.10082579029278151 56.214217423369426 0.2068991669203544 2.2673683850001769 2.8721210558773405 0.0292149956623305 0.068097587217287772 0.32037338840207635 0.10082579029278151 0.079401972898997544 1.4264144945704402 -0.010893551089916615 0.027027027027027088 0.070843092138759015 0.01067127078747984
decision_type=8 10 10 10 8 10 10 10 10 10 10 10 10 10 10 10 10 10 10 10 10 8 10 10 8 10 8 10 10 10
left_child=27 21 -3 -4 5 6 -5 -6 9 -9 17 -12 13 -8 15 16 20 -10 -19 -20 -7 -2 23 25 26 -23 -25 -1 -29 -30
right_child=1 2 3 4 7 14 12 8 10 -11 11 -13 -14 -15 -16 -17 -18 18 19 -21 -22 22 -24 24 -26 -27 -28 28 29 -31
leaf_value=3.0590549883894993e-05 -6.4245064756013261e-05 0.0012629501578957801 -0.00019793030895091644 -0.0010011688633885694 -0.00019640587145007822 -0.002574914665522308 -0.00040011411459234199 0.0022597276938792605 0.0056677999118674612 0.010395826820974933 -0.0058483529510291142 0.00068340367389559424 0.0088244417995584253 0.0064811113084621928 -0.0029467803448691822 -0.0023799252042891053 0.0012130537535366577 -0.0037535338669728775 0.0060843390211547639 0.00045199488960542556 0.0014631385097957472 -0.00066003893705624526 -0.0033459742296124912 0.0022078012688628709 0.0013125815890919913 -0.0051938331218060255 -0.0026218568102622693 0.00063419618791942835 -0.00043336377523223976 -0.004739298135733482
leaf_weight=83138 162485 1095 5430 73 3649 176 57 65 66 53 74 115 85 68 103 115 2280 65 66 97 110 3297 180 54 811 52 272 4835 202 97
leaf_count=83138 162485 1095 5430 73 3649 176 57 65 66 53 74 115 85 68 103 115 2280 65 66 97 110 3297 180 54 811 52 272 4835 202 97
internal_value=-1.65361e-05 -5.25706e-05 0.000252989 0.000166231 0.000436478 0.00097529 0.00386891 4.76457e-05 0.00152942 0.00591408 0.000458216 -0.001874 0.00556184 0.00334327 0.000681147 0.000820526 0.000963961 0.0019575 0.000883466 0.00273258 -0.00102182 -7.78744e-05 -0.000552491 -0.000440403 0.000413879 -0.000730435 -0.00182185 5.73492e-05 0.000490668 -0.00183027
internal_weight=269265 180993 13842 12747 7317 3067 283 4250 601 118 483 189 210 125 2784 2681 2566 294 228 163 286 167151 4666 4486 1137 3349 326 88272 5134 299
internal_count=269265 180993 13842 12747 7317 3067 283 4250 601 118 483 189 210 125 2784 2681 2566 294 228 163 286 167151 4666 4486 1137 3349 326 88272 5134 299
is_linear=0
shrinkage=0.05


Tree=134
num_leaves=31
num_cat=0
split_feature=1 2 0 3 1 7 0 1 4 2 4 7 0 0 7 4 0 7 7 0 7 2 7 0 5 7 1 0 2 2
split_gain=0.258799 0.448694 1.33155 1.36254 0.960844 1.19941 0.70717 0.612087 0.7767 0.692741 0.657744 0.720677 0.753583 0.57018 0.802832 0.707671 0.56999 0.556076 0.580196 0.477764 0.445283 0.677316 0.674737 0.824636 0.431911 0.42822 0.426584 0.411373 0.399749 0.398662
threshold=-0.030775117980691043 0.23269160944132808 0.047217566885717994 1.0000000180025095e-35 -0.076159483882691267 0.070843092138759015 0.027027027027027088 -0.044504286404937025 0.3272388760345209 -0.18590175023651842 -0.64645325257424591 0.049245603936570334 0.04154046774269083 -0.0036900369003690088 0.04516356898295245 -0.30989265444274539 0.030438425480863954 0.039940116966449654 0.049831260130964027 0.024010049408489612 0.04275317982542725 -0.058516423287968848 0.050417968496791338 0.03527687718704265 74.584855952004844 0.057757133189171216 -0.076159483882691267 0.017165523992020097 0.034107964581856616 0.03700576850888327
decision_type=8 10 10 2 10 10 10 10 8 8 10 10 10 10 8 10 10 10 10 10 10 10 10 10 10 10 10 10 10 8
left_child=1 6 3 4 -3 17 13 9 16 10 -8 12 -12 24 -15 -16 -9 -6 -19 27 -11 22 26 -24 -1 -20 -22 -5 -10 -18
right_child=-2 2 -4 19 5 -7 7 8 28 20 11 -13 -14 14 15 -17 29 18 25 -21 21 -23 23 -25 -26 -27 -28 -29 -30 -31
leaf_value=9.4838245938781265e-05 -4.9942039946748753e-05 0.00058516497557866386 -0.004431817071730247 0.00039684464632883608 0.0075355373676223997 0.010535578247004499 0.00045795695572938385 0.0032190181012536397 0.0077902515198533936 -0.00055814575689170807 0.0014973705953635862 -0.00076779257316757893 0.0075480165584089209 -7.6359549357095748e-05 -0.00042135006406883181 -0.0019085947455307539 5.3258719540061306e-05 -0.0024288761695734815 0.007240563541955243 -0.0023333354847006548 0.0025339081293122485 -0.00022881084108969122 0.0099385218224294185 0.002394033097873696 -0.0044209634674326429 0.0013031770102041838 -0.0025040864319323679 0.0040449633119306978 0.0027535174561198802 0.0027499155593048558
leaf_weight=55885 180993 200 117 1341 58 75 463 247 65 1796 89 73 122 21457 2703 1136 786 54 52 153 99 590 54 110 53 73 73 82 100 166
leaf_count=55885 180993 200 117 1341 58 75 463 247 65 1796 89 73 122 21457 2703 1136 786 54 52 153 99 590 54 110 53 73 73 82 100 166
internal_value=-1.57093e-05 5.44817e-05 0.000758765 0.00104962 0.00329052 0.00502472 3.64383e-05 0.000624028 0.00152138 0.000271192 0.00161996 0.00351435 0.00499585 1.47973e-06 -0.000195506 -0.000861441 0.00107877 0.00328077 0.00190213 0.000321609 -9.89514e-05 0.000791667 0.00258358 0.00487819 9.05596e-05 0.00377313 0.00039569 0.000607067 0.00473769 0.000523474
internal_weight=269265 88272 2205 2088 512 312 86067 4833 1364 3469 747 284 211 81234 25296 3839 1199 237 179 1576 2722 926 336 164 55938 125 172 1423 165 952
internal_count=269265 88272 2205 2088 512 312 86067 4833 1364 3469 747 284 211 81234 25296 3839 1199 237 179 1576 2722 926 336 164 55938 125 172 1423 165 952
is_linear=0
shrinkage=0.05


Tree=135
num_leaves=31
num_cat=0
split_feature=2 2 1 8 0 8 7 4 6 8 8 4 7 6 0 4 4 4 7 4 7 8 1 7 1 6 7 7 2 1
split_gain=0.389024 0.603341 0.725281 1.5694 0.83728 0.806962 0.731178 0.679646 0.779951 0.618794 0.661671 0.816823 0.654369 0.862089 0.810424 0.963178 0.782831 0.742105 0.576302 0.503605 1.6405 3.04917 1.14508 2.24531 0.818917 0.958433 0.498191 0.548666 0.494153 1.18059
threshold=0.3897788632604014 0.42303513137429588 0.0042157775487722269 0.81468972556365615 -0.040258853145161137 0.66147025987619645 0.06361128722715019 0.56585695329037422 2.5603091509611668 0.91231343233938167 0.89904761733514771 0.82609845294226092 0.068895718469190556 0.88552461309724451 0.03272600367994339 0.53019978575856863 0.75481095787642116 0.92415200677590736 0.041264316431061085 0.43331768183003605 0.075517149084893084 0.73557485070685813 -0.0013630170918999538 0.052946406917865098 0.22843713725094186 0.95566352544280153 0.045550372314020794 0.045942379692413306 -0.25731976722325567 -0.15738888560099426
decision_type=10 10 10 8 10 10 10 10 10 8 10 10 10 10 10 10 10 10 10 10 10 10 10 10 10 10 10 10 8 10
left_child=26 2 3 5 -4 -2 7 -6 -9 10 19 -12 18 14 15 -14 -15 -18 -11 -3 22 -22 23 -21 25 -23 28 -28 29 -1
right_child=1 9 4 -5 6 -7 -8 8 -10 12 11 -13 13 16 -16 -17 17 -19 -20 20 21 24 -24 -25 -26 -27 27 -29 -30 -31
leaf_value=0.0027108433296305912 0.006339317941871871 -0.0014543265801563838 -0.0050449968516834802 0.010776375607031609 0.0061354823239481099 -0.0010339537838643248 -0.0027030003681669341 0.00050735755163744281 0.0057969826538069756 0.0024388545435058803 0.0001075077212390003 -0.0059461903631209253 0.011751338589601801 -0.0035908394998405129 0.00021781316328862749 0.0026377715554773669 0.0072896503576235522 0.00057406039157461739 -0.00022226161129441899 0.011771612707525492 0.015169442886486651 0.0036724398785736414 -0.00094708787552828235 -0.00035134231811389328 0.0062364006355743523 -0.0052522431275988657 -0.0013686846206199298 -0.00016648783943672897 2.776134983624582e-07 0.00017887190751616252
leaf_weight=561 56 524 57 62 81 110 102 499 81 251 109 114 64 75 54 53 56 155 1074 55 50 56 1107 125 55 65 980 30068 230334 2567
leaf_count=561 56 524 57 62 81 110 102 499 81 251 109 114 64 75 54 53 56 155 1074 55 50 56 1107 125 55 65 980 30068 230334 2567
internal_value=-7.9375e-06 0.000425035 0.00149411 0.00398861 0.000800525 0.00145341 0.00123721 0.00184524 0.00124608 0.000147846 -0.000401498 -0.00298721 0.000844545 0.00247601 0.0052845 0.00762297 0.000796807 0.0023564 0.000281844 -0.000118428 0.000344236 0.00427316 -0.000345692 0.00335289 0.00117763 -0.00112181 -1.62692e-05 -0.000204434 8.75471e-06 0.000632975
internal_weight=269600 5090 1048 228 820 166 763 661 580 4042 2260 223 1782 457 171 117 286 211 1325 2037 1513 226 1287 180 176 121 264510 31048 233462 3128
internal_count=269600 5090 1048 228 820 166 763 661 580 4042 2260 223 1782 457 171 117 286 211 1325 2037 1513 226 1287 180 176 121 264510 31048 233462 3128
is_linear=0
shrinkage=0.05


Tree=136
num_leaves=31
num_cat=0
split_feature=4 6 8 2 5 6 0 8 4 0 0 8 6 2 5 5 2 8 6 0 8 3 2 3 8 0 2 4 8 2
split_gain=0.377991 0.377349 0.406459 0.599439 0.617192 0.33061 0.322713 0.549166 0.604427 1.04903 0.443863 0.307893 0.428365 0.899219 0.879368 0.51867 0.542889 0.621552 1.18003 0.478845 0.41231 0.468735 0.302319 0.982787 0.351248 0.299806 0.279905 0.933831 0.662777 1.31799
threshold=1.3422113471485175 2.1979525349369644 0.96074607427254322 0.13720367789013468 71.384803105610402 1.6722418876634639 0.052427708969265858 0.82003939512827007 1.4264144945704402 0.033538536309326579 0.054494406694063253 0.96074607427254322 4.1205965995928295 0.097204641482651968 86.352263577446465 72.636242482043727 0.36249146008198335 0.7665064055682691 3.1031203251961537 0.068097587217287772 0.76130113397639287 1.0000000180025095e-35 0.17041651231208924 1.0000000180025095e-35 0.69487750502626466 0.089574882243653522 -0.046906596475218269 -0.72031686260590655 0.24786432093169333 -0.32084279149985417
decision_type=10 10 8 10 10 10 10 8 10 10 10 10 10 10 10 10 10 8 10 10 10 2 10 2 8 10 8 8 10 10
left_child=26 2 3 4 -2 -5 7 -3 9 -9 -8 12 13 -12 15 22 17 -17 -19 -14 -21 -22 -15 24 -24 -7 28 -28 -1 -30
right_child=1 6 -4 5 -6 25 10 8 -10 -11 11 -13 19 14 -16 16 -18 18 -20 20 21 -23 23 -25 -26 -27 27 -29 29 -31
leaf_value=0.00012271731695498905 -0.0010329164675421975 -0.0016345355931849167 0.0011047806280720745 -0.0049894064228353883 0.0041479458021145893 -3.8925703002830907e-05 0.0055531290990043563 0.003289049225501143 0.004249668269818937 -0.0063441815264523027 -0.0014046264159720346 -0.00027834660507758836 0.0044218525268101636 0.00030420592588654223 -0.0034709214422876432 0.00044415575901007994 0.0089355648425407715 0.0014465442166220249 0.0092456600285548054 -0.0030639179515605402 0.0034340436290949588 -0.0016397958464578401 0.0033569612006163771 0.0086957881775950752 -0.0025405350578948855 -0.0042972641537949866 -0.00061866886898568295 -2.9738010316436391e-05 -0.0073284790974867068 -0.00014493244112466136
leaf_weight=78974 187 287 318 103 83 124 58 65 113 50 155 322 52 162 52 97 60 97 97 119 85 98 51 56 50 62 7041 152881 64 27637
leaf_count=78974 187 287 318 103 83 124 58 65 113 50 155 322 52 162 52 97 60 97 97 119 85 98 51 56 50 62 7041 152881 64 27637
internal_value=-7.54062e-06 0.000550288 -0.000322374 -0.00113424 0.000559719 -0.00271684 0.000910271 -0.000179262 0.00165259 -0.000899312 0.00125857 0.00109818 0.00145825 0.00205083 0.00279265 0.00327878 0.00460502 0.00371212 0.0053461 -9.81974e-06 -0.000772889 0.000716906 0.00181951 0.00338307 0.000437409 -0.00145837 -1.38241e-05 -5.56673e-05 4.89051e-05 -0.000161529
internal_weight=269600 3003 877 559 270 289 2126 515 228 115 1611 1553 1231 877 722 670 351 291 194 354 302 183 319 157 101 186 266597 159922 106675 27701
internal_count=269600 3003 877 559 270 289 2126 515 228 115 1611 1553 1231 877 722 670 351 291 194 354 302 183 319 157 101 186 266597 159922 106675 27701
is_linear=0
shrinkage=0.05


Tree=137
num_leaves=31
num_cat=0
split_feature=2 2 4 4 1 8 7 4 4 8 5 7 1 1 8 4 4 1 8 7 5 8 8 1 5 5 1 7 5 7
split_gain=0.346796 0.541674 0.677247 0.621026 0.982743 1.23248 0.907174 0.638487 0.641368 0.558886 0.598657 1.03894 0.913229 0.820111 0.599426 2.28517 0.707537 0.732738 0.705711 0.59345 1.11237 0.96693 0.686102 0.662429 0.818073 1.7756 0.542357 0.520129 0.484013 0.664117
threshold=0.3897788632604014 0.42303513137429588 0.29995240434532638 1.3422113471485175 0.16800697416389279 0.82545314673190862 0.052306130992699713 0.87946274317831652 0.76603336843422387 0.91231343233938167 63.344801609305364 0.073071248271039071 -0.0013630170918999538 -0.020799118343189978 0.73557485070685813 0.45134855145007935 0.51183061292236742 0.22843713725094186 0.83677729463455208 0.068895718469190556 80.202179339743097 0.98548752424217623 0.96074607427254322 0.022920577918115862 72.193383674602458 65.062388575563773 -0.041133305005991432 0.041264316431061085 84.36679887914751 0.03503896545610883
decision_type=10 10 10 10 10 10 10 10 10 8 10 10 10 10 10 10 10 10 10 10 10 8 10 10 10 10 10 10 10 10
left_child=-1 2 -2 4 5 -4 7 8 -7 10 -3 12 13 26 15 -13 -16 18 -18 27 21 -21 -22 -23 25 -25 -12 28 -11 -30
right_child=1 9 3 -5 -6 6 -8 -9 -10 19 11 14 -14 -15 16 -17 17 -19 -20 20 22 23 -24 24 -26 -27 -28 -29 29 -31
leaf_value=-1.5030156389268086e-05 0.004762902583537322 -0.0021845943745536921 -0.00088305710223755005 0.0053236479367557415 -0.0021991823683988223 0.0025900357837339732 0.007969369994884545 0.0059182447006848335 -0.0038877292755983197 0.0044158710402308586 0.0020540772934940547 -0.00060612995015538261 -0.001188231603537059 0.0060313966650472478 0.0059664773881774056 0.013431481806561353 0.00080569716602829947 0.0031394622857785891 -0.0072053419426083565 0.0088756604365383598 -0.0048336503777035335 -0.0010332859889604152 0.0025831869676370516 0.0085843994466704328 0.0090813217961614769 -0.004325173101020291 -0.0034353910483118592 -0.00021366713177888602 -0.0043061781802452076 0.0032182443973041426
leaf_weight=264510 132 383 273 74 235 112 89 75 58 131 133 69 1225 86 55 50 56 81 54 75 72 90 55 50 58 57 68 1074 51 69
leaf_count=264510 132 383 273 74 235 112 89 75 58 131 133 69 1225 86 55 50 56 81 54 75 72 90 55 50 58 57 68 1074 51 69
internal_value=-7.16359e-06 0.000401635 0.00141461 0.000932102 0.000546147 0.001609 0.00364592 0.00207536 0.000379975 0.000138994 -0.000383081 -1.5484e-05 -0.000593451 0.00194525 0.00237872 0.00529203 0.000969444 -0.000469492 -0.00312699 0.00080111 0.00235478 0.00388509 -0.00162163 0.00241728 0.0042994 0.00170734 0.000196944 0.000265241 0.00231443 2.03648e-05
internal_weight=269600 5090 1048 916 842 607 334 245 170 4042 2260 1877 1512 287 365 119 246 191 110 1782 457 330 127 255 165 107 201 1325 251 120
internal_count=269600 5090 1048 916 842 607 334 245 170 4042 2260 1877 1512 287 365 119 246 191 110 1782 457 330 127 255 165 107 201 1325 251 120
is_linear=0
shrinkage=0.05


Tree=138
num_leaves=31
num_cat=0
split_feature=4 7 6 7 2 6 5 5 7 7 5 7 3 0 2 6 5 0 2 0 7 7 7 0 0 5 0 0 7 5
split_gain=0.331471 0.623248 0.330793 0.617073 0.612212 0.306464 0.318249 0.279085 0.269636 0.787242 1.18756 0.816702 0.543959 0.44473 0.70689 0.367043 0.355796 0.379079 0.640684 0.353476 0.323611 0.306332 0.396757 0.452977 0.556359 0.378349 0.311868 0.369706 0.30006 0.289158
threshold=1.3422113471485175 0.016327559054624002 2.1343770088931624 0.023879441805172236 0.086456866001647717 1.1897040002484742 63.344801609305364 70.261214397015564 0.066940537286215143 0.057757133189171216 77.611940197148598 0.050417968496791338 1.0000000180025095e-35 0.15039605358095179 0.23999290991948866 3.1031203251961537 86.352263577446465 0.089574882243653522 0.24887111530462872 0.15039605358095179 0.037275660282738245 0.023566217017557092 0.02662810260383033 0.081793937462988034 0.068097587217287772 73.576251344163992 0.059174224623200218 0.038285554059660616 0.020774311230730241 74.584855952004844
decision_type=10 10 10 10 10 10 10 10 10 10 10 10 2 10 10 10 10 10 10 10 10 10 10 10 10 10 10 10 10 10
left_child=-1 -2 3 4 -3 -5 -7 -8 9 11 -11 13 19 16 -15 -14 17 18 21 -13 -19 28 25 24 26 -23 27 -24 29 -4
right_child=1 2 8 5 -6 6 7 -9 -10 10 -12 12 15 14 -16 -17 -18 20 -20 -21 -22 22 23 -25 -26 -27 -28 -29 -30 -31
leaf_value=-1.268954938933429e-05 -0.0027916812886199776 0.0068373129686765512 0.00010871134220217745 0.0025865766557399187 -0.00039872175092265635 0.0022872119907212133 -0.0031480757512527811 -0.00072858261196663272 -0.0021000741844010708 0.00021290602317700785 0.010337022749497139 -0.0073953008059806265 0.0032903426489595449 -0.00017556217275201702 0.007593708484626459 -0.0020632851273486657 -0.0019049617682689243 0.0012296305157834405 0.0054299495682320516 -0.0018256622291306802 -0.0014209034587670782 0.0067313606276487321 0.0038954905165155653 0.0055120566912008591 -0.0020758060887828833 0.0018454586128687619 0.0051409238937776538 -0.00097116117645055068 -0.0014530663460137949 0.004596804555708163
leaf_weight=266597 136 57 107 60 60 60 181 349 68 60 56 52 59 52 67 70 97 258 107 63 208 75 64 53 128 84 60 100 158 54
leaf_count=266597 136 57 107 60 60 60 181 349 68 60 56 52 59 52 67 70 97 258 107 63 208 75 64 53 128 84 60 100 158 54
internal_value=-6.80541e-06 0.00051557 0.000672454 -0.000216227 0.00312653 -0.000817923 -0.00116414 -0.00155486 0.000997034 0.00110068 0.00510041 0.000858523 -0.00184374 0.00125287 0.00419873 0.000385273 0.00102714 0.00122248 0.001776 -0.00434411 4.65596e-05 0.00133322 0.00203361 0.00120268 0.000553828 0.00415013 0.00205648 0.00092802 9.49062e-05 0.00161403
internal_weight=269600 3003 2867 767 117 650 590 530 2100 2032 116 1916 244 1672 119 129 1553 1456 990 115 466 883 564 405 352 159 224 164 319 161
internal_count=269600 3003 2867 767 117 650 590 530 2100 2032 116 1916 244 1672 119 129 1553 1456 990 115 466 883 564 405 352 159 224 164 319 161
is_linear=0
shrinkage=0.05


Tree=139
num_leaves=31
num_cat=0
split_feature=2 2 1 7 7 0 0 0 4 9 7 4 7 7 4 1 7 5 5 4 5 1 7 4 7 5 7 5 7 2
split_gain=0.307436 0.489309 0.63127 1.10129 0.987881 0.758532 0.786003 0.560585 0.811939 0.532787 0.701954 0.494375 1.04328 1.45806 1.92708 1.27881 1.04877 1.38396 3.31605 0.656669 0.501742 0.481755 1.02348 0.643891 0.462073 0.752573 0.446816 1.02587 0.491173 1.0991
threshold=0.3897788632604014 0.42303513137429588 0.0042157775487722269 0.073071248271039071 0.052946406917865098 -0.014747320465676948 -0.0068722899911839988 0.071774098249793319 0.57521814977149266 1.0000000180025095e-35 0.048218597682754084 0.3362891616822582 0.070843092138759015 0.084054682809110978 0.51183061292236742 -0.028350515463917477 0.075517149084893084 76.247475864889722 70.261214397015564 0.85193201255003093 76.247475864889722 -0.0013630170918999538 0.052946406917865098 0.49436743298584201 0.04516356898295245 74.584855952004844 0.045550372314020794 86.352263577446465 0.038753739887981066 -0.16492180462303777
decision_type=10 10 10 10 10 10 10 10 10 2 10 10 10 10 10 10 10 10 10 10 10 10 10 10 10 10 10 10 10 10
left_child=26 2 3 4 -2 -4 -7 8 -8 10 -10 -3 21 14 15 -14 20 18 -18 -15 -16 22 -13 -24 -9 -26 28 -28 -1 -30
right_child=1 11 5 -5 -6 6 7 24 9 -11 -12 12 13 19 16 -17 17 -19 -20 -21 -22 -23 23 -25 25 -27 27 -29 29 -31
leaf_value=-1.4172419976936951e-05 0.0056322340421112518 -0.0015192392048983714 -0.0022794771332786804 0.0099062027021621663 -0.0019071534200985401 0.0074948762073181576 0.0050570428624803973 -0.00047273216814752305 3.2330438444955239e-05 0.0019709789888022584 -0.0052907262739747586 0.0058898710423818564 0.0026581961134413503 -0.0032318666687675846 -0.0031998069899470596 0.012749814860420317 -0.00071644729801586702 0.00021450752567034215 0.016414761386419598 0.0025021535524227725 0.0019121775098721542 -0.00034184043802563068 0.0026172130974570673 -0.0035922718535099799 0.0015881112403979887 0.0098327681971713907 -0.00020951823341080279 0.004542338672878319 0.0011064767474908584 9.3089099017277345e-05
leaf_weight=210420 84 409 170 54 90 50 68 51 151 113 105 100 53 158 112 77 56 120 57 73 84 2576 83 84 62 50 30934 114 3090 19952
leaf_count=210420 84 409 170 54 90 50 68 51 151 113 105 100 53 158 112 77 56 120 57 73 84 2576 83 84 62 50 30934 114 3090 19952
internal_value=-6.46514e-06 0.000378437 0.0013412 0.00366842 0.00173255 0.000694122 0.00147183 0.000969912 3.65107e-05 -0.000888682 -0.00215095 0.000128813 0.00031435 0.00192171 0.00330255 0.00863554 0.00168649 0.00395391 0.00792496 -0.00141982 -0.00100896 -0.000132295 0.00188938 -0.000506121 0.00347234 0.00526876 -1.38719e-05 -0.000192071 9.82672e-06 0.000228987
internal_weight=269600 5090 1048 228 174 820 650 600 437 369 256 4042 3633 790 559 130 429 233 113 231 196 2843 267 167 163 112 264510 31048 233462 23042
internal_count=269600 5090 1048 228 174 820 650 600 437 369 256 4042 3633 790 559 130 429 233 113 231 196 2843 267 167 163 112 264510 31048 233462 23042
is_linear=0
shrinkage=0.05


Tree=140
num_leaves=31
num_cat=0
split_feature=1 7 5 4 7 2 4 6 4 1 6 6 1 1 6 5 5 2 7 7 2 7 3 2 1 6 4 4 7 5
split_gain=0.376305 0.480699 0.498896 0.406342 1.22111 0.774382 0.876289 0.599257 0.851405 0.632967 0.553839 0.668551 0.623663 0.596891 0.736062 0.606782 0.54138 0.526213 0.594949 0.632014 0.524312 0.516318 0.495989 0.969508 0.616608 0.713048 0.552532 0.92138 0.6984 0.822671
threshold=-0.03836812497862007 0.012621321768486548 27.049180323557731 -0.39363239389633869 0.040701661468941046 -0.20524185014866811 -0.37387472563994312 1.41813633121163 -0.081634386871794737 -0.051973141121421311 0.95131173623803866 1.1897040002484742 -0.14738400708105606 -0.10774410774410774 1.0798930969807536 47.947872818153279 59.090252740256197 -0.085033167916594807 0.055227318600763041 0.049831260130964027 -0.0026589432199914382 0.031391716260991791 1.0000000180025095e-35 0.065049367460316768 -0.096978477157520046 0.79882827968685144 -0.19105873671764081 0.29087327050483608 0.037487772843979549 58.658407418078561
decision_type=8 8 10 10 8 10 10 10 10 10 10 10 10 10 10 10 10 10 10 10 10 10 2 10 10 10 10 10 10 10
left_child=1 2 -1 16 7 -6 20 22 -9 21 17 13 -13 -12 15 -15 -3 18 19 -8 -7 -10 23 -5 25 -24 -25 28 -28 -30
right_child=-2 3 -4 4 5 6 10 8 9 -11 11 12 -14 14 -16 -17 -18 -19 -20 -21 -22 -23 24 26 -26 -27 27 -29 29 -31
leaf_value=-0.0017885058017168482 -6.9812077701412218e-06 6.8316942225506386e-05 0.000522095702950562 0.0005344837731894519 -0.0026964772059778937 0.0062342331960930364 0.0014420368884886399 0.00037481365299161119 0.010641754330501107 0.001814011000648239 -0.00066383878963635016 0.003693115702977904 -0.00089839508696818989 0.0055860159562143965 0.0042447228169206668 0.00038706489418441304 0.0039069599981936022 -0.00052342415947153784 -0.0015621931918921245 0.0077466401080268296 0.0010566112297809977 0.0043447823157637486 0.0049191799133664355 0.0001499100240949925 1.9933016504543257e-05 -0.00018705572132714351 0.0027840248474653032 9.4945283624399716e-05 0.0030928950505398648 0.011134401721962712
leaf_weight=649 193602 56960 365 4149 284 84 137 282 51 133 253 82 754 64 270 456 92 4804 95 56 117 90 143 301 3710 131 703 282 69 59
leaf_count=649 193602 56960 365 4149 284 84 137 282 51 133 253 82 754 64 270 456 92 4804 95 56 117 90 143 301 3710 131 703 282 69 59
internal_value=2.9964e-05 0.000124545 -0.00095678 0.00013924 0.00034957 -0.000135796 -3.43965e-05 0.000707769 0.00230345 0.00428841 -0.000128244 0.000605416 -0.000448032 0.00144979 0.00212669 0.00102694 7.4507e-05 -0.000398972 0.00167695 0.00327135 0.00322039 0.00662241 0.000614839 0.000919824 0.000188978 0.00247788 0.0020505 0.0025645 0.00340254 0.00679953
internal_weight=269227 75625 1014 74611 17559 7456 7172 10103 556 274 6971 1879 836 1043 790 520 57052 5092 288 193 201 141 9547 5563 3984 274 1414 1113 831 128
internal_count=269227 75625 1014 74611 17559 7456 7172 10103 556 274 6971 1879 836 1043 790 520 57052 5092 288 193 201 141 9547 5563 3984 274 1414 1113 831 128
is_linear=0
shrinkage=0.05


Tree=141
num_leaves=31
num_cat=0
split_feature=7 2 7 8 5 4 7 0 7 8 0 8 7 8 4 4 8 0 4 7 5 8 2 8 0 8 4 8 2 8
split_gain=0.34194 0.311183 1.5883 1.89342 1.34646 0.811293 1.03736 0.679009 0.473474 1.10729 1.26783 0.920507 0.452229 1.98717 1.0921 0.591362 0.429298 0.604029 0.597583 0.423794 0.814275 0.53682 0.719881 0.46444 0.37561 0.464172 0.433486 0.421671 0.36613 0.35883
threshold=0.084054682809110978 0.3897788632604014 0.075517149084893084 0.73557485070685813 65.589279665839854 0.80164327893500864 0.079061678468717936 0.071774098249793319 0.06094917433654435 0.74568449334108189 0.039363937782084919 0.71509932806643828 0.070843092138759015 0.85517241207292927 0.95870618515884576 0.40732190437622123 0.80382359519951585 0.012437810945273743 1.1173375469307762 0.075517149084893084 54.801442114025576 0.63822425733608601 0.10437241159604972 0.62891700663002381 -0.026121467069455225 0.86699122854662136 1.2768143495111557 0.84906492955078761 0.063182897862232759 0.92707669363633938
decision_type=10 10 10 10 10 10 10 10 10 8 10 8 10 10 10 10 8 10 10 10 10 10 10 8 10 8 10 8 10 8
left_child=1 19 8 4 -4 6 -5 -7 9 10 -3 -10 24 15 -15 -14 17 -11 -18 -1 21 22 -21 -24 25 -13 27 -26 -22 -20
right_child=-2 2 3 5 -6 7 -8 -9 11 16 -12 12 13 14 -16 -17 18 -19 29 20 28 -23 23 -25 26 -27 -28 -29 -30 -31
leaf_value=2.9720536642994531e-05 -0.00088213925682067897 0.0019223561515505222 0.002872390187233044 0.0025991618894694144 0.011595507142612607 0.0074216221658779044 -0.0066091037697553869 -0.00047404772233007088 -0.0041730698002257994 -0.0035057684494810698 0.010707127454690636 -0.00042816695368447168 0.0029294390866363594 0.011429612364057297 0.0014241440007463097 -0.0031595670955319858 0.00082356809633325138 0.001602584482713031 -0.0027653224297920342 -0.00044136703352151783 -0.00057731544582638884 -0.0043044428712662869 0.0011707940312545198 0.0064573211248017976 0.0004549635964033532 0.0053510764525865444 0.0016414633332663834 -0.0026782293253454375 -0.0038743380438493544 -0.00010919201719054942
leaf_weight=261967 1027 230 87 57 90 56 66 53 162 169 50 109 55 60 50 145 1859 88 196 939 125 73 122 63 146 51 106 406 258 362
leaf_count=261967 1027 230 87 57 90 56 66 53 162 169 50 109 55 60 50 145 1859 88 196 939 125 73 122 63 146 51 106 406 258 362
internal_value=2.84658e-05 3.19527e-05 0.000437285 0.00341303 0.00730787 0.000441542 -0.00234186 0.00358244 0.000150508 0.000499503 0.00349107 -0.000648665 -0.000142501 0.00148376 0.00688167 -0.00148509 0.000186251 -0.0017566 0.000392835 2.47965e-05 -0.000791622 -0.000149557 0.000120289 0.00297107 -0.00075881 0.00141397 -0.00128714 -0.00184952 -0.00279829 -0.00104217
internal_weight=269227 268200 4653 409 177 232 123 109 4244 2954 280 1290 1128 310 110 200 2674 257 2417 263547 1580 1197 1124 185 818 160 658 552 383 558
internal_count=269227 268200 4653 409 177 232 123 109 4244 2954 280 1290 1128 310 110 200 2674 257 2417 263547 1580 1197 1124 185 818 160 658 552 383 558
is_linear=0
shrinkage=0.05


Tree=142
num_leaves=31
num_cat=0
split_feature=1 0 7 2 8 5 0 7 1 6 5 8 1 2 0 2 5 8 6 1 8 5 5 0 6 2 7 6 0 1
split_gain=0.342607 0.547121 1.19214 1.15787 0.797191 0.835954 0.743046 0.764415 0.636978 1.98567 0.721986 0.840954 0.532297 0.677402 0.528654 0.525679 0.496127 0.495386 0.493578 0.504088 0.469897 0.650163 0.628017 0.788888 0.756164 0.914791 1.15628 1.60981 0.616969 1.19308
threshold=-0.03836812497862007 0.027027027027027088 0.070843092138759015 -0.20524185014866811 0.18445624228218932 19.306490255620954 0.059174224623200218 0.042420322669416401 -0.043862143593844265 0.53852485209868095 67.910447716849561 0.67572241838145319 -0.11447863701864362 -0.13171221069837349 0.039363937782084919 -0.10850160730437557 29.878048761358574 0.45554474172630172 0.40838345894995526 -0.064642782621717396 0.57600180401789769 69.208938858797325 49.112425994818118 -0.01391395982061888 0.94255675828893604 -0.29919394975115426 0.047742006227164728 1.0631663384097843 -0.011476182614509776 -0.048073792691027122
decision_type=8 10 10 8 8 10 10 10 10 10 10 8 10 10 10 10 10 8 10 10 8 8 10 10 8 10 10 10 10 10
left_child=1 20 3 4 5 -3 7 -7 10 -10 11 12 13 -5 17 -14 -6 -11 19 -13 22 -22 23 24 -1 26 27 -26 29 -23
right_child=-2 2 -4 8 16 6 -8 -9 9 14 -12 18 15 -15 -16 -17 -18 -19 -20 -21 21 28 -24 -25 25 -27 -28 -29 -30 -31
leaf_value=0.00038391094906774432 -8.2097271731691547e-06 2.7718426327795743e-05 -0.0026666904230792585 0.0059655717998633494 -0.0024690487302399967 0.0055907138452418589 0.0094587871541145715 -0.0011399112300880785 0.011046599995877062 -0.002170774368849241 0.0060358541490474968 -0.00079837120875492782 -0.00072505539033997156 0.00071878091702538155 0.0029677221144513996 0.0010117230429245972 0.0030574663831676183 0.0024132781216200999 -0.0021785704850630374 0.003964109957175695 0.00044584862288658643 -0.0003787514291710072 0.00043838773870570884 -0.00027220164494777061 0.011456953288870864 -0.00025556572507156564 -0.00028437301643862155 0.0021332874204313687 -0.0015289727314569312 0.004571531230384218
leaf_weight=14052 193602 94 253 102 90 171 83 56 56 158 53 223 688 155 203 1188 74 94 507 74 13793 932 7594 21902 59 11434 320 215 862 140
leaf_count=14052 193602 94 253 102 90 171 83 56 56 158 53 223 688 155 203 1188 74 94 507 74 13793 932 7594 21902 59 11434 320 215 862 140
internal_value=2.70425e-05 0.000117289 0.000663538 0.000870603 0.00296461 0.00415807 0.0054105 0.0039303 0.000530872 0.00216228 0.00025206 0.000147688 0.00066713 0.00280116 0.00106882 0.000374781 2.46227e-05 -0.00046085 -0.00123038 0.00038824 8.41786e-05 0.000325468 1.58981e-05 -5.09684e-05 0.000134823 -0.000156179 0.00175693 0.00414094 -0.00053307 0.000267741
internal_weight=269227 75625 4322 4069 568 404 310 227 3501 511 2990 2937 2133 257 455 1876 164 252 804 297 71303 15727 55576 47982 26080 12028 594 274 1934 1072
internal_count=269227 75625 4322 4069 568 404 310 227 3501 511 2990 2937 2133 257 455 1876 164 252 804 297 71303 15727 55576 47982 26080 12028 594 274 1934 1072
is_linear=0
shrinkage=0.05


Tree=143
num_leaves=31
num_cat=0
split_feature=1 0 2 2 7 1 6 0 0 8 4 8 2 0 7 6 8 4 6 2 7 8 6 7 8 8 2 7 7 8
split_gain=0.309203 0.493777 1.12223 0.561692 0.857601 0.685422 1.59838 0.664712 0.614234 0.531918 0.506153 1.23687 1.76959 0.957278 1.13048 0.843369 0.590617 0.797489 0.711579 0.794834 1.50632 1.00107 1.56307 0.657833 0.791576 0.621888 0.622787 0.608063 0.702151 0.528756
threshold=-0.03836812497862007 0.027027027027027088 0.21138725944221473 -0.20524185014866811 0.049831260130964027 -0.043862143593844265 0.53852485209868095 0.059174224623200218 0.039363937782084919 0.45554474172630172 -0.38676948585315718 0.26132687509649116 0.063182897862232759 -0.0058823529411763933 0.032103619945936163 0.96482550934878264 0.57600180401789769 -0.75569551344728014 0.62858974848366278 -0.29919394975115426 0.044401498149700465 0.020329404365286397 1.0631663384097843 0.027208323080054719 0.54066315440122692 0.42127626048784911 -0.069751165146041558 0.025064061763289004 0.025292673691645704 0.034506628013864622
decision_type=8 10 10 8 10 10 10 10 10 10 10 8 10 10 10 10 8 10 10 10 10 10 10 10 10 10 10 10 10 10
left_child=1 10 3 4 7 -5 -7 -3 9 -8 16 12 -12 -14 -15 -13 17 18 23 20 21 22 -20 25 -25 26 -1 -18 -29 -23
right_child=-2 2 -4 5 -6 6 8 -9 -10 -11 11 15 13 14 -16 -17 27 -19 19 -21 -22 29 -24 24 -26 -27 -28 28 -30 -31
leaf_value=0.0012661661048917513 -7.7992414875664948e-06 0.0023313033469576868 -0.0023683016622099784 0.00029631903243417727 -0.00079503613214806793 0.010190653433439143 -0.0018068695631625374 0.0069218357952195225 0.0033972008120578216 0.0035429761903951803 0.00080761625206840287 -9.6980034753716557e-05 0.002549746441029668 0.012453725203693681 0.003267711285716911 0.00084814714095150844 -9.7513645347122895e-05 -0.00033450785133341555 0.012037074823242924 -8.2788482179560583e-05 -0.0002975034868516224 -0.0033187930611893535 0.0028929156491593008 -7.9698188897958102e-05 0.0059758997704325752 0.003177757665612204 -0.00043333003281499746 0.0064310124478113191 0.00069730202440114019 0.003161130973877495
leaf_weight=2154 193602 373 291 2895 175 57 177 100 191 63 2440 10038 216 68 66 3086 3598 16968 75 23082 475 50 124 2870 55 316 719 54 4764 85
leaf_count=2154 193602 373 291 2895 175 57 177 100 191 63 2440 10038 216 68 66 3086 3598 16968 75 23082 475 50 124 2870 55 316 719 54 4764 85
internal_value=2.56904e-05 0.000111425 0.000630361 0.000846836 0.00219541 0.000588521 0.00232198 0.00330182 0.00128134 -0.000402535 7.99697e-05 0.0003285 0.00128453 0.00460934 0.00792927 0.000125259 8.56359e-06 -6.05462e-05 9.43806e-05 -2.87966e-05 0.00151167 0.00408461 0.00633921 0.000575707 3.41678e-05 0.00107241 0.000840848 0.000394293 0.000761565 0.000761159
internal_weight=269227 75625 4322 4031 648 3383 488 473 431 240 71303 15914 2790 350 134 13124 55389 46973 30005 23891 809 334 199 6114 2925 3189 2873 8416 4818 135
internal_count=269227 75625 4322 4031 648 3383 488 473 431 240 71303 15914 2790 350 134 13124 55389 46973 30005 23891 809 334 199 6114 2925 3189 2873 8416 4818 135
is_linear=0
shrinkage=0.05


Tree=144
num_leaves=31
num_cat=0
split_feature=7 2 7 8 4 0 4 7 0 6 6 4 6 4 8 0 8 7 0 4 8 7 6 4 0 7 4 2 2 8
split_gain=0.303145 0.286208 1.44046 1.70854 1.13588 1.3172 0.728604 0.939427 0.612805 0.474631 0.410279 0.474791 0.387116 0.833483 0.667234 0.60812 1.88154 0.840965 0.406543 0.405686 1.10013 0.548791 0.405244 0.387056 0.375492 0.372956 0.63202 0.837052 0.466975 0.43944
threshold=0.084054682809110978 0.3897788632604014 0.075517149084893084 0.73557485070685813 0.29087327050483608 0.011206670128427356 0.80164327893500864 0.079061678468717936 0.071774098249793319 0.55922452491745478 0.60441262499964477 0.52096637638537691 2.1979525349369644 1.1173375469307762 0.94246965447869058 0.04413020094962717 0.79849641347406208 0.065185274809158783 0.064879818699374772 0.52096637638537691 0.8609775726248089 0.068895718469190556 0.97841995601056764 0.75481095787642116 0.01310043668122274 0.075517149084893084 -0.071356982140794847 0.225079449382973 0.2688814819575725 0.12783364699157587
decision_type=10 10 10 10 10 10 10 10 10 10 10 10 10 10 10 10 10 10 10 10 10 10 10 10 10 10 10 10 10 10
left_child=1 25 9 4 -4 -6 7 -5 -8 -3 11 -11 13 14 19 24 -17 18 -18 20 22 -21 -12 -23 -14 -1 27 -27 29 -28
right_child=-2 2 3 6 5 -7 8 -9 -10 10 12 -13 15 -15 -16 16 17 -19 -20 21 -22 23 -24 -25 -26 26 28 -29 -30 -31
leaf_value=2.5445241999859762e-05 -0.00083298788684963365 -0.0017808018332276859 0.0012855501577131829 0.0024918545045677508 0.014802927070207174 0.0042238663333202045 0.0070513416879943438 -0.0062709833126229414 -0.00044954492411804648 7.3399883694946774e-05 -0.00059567216967979636 0.006897330114559736 0.00059228524935366425 -0.0020214741681892075 0.0020491202226231484 0.011567635780316778 0.003874540265480226 0.0065477467856059476 -0.00092301801871924139 -0.00010202355837970537 0.007344482478404803 -0.00067690141155923671 0.0022992486949400329 -0.0051785978110274302 -0.0043779653349989341 -0.00038189697817089113 -0.0039916256268043076 0.006119386003522847 -0.0048549704749203809 -0.0002073690167828711
leaf_weight=261967 1027 298 59 57 62 56 56 66 53 52 364 50 114 442 463 50 55 60 224 1580 63 95 181 96 57 1034 109 52 126 259
leaf_count=261967 1027 298 59 57 62 56 56 66 53 52 364 50 114 442 463 50 55 60 224 1580 63 95 181 96 57 1034 109 52 126 259
internal_value=2.44059e-05 2.7689e-05 0.000416415 0.00325028 0.00695009 0.00978236 0.000427586 -0.00221016 0.00340412 0.000143312 0.00028862 0.00341846 0.00020557 -1.63076e-06 0.000312504 0.00142065 0.00251309 0.00117761 2.27372e-05 -2.54756e-05 0.00108888 -0.000408045 0.00036576 -0.00293953 -0.00106446 2.0826e-05 -0.00074506 -7.06017e-05 -0.00222778 -0.00132825
internal_weight=269227 268200 4653 409 177 118 232 123 109 4244 3946 102 3844 3284 2842 560 389 339 279 2379 608 1771 545 191 171 263547 1580 1086 494 368
internal_count=269227 268200 4653 409 177 118 232 123 109 4244 3946 102 3844 3284 2842 560 389 339 279 2379 608 1771 545 191 171 263547 1580 1086 494 368
is_linear=0
shrinkage=0.05


Tree=145
num_leaves=31
num_cat=0
split_feature=5 4 7 7 2 2 8 8 7 4 8 2 5 6 2 7 7 6 6 8 5 5 6 2 6 7 7 7 7 8
split_gain=0.317293 0.888778 0.890638 1.11325 0.980671 0.841498 1.09033 0.7723 0.728569 0.82826 0.645641 1.02385 0.999862 1.0704 0.686291 0.667308 0.881959 0.827986 0.798178 0.759027 2.31155 1.2667 0.994152 0.968797 0.81891 0.785832 0.746026 0.743174 0.726319 0.694331
threshold=58.878504661662596 0.2646784276949064 0.021000936247644649 0.062182765303145433 -0.078576079247292138 -0.098484848484848439 0.21165644106853862 0.20227584126274714 0.011187909012920107 0.57521814977149266 0.31831738772629514 0.0090351903878718182 73.576251344163992 0.53852485209868095 0.14689145610645607 0.042130702872240168 0.028394480766547218 0.5932759050987626 0.80928581942541722 0.7665064055682691 80.202179339743097 67.314036753084238 0.76808371994810398 0.0026946916534994485 1.228362115022344 0.038103135004358808 0.040970522754318658 0.029092281587469383 0.034697562260999779 0.89904761733514771
decision_type=10 10 8 10 8 10 10 8 8 10 8 10 10 10 10 10 8 10 10 8 10 10 10 8 10 10 8 10 10 10
left_child=-1 2 -2 4 5 -4 -7 -3 9 -9 11 -10 13 -13 15 16 18 -17 29 20 -18 22 -21 -23 -25 -22 -24 -26 -29 -12
right_child=1 7 3 -5 -6 6 -8 8 10 -11 14 12 -14 -15 -16 17 19 -19 -20 21 25 23 26 24 27 -27 -28 28 -30 -31
leaf_value=-4.4820015407269171e-05 -0.0005963696753546275 -0.0012070854830619193 0.0015826541008818801 -0.0011862492605755547 0.00077349566659511702 0.0018690826804047885 0.0093087286436550169 -0.0009757070980874271 0.0016586215367779414 0.0021790554030514035 -0.00051690980426935453 0.0056673004825943674 -0.002626824281096327 0.00017340613245034382 0.00015757353862317708 0.0035190968612012203 -0.0011997343213386831 0.00026785370325704735 0.0001201410980211241 0.0026609317984895016 0.0023995165082342025 0.005517112205829928 0.00035146286723549937 -0.0026296087990458298 -0.0057308937744660815 0.0095409956975963037 -0.0042345295217912395 0.0018853475859081797 -0.001704040623830283 -0.0031444137369600863
leaf_weight=198410 1423 1273 403 662 6110 99 98 284 1499 778 3482 92 312 2442 25623 209 5679 3106 13139 487 141 51 1567 740 55 53 94 330 246 271
leaf_count=198410 1423 1273 403 662 6110 99 98 284 1499 778 3482 92 312 2442 25623 209 5679 3106 13139 487 141 51 1567 740 55 53 94 330 246 271
internal_value=-1.24031e-05 7.8509e-05 0.000548861 0.000769922 0.000962915 0.00289184 0.00557002 1.17367e-05 3.73063e-05 0.00133541 1.41826e-05 0.000601048 4.40198e-05 0.000372869 -3.19507e-05 -0.000195734 -0.000279892 0.000472834 -6.35497e-05 -0.000666894 -0.00101639 -9.19316e-05 0.000674381 -0.00124948 -0.0015012 0.00435054 9.19305e-05 -0.000177858 0.00035238 -0.000706639
internal_weight=269158 70748 8795 7372 6710 600 197 61953 60680 1062 59618 4345 2846 2534 55273 29650 26335 3315 16892 9443 5873 3570 2148 1422 1371 194 1661 631 576 3753
internal_count=269158 70748 8795 7372 6710 600 197 61953 60680 1062 59618 4345 2846 2534 55273 29650 26335 3315 16892 9443 5873 3570 2148 1422 1371 194 1661 631 576 3753
is_linear=0
shrinkage=0.05


Tree=146
num_leaves=31
num_cat=0
split_feature=0 8 8 0 5 6 1 4 6 6 4 5 6 1 1 0 0 1 6 6 6 4 5 4 4 8 1 0 1 8
split_gain=0.300562 0.597885 0.483277 0.808214 0.775243 1.3736 1.14268 0.711369 0.628669 0.725361 0.550266 0.594346 1.30803 0.725444 0.638245 0.562053 0.537455 0.509948 0.826076 0.924232 0.483815 0.579671 0.48376 0.864896 0.683084 0.544896 0.526444 0.561042 0.566233 0.502128
threshold=-0.033354908516315555 1.0000000180025095e-35 0.81468972556365615 -0.047276873929753598 16.221122141354375 1.0369435280615324 -0.14738400708105606 -0.96511640687138911 0.60060948237453116 0.63865565767639387 0.92415200677590736 72.636242482043727 1.1479477205935829 0.10798492700206642 0.018543991081803716 -0.035445352229960862 -0.045962451797564134 0.054286838260087629 1.1092931942997908 1.3170401682373623 1.8689944477999509 -1.2599155670386655 57.423902378793336 0.15692228949156242 0.46038708663435884 0.2645894821151285 -0.020223470661672845 -0.038564561464217488 -0.010316914477849768 0.73026093693571581
decision_type=10 8 8 10 10 10 10 10 10 10 10 8 10 10 10 10 10 10 10 10 10 10 10 10 10 10 10 10 10 10
left_child=2 -2 4 8 5 6 -1 20 -4 -10 11 17 13 14 15 -13 -9 -5 -19 -20 -7 -22 23 -6 25 -24 -25 28 -28 -29
right_child=1 -3 3 10 22 7 -8 16 9 -11 -12 12 -14 -15 -16 -17 -18 18 19 -21 21 -23 24 26 -26 -27 27 29 -30 -31
leaf_value=0.0086852842694844137 0.0018543517281172433 -3.3795724699081531e-05 -0.00058223833622533024 0.0012573055688685612 -5.9081161671126999e-05 0.0019983957911080845 0.0022396821304289552 0.00064635460375779595 0.0062851971416766272 0.00057947050893461419 -0.0032852899307864859 0.001420162611020577 0.01012191132963549 0.0071661322889849544 -0.0021804695371447093 0.0065056858204591735 -0.0037909899285638381 -0.0031155797982529241 0.0071552566002246066 -0.0018041927348970187 0.001215351428211069 -0.0039557017434572617 0.002909381891846701 -0.0039828246346201397 -0.00032488270902907658 0.00067501917648025251 0.0032518669841811059 -0.00025070301167904696 -0.0022909866630562202 0.0049085986128822269
leaf_weight=84 420 238783 1844 1548 17045 419 379 114 58 1406 66 331 54 60 102 65 170 181 53 63 134 91 307 179 1817 2454 50 235 587 59
leaf_count=84 420 238783 1844 1548 17045 419 379 114 58 1406 66 331 54 60 102 65 170 181 53 63 134 91 307 179 1817 2454 50 235 587 59
internal_value=-1.17829e-05 -3.04805e-05 0.000137525 0.00054602 3.87877e-05 0.00118464 0.00340908 7.48192e-05 3.19315e-05 0.000805517 0.00122006 0.00134108 0.00269132 0.00197223 0.00134646 0.00225491 -0.0020098 0.0008932 -0.00100456 0.00228935 0.000994124 -0.000876052 -3.13255e-05 -0.000147149 0.000427996 0.000923462 -0.0014995 -0.00102204 -0.00185591 0.000784667
internal_weight=269158 239203 29955 5831 24124 1391 463 928 3308 1464 2523 2457 612 558 498 396 284 1845 297 116 644 225 22733 18155 4578 2761 1110 931 637 294
internal_count=269158 239203 29955 5831 24124 1391 463 928 3308 1464 2523 2457 612 558 498 396 284 1845 297 116 644 225 22733 18155 4578 2761 1110 931 637 294
is_linear=0
shrinkage=0.05


Tree=147
num_leaves=31
num_cat=0
split_feature=0 6 1 0 7 7 6 6 4 7 0 4 2 4 7 2 6 4 2 7 7 6 0 2 7 4 2 7 3 0
split_gain=0.271257 0.459112 0.338157 0.568064 0.582111 0.746417 0.524224 0.534184 0.513284 1.5284 0.630103 0.584036 0.570445 0.541965 0.495787 0.54237 0.481961 0.488202 0.630065 0.542939 0.555623 1.02993 0.664248 0.890496 0.695071 0.841129 0.593436 0.584748 0.526955 1.1134
threshold=-0.033354908516315555 0.53852485209868095 0.050584170450210249 0.036250854993160171 0.044401498149700465 0.045550372314020794 3.4582492346713782 4.1205965995928295 0.5843916806097863 0.011187909012920107 0.04036654509629601 0.44198032478668831 0.057988928201061614 0.62999704921725597 0.017075607837422558 -0.018590271721468762 0.41664128979638942 -0.41411456341770297 -0.16492180462303777 0.055227318600763041 0.042130702872240168 0.45806781455587359 0.022921502073827597 0.048120745558593477 0.046375553000835915 0.5027545543433326 0.007670901056846314 0.043054602623442122 1.0000000180025095e-35 -0.028948805926338802
decision_type=10 8 10 10 10 10 10 10 10 8 10 10 10 10 8 10 8 8 10 8 10 10 10 10 10 10 10 10 2 10
left_child=1 -1 8 16 6 -6 -5 -8 10 -10 -2 -12 14 -14 15 -11 -4 18 -18 20 -19 -22 23 24 25 -23 -27 -24 29 -25
right_child=2 -3 3 4 5 -7 7 -9 9 12 11 -13 13 -15 -16 -17 17 19 -20 -21 21 22 27 28 -26 26 -28 -29 -30 -31
leaf_value=0.0011024364337204942 -5.416056404532871e-05 9.1219321900483667e-05 -0.0016019524856189854 -0.00048964890283501592 0.0025903924647929697 0.00012302737249541342 0.0020246956470420054 -0.00044612874221259163 0.0016880371672968236 0.0045125109445859476 0.00053939158841091077 -0.00091168131502510649 -0.00096136462251764825 -4.2107908813408076e-05 -0.0011416713847244356 -0.00026686404708068393 0.0037862960474843704 0.00017568239715644581 -0.00070460083172234128 -0.00039096804235366875 0.0076882318859340026 0.0017427135538840973 -0.002172955035021005 0.0063785371212288743 0.00037870519117859662 0.0031532928223087873 0.0098266917343754617 0.0023049682921119862 0.00047926867396773203 -0.001252662848823646
leaf_weight=1168 166901 28787 365 9262 331 4144 438 437 893 62 7229 767 1987 8305 3979 1394 211 23962 124 3414 53 463 80 50 638 72 62 822 1673 1085
leaf_count=1168 166901 28787 365 9262 331 4144 438 437 893 62 7229 767 1987 8305 3979 1394 211 23962 124 3414 53 463 80 50 638 72 62 822 1673 1085
internal_value=-1.11938e-05 0.000130649 -2.89564e-05 9.01826e-05 -0.000169451 0.00030553 -0.000379133 0.000790695 -5.8621e-05 -0.000324155 -3.33879e-05 0.0004002 -0.00043841 -0.000219582 -0.000852795 -6.33467e-05 0.000204888 0.000225051 0.00212399 0.000205401 0.000275705 0.000755244 0.000680937 0.000407219 0.00152614 0.00275238 0.00624098 0.00190781 -8.48988e-05 -0.000916487
internal_weight=269158 29955 239203 47686 14612 4475 10137 875 191517 16620 174897 7996 15727 10292 5435 1456 33074 32709 335 32374 28960 4998 4945 4043 1235 597 134 902 2808 1135
internal_count=269158 29955 239203 47686 14612 4475 10137 875 191517 16620 174897 7996 15727 10292 5435 1456 33074 32709 335 32374 28960 4998 4945 4043 1235 597 134 902 2808 1135
is_linear=0
shrinkage=0.05


Tree=148
num_leaves=31
num_cat=0
split_feature=5 4 7 7 2 2 4 7 0 7 4 1 7 5 0 1 7 5 7 7 5 1 5 2 1 1 1 5 7 0
split_gain=0.289587 0.779853 0.793548 1.01134 0.885412 0.757096 0.730253 0.976238 0.627853 0.586473 0.691734 0.57292 0.668069 0.610054 0.66617 0.565616 0.6469 0.69004 0.634352 1.12732 0.998435 0.857099 1.03877 0.86086 1.18627 0.846602 0.936528 1.44309 0.737891 0.728706
threshold=58.878504661662596 0.2646784276949064 0.021000936247644649 0.062182765303145433 -0.078576079247292138 -0.098484848484848439 -0.021092574274438173 0.032822048358662585 -0.066295578493882498 0.011187909012920107 0.57521814977149266 0.19168037263172447 0.070843092138759015 49.919022670565589 0.031156928875494375 0.050584170450210249 0.030087733250814895 82.721296622103907 0.044401498149700465 0.044783073190515534 69.897354001669427 0.054286838260087629 68.218354287684932 0.065049367460316768 0.15907000839106325 0.083618479208987254 0.11884665435543708 62.169652675677099 0.051698813434739997 0.021426348320916725
decision_type=10 10 8 10 8 10 10 10 10 8 10 10 8 10 10 10 8 10 10 10 10 10 10 10 10 10 10 10 10 10
left_child=11 2 -2 4 5 -4 -7 -8 -5 10 -3 -1 -13 14 -14 -11 17 -17 -18 20 -20 22 28 24 25 29 27 -27 -21 -23
right_child=1 9 3 8 -6 6 7 -9 -10 15 -12 12 13 -15 -16 16 18 -19 19 21 -22 23 -24 -25 -26 26 -28 -29 -30 -31
leaf_value=-4.7179727304200518e-05 -0.00056420209417865725 -0.00089107570946033972 0.001500469901256388 0.0031052514081427755 0.00072943310908855322 0.00026475201220304336 0.011246300782820779 0.0030125689566678679 -0.0016976631073003564 -0.00015581791830879645 0.0018910084580100656 0.0026037386672043607 0.0029179654223138863 -0.0047693439654164747 -0.0014631501459832275 0.00060459081261043056 -0.00026478170806173518 -0.00076300690320536553 0.0078498979716602243 0.0027450354179617375 0.00077661891786142366 -0.0027841564046823244 -0.00085194151376514397 -2.4166767389729749e-05 -0.00088373245786459761 0.014440079822259791 0.0019619737582939854 0.004234957472309126 0.011292880824301393 0.0046192673686891797
leaf_weight=197559 1423 306 403 77 6110 53 72 72 585 31217 828 441 165 62 183 9292 11222 1024 92 51 109 84 73 6987 258 51 146 108 50 55
leaf_count=197559 1423 306 403 77 6110 53 72 72 585 31217 828 441 165 62 183 9292 11222 1024 92 51 109 84 73 6987 258 51 146 108 50 55
internal_value=-1.06341e-05 7.62181e-05 0.000516806 0.00072547 0.000909418 0.00274227 0.00528259 0.00712943 -0.00113902 1.36712e-05 0.00114029 -4.16034e-05 0.00125295 -0.000199979 0.000614103 -7.33515e-06 0.000149248 0.000468839 -2.1699e-05 0.000316579 0.00401414 0.000222059 0.00369224 0.00014353 0.00181261 0.00337941 0.00485334 0.0075083 0.00697664 0.000145256
internal_weight=269158 70748 8795 7372 6710 600 197 144 662 61953 1134 198410 851 410 348 60819 29602 10316 19286 8064 201 7863 174 7689 702 444 305 159 101 139
internal_count=269158 70748 8795 7372 6710 600 197 144 662 61953 1134 198410 851 410 348 60819 29602 10316 19286 8064 201 7863 174 7689 702 444 305 159 101 139
is_linear=0
shrinkage=0.05


Tree=149
num_leaves=31
num_cat=0
split_feature=5 2 6 7 7 0 7 7 7 7 5 2 7 7 7 0 7 5 5 7 6 6 2 7 0 2 8 2 5 6
split_gain=0.261352 0.562247 0.546466 0.590667 0.456254 0.709127 0.608975 0.584745 0.806594 1.12552 1.32789 0.808662 1.19364 0.640656 0.76318 0.469469 0.679699 0.456215 0.423877 0.480471 0.458267 0.335954 0.835177 0.528154 0.585118 0.479332 0.78716 1.1853 0.512287 0.768426
threshold=58.878504661662596 -0.045801526717557266 0.41664128979638942 0.06094917433654435 0.020551039971919455 -0.0056283066380693461 0.022693076900447157 0.030454395172624913 0.037053957192947101 0.035934833858425629 62.169652675677099 -0.095852632071626462 0.032975736110415835 0.039236893248547962 0.041264316431061085 -0.030438898389434196 0.040174863921194688 67.609507282816807 71.769045585759457 0.051045454732637836 1.0688447200318305 0.63865565767639387 0.09502747050501216 0.015104789789352315 -0.035445352229960862 -0.10850160730437557 0.19598326047377998 -0.32084279149985417 25.113122166642793 1.1156669296880801
decision_type=10 8 10 10 10 10 10 10 10 10 10 10 10 10 10 10 10 10 10 10 10 8 10 10 10 8 10 10 10 10
left_child=21 2 -2 4 -4 15 -7 -8 9 10 -9 -12 -13 -10 -15 16 -6 -17 19 20 -16 22 23 -1 -25 26 -23 -28 -29 -30
right_child=1 -3 3 -5 5 6 7 8 13 -11 11 12 -14 14 18 17 -18 -19 -20 -21 -22 25 -24 24 -26 -27 27 28 29 -31
leaf_value=0.00070988488760130553 -0.0036096928182386741 4.5502483429002381e-05 -0.00087785524700176093 -0.0011694787043137255 0.0063643099209599076 0.0064020345151551408 0.00028732621022410979 -0.0012652956050069331 -0.0025198034675567647 0.0098630364668982409 0.0011390003603883086 0.012453941732228762 0.0031753728365364535 0.0072969061168605244 0.0022885408660428775 -0.001576863079936241 -0.0014571421998826899 0.0028725813095714305 -0.0025320104608908879 0.0052810883259949972 -0.0033157794081764124 0.00018329642968511431 -0.00062657801551384447 0.00099190811012031511 4.3677779642764345e-05 -0.00013424442768749601 -0.0071983177899493881 -0.0011893128841915929 -0.00048600307470890122 0.0006731365210603656
leaf_weight=3581 68 68261 230 293 61 77 418 119 95 72 75 66 73 59 117 349 51 69 64 78 53 31463 3995 1690 43560 105909 63 1386 4710 2053
leaf_count=3581 68 68261 230 293 61 77 418 119 95 72 75 66 73 59 117 349 51 69 64 78 53 31463 3995 1690 43560 105909 63 1386 4710 2053
internal_value=-1.01024e-05 7.24072e-05 0.000810864 0.000935129 0.00122518 0.0014803 0.00208261 0.00182459 0.00256233 0.00419446 0.00296882 0.00532331 0.00758102 0.00114385 0.00208199 -7.20914e-05 0.00280276 -0.000842385 0.00109583 0.00203205 0.000541312 -3.95232e-05 6.84861e-05 0.000125351 7.90923e-05 -7.8715e-05 6.9516e-05 -0.000366416 -0.000313598 -0.000134131
internal_weight=269158 70748 2487 2419 2126 1896 1366 1289 871 405 333 214 139 466 371 530 112 418 312 248 170 198410 52826 48831 45250 145584 39675 8212 8149 6763
internal_count=269158 70748 2487 2419 2126 1896 1366 1289 871 405 333 214 139 466 371 530 112 418 312 248 170 198410 52826 48831 45250 145584 39675 8212 8149 6763
is_linear=0
shrinkage=0.05


Tree=150
num_leaves=31
num_cat=0
split_feature=6 0 7 7 0 6 6 2 6 8 2 8 4 4 0 6 0 4 7 4 7 8 2 4 0 8 8 3 6 7
split_gain=0.261052 0.484682 1.04627 0.748723 0.688069 0.58989 0.664637 0.719829 0.936252 1.00943 0.65225 0.918421 0.480682 0.479527 0.468273 0.919262 0.46364 0.735188 0.543012 0.434764 0.478047 0.418325 0.910646 0.795076 0.711115 0.911273 0.572446 0.722564 0.862192 0.67432
threshold=1.5043727894306957 0.03435605324724323 0.027208323080054719 0.02686157183790434 0.04154046774269083 0.92563592641101933 0.93440859701951429 0.36249146008198335 1.0524965452748547 0.69487750502626466 0.19973999517365862 0.73026093693571581 -0.74118881183265917 0.66926294623214633 0.048838080306593652 0.88173167874633551 0.059174224623200218 -0.58377699359853763 0.075517149084893084 1.4264144945704402 0.015998901194204437 0.57142857020581539 0.21138725944221473 1.3422113471485175 0.04413020094962717 0.95132488019122674 0.74058871629573042 1.0000000180025095e-35 2.4440655663061612 0.040435130959160917
decision_type=10 10 8 10 10 10 10 10 10 10 10 10 10 10 10 10 10 10 8 10 10 10 10 10 10 10 10 2 10 10
left_child=1 -1 3 -3 -5 10 -7 -8 13 -10 -4 -12 -2 -9 15 -13 19 -18 -19 21 -21 23 -23 -14 -24 26 -26 -28 29 -29
right_child=12 2 5 4 -6 6 7 8 9 -11 11 14 16 -15 -16 -17 17 18 -20 20 -22 22 24 -25 25 -27 27 28 -30 -31
leaf_value=-1.2033298127521925e-05 -0.00035144804447257951 0.00044418232541988721 0.00018399470477959895 0.00065104195866785928 0.007764706410724076 -0.0045831594097332775 -0.00082337227368025386 0.0079309183926286435 -0.0049700265031768593 0.00066457419378001506 -0.0031566680322238855 0.00013172512251438331 0.00050878116816022308 0.0022555554894730448 -0.0015257150634686101 0.0076120392917655407 0.005752196047867004 -0.00014982650225828283 -0.0032641532993712627 -0.002254917566360046 0.0023374989154833956 -0.00025091119862667482 0.00047247212800668575 -0.0033082673288555419 0.0086286720192186878 -0.0015866885350183831 -0.0012192288265333907 0.0059197490519533559 0.010058911540078763 -0.00087885354107744259
leaf_weight=218855 4727 2344 4599 67 69 110 7575 53 93 547 380 230 11952 125 245 50 52 6596 143 65 442 7419 2075 138 55 95 73 75 53 71
leaf_count=218855 4727 2344 4599 67 69 110 7575 53 93 547 380 230 11952 125 245 50 52 6596 143 65 442 7419 2075 138 55 95 73 75 53 71
internal_value=-1.30103e-05 -3.17276e-05 -0.000293158 0.000653447 0.00426018 -0.000460758 -0.000721816 -0.000671208 0.000737888 -0.000154204 -5.74571e-05 -0.00128446 0.00011643 0.00394541 7.06639e-05 0.0014675 0.000191903 -0.000170213 -0.000215912 0.000301134 0.00174873 0.000267783 2.70686e-05 0.000465212 0.000852993 0.00272403 0.00397639 0.00303567 0.00459651 0.00261358
internal_weight=269373 235342 16487 2480 136 14007 8503 8393 818 640 5504 905 34031 178 525 280 29304 6791 6739 22513 507 22006 9916 12090 2497 422 327 272 199 146
internal_count=269373 235342 16487 2480 136 14007 8503 8393 818 640 5504 905 34031 178 525 280 29304 6791 6739 22513 507 22006 9916 12090 2497 422 327 272 199 146
is_linear=0
shrinkage=0.05


Tree=151
num_leaves=31
num_cat=0
split_feature=5 7 7 8 7 2 6 7 6 2 6 6 7 7 1 6 7 5 5 5 8 8 2 7 7 8 5 7 8 4
split_gain=0.275262 0.328627 0.430768 0.672912 0.581277 0.493016 0.430938 0.425971 0.343665 0.317691 0.873168 0.422567 0.475228 0.287607 0.28209 0.266911 0.342697 0.767488 0.714747 0.635861 0.591988 0.554085 0.542555 0.578566 2.11761 2.30868 0.602874 0.707728 1.03909 0.909598
threshold=11.189191036564852 0.020890698557700361 0.032822048358662585 0.022222221893004001 0.055227318600763041 -0.098484848484848439 0.50210660955191655 0.030087733250814895 0.7115958772845371 -0.32084279149985417 0.93440859701951429 1.1827272614234292 0.043696133150102102 0.027676272207392796 -0.066742900730086083 1.5043727894306957 0.06094917433654435 79.261974704181185 70.622972347479006 53.050397863208779 0.91946033832292196 0.88622776003250536 0.36249146008198335 0.053672811631288876 0.052306130992699713 0.91231343233938167 66.433854731003393 0.044028506789199028 0.80382359519951585 0.65998057755851236
decision_type=8 8 10 8 10 10 10 10 10 10 10 10 10 10 10 10 10 10 10 10 10 8 10 10 10 10 10 10 8 10
left_child=1 8 3 7 5 9 -6 13 -1 10 -4 12 14 -3 -11 16 22 18 19 -18 -20 -21 -2 24 26 -26 -24 -28 -29 -30
right_child=15 2 4 -5 6 -7 -8 -9 -10 11 -12 -13 -14 -15 -16 -17 17 -19 20 21 -22 -23 23 -25 25 -27 27 28 29 -31
leaf_value=0.00031184473063707095 -2.2103819824108497e-05 0.0022157449435442687 -0.0050005738928770634 -0.0003642090664139781 0.0049335514534166076 0.0025925086449625763 -7.9375909135908881e-05 0.0055210519820833824 -0.0016184716196951034 0.00023535588482315818 0.0034588361516900696 -0.0075552346020498692 -0.0065596283993573264 -0.0013328520146535232 -0.0034279935809811862 0.00012485066455097664 -9.465403460531306e-06 -0.0028034811341034142 0.00075655575809255326 -0.00049776060900272735 0.0051790478502817712 -0.0019341008314206741 0.0029575170405517007 -0.00049966227847082886 0.0022543372431149083 0.015255171325901207 0.0012383461379731333 -0.0051674308566407876 0.00339586143511244 -0.0012509276979063562
leaf_weight=310 220772 250 56 698 51 52 269 78 900 112 67 51 59 74 99 33599 4954 302 581 2369 87 937 248 730 96 53 864 119 144 392
leaf_count=310 220772 250 56 698 51 52 269 78 900 112 67 51 59 74 99 33599 4954 302 581 2369 87 937 248 730 96 53 864 119 144 392
internal_value=-1.23598e-05 -0.00047882 -7.14185e-05 0.000574299 -0.000941872 -0.00201376 0.000719559 0.00220385 -0.00112393 -0.00255324 -0.000392603 -0.00338114 -0.0025927 0.00140526 -0.00148347 -6.88309e-06 -2.59081e-05 -0.00032447 -0.000240614 -0.000367838 0.00133254 -0.000904854 -1.35737e-05 0.000698148 0.00115452 0.0068788 0.000671823 0.000298649 -0.000940891 -2.53659e-06
internal_weight=269373 3126 1916 1100 816 496 320 402 1210 444 123 321 270 324 211 266247 232648 9230 8928 8260 668 3306 223418 2646 1916 149 1767 1519 655 536
internal_count=269373 3126 1916 1100 816 496 320 402 1210 444 123 321 270 324 211 266247 232648 9230 8928 8260 668 3306 223418 2646 1916 149 1767 1519 655 536
is_linear=0
shrinkage=0.05


Tree=152
num_leaves=31
num_cat=0
split_feature=4 5 7 2 8 8 5 7 7 6 2 2 7 5 2 6 8 6 7 2 6 5 2 7 8 7 6 4 7 6
split_gain=0.250232 0.597239 0.558517 0.600927 1.40407 0.412998 0.707736 0.483526 0.457205 0.390398 0.385855 0.352034 0.459124 0.326771 0.428467 0.922979 0.499094 0.353195 0.316104 0.288833 0.271309 0.242726 0.301456 0.900932 1.04415 0.656109 0.347905 0.674394 0.352033 0.521532
threshold=1.3422113471485175 89.350945490958722 0.070843092138759015 0.36249146008198335 0.79849641347406208 0.24462538673989251 67.314036753084238 0.049831260130964027 0.058752616110890658 2.5603091509611668 0.225079449382973 0.25839402339364265 0.040701661468941046 63.594842475318643 0.084338468494076571 2.080172437363955 0.75094606584372503 2.2673683850001769 0.042130702872240168 0.15813196578469771 3.4582492346713782 11.189191036564852 -0.29919394975115426 0.036124634949462442 0.0076205593874229217 0.06094917433654435 0.70814819812322238 -0.99225335413760363 0.032822048358662585 1.228362115022344
decision_type=10 10 8 10 10 10 10 10 10 10 10 10 10 10 10 8 10 10 10 10 10 8 10 8 10 8 10 10 10 10
left_child=21 2 3 5 -5 6 -2 9 -9 13 -11 -12 -13 -7 15 -15 -16 19 -8 -18 -3 22 23 24 -1 -25 27 -24 -28 -30
right_child=1 20 -4 4 -6 7 18 8 -10 10 11 12 -14 14 16 -17 17 -19 -20 -21 -22 -23 26 25 -26 -27 28 -29 29 -31
leaf_value=0.0088049719230363487 0.0075800098560065178 -0.0056573079239266612 -0.0041135767291698069 0.010338009062665972 0.001275840509344672 -0.0028346263614760061 0.0027188733095061726 -0.0028049625846540073 0.0019779784658637187 0.00063148036074666205 0.0052530476722204966 -0.000698387789577622 0.0048445520969107748 0.0055701622092410134 -0.0026353222552346297 -0.0017190071789082142 0.0017290751734849023 0.0030397969770781471 -0.0022477012487866405 -0.0016365941512293065 -0.00084497000207193204 -1.1680965368563502e-05 0.0051869062359490604 -0.0037557537322365012 0.00082523988182656475 0.00060869895781198637 -0.00085149438603603685 -0.00026334685237253667 -0.0015233841179438708 -0.0073469267683630851
leaf_weight=61 53 54 62 51 264 111 81 216 65 956 94 99 60 95 196 80 99 99 53 179 64 263216 61 126 125 272 1472 816 140 53
leaf_count=61 53 54 62 51 264 111 81 216 65 956 94 99 60 95 196 80 99 99 53 179 64 263216 61 126 125 272 1472 816 140 53
internal_value=-1.17418e-05 0.000440001 0.000581262 0.00068336 0.00274305 0.000427523 0.00268899 0.000247491 -0.00169859 0.000511925 0.001091 0.00282735 0.00139329 -0.000303089 7.25798e-05 0.00223797 -0.000588752 0.000475247 0.000754482 -0.000438028 -0.00304723 -1.68827e-05 -0.000454879 0.00056952 0.00344225 -0.000773012 -0.000690224 0.000115747 -0.00111475 -0.0031226
internal_weight=269373 3031 2913 2851 315 2536 187 2349 281 2068 1209 253 159 859 748 175 573 377 134 278 118 266342 3126 584 186 398 2542 877 1665 193
internal_count=269373 3031 2913 2851 315 2536 187 2349 281 2068 1209 253 159 859 748 175 573 377 134 278 118 266342 3126 584 186 398 2542 877 1665 193
is_linear=0
shrinkage=0.05


Tree=153
num_leaves=31
num_cat=0
split_feature=4 1 2 2 2 5 7 7 8 7 2 5 7 0 7 1 5 7 5 2 8 8 4 7 4 1 2 4 5 0
split_gain=0.225835 0.65735 0.787716 0.692326 0.659857 0.561264 0.476515 0.655179 1.05239 0.539829 0.489501 0.56423 0.373492 0.356488 0.661995 0.572914 0.860817 0.596663 1.01731 0.758493 0.616921 0.653047 0.637764 0.609824 0.541113 1.30887 0.609781 0.568433 0.493272 0.536928
threshold=1.3422113471485175 0.070181745785140151 0.070482478648025051 0.097204641482651968 0.057988928201061614 89.350945490958722 0.065185274809158783 0.055933224678610928 0.87986479227732606 0.051045454732637836 0.3897788632604014 74.584855952004844 0.031804127038711529 0.03435605324724323 0.027208323080054719 0.0095087163232964195 36.762584847071828 0.04336510981720245 38.782973245065286 0.02393026374696439 0.24462538673989251 0.16666666638175887 -0.14743296964141775 0.043696133150102102 -0.71362793478028175 -0.10212174007070439 -0.17344976801515857 -0.22397619115681436 53.830634489015473 0.04036654509629601
decision_type=10 10 8 10 10 10 10 10 10 10 10 10 8 10 8 10 8 10 10 10 8 10 10 10 8 10 10 10 10 10
left_child=13 -2 4 12 -3 6 7 9 -9 -5 11 -11 -4 -1 -15 24 -17 19 -19 -18 21 -20 -22 -24 25 -16 27 28 29 -26
right_child=1 2 3 5 -6 -7 -8 8 -10 10 -12 -13 -14 14 15 16 17 18 20 -21 22 -23 23 -25 26 -27 -28 -29 -30 -31
leaf_value=3.3164522763760306e-06 -0.0020595373212439348 0.0016736575510362421 -0.0010254544816223044 0.0010091598593564308 0.0076670255414696773 -0.0027466895546491166 -0.0022182132413259663 0.0090211833339708392 0.0011155580943715342 -0.00049222040508452455 0.0023205341051586652 -0.0066965511600630221 -0.0056592301015431683 0.00029380787744726121 0.00033000146037130788 -0.0020795275746476006 -0.00118066940626894 0.0051489309953770624 -0.0012659188359975815 -0.00025699863382062558 -0.0039372375502352954 0.0044296028983197957 0.0036280081434934227 -0.00017583347826564057 -0.00081495570519147771 -0.0056410649016523139 -8.7725783794568153e-05 -0.0037200852792998148 0.0061667227654252201 0.0016234030014952148
leaf_weight=239526 246 146 158 1725 67 116 122 64 123 84 55 65 60 5615 274 802 3740 96 76 5478 110 149 108 4320 286 138 4443 59 50 1072
leaf_count=239526 246 146 158 1725 67 116 122 64 123 84 55 65 60 5615 274 802 3740 96 76 5478 110 149 108 4320 286 138 4443 59 50 1072
internal_value=-1.11547e-05 0.000418001 0.000636843 0.000394854 0.0035589 0.000644494 0.000820266 0.000995452 0.00382123 0.000721518 -0.00171075 -0.00319881 -0.00230081 -1.60385e-05 -0.000188921 -0.00031677 -0.000486195 -0.000395419 5.29382e-05 -0.000631758 -4.97734e-05 0.00250578 -0.000176481 -8.30569e-05 8.19756e-05 -0.00167002 0.000204111 0.00108798 0.00128945 0.00110988
internal_weight=269373 3031 2785 2572 213 2354 2238 2116 187 1929 204 149 218 266342 26816 21201 14879 14077 4859 9218 4763 225 4538 4428 6322 412 5910 1467 1408 1358
internal_count=269373 3031 2785 2572 213 2354 2238 2116 187 1929 204 149 218 266342 26816 21201 14879 14077 4859 9218 4763 225 4538 4428 6322 412 5910 1467 1408 1358
is_linear=0
shrinkage=0.05


Tree=154
num_leaves=31
num_cat=0
split_feature=5 7 7 1 2 7 0 7 7 1 7 1 7 8 8 8 7 0 2 5 9 8 8 8 2 8 2 0 1 7
split_gain=0.224988 0.292754 0.359566 0.605444 0.492809 0.589815 0.394753 0.510505 0.444344 0.308368 0.262462 0.279626 0.266304 0.331377 0.262208 0.246749 0.234834 0.549924 0.473676 0.54943 0.510081 1.82992 0.993734 1.21132 0.697439 0.911839 0.98364 0.668145 0.601986 0.596199
threshold=11.189191036564852 0.020890698557700361 0.032822048358662585 -0.17162639202663535 -0.098484848484848439 0.06094917433654435 -0.015016283694431252 0.02169689937894281 0.022260992922864185 -0.12716893308091839 0.01849279906403763 -0.10487348131908285 0.016175690907701008 0.060999075736290674 0.032297688241028778 0.16369984880702096 0.06094917433654435 0.0088855749301288717 0.32268664290448762 68.881771044823552 1.0000000180025095e-35 0.80916595075554609 0.82545314673190862 0.58031706261755611 0.42303513137429588 0.64740024651607431 0.46454772059302524 0.061806535162411642 -0.0025113258843526549 0.056835442829510065
decision_type=8 8 10 10 10 10 10 8 8 10 10 10 10 10 8 10 10 10 10 10 2 8 10 8 10 10 10 10 10 10
left_child=1 10 3 -3 5 -4 7 -5 -8 -9 12 -12 14 -14 -1 -10 18 -18 -2 -20 22 -22 23 -21 -25 -26 -27 29 -28 -24
right_child=16 2 4 6 -6 -7 8 9 15 -11 11 -13 13 -15 -16 -17 17 -19 19 20 21 -23 27 24 25 26 28 -29 -30 -31
leaf_value=-0.00019793021049259658 -6.0197514832856541e-06 0.004595688691170996 -0.0022802079595930229 0.0059992978009395306 0.0030770419472078985 0.00065826944550814433 -0.0042165677605456196 -0.0016269006808182563 0.0003393673437459895 0.0014209148460949533 0.00076937177354314678 -0.0030315960859763438 -0.00038581899812165213 0.0034234406066668902 -0.002273920893086312 -0.003065066036182426 4.1811063322670495e-05 -0.00069320451490488327 0.001348240940263268 0.0052492748495073073 0.0062387443572278038 0.00033487712811264069 0.0010774721009580281 -0.0029857090982072405 0.0040777987424379354 0.0024332092171167269 0.00068628568083559192 -0.0031916627576656382 -0.0057670797635857472 -0.0021822714004966041
leaf_weight=314 249926 85 477 50 73 266 79 110 376 338 60 250 213 78 295 62 6799 4067 1331 63 147 1225 1476 581 93 95 51 114 124 155
leaf_count=314 249926 85 477 50 73 266 79 110 376 338 60 250 213 78 295 62 6799 4067 1331 63 147 1225 1476 581 93 95 51 114 124 155
internal_value=-1.0597e-05 -0.000432314 -4.77911e-05 0.000542152 -0.000843058 -0.00122821 0.000202694 0.00120738 -0.000765069 0.000672567 -0.00104119 -0.00229592 -0.000609009 0.00063522 -0.00120354 -0.000142539 -5.64561e-06 -0.000233296 4.04049e-06 0.00046496 0.000179885 0.000967434 -0.000212744 -0.00146348 -0.00191147 -0.000192086 -0.00166282 0.000509024 -0.00388638 0.000767687
internal_weight=269373 3126 1916 1100 816 743 1015 498 517 448 1210 310 900 291 609 438 266247 10866 255381 5455 4124 1372 2752 1007 944 363 270 1745 175 1631
internal_count=269373 3126 1916 1100 816 743 1015 498 517 448 1210 310 900 291 609 438 266247 10866 255381 5455 4124 1372 2752 1007 944 363 270 1745 175 1631
is_linear=0
shrinkage=0.05


Tree=155
num_leaves=31
num_cat=0
split_feature=5 1 7 1 0 7 6 5 2 0 7 6 0 7 1 0 2 1 5 7 2 0 2 1 7 1 7 7 7 5
split_gain=0.256621 0.766866 1.16864 0.974329 0.654801 0.696734 0.582643 0.756508 0.829693 0.569215 0.543047 0.529825 0.517689 0.758314 1.16618 0.639815 0.504042 1.03053 0.808137 0.611911 1.33811 0.655985 0.607593 0.672759 0.541858 0.505241 0.714395 1.82568 0.543637 0.496419
threshold=32.802547756075285 -0.013026436013790053 0.043054602623442122 -0.061728395061728385 -0.018548287706632079 0.025502230703826016 0.99731144792120119 32.33686313366573 -0.019842560750172985 -0.01391395982061888 0.073071248271039071 0.35031719307178938 0.00034850307338152314 0.048218597682754084 -0.13278317838299639 -0.056499373782354582 -0.082479211422832363 0.044190259021546503 23.699636682426711 0.038998441370282362 -0.25731976722325567 -0.010434782608695624 -0.035411610418662191 0.0095087163232964195 0.024854628734690593 0.013328754538470934 0.034862502756522674 0.031958304682792045 0.01365442059077945 23.307225878688119
decision_type=8 10 8 10 10 8 10 10 8 10 10 8 10 10 10 10 10 10 10 10 10 10 10 10 10 10 10 10 10 10
left_child=1 3 16 6 -5 -6 7 9 -9 -1 -7 29 15 14 -14 -8 19 18 22 21 -21 -3 23 24 -18 -20 27 28 -27 -11
right_child=-2 2 -4 4 5 10 12 8 -10 11 -12 -13 13 -15 -16 -17 17 -19 25 20 -22 -23 -24 -25 -26 26 -28 -29 -30 -31
leaf_value=0.00073794237990114939 -1.60979571037416e-05 -0.00055174373398364659 -0.00068269694717964743 0.00022183544338986107 -0.00014345784065164705 -0.00088722762564601588 0.00061234664294669994 0.001759043864878942 0.0086720260004512963 -0.0040874545193916789 0.0020386800175122748 0.00015900447235408325 0.0045502034877426918 -0.0016934959963648855 0.00054281606661382459 -0.00057150993994513799 0.0019613544790330014 -0.002701143986373263 0.00056111172212382362 0.0076453475423881581 0.00078904692395179383 0.00055514347996252949 0.00038025711680977393 0.0078175730347125379 0.0068727624629225052 0.0058432501795771851 -0.0021140965194322431 0.010836881575781518 0.0012581473506139221 -2.4562348130970232e-05
leaf_weight=6135 211857 1776 2000 6317 11463 5852 1510 329 50 146 163 5511 225 255 940 4674 284 171 2279 90 340 5434 169 88 70 73 92 61 565 155
leaf_count=6135 211857 1776 2000 6317 11463 5852 1510 329 50 146 163 5511 225 255 940 4674 284 171 2279 90 340 5434 169 88 70 73 92 61 565 155
internal_value=9.27795e-06 0.000103237 0.000432766 1.55597e-06 -0.000214452 -0.000372137 0.000259454 0.000471791 0.00267105 0.000402023 -0.000807939 4.7436e-05 -8.47439e-05 0.000776198 0.00131678 -0.000282438 0.000626895 0.00109324 0.00126951 0.000391768 0.00222409 0.00028249 0.00293016 0.00390512 0.00293254 0.000939002 0.00202777 0.0025729 0.00178278 -0.00199527
internal_weight=269074 57217 13492 43725 23795 17478 19930 12326 379 11947 6015 5812 7604 1420 1165 6184 11492 3852 3681 7640 430 7210 611 442 354 3070 791 699 638 301
internal_count=269074 57217 13492 43725 23795 17478 19930 12326 379 11947 6015 5812 7604 1420 1165 6184 11492 3852 3681 7640 430 7210 611 442 354 3070 791 699 638 301
is_linear=0
shrinkage=0.05


Tree=156
num_leaves=31
num_cat=0
split_feature=0 4 5 0 7 7 6 6 7 6 5 6 1 1 1 1 1 5 7 7 5 6 5 4 7 6 5 4 5 6
split_gain=0.246741 0.916722 0.562921 0.548889 0.93397 1.16453 0.570586 0.625897 0.607243 0.719548 0.542115 0.471944 0.457184 0.614467 0.45463 0.42128 0.355363 0.333044 0.324062 0.930866 0.318462 1.3775 0.565105 0.555023 0.320237 0.303416 0.820306 0.420149 0.480583 0.421108
threshold=0.047217566885717994 -0.29470393053016014 35.69261880350728 0.045613811873003514 0.027329101590553163 0.025940186588538031 1.2049747868104068 1.0913625314285549 0.038998441370282362 0.87380071825851158 59.295989284251469 2.4440655663061612 -0.15738888560099426 -0.11843624673773361 0.049419211333010978 0.026639067971954925 0.017857142857142908 66.433854731003393 0.021465416459827472 0.020317250938672465 39.756949441393317 0.93852309894547736 40.545670616662029 -0.15634765943150178 0.035759957434919797 1.6293135691175762 21.234128549628746 -1.3229231923792539 14.634146337756819 1.7462420465785153
decision_type=8 8 8 10 8 10 8 10 8 10 10 10 10 10 10 10 10 10 8 10 8 10 8 10 10 10 10 10 10 10
left_child=3 11 -3 25 5 17 7 8 9 -6 -10 12 -2 -14 15 16 -15 -5 19 -4 21 -20 -22 24 -23 -1 27 28 -27 -29
right_child=1 2 18 4 6 -7 -8 -9 10 -11 -12 -13 13 14 -16 -17 -18 -19 20 -21 22 23 -24 -25 -26 26 -28 29 -30 -31
leaf_value=1.3352289682826373e-06 -0.0027226938451543298 -0.0024169689210698144 -0.00064857161396994836 0.00087247574222682497 0.0079400108810514219 0.0095097883755991628 -0.0010753283832403821 0.0062283568409545681 -0.0033664325338685799 0.00032982919251591696 0.0028381682976032609 -0.0027686205636485513 0.005238798947286104 0.00089020471044149179 0.0051551672288042034 -0.0026547542741568188 0.0049568942787508218 0.0050400556647218764 0.0068409143181248425 0.0039765849416103583 -0.0040288487760299892 -0.00035564396088814433 -0.00029472270336577738 -0.0021447361279886379 0.0048985597301688015 0.0031918462032539787 0.00030612376290698682 0.00033416997116776583 -0.0010961414640454727 -0.0019901675527011047
leaf_weight=231457 75 304 296 191 50 63 409 62 109 82 52 83 92 1319 64 81 56 64 83 172 102 58 15176 184 58 117 17004 257 148 806
leaf_count=231457 75 304 296 191 50 63 409 62 109 82 52 83 92 1319 64 81 56 64 83 172 102 58 15176 184 58 117 17004 257 148 806
internal_value=8.81405e-06 -0.000168935 -0.000285387 2.17114e-05 0.00114544 0.0034224 0.000197695 0.00166436 0.000698601 0.00321247 -0.00136246 0.000912222 0.00109332 0.00127086 0.0010307 0.000849403 0.00105583 0.00191846 -0.000245211 0.00105127 -0.000283954 0.00114009 -0.000319653 -0.000437141 0.00227146 1.68438e-05 0.000212653 -0.000984169 0.000797046 -0.00142822
internal_weight=269074 18203 16433 250871 1082 318 764 355 293 132 161 1770 1687 1612 1520 1456 1375 255 16129 468 15661 383 15278 300 116 249789 18332 1328 265 1063
internal_count=269074 18203 16433 250871 1082 318 764 355 293 132 161 1770 1687 1612 1520 1456 1375 255 16129 468 15661 383 15278 300 116 249789 18332 1328 265 1063
is_linear=0
shrinkage=0.05


Tree=157
num_leaves=31
num_cat=0
split_feature=5 8 8 2 1 0 8 2 2 2 4 8 2 1 4 0 0 5 2 1 4 0 5 1 8 8 2 1 0 8
split_gain=0.234941 0.869125 0.778337 1.11925 0.954046 0.748044 0.690126 0.64197 0.611951 0.950039 0.870337 0.582006 0.581519 0.577717 0.57795 0.718514 0.546411 0.5407 0.514303 0.503798 0.476584 0.468628 0.467336 0.702527 0.454476 0.534505 0.46485 0.446355 0.401821 0.561239
threshold=32.802547756075285 0.097048649989857641 0.22113589819460297 -0.32084279149985417 -0.0063845140381090229 -0.018883496768789473 0.099464225958486488 -0.15480182505966114 -0.13749805356586728 -0.12997619918198747 -0.48589683967967445 0.089797525915072243 -0.23318461280970601 0.066761192556678242 -0.40719827892798205 0.01310043668122274 -0.012291541159651807 32.33686313366573 0.034107964581856616 0.0048080225517029848 -0.91821603805131502 0.0033660487064265392 29.607629306072635 0.079401972898997544 0.32944221471637353 0.26132687509649116 -0.056168967307077759 -0.03771210438557359 -0.026577025783998284 0.37253760255862495
decision_type=8 8 10 10 10 10 8 10 10 10 10 10 10 10 10 10 10 10 10 10 10 10 10 10 10 10 10 10 10 10
left_child=2 11 22 -4 5 28 7 -3 10 -10 16 12 20 14 24 -16 -6 -7 -17 -18 -2 -14 -1 -24 25 26 -11 -19 -5 -30
right_child=1 6 3 4 8 17 -8 -9 9 13 -12 -13 21 -15 15 18 19 27 -20 -21 -22 -23 23 -25 -26 -27 -28 -29 29 -31
leaf_value=0.00011652214307841948 0.0026452277468966452 0.0063802193801627679 -0.0070548303304046088 -0.0002240606158180925 -0.0016610492640533128 -0.00084144774067667304 8.6128124731538591e-06 0.001150078676620701 0.0057827778986090077 -0.0026827361399467155 -0.0021264623881215986 -0.0012504934501429033 -0.000354218409290363 -0.0028809719392594614 0.0025665494304111642 0.00073083001853936451 0.00063224275571493701 0.0029615303254021067 -0.0041284480921603972 0.0072002259002937399 -0.0021886478911089893 0.00033137027204320848 0.00047420837295610854 0.0046887074870755902 -0.00077523222115100749 0.0027541836263799448 0.002948863220107914 -0.00060960518249443606 -8.7277379265692119e-05 0.0021974222975023579
leaf_weight=35269 56 67 60 1943 65 6505 194785 472 96 114 419 1665 11021 107 758 365 56 175 64 61 570 3221 8833 100 661 257 54 175 576 504
leaf_count=35269 56 67 60 1943 65 6505 194785 472 96 114 419 1665 11021 107 758 365 56 175 64 61 570 3221 8833 100 661 257 54 175 576 504
internal_value=8.37335e-06 -1.5907e-05 9.8276e-05 -0.000241576 -0.000210021 -0.000449499 1.35567e-05 0.00180021 0.000558767 0.000906164 -0.00087244 -0.000363997 -0.000264722 0.000709461 0.000878478 0.00164109 0.00201457 -0.000738444 5.90275e-06 0.00405658 -0.00175622 -0.000199164 0.000198343 0.000521387 4.49387e-05 0.00132055 -0.000872579 0.00117596 0.000205716 0.000978916
internal_weight=269074 211857 57217 13015 12955 9878 195324 539 3077 2476 601 16533 14868 2380 2273 1187 182 6855 429 117 626 14242 44202 8933 1086 425 168 350 3023 1080
internal_count=269074 211857 57217 13015 12955 9878 195324 539 3077 2476 601 16533 14868 2380 2273 1187 182 6855 429 117 626 14242 44202 8933 1086 425 168 350 3023 1080
is_linear=0
shrinkage=0.05


Tree=158
num_leaves=31
num_cat=0
split_feature=0 8 7 0 7 7 6 6 7 6 5 1 1 5 7 8 6 6 5 1 5 8 5 7 8 6 5 8 0 1
split_gain=0.222895 0.523154 0.661262 0.49476 0.84252 1.05172 0.515421 0.563984 0.547272 0.649363 0.488699 0.428362 0.573029 0.300904 0.295081 0.38669 0.277214 0.273149 0.74583 0.328733 0.763746 0.90107 0.677475 1.62472 0.761179 0.457066 0.302941 0.939361 0.727983 0.743552
threshold=0.047217566885717994 0.11740844322310992 0.024959169904222034 0.045613811873003514 0.027329101590553163 0.025940186588538031 1.2049747868104068 1.0913625314285549 0.038998441370282362 0.87380071825851158 59.295989284251469 -0.15738888560099426 -0.1224650807998877 66.433854731003393 0.038998441370282362 0.79298332245770065 1.5043727894306957 1.6293135691175762 21.234128549628746 0.26006599770700684 67.008265075488623 0.84274905879301187 80.202179339743097 0.066940537286215143 0.82545314673190862 0.81951636972007724 33.041957815277904 0.097048649989857641 -0.062339272320136634 -0.011958454686946283
decision_type=8 8 10 10 8 10 8 10 8 10 10 8 8 10 10 10 10 10 10 10 8 8 10 8 8 10 8 8 10 10
left_child=3 2 -2 17 5 13 7 8 9 -6 -10 -3 -13 -5 15 -8 -16 19 -19 26 21 -21 24 -24 -22 -26 28 -28 -1 -30
right_child=1 11 -4 4 6 -7 14 -9 10 -11 -12 12 -14 -15 16 -17 -18 18 -20 20 22 -23 23 -25 25 -27 27 -29 29 -31
leaf_value=0.0014002240501533021 0.0062285107000911192 -0.0035923888631445426 0.00074144667324011013 0.00082623630788613656 0.0075417292002239265 0.0090347381436870263 -0.0008670578950232445 0.0059132952678708304 -0.0031951671672761739 0.00031222286662541148 0.0026958292269665227 0.0038577867646757838 -0.00021017411409897914 0.0047876222019112907 -0.0012852876033666062 -0.0051653412947951652 0.0036466995270789736 -0.00093982136151395709 0.00029050474699789569 0.0026831072645332171 -0.0011400675644774496 -0.0059858466215107755 0.0033401125769976676 -0.0077361121773719789 0.0029520349894883112 0.0077568739854281636 -0.00040973881429887029 1.6644968478641534e-06 -2.8752706375375156e-05 0.00041124386552826586
leaf_weight=1058 62 93 480 191 50 63 227 62 109 82 52 87 17481 64 58 68 56 1328 17004 53 59 69 98 50 100 98 15178 161640 40465 12589
leaf_count=1058 62 93 480 191 50 63 227 62 109 82 52 87 17481 64 58 68 56 1328 17004 53 59 69 98 50 100 98 15178 161640 40465 12589
internal_value=7.95468e-06 -0.000160988 0.00136912 2.0213e-05 0.00108709 0.00324971 0.000186945 0.00158091 0.000664159 0.00305067 -0.00129249 -0.000207945 -0.000190029 0.00182047 -0.00102298 -0.00185785 0.00113744 1.55916e-05 0.000201378 8.76885e-07 0.00124824 -0.00221983 0.00229293 -0.000401855 0.0038448 0.00533019 -1.96968e-06 -3.36502e-05 0.000101551 7.56526e-05
internal_weight=269074 18203 542 250871 1082 318 764 355 293 132 161 17661 17568 255 409 295 114 249789 18332 231457 527 122 405 148 257 198 230930 176818 54112 53054
internal_count=269074 18203 542 250871 1082 318 764 355 293 132 161 17661 17568 255 409 295 114 249789 18332 231457 527 122 405 148 257 198 230930 176818 54112 53054
is_linear=0
shrinkage=0.05


Tree=159
num_leaves=31
num_cat=0
split_feature=8 7 7 1 4 1 1 5 8 7 1 5 4 8 5 5 9 4 7 7 0 8 7 5 5 0 5 7 8 7
split_gain=0.214308 0.807736 0.812297 0.893449 0.798854 0.618536 0.545752 0.532218 0.647056 0.636308 0.47933 0.481052 0.386309 0.381415 0.411591 0.377942 0.452564 0.338134 1.05592 0.546864 0.666396 0.541646 0.428666 0.380364 0.371295 0.401939 0.389661 0.318487 0.326368 0.311883
threshold=0.8609775726248089 0.031958304682792045 0.035759957434919797 0.22843713725094186 0.5843916806097863 0.020657200631679865 0.026639067971954925 74.079952285585975 0.89237539003806587 0.033417484923777406 0.11507086535438783 73.576251344163992 0.53019978575856863 0.89237539003806587 63.344801609305364 66.433854731003393 1.0000000180025095e-35 0.80164327893500864 0.075517149084893084 0.075517149084893084 0.076313887081616474 0.97168590762528517 0.037275660282738245 89.350945490958722 50.109613126950592 0.076313887081616474 53.050397863208779 0.01365442059077945 0.86699122854662136 0.042130702872240168
decision_type=10 10 10 10 10 10 10 10 10 10 10 10 10 10 10 10 2 10 10 8 10 10 10 10 10 10 10 10 10 10
left_child=-1 4 3 6 5 13 7 8 -3 -10 15 -12 -7 -2 -15 16 -8 18 21 23 -21 22 -4 29 -24 26 -26 -6 -29 -19
right_child=1 2 17 -5 27 12 10 -9 9 -11 11 -13 -14 14 -16 -17 -18 19 -20 20 -22 -23 24 -25 25 -27 -28 28 -30 -31
leaf_value=1.8879776184005571e-05 -0.0016389530144111425 0.0014373036081087778 -0.0016684336040893363 0.0076863424535840753 0.0010748139686863093 0.001191516848886185 0.00203031480616204 -0.0017319509400986134 0.010681578386926426 0.0030044939403623262 -2.558898953342826e-05 0.0029652710439095936 -0.0021725113828519912 -0.0015955035844817758 -0.0052529238662100399 -0.00094995748556796352 -0.0025769732476240309 -0.0011420561854602917 -0.005921198480254344 0.0070258746905760327 -5.3952543281151777e-05 0.0049351705498445562 0.004605294981350502 0.0014970707578856994 -0.0031733517670460669 0.0035649894895789314 0.0004981865135697055 -0.0021441724562561346 -0.00034022178370580921 -0.00024244403985769329
leaf_weight=252797 492 120 225 50 378 232 277 50 53 55 234 316 135 125 200 580 66 1449 65 55 84 68 57 241 75 103 1982 263 5372 2875
leaf_count=252797 492 120 225 50 378 232 277 50 53 55 234 316 135 125 200 580 66 1449 65 55 84 68 57 241 75 103 1982 263 5372 2875
internal_value=7.55695e-06 -0.000168297 0.000145284 0.00109603 -0.000563923 -0.00175105 0.000907841 0.00293975 0.00396424 0.00677195 0.000524358 0.0016928 -4.59322e-05 -0.002517 -0.00384622 -0.000171894 0.00114378 -8.99526e-05 0.000370647 -0.000342088 0.00274742 0.000533583 0.000411017 -0.00043616 0.000622057 0.000516944 0.000364319 -0.000330169 -0.000424417 -0.00054391
internal_weight=269074 16277 9080 1801 7197 1184 1751 278 228 108 1473 550 367 817 325 923 343 7279 2575 4704 139 2510 2442 4565 2217 2160 2057 6013 5635 4324
internal_count=269074 16277 9080 1801 7197 1184 1751 278 228 108 1473 550 367 817 325 923 343 7279 2575 4704 139 2510 2442 4565 2217 2160 2057 6013 5635 4324
is_linear=0
shrinkage=0.05


Tree=160
num_leaves=31
num_cat=0
split_feature=2 2 0 4 8 4 8 6 1 8 1 0 2 4 2 4 1 6 8 4 3 2 8 2 6 4 0 2 1 6
split_gain=0.367257 0.73094 0.597145 0.723847 0.651484 0.515223 0.565557 0.694342 0.473124 0.922332 0.894255 0.783642 0.625294 0.5954 0.694232 0.616185 0.584235 0.551934 0.824866 0.51507 0.811796 0.554618 1.69494 0.856363 0.603777 0.521333 0.501041 0.488399 0.445545 0.664988
threshold=0.0051465002353683351 0.022442770989939857 0.071774098249793319 1.4264144945704402 0.34850157802427006 1.0620545557555838 0.23809523601662891 0.57458531573014604 -0.034521534890796339 0.16666666638175887 0.032962389578208191 0.04036654509629601 0.063182897862232759 0.44198032478668831 0.15080085516008138 0.31795701776941004 -0.010316914477849768 0.84062132502054177 0.88622776003250536 -0.3528066901266495 1.0000000180025095e-35 0.23269160944132808 0.42127626048784911 0.24887111530462872 1.042067946529267 -0.61479003079013894 0.054494406694063253 0.21807114913014361 0.077482595617676245 0.65879401770354085
decision_type=10 10 10 10 10 10 8 8 10 8 10 10 10 10 10 10 10 10 8 10 2 10 8 10 10 10 10 10 10 10
left_child=-1 5 3 8 -5 6 -2 -8 9 12 11 17 -3 14 -13 16 -16 18 -10 25 21 27 -23 -24 -25 -11 -15 -21 -12 -30
right_child=1 2 -4 4 -6 -7 7 -9 10 19 28 13 -14 26 15 -17 -18 -19 -20 20 -22 22 23 24 -26 -27 -28 -29 29 -31
leaf_value=4.6946860867291753e-05 -0.0010524502984010629 0.0015470285476703446 -0.00056066128299917483 0.0054907589598799187 0.0010053454439342023 -0.0027662927481667244 0.00074925040321472227 -0.00038874385826625206 -0.00035753601055025418 0.00061199162199080347 0.00028886553124500834 0.00092345064675500646 0.0062120112722781912 0.00083664266720393616 0.0059457844147691504 0.0073890861079984622 -0.0012432605309340245 -8.4053272115698901e-05 -0.0014363481879274033 0.00070640050913658677 -1.6490807926624368e-05 0.011152984906802886 0.006889449379437404 0.0013267745137710378 -0.0045007931758076526 -0.00087750193612996579 -0.0013213100129475701 -0.0037279472176340368 -0.0013400463326312699 1.1975616038038357e-05
leaf_weight=160096 2514 391 4917 93 625 230 1578 8902 16298 836 18543 564 88 724 50 91 65 17864 1988 4322 7316 50 61 306 52 1976 428 63 960 17277
leaf_count=160096 2514 391 4917 93 625 230 1578 8902 16298 836 18543 564 88 724 50 91 65 17864 1988 4322 7316 50 61 306 52 1976 428 63 960 17277
internal_value=-1.2732e-06 -7.19858e-05 -2.39552e-05 5.03479e-06 0.00158633 -0.000420477 -0.000378955 -0.000217393 -7.53668e-06 0.000244269 -5.95482e-05 -0.000229412 0.00240406 0.00075438 0.00183079 0.00431497 0.00188241 -0.000281718 -0.000474821 0.000175217 0.000316139 0.000817482 0.00245172 0.00141338 0.000480312 -0.00043468 3.49033e-05 0.000642692 0.000116283 -5.91951e-05
internal_weight=269268 109172 95948 91031 718 13224 12994 10480 90313 15461 74852 38072 479 1922 770 206 115 36150 18286 14982 12170 4854 469 419 358 2812 1152 4385 36780 18237
internal_count=269268 109172 95948 91031 718 13224 12994 10480 90313 15461 74852 38072 479 1922 770 206 115 36150 18286 14982 12170 4854 469 419 358 2812 1152 4385 36780 18237
is_linear=0
shrinkage=0.05


Tree=161
num_leaves=31
num_cat=0
split_feature=2 2 0 4 4 1 1 0 4 5 0 5 1 5 0 0 2 2 5 6 0 5 1 6 5 1 1 1 5 5
split_gain=0.331449 0.659673 0.538924 0.653272 0.464989 0.426994 0.81227 0.667922 0.55305 0.844515 0.512249 0.491618 0.7733 0.478072 0.670717 0.684813 0.956793 0.447129 0.425008 0.419515 0.461825 0.415169 1.19561 1.13547 0.684801 0.555417 0.56077 0.549809 0.591985 0.995323
threshold=0.0051465002353683351 0.022442770989939857 0.071774098249793319 1.4264144945704402 1.0620545557555838 -0.034521534890796339 0.027432957758231517 0.04036654509629601 0.44198032478668831 61.931818167449542 0.061806535162411642 69.208938858797325 -0.057921142072838876 66.155370199676042 -0.0076130737545192497 -0.024859771932116356 0.17937159640724534 0.23999290991948866 59.928089866327966 0.50210660955191655 -0.024859771932116356 61.481718059717075 0.16800697416389279 0.91718349947115263 82.721296622103907 0.26006599770700684 0.32037338840207635 -0.017997004887968345 67.609507282816807 63.344801609305364
decision_type=10 10 10 10 10 10 10 10 10 10 10 10 10 10 10 10 10 10 10 8 10 10 10 8 10 10 10 10 10 10
left_child=21 4 3 5 19 11 7 -7 9 -9 18 13 -13 -3 15 16 -15 -16 -10 20 -2 25 23 -23 27 -1 -27 28 29 -25
right_child=1 2 -4 -5 -6 6 -8 8 10 -11 -12 12 -14 14 17 -17 -18 -19 -20 -21 -22 22 -24 24 -26 26 -28 -29 -30 -31
leaf_value=2.5907414025252729e-05 0.0048363767129679519 0.00023116890484798223 -0.00053262821951313797 0.0015070089499315657 -0.0026279781200497856 -0.00028234125393242356 9.7525882742199703e-05 0.0012154594128976277 -0.0012741811926055865 0.0069560922010027827 -0.0024691221212675232 -0.0032189980356577929 0.00013490990896666095 0.0060548116619397394 0.0017346613335920949 -0.0022296677511518025 -0.0010512395056887208 0.0053709874960726932 0.0012321075691260888 -0.00044679096757243897 0.00032601939174743927 -0.00014529015805656554 -0.0031893489430566899 0.0058636868497424369 0.0065261325742629528 0.0058256572976439118 -4.2057042996819334e-06 0.00096240788672234733 0.008308076464571058 -0.0014128981398320514
leaf_weight=154147 60 13962 4917 718 230 33219 39915 656 240 71 178 260 507 85 232 175 107 133 573 11885 1049 2657 216 93 61 83 82 2612 50 95
leaf_count=154147 60 13962 4917 718 230 33219 39915 656 240 71 178 260 507 85 232 175 107 133 573 11885 1049 2657 216 93 61 83 82 2612 50 95
internal_value=-1.20954e-06 -6.83865e-05 -2.27574e-05 4.78305e-06 -0.000399453 -7.15984e-06 -5.65708e-05 -0.000232624 0.000728705 0.0017761 -3.96666e-05 0.000232055 -0.00100201 0.000296471 0.00154203 3.26553e-05 0.00209467 0.00305968 0.000492244 -0.000360007 0.000570042 4.45995e-05 0.000460489 0.000602078 0.00128423 2.90109e-05 0.00292839 0.00117204 0.00347269 0.00218669
internal_weight=269268 109172 95948 91031 13224 90313 74852 34937 1718 727 991 15461 767 14694 732 367 192 365 813 12994 1109 160096 5784 5568 2911 154312 165 2850 238 188
internal_count=269268 109172 95948 91031 13224 90313 74852 34937 1718 727 991 15461 767 14694 732 367 192 365 813 12994 1109 160096 5784 5568 2911 154312 165 2850 238 188
is_linear=0
shrinkage=0.05


Tree=162
num_leaves=31
num_cat=0
split_feature=2 2 7 1 0 6 1 7 5 5 2 7 1 7 2 2 7 0 0 2 4 0 4 7 5 7 7 7 5 2
split_gain=0.299133 0.595355 0.635654 0.867246 0.977236 0.755186 0.712434 1.12281 1.02005 0.782698 0.712229 0.653539 0.738429 0.962981 0.837094 0.629958 0.616284 0.615329 0.565837 0.583473 1.23556 0.55416 0.671638 0.681208 0.543908 0.670151 0.759776 0.534319 0.732834 0.63659
threshold=0.0051465002353683351 0.022442770989939857 0.033716780539192116 -0.074781837161467732 0.0094564099437399757 0.83732684859650952 0.027432957758231517 0.024318907553594282 70.622972347479006 29.878048761358574 0.23269160944132808 0.028280685945172881 0.15907000839106325 0.02518101193495003 0.34107168447774633 0.30648267736161167 0.026744002490023656 0.0016117719220176687 -0.0076130737545192497 0.026812013978577246 0.66926294623214633 -0.0076130737545192497 0.56585695329037422 0.027793719009288748 82.721296622103907 0.019961249488777404 0.018859892263870501 0.031958304682792045 76.247475864889722 0.29362218294380887
decision_type=10 10 10 10 10 10 10 10 10 10 10 10 10 10 10 10 10 10 10 10 10 10 10 10 10 10 10 10 10 10
left_child=-1 -2 3 4 5 -3 7 -5 9 -9 -11 12 14 -14 15 24 -15 -12 -4 20 -20 22 -10 -24 -8 26 -26 28 -13 -29
right_child=1 2 18 6 -6 -7 11 8 21 10 17 27 13 16 -16 -17 -18 -19 19 -21 -22 -23 23 -25 25 -27 -28 29 -30 -31
leaf_value=4.2369540624169076e-05 -0.00037948051142845727 0.0025266651496517935 6.2529345948932448e-05 -0.0004001967977383358 0.0073040126510831114 -0.00081018012636573577 0.00051250222355299195 -0.0032589353508378177 -0.00073342069703836391 0.00036985448517014351 0.00090914017777308771 -0.00010442239849209572 -0.00099639898206865828 0.0086867772615388857 -0.0054146218309217122 0.0044707920639319634 0.0027634130886764509 0.0060713047180530229 0.00025767219800528298 -0.0003319498040244822 0.0071715203921393121 -0.0016921803913639349 -0.00054006046167451814 0.0070975285274191549 -0.00012881399193171152 -0.0019524400485357387 0.0057622676092525214 0.00026033074866452298 -0.0016661770316577251 0.00302610890289126
leaf_weight=160096 13224 423 17442 14538 72 283 13224 146 327 11803 133 4348 97 74 61 97 108 102 355 26726 79 986 53 65 417 515 63 2274 908 229
leaf_count=160096 13224 423 17442 14538 72 283 13224 146 327 11803 133 4348 97 74 61 97 108 102 355 26726 79 986 53 65 417 515 63 2274 908 229
internal_value=-1.14907e-06 -6.49672e-05 -2.16195e-05 9.83266e-05 0.001755 0.00118909 7.28384e-05 -9.46218e-05 0.000231669 0.000379988 0.000424122 0.000283167 0.000479607 0.00302731 0.000430167 0.000455071 0.00517181 0.00314974 -0.000159702 -0.000302418 0.00151618 -0.00103117 0.000433455 0.00366709 0.000427676 -0.000699698 0.00064439 -8.7891e-05 -0.000374223 0.000513372
internal_weight=269268 109172 95948 51346 778 706 50568 28153 13615 12184 12038 22415 14656 279 14377 14316 182 235 44602 27160 434 1431 445 118 14219 995 480 7759 5256 2503
internal_count=269268 109172 95948 51346 778 706 50568 28153 13615 12184 12038 22415 14656 279 14377 14316 182 235 44602 27160 434 1431 445 118 14219 995 480 7759 5256 2503
is_linear=0
shrinkage=0.05


Tree=163
num_leaves=31
num_cat=0
split_feature=2 2 7 8 4 8 7 8 7 2 5 8 0 4 8 0 0 7 2 5 2 7 7 8 2 2 7 5 7 0
split_gain=0.269967 0.537308 0.573678 0.767613 0.887715 1.30832 0.675856 0.661005 1.54883 0.695932 1.28636 0.963104 0.799333 0.774309 1.06757 0.754611 0.704841 0.656494 0.652061 1.42612 0.852667 0.796729 0.821118 0.629044 0.713085 0.569319 0.716123 0.75537 0.56694 0.551689
threshold=0.0051465002353683351 0.022442770989939857 0.033716780539192116 0.30721966170443199 0.24668851310818021 0.24786432093169333 0.039694704981381605 0.78243504923787188 0.031958304682792045 0.11409632928692905 82.721296622103907 0.48468205419792432 0.018374384594533225 0.8658097108469397 0.33333333014833016 0.020530856433820691 0.030438425480863954 0.028749857779281091 0.21138725944221473 70.622972347479006 0.1619513799135415 0.032677986316878328 0.028624462016337369 0.31831738772629514 0.044832636602666683 0.088469689641684571 0.032103619945936163 79.261974704181185 0.038753739887981066 0.0064715937992604342
decision_type=10 10 10 8 10 10 10 10 10 10 10 8 10 10 8 10 10 10 10 10 10 10 10 8 10 10 10 10 10 10
left_child=-1 -2 7 4 -4 6 -6 9 -9 -3 12 -12 29 14 16 -15 -14 -13 20 -20 21 22 -16 24 -5 -10 -27 -28 -7 -11
right_child=1 2 3 23 5 28 -8 8 25 10 11 17 13 15 18 -17 -18 -19 19 -21 -22 -23 -24 -25 -26 26 27 -29 -30 -31
leaf_value=4.0251064268528451e-05 -0.00036050648192600249 8.3211880705018814e-05 -0.00022695757672231686 0.0074463503323150453 -0.005960827387378579 -0.0023899806598790515 -0.0020553056035395255 -0.0003792410015426383 0.0033547729379546317 0.00067136198525213399 -0.0071441769450237714 0.00014319589113223657 0.003363928496555397 0.0060614983635653031 0.0032240516921571861 0.00035815302223403682 0.010990504067740403 -0.0051561046107766548 0.0091839811329103623 -0.00019110603454081638 -0.00090638153503463676 0.0080729666190516008 -0.0010284940892320482 -0.00011603170084900416 0.0010194628315891119 0.0055159737887435492 -0.00011124334742327266 0.0033257518406144856 0.00075582528215898943 -0.00049672354776708941
leaf_weight=160096 13224 28632 1529 54 241 248 205 12483 286 4711 77 278 66 61 350 1178 56 74 87 76 279 57 168 41771 215 77 867 196 339 1287
leaf_count=160096 13224 28632 1529 54 241 248 205 12483 286 4711 77 278 66 61 350 1178 56 74 87 76 279 57 168 41771 215 77 867 196 339 1287
internal_value=-1.09161e-06 -6.17189e-05 -2.05386e-05 -0.000151717 -0.000991962 -0.00212429 -0.00416569 9.34103e-05 -0.000200911 0.00020276 0.000591504 -0.00207889 0.000728276 0.00150401 0.00244502 0.000638947 0.00686465 -0.000970862 0.00191484 0.00481277 0.00136172 0.00246224 0.00184485 -0.000100511 0.00230962 0.00136016 0.000859763 0.000522483 -0.000573238 0.000420724
internal_weight=269268 109172 95948 44602 2562 1033 446 51346 13909 37437 8805 429 8376 2378 1139 1239 122 352 1017 163 854 575 518 42040 269 1426 1140 1063 587 5998
internal_count=269268 109172 95948 44602 2562 1033 446 51346 13909 37437 8805 429 8376 2378 1139 1239 122 352 1017 163 854 575 518 42040 269 1426 1140 1063 587 5998
is_linear=0
shrinkage=0.05


Tree=164
num_leaves=31
num_cat=0
split_feature=0 2 7 1 4 7 6 2 1 1 2 0 1 0 0 1 1 6 6 6 0 7 0 7 0 1 4 7 7 4
split_gain=0.259408 1.06465 0.746746 0.578395 0.562734 0.513135 0.419539 0.444704 0.422615 0.518021 0.365184 0.349338 0.342891 0.430734 0.755332 0.321947 0.317855 0.436337 0.37941 0.66067 0.996108 0.347294 0.31006 0.340615 0.293469 0.291589 0.392062 0.322239 0.290088 0.286258
threshold=0.059174224623200218 -0.099885185653874928 0.039940116966449654 0.021419044945838798 1.4264144945704402 0.016175690907701008 1.5897696991501069 -0.11632211591706552 -0.024759311180434559 -0.058817529345273671 -0.17949952311596049 0.10082579029278151 -0.23808310028742327 0.15039605358095179 0.10082579029278151 -0.047324267690747095 0.032962389578208191 0.71829843525091264 1.9429678614808059 2.1979525349369644 0.076313887081616474 0.02983530351560745 0.030438425480863954 0.034048340045024515 0.071774098249793319 0.058139534883720929 1.2252736199753029 0.031391716260991791 0.051045454732637836 -0.071356982140794847
decision_type=10 8 10 10 10 10 10 10 10 10 10 10 10 10 10 10 10 8 10 10 10 10 10 10 10 10 10 8 10 8
left_child=4 2 3 10 -1 -6 7 8 9 -4 -2 -8 13 14 24 -14 17 -17 -19 20 -20 -21 -7 -24 -3 26 27 -18 -10 -27
right_child=1 12 6 -5 5 22 11 -9 28 -11 -12 -13 15 -15 -16 16 25 18 19 21 -22 -23 23 -25 -26 29 -28 -29 -30 -31
leaf_value=5.9492810463089781e-06 0.0035682757320368522 0.0030558329168707135 0.0024478816149029431 -0.0023365783755865295 -0.0024508323734139664 -0.0011871792761416272 -0.00059762924455428201 0.0075684195291250951 -0.00068850008668663095 0.0089049988761544224 -0.00010250198682464397 0.0033603590000626246 -0.0019305132173407212 -0.0022342501890047321 0.0073159699441748679 0.0038342968741926597 0.00031807077043005997 -0.00032305962774043531 0.00050590871439748248 0.0021196908910848921 0.0094698280445300043 -0.0019738014766540477 0.0020064287908070793 0.0056669044225842145 -0.0022368906231978064 0.0032983330687364706 -0.0052810815873491615 -0.001631681949854471 0.0031685346905526122 -0.00042546804946398263
leaf_weight=257303 103 50 82 196 67 58 162 55 98 50 198 85 348 56 60 80 301 1337 71 93 55 117 325 79 55 52 58 716 97 6861
leaf_count=257303 103 50 82 196 67 58 162 55 98 50 198 85 348 56 60 80 301 1337 71 93 55 117 325 79 55 52 58 716 97 6861
internal_value=-1.03703e-06 -0.000234061 0.00122575 -0.000222802 9.29861e-06 0.0016384 0.00237032 0.00340868 0.00270902 0.00489376 0.00115361 0.000764431 -0.000393493 0.00155476 0.00284073 -0.00043617 -0.000382784 0.000226908 5.44087e-05 0.00155642 0.00441873 -0.000160969 0.00223143 0.00272221 0.000283454 -0.000516584 -0.00128265 -0.00105462 0.00123013 -0.000397457
internal_weight=269268 11436 1126 497 257832 529 629 382 327 132 301 247 10310 221 165 10089 9741 1753 1673 336 126 210 462 404 105 7988 1075 1017 195 6913
internal_count=269268 11436 1126 497 257832 529 629 382 327 132 301 247 10310 221 165 10089 9741 1753 1673 336 126 210 462 404 105 7988 1075 1017 195 6913
is_linear=0
shrinkage=0.05


Tree=165
num_leaves=31
num_cat=0
split_feature=2 8 5 5 0 5 0 5 8 8 2 1 6 5 6 8 8 6 1 8 6 0 5 6 8 6 6 6 2 6
split_gain=0.367911 0.719844 0.440384 1.41668 0.400271 0.500507 0.38894 0.946484 1.52891 0.951503 1.03423 0.856592 0.678646 0.555548 0.623914 1.04802 0.825579 0.547617 0.510672 0.546717 0.500391 0.49541 0.464641 0.451659 0.483387 0.758629 0.811316 0.748428 0.599443 0.7014
threshold=0.3897788632604014 0.95132488019122674 73.138336581420717 70.622972347479006 0.081793937462988034 66.433854731003393 0.045613811873003514 61.245538605282285 0.7665064055682691 0.84274905879301187 0.46454772059302524 0.15907000839106325 1.6505494143082171 53.830634489015473 1.3588892404331807 0.76130113397639287 0.92707669363633938 0.71829843525091264 0.12775959273898144 0.86699122854662136 1.3076523575614649 -0.052231862507044972 82.721296622103907 1.253007325915507 0.70008446889021692 1.2125205212079571 1.1681325104058418 1.1346497903137316 0.46454772059302524 0.85146481948946462
decision_type=10 10 10 10 10 8 10 10 8 8 10 10 10 10 10 8 10 10 10 10 10 10 10 10 8 10 10 10 10 10
left_child=-1 4 3 -3 6 -6 12 -8 -9 -10 11 -11 13 17 16 -16 23 -2 -17 -20 -12 -14 -18 24 -15 26 27 28 29 -26
right_child=1 2 -4 -5 5 -7 7 8 9 10 20 -13 21 14 15 18 22 -19 19 -21 -22 -23 -24 -25 25 -27 -28 -29 -30 -31
leaf_value=-1.4847900237356942e-05 0.00089317487357299264 0.00042718891629928287 0.0012435159859266968 0.010692718866522666 0.003133481583590138 -0.0018259481103165814 -0.0043298510471516749 0.0097630725551366079 -0.0039841210477596844 0.009838564547246631 -0.0022521992057266804 0.0012390196229805988 0.0015725736735984484 -0.0020723719342452197 0.008890851882888991 -0.0017859131365901594 0.0047013967398978661 0.0073234882947872393 0.0057556276309696846 0.00015899443581777936 0.0028167419510204943 -0.0025257753260601104 -0.00041145116485881081 -0.0028425095508595004 0.0027463440415737075 0.0061503200966399165 -0.0051003645564353956 0.0054274462978789982 -0.00074984546333746948 -0.00076274080510913456
leaf_weight=264031 81 89 661 54 58 414 59 61 71 67 101 51 93 270 51 99 136 56 80 96 94 356 66 163 342 52 74 67 946 244
leaf_count=264031 81 89 661 54 58 414 59 61 71 67 101 51 93 270 51 99 136 56 80 96 94 356 66 163 342 52 74 67 946 244
internal_value=-6.76062e-06 0.000415902 0.0017878 0.00430368 0.000156249 -0.00121653 0.000327846 0.00162081 0.00240978 0.00124167 0.00242708 0.00612181 0.000128685 0.000415864 0.000257454 0.0023078 -2.5771e-05 0.00352162 0.00108694 0.00270292 0.00019129 -0.0016769 0.00303086 -0.000311888 -0.000105125 0.000202792 1.79313e-05 0.0002548 2.85817e-05 0.00128522
internal_weight=269083 5052 804 143 4248 472 3776 504 445 384 313 118 3272 2823 2686 326 2360 137 275 176 195 449 202 2158 1995 1725 1673 1599 1532 586
internal_count=269083 5052 804 143 4248 472 3776 504 445 384 313 118 3272 2823 2686 326 2360 137 275 176 195 449 202 2158 1995 1725 1673 1599 1532 586
is_linear=0
shrinkage=0.05


Tree=166
num_leaves=31
num_cat=0
split_feature=2 8 5 5 0 5 6 8 8 9 8 8 4 8 2 4 8 5 8 8 8 0 0 5 5 8 8 6 8 5
split_gain=0.332039 0.649659 0.397447 1.27855 0.363087 0.439803 0.452253 0.607695 0.487984 0.382135 1.09309 0.448645 0.591887 0.543816 0.749662 1.53232 0.857051 0.723855 0.701073 0.644072 0.499451 0.490647 0.754505 0.720434 0.457307 0.525627 0.904229 0.693361 0.546103 0.697008
threshold=0.3897788632604014 0.95132488019122674 73.138336581420717 70.622972347479006 0.089574882243653522 66.433854731003393 1.3588892404331807 0.89904761733514771 0.89237539003806587 1.0000000180025095e-35 0.78756700837013283 0.91231343233938167 0.82609845294226092 0.87359775149466901 0.46454772059302524 0.39838769196475304 0.9058488064324447 76.247475864889722 0.88622776003250536 0.89237539003806587 0.89904761733514771 0.029701354600212063 0.039363937782084919 71.003441841506728 77.611940197148598 0.83104930563871315 0.80382359519951585 0.90108005266228075 0.7665064055682691 69.557319285064295
decision_type=10 10 10 10 10 10 10 10 8 2 8 10 10 8 10 10 8 10 10 8 10 10 10 10 10 10 10 10 10 10
left_child=-1 4 3 -3 9 -6 -7 8 -8 11 -11 12 13 24 15 -15 -17 19 -19 -16 -14 23 -23 -13 25 26 28 -28 29 -2
right_child=1 2 -4 -5 5 6 7 -9 -10 10 -12 21 20 14 17 16 -18 18 -20 -21 -22 22 -24 -25 -26 -27 27 -29 -30 -31
leaf_value=-1.4105504428407903e-05 -0.0001674754827589546 0.00040582951964036131 0.0011813402198886981 0.010158082992010924 0.0031335494746454057 -0.0051093758134373342 -0.00095770397907769193 -0.0035142194691880216 0.0048604922562126857 0.0080463214682699267 0.00067534490977961788 0.0077171278455101982 -0.00089425086883998691 0.011461932125501334 0.0036657176365883187 0.004811074137072659 -0.0016756060345535528 0.0070183095721921959 -0.00035393565995036627 -0.0021717629616614434 -0.0050614113107369076 -0.0056488763343972657 0.0019477707132781773 0.001549944021335673 -0.0021308581117728998 -0.0019401207907225682 0.0068854985249814614 0.00021388398121986816 -0.0021169180961983047 0.0034777495875946336
leaf_weight=264031 552 89 661 54 50 83 98 124 57 59 341 58 584 50 58 106 98 65 64 255 82 52 88 258 262 246 93 67 226 172
leaf_count=264031 552 89 661 54 50 83 98 124 57 59 341 58 584 50 58 106 98 65 64 255 82 52 88 258 262 246 93 67 226 172
internal_value=-6.42259e-06 0.000395107 0.00169841 0.0040885 0.000148437 -0.00126207 -0.00186919 -0.000905269 0.00118189 0.00029993 0.00176256 0.000129658 -9.38379e-05 0.000284201 0.00145289 0.00361756 0.00169492 0.000208937 0.00336076 -0.00109006 -0.00140732 0.00159022 -0.000873841 0.0026819 -0.000218523 0.00015097 0.000614401 0.00409176 2.874e-05 0.000698517
internal_weight=269083 5052 804 143 4248 412 362 279 155 3836 400 3436 2980 2314 696 254 204 442 129 313 666 456 140 316 1618 1356 1110 160 950 724
internal_count=269083 5052 804 143 4248 412 362 279 155 3836 400 3436 2980 2314 696 254 204 442 129 313 666 456 140 316 1618 1356 1110 160 950 724
is_linear=0
shrinkage=0.05


Tree=167
num_leaves=31
num_cat=0
split_feature=2 8 4 4 7 7 6 6 7 4 5 2 4 8 6 1 4 8 8 1 2 5 7 2 4 5 2 6 6 7
split_gain=0.301338 0.975551 0.642126 0.631423 0.756697 0.74304 0.597965 0.968499 0.780116 1.07141 1.26048 2.22498 1.47182 1.69055 0.816927 1.51145 0.966945 0.778852 0.838189 0.687403 1.11141 1.87648 0.658769 0.587038 0.859128 0.586129 0.855823 0.571962 0.576361 0.949978
threshold=0.32268664290448762 0.91231343233938167 0.08125938012911145 1.1173375469307762 0.070843092138759015 0.033571281333631749 1.3588892404331807 1.381807549578892 0.073071248271039071 0.82609845294226092 65.589279665839854 0.5317431461326293 0.46038708663435884 0.76130113397639287 0.91718349947115263 0.048367155720096873 0.28215517691900677 0.49791393420316898 0.67572241838145319 0.32037338840207635 0.5317431461326293 81.358519548871314 0.04728594744409189 0.5317431461326293 1.0620545557555838 71.769045585759457 0.5317431461326293 1.6722418876634639 2.349245140747239 0.034532214767357947
decision_type=10 10 10 10 10 10 10 10 10 8 10 10 10 10 10 10 10 8 8 10 10 10 10 10 10 10 10 10 10 10
left_child=-1 2 -2 4 23 -5 8 -8 17 10 14 -12 -13 -14 15 16 -10 -4 -19 27 21 -21 -20 24 -3 -24 -27 -9 -29 -30
right_child=1 3 6 5 -6 -7 7 19 9 -11 11 12 13 -15 -16 -17 -18 18 22 20 -22 -23 25 -25 -26 26 -28 28 29 -31
leaf_value=-1.5434910702101267e-05 0.0026974810077130653 0.0016067250853784199 0.0051509643542683795 0.0057363526592523143 0.0059215615051674206 -0.00039819112038728819 0.0065751436244075494 0.0012307526236987737 0.0017575414116293483 -0.0043912575324065988 0.012316859974596424 -0.0034085409884360937 0.012150039560818936 -5.2708442672155799e-05 -0.0035767286675473472 0.0077746260731199821 -0.0064196723448860992 -0.0034023509632740904 0.00036571009961335223 0.00090726218023878889 -0.00046277808827494942 0.012372577697664623 -0.00050829019375084458 -0.00030948215198170443 0.0065297323797012174 -0.0037748261694794311 -0.00025921959863962977 -0.0018979340405813198 0.006985554654294482 -0.00041996175477202109
leaf_weight=260963 206 926 54 53 103 719 66 515 102 80 66 82 51 64 119 68 56 304 1040 86 149 61 1157 344 98 421 294 525 52 259
leaf_count=260963 206 926 54 53 103 719 66 515 102 80 66 82 51 64 119 68 56 304 1040 86 149 61 1157 344 98 421 294 525 52 259
internal_value=-6.10146e-06 0.00029386 -4.47145e-05 0.00118098 0.00178872 2.29628e-05 -0.000144325 0.000636111 -0.000482094 0.00104826 0.00176398 0.00437145 0.00170953 0.00535895 -0.000223735 0.00154178 -0.00114071 -0.000804076 -0.000904067 0.000398117 0.0025804 0.00566498 -0.000643257 0.00147754 0.00207787 -0.00120379 -0.00232925 -8.00141e-05 -0.000887484 0.00081826
internal_weight=269083 8120 5877 2243 1471 772 5671 1713 3958 688 608 263 197 115 345 226 158 3270 3216 1647 296 147 2912 1368 1024 1872 715 1351 836 311
internal_count=269083 8120 5877 2243 1471 772 5671 1713 3958 688 608 263 197 115 345 226 158 3270 3216 1647 296 147 2912 1368 1024 1872 715 1351 836 311
is_linear=0
shrinkage=0.05


Tree=168
num_leaves=31
num_cat=0
split_feature=2 4 1 6 0 0 1 4 6 6 6 1 5 1 6 4 5 1 3 6 1 4 0 4 4 4 4 0 5 5
split_gain=0.271957 0.440825 0.635547 0.429584 0.389816 0.911835 0.659238 0.689206 0.650916 0.541718 0.57198 0.473195 0.546896 0.801433 0.602762 1.08612 1.93094 0.882491 0.860203 0.76239 0.827518 1.29749 0.512319 0.480469 0.459396 0.474554 0.46778 0.42169 0.404245 0.402453
threshold=0.32268664290448762 0.08125938012911145 -0.066742900730086083 0.54273377100787001 -0.01419307015493154 -0.0046380994130100764 0.075422496016705157 0.83884699754025072 0.92996735694619359 0.77489056527903322 0.5932759050987626 -0.0075543219974485423 79.261974704181185 0.1047995612843813 0.94255675828893604 0.85193201255003093 63.821138200031818 0.14460248547869184 1.0000000180025095e-35 0.88552461309724451 0.047317306650904618 0.57521814977149266 0.00778314780241507 0.72099149676907681 0.53019978575856863 0.43331768183003605 0.2380914565502433 0.0011828804993047062 71.769045585759457 57.034183011470525
decision_type=10 10 10 10 10 10 10 10 10 10 10 10 10 10 10 10 10 10 2 10 10 10 10 10 10 10 10 10 10 10
left_child=-1 3 -3 -2 29 6 8 -8 9 10 -6 24 14 23 19 16 -16 18 -18 20 -13 -22 -20 -14 25 26 -7 -23 -24 -4
right_child=1 2 4 -5 5 11 7 -9 -10 -11 -12 12 13 -15 15 -17 17 -19 22 -21 21 27 28 -25 -26 -27 -28 -29 -30 -31
leaf_value=-1.4663164531133729e-05 0.0062542191100012703 -0.0017046104781166739 -0.0032872464665577306 0.0011503794720402652 0.001125746024610085 0.002430064814927226 -0.0025227120368453188 0.0027589943526933592 0.0080759985833428801 -0.0018342583805468736 0.0068595728566420312 -0.0014034705010414039 -0.00022429625483494158 0.00033788926997884144 -0.0021366850463008244 0.00052014773310134438 0.0084296941333330978 0.0096597588762090038 -0.0018491711277790644 -0.0034956201115190718 0.0065964286805156175 0.0047085439656203727 0.0055172291744493398 -0.0037063697618173646 -0.0042533526886254554 0.0027525704025968233 -0.0028748242461177358 -0.00015191837539700714 0.0018907438192879884 -0.00012664076958481338
leaf_weight=260963 57 407 107 149 86 55 105 150 75 51 88 348 177 1516 140 1135 78 71 54 140 109 51 133 225 100 88 170 357 182 1716
leaf_count=260963 57 407 107 149 86 55 105 150 75 51 88 348 177 1516 140 1135 78 71 54 140 109 51 133 225 100 88 170 357 182 1716
internal_value=-5.79639e-06 0.000279167 0.000219729 0.00256261 0.000324059 0.000528108 0.00245329 0.000584174 0.00404203 0.00269738 0.00402561 0.000319788 0.00046191 -0.000188422 0.000907705 0.00145713 0.00307337 0.00448149 0.00365899 -7.25203e-05 0.000481507 0.00175031 0.00265055 -0.00217322 -0.00130309 -0.000360512 -0.00157807 0.000455639 0.00342193 -0.000312151
internal_weight=269083 8120 7914 206 7507 5684 555 255 300 225 174 5129 4716 1918 2798 1793 658 518 447 1005 865 517 369 402 413 313 225 408 315 1823
internal_count=269083 8120 7914 206 7507 5684 555 255 300 225 174 5129 4716 1918 2798 1793 658 518 447 1005 865 517 369 402 413 313 225 408 315 1823
is_linear=0
shrinkage=0.05


Tree=169
num_leaves=31
num_cat=0
split_feature=2 8 7 0 7 8 2 7 8 4 4 0 4 8 8 6 2 8 8 1 7 6 6 0 8 8 7 0 8 0
split_gain=0.252856 0.564415 0.631248 1.37727 1.50072 1.97562 0.971791 0.653893 0.856043 0.534436 0.731824 1.1892 0.52918 0.615943 0.436432 0.494867 0.441 0.422064 0.878903 0.622898 0.373283 0.473941 0.932749 0.955269 1.16735 0.837189 0.802019 0.801366 0.799119 0.412473
threshold=0.3897788632604014 0.95132488019122674 0.073071248271039071 0.068097587217287772 0.084054682809110978 0.91231343233938167 0.65459219715740546 0.06094917433654435 0.6564396703211085 0.82609845294226092 0.45134855145007935 -0.0078696551992006852 0.2646784276949064 0.60225195820188426 0.6804973471060507 1.1156669296880801 0.65459219715740546 0.70008446889021692 0.74568449334108189 0.017187146653098066 0.045550372314020794 1.5043727894306957 1.6722418876634639 0.027667376662952717 0.56260117565321954 0.69487750502626466 0.048732584943597293 0.071774098249793319 0.46798820932055607 1.0000000180025095e-35
decision_type=10 10 10 10 10 8 10 10 8 10 10 10 10 10 8 10 10 8 8 10 10 10 10 10 10 10 10 10 8 10
left_child=20 2 7 4 5 9 -7 8 -2 10 -4 -12 13 -6 -9 16 -16 -10 19 -19 -1 29 23 -23 26 -26 -25 -27 -28 -22
right_child=1 -3 3 -5 12 6 -8 14 17 -11 11 -13 -14 -15 15 -17 -18 18 -20 -21 21 22 -24 24 25 27 28 -29 -30 -31
leaf_value=9.4465424705315896e-06 0.0048280583309693913 0.0015596813496035139 0.00033059701837745209 -0.0033919997193152087 -0.001416828091842709 0.014008031950928352 0.0052841839970837181 -0.0044101031190366489 -0.0039154044761716463 -0.0028273863078770688 0.0012464197448400014 0.011237162256718808 -0.0021345916559326237 0.0062846700928639622 -0.0011698720541611894 0.00039455304616650916 -0.0047409690985140132 0.00041044799419229526 -5.6556875703057681e-05 0.0078979610454016289 -8.2014863537249754e-05 0.00034884467039045426 -0.00010934968919868857 0.010992497571840369 -0.0048975936531787737 0.0058739186206366867 0.001647939313638576 -0.0010761237068009782 0.0090521074835719032 -0.00047941109886633917
leaf_weight=233097 98 804 142 132 54 58 71 100 65 51 68 53 194 50 379 394 112 51 2115 61 15029 633 3289 58 50 85 108 81 55 11546
leaf_count=233097 98 804 142 132 54 58 71 100 65 51 68 53 194 50 379 394 112 51 2115 61 15029 633 3289 58 50 85 108 81 55 11546
internal_value=-5.50657e-06 0.00034489 0.000114972 0.00131339 0.00215159 0.0039971 0.00920653 -0.000195018 0.000251774 0.00185692 0.00276529 0.00562253 -0.000591899 0.00228582 -0.00127911 -0.000925329 -0.00198446 5.61036e-05 0.000172021 0.00448847 -1.22111e-05 -0.000175408 0.000307826 0.00159015 0.00338821 0.000774247 0.00594302 0.00248263 0.00414628 -0.000254671
internal_weight=269083 5052 4248 873 741 443 129 3375 2390 314 263 121 298 104 985 885 491 2292 2227 112 264031 30934 4359 1070 437 216 221 166 163 26575
internal_count=269083 5052 4248 873 741 443 129 3375 2390 314 263 121 298 104 985 885 491 2292 2227 112 264031 30934 4359 1070 437 216 221 166 163 26575
is_linear=0
shrinkage=0.05


Tree=170
num_leaves=31
num_cat=0
split_feature=3 7 7 5 7 7 2 5 7 2 7 5 0 4 4 2 5 7 7 2 5 4 7 4 0 6 4 4 7 0
split_gain=0.281779 0.767351 0.613947 1.3649 1.83159 3.1697 1.78187 1.08393 1.11034 0.970901 1.10027 1.253 1.2689 1.10197 1.31771 1.01646 1.01039 1.09715 0.756703 0.7251 0.695488 0.694594 0.826651 0.656462 0.64257 0.630392 0.672985 0.909636 0.623414 0.759305
threshold=1.0000000180025095e-35 0.035759957434919797 0.038753739887981066 82.721296622103907 0.057757133189171216 0.065185274809158783 0.225079449382973 29.332769766351905 0.048218597682754084 -0.16774193548387098 0.04516356898295245 40.155440404798334 -0.045962451797564134 -0.97799571533919716 -0.64645325257424591 -0.17344976801515857 39.172821064648438 0.040970522754318658 0.044028506789199028 -0.20102062680521168 36.551724114403498 -0.76276194069847458 0.049831260130964027 -0.48589683967967445 -0.0017453653629572739 0.57828628043297392 -0.51708818195280837 -0.42105923336609474 0.040174863921194688 -0.022784359495473413
decision_type=2 10 10 10 10 10 10 10 10 10 10 10 10 10 10 10 10 10 10 10 10 10 10 10 10 10 10 10 10 10
left_child=2 -2 -1 7 6 -6 18 -4 9 10 11 12 -9 -14 -15 28 17 23 -5 25 -11 22 -10 24 -16 -19 -27 -28 -13 -30
right_child=1 -3 3 4 5 -7 -8 8 21 20 -12 15 13 14 16 -17 -18 19 -20 -21 -22 -23 -24 -25 -26 26 27 -29 29 -31
leaf_value=-2.1525517018868095e-05 5.0596523612592021e-05 -0.00032234968784491252 -0.00040892784979308807 0.0087690368917695185 0.016312663264883061 0.00031618687262664481 -0.0018580770106855528 -0.0013390859894937312 -0.0025692467650515029 -0.00047881619165814375 -0.00044318811004637854 0.0027106804388669381 0.010778337468108698 0.00043464980850243645 0.0087457650863798347 0.0065180320248780961 0.011200510117308818 0.0027677577949361877 0.0019265245489273849 0.0026651956820084406 0.00054688682043852539 -0.00013480266323393026 0.0017372813259528817 -0.0004697809815940679 0.0009797227970250932 0.0044060763287937866 0.016286188134923576 0.0073158033983781933 -0.0058339217285301248 -0.00034971178722812492
leaf_weight=173533 32658 23876 6788 74 60 64 221 139 127 1888 511 94 53 271 50 53 53 52 89 114 13259 13294 909 157 57 53 50 65 89 217
leaf_count=173533 32658 23876 6788 74 60 64 221 139 127 1888 511 94 53 271 50 53 53 52 89 114 13259 13294 909 157 57 53 50 65 89 217
internal_value=-7.7079e-06 -0.00010691 1.86984e-05 0.000198364 0.00277309 0.00805642 0.00106702 0.000164252 0.000287552 0.000558077 0.00157156 0.00222858 0.00313019 0.00376734 0.00336433 1.13756e-05 0.0045839 0.00399748 0.00503294 0.00590154 0.000419038 -3.76254e-05 0.00120936 0.00158855 0.00460871 0.00757855 0.00906761 0.011216 -0.000850756 -0.00194479
internal_weight=268918 56534 212384 38851 508 124 384 38343 31555 17225 2078 1567 1114 975 922 453 651 598 163 334 15147 14330 1036 264 107 220 168 115 400 306
internal_count=268918 56534 212384 38851 508 124 384 38343 31555 17225 2078 1567 1114 975 922 453 651 598 163 334 15147 14330 1036 264 107 220 168 115 400 306
is_linear=0
shrinkage=0.05


Tree=171
num_leaves=31
num_cat=0
split_feature=7 5 2 8 5 1 1 0 7 0 6 1 0 2 1 8 1 8 5 8 1 5 1 0 1 7 8 8 5 8
split_gain=0.275253 0.717056 0.296874 0.681494 0.668198 0.721546 0.655212 0.794523 0.803729 0.711747 0.696983 0.663547 0.693431 0.673865 0.611937 0.775306 0.602577 0.692823 0.640928 0.434969 0.590923 0.456311 0.597213 0.560084 0.525925 0.496747 0.436291 0.56603 0.717278 0.439042
threshold=0.0081742625780446224 81.358519548871314 -0.050309115457984992 0.097048649989857641 58.253513398121008 0.26006599770700684 0.13273324462366434 0.012437810945273743 0.023777957964405589 0.024591055851870384 1.1412876407726744 0.063716578234004909 0.048838080306593652 -0.07729918596037065 -0.04518312792917905 0.024168710141185466 0.017187146653098066 0.33333333014833016 67.314036753084238 0.36455017861569655 0.075422496016705157 59.711663822382668 0.079401972898997544 -0.0026996220626285812 0.0077176603067186109 0.033123585838905116 0.22773087439012649 0.31831738772629514 68.881771044823552 0.21165644106853862
decision_type=8 10 10 8 10 10 10 10 10 10 10 10 10 10 10 10 10 10 10 10 10 10 10 10 10 10 8 10 10 10
left_child=1 -1 4 14 5 -2 7 19 11 10 16 12 13 -9 15 -4 -10 18 -18 21 -21 23 26 24 -6 -24 29 28 -28 -23
right_child=2 -3 3 -5 6 -7 -8 8 9 -11 -12 -13 -14 -15 -16 -17 17 -19 -20 20 -22 22 25 -25 -26 -27 27 -29 -30 -31
leaf_value=0.00051038794927479403 2.5964135681858378e-05 0.0066488054478541017 -0.0023178986391527785 -3.62740850002755e-05 0.0062150757442527996 0.0034733053647965119 -0.0014264077589395095 0.0069568743456365351 0.00093662333515707953 -0.00013020684093212648 -0.001803567088415636 0.0081621153389368171 -0.0020509053823641607 0.00024346348954615247 -0.0010418305938557873 0.00061363514198931306 0.011321834703267086 0.0010670740417061517 0.0039134927038657966 -0.00036677833722103718 -0.0062106059231583086 0.00051559856109785571 0.00074934894600730455 -0.00018272061997483816 0.00080685525851911062 0.0074721324725542217 -0.0026093254997415858 0.0028459669732445376 0.0015179070631055149 0.0051827784134416272
leaf_weight=981 108497 50 269 151186 117 152 308 102 97 422 62 81 54 59 3201 1396 65 52 53 285 51 384 61 124 73 50 399 86 143 58
leaf_count=981 108497 50 269 151186 117 152 308 102 97 422 62 81 54 59 3201 1396 65 52 53 285 51 384 61 124 73 50 399 86 143 58
internal_value=-7.32251e-06 0.00080808 -1.04607e-05 -5.50196e-05 5.17157e-05 3.0787e-05 0.000765429 0.000999996 0.00209862 0.0012289 0.0029722 0.00430523 0.00285217 0.00449668 -0.000637439 0.000140012 0.00408118 0.00587542 0.00799436 0.000371783 -0.00125379 0.000737129 0.000286707 0.00243123 0.00413718 0.00377763 -7.54355e-05 -0.000922463 -0.00152041 0.00112803
internal_weight=268918 1031 267887 156052 111835 108649 3186 2878 1047 751 329 296 215 161 4866 1665 267 170 118 1831 336 1495 1181 314 190 111 1070 628 542 442
internal_count=268918 1031 267887 156052 111835 108649 3186 2878 1047 751 329 296 215 161 4866 1665 267 170 118 1831 336 1495 1181 314 190 111 1070 628 542 442
is_linear=0
shrinkage=0.05


Tree=172
num_leaves=31
num_cat=0
split_feature=4 8 7 2 0 8 5 8 2 8 2 6 5 0 5 2 7 7 0 2 7 7 5 7 6 2 3 6 2 8
split_gain=0.255622 0.366406 0.360156 1.2272 1.19246 1.15859 0.50893 0.59129 0.800826 0.563013 0.552066 0.616628 0.870471 0.620393 0.51323 0.501975 0.486701 0.484074 0.555925 0.509212 0.482816 0.69762 0.583976 0.464934 0.458309 1.11145 0.724465 0.560097 0.529513 0.854087
threshold=0.89317498498260806 0.93449328868463766 0.030087733250814895 0.30648267736161167 0.04036654509629601 0.91946033832292196 86.352263577446465 0.92707669363633938 0.12809340207289702 0.54917477760649025 0.14355260762423686 2.4440655663061612 68.54931819711274 0.011500781913482251 81.358519548871314 0.072432156697544894 0.030331016218215278 0.033417484923777406 0.04413020094962717 0.25839402339364265 0.028035940640548769 0.020317250938672465 75.64042598981753 0.017075607837422558 2.2673683850001769 0.36249146008198335 1.0000000180025095e-35 2.1343770088931624 0.035597638841778141 0.43403797806748301
decision_type=10 10 8 10 10 8 10 10 10 8 10 10 10 10 10 10 10 10 10 10 10 10 10 10 10 10 2 10 10 10
left_child=1 -1 3 6 -5 24 7 8 -2 -8 20 13 -13 -12 -14 -9 -7 18 19 -18 21 -10 -23 -17 27 -26 -27 28 29 -4
right_child=2 -3 5 4 -6 16 9 15 10 -11 11 12 14 -15 -16 23 17 -19 -20 -21 -22 22 -24 -25 25 26 -28 -29 -30 -31
leaf_value=1.1939169605870158e-05 -8.8746223580818038e-05 -0.00069302683893095315 -0.0021770880380327898 0.0082950567338726123 -0.00048457021272253661 -0.0038657371141016489 -0.0066112785661628223 0.0010413111525210943 6.8658371690934127e-05 -0.0010412189740658044 0.0016168016788732208 0.0082610221594487405 0.00043411318655368333 -0.00081852531155676288 0.0059572005936620286 0.0021403352289994741 0.0020746049623093792 0.00012908882572839624 9.1700734859464247e-05 0.0070528678445364625 -0.00096191336451738611 0.0035093137321289252 0.0091146957368750253 -0.0017168347206304058 -0.00066568438099955888 0.0059379478489303581 0.00083377307149354546 -0.0033109711233377105 -0.0011076406959872735 0.0029796142232172739
leaf_weight=247520 5076 1857 132 88 69 70 53 262 109 315 414 55 240 710 51 85 210 3610 265 68 76 195 61 966 1758 106 202 265 3825 205
leaf_count=247520 5076 1857 132 88 69 70 53 262 109 315 414 55 240 710 51 85 210 3610 265 68 76 195 61 966 1758 106 202 265 3825 205
internal_value=-6.95638e-06 6.6896e-06 -0.000181103 5.54353e-05 0.00443649 -0.0003759 -2.39171e-05 5.67552e-05 0.000239699 -0.00184343 0.00111212 0.000646642 0.00249237 7.84724e-05 0.00140208 -0.000916763 0.00026876 0.000338448 0.00173032 0.00329231 0.0026637 0.00341862 0.00484497 -0.00140488 -0.000795182 -0.000180265 0.0025904 -0.00108215 -0.00094024 0.000959778
internal_weight=268918 249377 19541 8825 157 10716 8668 8300 6987 368 1911 1470 346 1124 291 1313 4223 4153 543 278 441 365 256 1051 6493 2066 308 4427 4162 337
internal_count=268918 249377 19541 8825 157 10716 8668 8300 6987 368 1911 1470 346 1124 291 1313 4223 4153 543 278 441 365 256 1051 6493 2066 308 4427 4162 337
is_linear=0
shrinkage=0.05


Tree=173
num_leaves=31
num_cat=0
split_feature=7 1 0 4 7 6 0 7 5 5 6 7 7 5 6 1 4 6 0 7 0 7 0 1 0 5 5 0 0 6
split_gain=0.251534 0.257513 0.632022 0.694291 0.917432 1.03759 0.626934 0.427831 0.483035 0.599066 0.435756 0.417976 0.397748 0.393726 0.570326 0.588265 0.444783 0.373839 0.364487 0.335203 0.324843 0.306042 0.31851 0.285997 0.567403 0.852188 0.481767 0.582781 0.497528 0.362802
threshold=0.079061678468717936 -0.17162639202663535 -0.043478260869565126 -1.1482418154195815 0.062182765303145433 0.76459429255538369 -0.070991281012234661 0.028979321979119455 38.782973245065286 43.303231664960975 0.92114602670131396 0.055933224678610928 0.052946406917865098 11.189191036564852 1.0270328941827052 -0.0036443389159471757 -1.0765432739664587 0.78517731410669633 -0.059310384195960013 0.068895718469190556 -0.0091639620278571848 0.070843092138759015 -0.0099200440892807645 -0.030775117980691043 0.054494406694063253 42.708653762831922 58.878504661662596 0.15039605358095179 0.11807879403993272 0.88173167874633551
decision_type=10 8 10 10 10 10 10 8 10 10 8 10 10 8 10 10 8 10 10 10 10 8 10 10 10 8 10 10 10 8
left_child=1 2 3 -1 5 -5 -7 -4 10 12 11 -9 -10 14 15 16 -3 20 -8 -6 -13 22 -11 24 29 -26 27 28 -27 -15
right_child=-2 13 7 4 19 6 18 8 9 21 -12 17 -14 23 -16 -17 -18 -19 -20 -21 -22 -23 -24 -25 25 26 -28 -29 -30 -31
leaf_value=0.00035178464564350655 -0.00056107426709105528 0.0034601371442028262 0.0042667871698978599 0.010972443165257573 -0.0034142821837784883 0.0057518061152809575 -0.0022038998224225156 -0.0029932740176008298 0.0015605082352375312 -0.0012712686282841936 -1.8165275622315332e-05 0.0044336098389242571 0.0073738409530570998 0.00014498294939059814 -0.0015660148803850996 0.0043214877293182435 -0.0004243691994012194 -0.0031806969557676397 0.002905982644879259 0.0017018733260088733 -0.00097809017666400508 -0.003417051528945109 0.0032185943226298304 -3.7219033675028028e-05 0.0029035364227587082 0.00069608375036455316 -0.0030756170513889045 -0.0036870127044402175 0.0058423642216859249 -6.8064053073581545e-05
leaf_weight=630 2030 77 54 50 59 124 57 306 62 79 895 57 56 49767 984 73 1715 57 90 70 54 53 79 176901 441 485 102 69 52 33390
leaf_count=630 2030 77 54 50 59 124 57 306 62 79 895 57 56 49767 984 73 1715 57 90 70 54 53 79 176901 441 485 102 69 52 33390
internal_value=-6.60856e-06 -2.39119e-06 0.000471858 0.00142322 0.00292322 0.0043544 0.00313336 -0.000114596 -0.000253933 0.00146633 -0.000667349 -0.00189313 0.00431938 -7.47752e-06 -0.000592086 -7.82274e-05 -0.000257457 0.000110709 0.0009246 -0.000638074 0.00180089 -0.000129218 0.000973663 -1.10116e-06 7.46857e-05 0.0011782 0.000103512 0.000638613 0.00119442 5.94383e-05
internal_weight=268918 266888 2832 1080 450 321 271 1752 1698 329 1369 474 118 264056 2849 1865 1792 168 147 129 111 211 158 261207 84306 1149 708 606 537 83157
internal_count=268918 266888 2832 1080 450 321 271 1752 1698 329 1369 474 118 264056 2849 1865 1792 168 147 129 111 211 158 261207 84306 1149 708 606 537 83157
is_linear=0
shrinkage=0.05


Tree=174
num_leaves=31
num_cat=0
split_feature=7 5 3 1 5 2 2 2 4 7 1 8 4 7 5 5 8 4 8 4 2 6 2 5 1 6 1 7 1 8
split_gain=0.250041 0.655401 0.27058 0.647995 1.21189 1.26 0.999254 2.72895 1.10765 0.615704 0.970178 0.612895 0.809311 0.589517 0.814131 0.528335 1.12429 1.00339 0.758743 0.639788 0.77269 0.546499 0.585052 1.02422 1.17456 2.07723 1.06911 0.740681 0.737916 1.0673
threshold=0.0081742625780446224 81.358519548871314 1.0000000180025095e-35 0.26006599770700684 75.099602289294651 0.36249146008198335 0.36249146008198335 0.42303513137429588 1.4264144945704402 0.035759957434919797 0.22843713725094186 0.73557485070685813 0.94042340005163061 0.056835442829510065 82.721296622103907 76.247475864889722 0.80382359519951585 0.78967278041982381 0.61541130580174574 0.10078171035016127 0.15813196578469771 2.080172437363955 0.36249146008198335 60.364554974429147 0.0065518653449687667 0.69491137344285259 0.038390740840234201 0.042420322669416401 0.2068991669203544 0.92707669363633938
decision_type=8 10 2 10 8 8 8 8 10 10 10 8 10 10 10 10 10 10 10 10 10 10 10 10 10 10 10 10 10 10
left_child=1 -1 3 -2 5 11 -6 -8 13 10 -4 -5 -13 14 -9 16 17 19 -19 -11 -21 22 -18 -24 25 -25 -26 -28 29 -29
right_child=2 -3 9 4 6 -7 7 8 -10 15 -12 12 -14 -15 -16 -17 21 18 -20 20 -22 -23 23 24 26 -27 27 28 -30 -31
leaf_value=0.00048627886514069762 1.0781658224146316e-05 0.0063548634236212827 2.1114400393689549e-05 0.0027165539102243811 -0.0010031042851004145 -0.0061415563550889646 0.014833410725875113 0.0044141750103991592 -0.0041025056859548643 9.5944192576093298e-05 0.0053699050742365868 -0.0060817042550789652 0.0011596889633108819 0.0079527725098439712 -0.0022294171089015436 -0.00092196718904356638 -8.2718030549525586e-05 -0.0077190729789435863 -0.0018783792197594542 -0.0011762933007391783 -0.00021231320868927929 0.0017229776404391736 -0.0029310017867126212 0.011675913755489337 -0.0032811356357449447 0.0010074611210883701 -0.002166728846865093 0.0013343938026242844 -0.00079767870205467114 0.0056144869307437062
leaf_weight=981 210601 50 32374 179 123 84 52 165 53 4425 85 61 105 65 64 2982 5435 62 539 3786 4610 604 145 74 136 119 123 431 185 220
leaf_count=981 210601 50 32374 179 123 84 52 165 53 4425 85 61 105 65 64 2982 5435 62 539 3786 4610 604 145 74 136 119 123 431 185 220
internal_value=-6.27813e-06 0.000770885 -9.26915e-06 1.66621e-05 0.00131889 -0.000649986 0.00293699 0.00415161 0.00255087 -0.000106647 3.51212e-05 0.000687091 -0.0015013 0.00375029 0.00255745 -0.000299379 -0.000210523 -0.000484182 -0.00248091 -0.000390582 -0.000647 0.000281051 0.000154242 0.00105297 0.00150148 0.00509796 0.000867578 0.00145593 0.00198892 0.00278082
internal_weight=268918 1031 267887 211552 951 429 522 399 347 56335 32459 345 166 294 229 23876 20894 13422 601 12821 8396 7472 6868 1433 1288 193 1095 959 836 651
internal_count=268918 1031 267887 211552 951 429 522 399 347 56335 32459 345 166 294 229 23876 20894 13422 601 12821 8396 7472 6868 1433 1288 193 1095 959 836 651
is_linear=0
shrinkage=0.05


Tree=175
num_leaves=31
num_cat=0
split_feature=5 4 6 0 2 1 4 1 6 5 4 2 4 5 6 0 1 0 2 2 4 6 2 4 1 0 5 0 4 6
split_gain=0.36038 0.659107 0.975057 0.861279 0.399315 0.441373 0.498953 0.372294 0.442559 0.367631 0.379526 0.422306 0.584064 0.400208 0.380398 0.377317 0.551689 0.358286 0.580143 0.896995 0.346971 0.980031 0.778456 0.699439 0.44489 0.888438 1.10002 0.948717 1.79957 0.897391
threshold=18.76197877986878 -0.74118881183265917 1.7462420465785153 -0.030974798223481367 -0.11788454893370102 -0.056993682890651036 -0.8689956971575773 -0.033891581867556968 0.82289008216108028 16.221122141354375 -0.8689956971575773 -0.29919394975115426 -1.0217711347397251 12.499999998266235 1.2444221120988184 -0.036181291368311989 -0.092688042175225235 -0.062339272320136634 -0.19703100785860359 -0.1705184062372789 -0.70674008885377249 0.76808371994810398 -0.10850160730437557 -0.73376258002556427 -0.0063845140381090229 -0.07805826330971298 35.89881648927193 0.020081004754210822 -0.2481743671088876 0.83007034150033909
decision_type=8 8 10 10 8 10 10 10 8 10 10 10 10 10 10 10 10 10 10 10 8 8 10 10 8 8 10 8 10 8
left_child=1 2 3 4 5 9 -7 -3 -9 10 11 12 -1 14 -13 16 -12 -15 -19 -20 21 23 -23 -2 -22 -26 27 28 29 -27
right_child=20 7 -4 -5 -6 6 -8 8 -10 -11 15 13 -14 17 -16 -17 -18 18 19 -21 24 22 -24 -25 25 26 -28 -29 -30 -31
leaf_value=0.0013792773789587105 0.00028929908562116226 -0.0011396665073107593 -0.0016966000402922972 -9.8109342625716107e-05 -0.00089132869349546747 0.0078801516278392894 0.0016448106943303114 0.00017195809593722675 -0.0011100092046242623 -8.2666331883463322e-05 -0.0050061899389027423 0.0018204514199169353 0.00746119995421822 0.0063822379540967745 -0.0015991534913802963 0.0032293608964548688 0.0016778944461638559 -0.00046710659207007662 0.0094036778549329847 0.0013578133676019207 0.00013401335672294631 -2.211195260270918e-05 -0.00060579851373300476 -0.00072537466397717965 -0.0017304060984835298 -3.2611364016170854e-05 -6.048437577789155e-05 -0.00027384754597838102 0.0022523679893563762 0.00082691354063346842
leaf_weight=77 14833 2404 717 4811 201 55 77 1836 1063 391 66 196 81 59 139 51 58 123 53 100 83234 10828 12091 1918 749 6476 115073 4459 1418 5718
leaf_count=77 14833 2404 717 4811 201 55 77 1836 1063 391 66 196 81 59 139 51 58 123 53 100 83234 10828 12091 1918 749 6476 115073 4459 1418 5718
internal_value=5.60603e-06 -0.000255925 5.37673e-05 0.000245724 0.00120356 0.00147949 0.00424287 -0.000679612 -0.000298111 0.00121782 0.00172479 0.00217193 0.00449723 0.00162358 0.000401571 -0.000390819 -0.00187976 0.00284559 0.00208957 0.00414494 1.83955e-05 -0.000117576 -0.000330038 0.000173118 4.3238e-05 -1.3192e-05 -3.53186e-06 0.000359132 0.000566482 0.000370436
internal_weight=269355 12558 7255 6538 1727 1526 132 5303 2899 1394 1003 828 158 670 335 175 124 335 276 153 256797 39670 22919 16751 217127 133893 133144 18071 13612 12194
internal_count=269355 12558 7255 6538 1727 1526 132 5303 2899 1394 1003 828 158 670 335 175 124 335 276 153 256797 39670 22919 16751 217127 133893 133144 18071 13612 12194
is_linear=0
shrinkage=0.05


Tree=176
num_leaves=31
num_cat=0
split_feature=7 2 4 4 6 8 2 4 8 3 0 2 8 8 4 8 6 4 2 7 7 0 2 8 7 8 2 7 7 2
split_gain=0.339649 0.371864 0.994359 0.867091 1.26377 0.906547 0.598207 0.565698 0.582167 0.265871 0.248227 0.401057 0.408942 0.397972 0.24754 1.08176 1.16164 1.5576 0.793839 0.709772 1.3372 0.62717 0.835822 0.699885 0.632542 0.618447 0.824696 0.615811 0.796559 0.615448
threshold=0.079061678468717936 0.65459219715740546 0.49436743298584201 0.65998057755851236 1.4446005762362875 0.79298332245770065 0.225079449382973 0.41659463704380001 0.68539325521819683 1.0000000180025095e-35 0.011206670128427356 0.32268664290448762 0.53667481635254954 0.50224926047455021 -0.69248361658208812 0.089797525915072243 0.73492640369554352 -0.96511640687138911 -0.086319873398335842 0.043696133150102102 0.045550372314020794 -0.020568957016377728 -0.24067840387544062 0.16666666638175887 0.066940537286215143 0.52376905140679997 -0.10280827071076991 0.044028506789199028 0.037897260865345776 -0.083751673781814459
decision_type=10 10 10 10 10 8 10 10 10 2 10 10 10 10 8 10 8 10 10 10 10 10 10 10 10 8 10 10 10 10
left_child=14 2 7 5 -5 -3 -4 8 10 -8 11 12 -2 -13 15 19 17 18 27 -1 -21 22 -18 -23 -24 29 -27 28 -17 -19
right_child=1 3 6 4 -6 -7 9 -9 -10 -11 -12 13 -14 -15 -16 16 21 25 -20 20 -22 23 24 -25 -26 26 -28 -29 -30 -31
leaf_value=4.4468761030079716e-05 -2.4970470218766759e-06 0.001851434443036423 0.00012746431707960762 0.0072003300486769735 -0.0019324075364108599 -0.0057175632994118583 -0.0040836308485207463 0.0045722282755206213 -0.0046053875329265933 -0.0085088981615920236 -0.0014696692510958254 -0.00075751591799349562 -0.0034226245058681624 0.0048119263443506411 3.3174755145197015e-05 0.0025226448774866676 -0.0036356069738667932 -0.00088928770266150786 0.00042897937547501232 0.0040729199783575316 0.00048290534340249887 -0.00029581712248771618 -0.00023869521490024523 -0.0013728178299827587 0.0049224642217935372 0.0048537381259458404 0.00039711325440173058 -0.0021762225703920225 0.0089403078407765593 7.0070458742127047e-05
leaf_weight=25555 746 85 54 95 63 74 75 53 89 62 408 54 99 79 217776 689 181 3337 939 303 1802 2307 5615 4358 60 119 813 63 52 3350
leaf_count=25555 746 85 54 95 63 74 75 53 89 62 408 54 99 79 217776 689 181 3337 939 303 1802 2307 5615 4358 60 119 813 63 52 3350
internal_value=5.32573e-06 -0.000638026 -0.000928205 0.000935527 0.0035588 -0.00167124 -0.00432953 -0.000503038 -0.000685404 -0.00608631 -0.000433688 -1.49929e-06 -0.000403198 0.00255065 1.02257e-05 -9.06512e-05 -0.000353326 6.79704e-05 0.00141636 0.000117162 0.000999663 -0.00066833 -0.000290808 -0.00100003 -0.000184128 -0.0002405 0.000966146 0.00256952 0.00297301 -0.000408676
internal_weight=269355 2036 1719 317 158 159 191 1528 1475 137 1386 978 845 133 267319 49543 21883 9362 1743 27660 2105 12521 5856 6665 5675 7619 932 804 741 6687
internal_count=269355 2036 1719 317 158 159 191 1528 1475 137 1386 978 845 133 267319 49543 21883 9362 1743 27660 2105 12521 5856 6665 5675 7619 932 804 741 6687
is_linear=0
shrinkage=0.05


Tree=177
num_leaves=31
num_cat=0
split_feature=5 7 7 6 1 7 5 0 7 7 2 5 7 7 7 7 7 2 1 5 5 2 0 2 1 7 7 5 6 7
split_gain=0.322331 0.830976 0.479609 0.667186 1.21941 1.05482 1.00033 0.453765 0.833194 0.43874 0.414395 0.394175 0.523606 0.611419 0.382426 0.468869 0.370072 0.380174 1.08507 1.41721 0.629191 0.493045 0.808252 0.36685 0.445053 0.392363 0.549114 0.412945 0.440829 0.431342
threshold=18.76197877986878 0.020317250938672465 0.037897260865345776 1.571883440496052 -0.13278317838299639 0.030087733250814895 16.925915639070251 -0.044684129429892132 0.023253679352010084 0.031804127038711529 -0.0026589432199914382 16.925915639070251 0.040435130959160917 0.062182765303145433 0.026744002490023656 0.021346711800366951 0.079061678468717936 0.65459219715740546 0.138593914159612 82.721296622103907 71.384803105610402 0.42303513137429588 -0.03403253894659513 -0.29919394975115426 -0.056993682890651036 0.035399379558920398 0.031666770218745262 17.609304298399298 0.57070225787296902 0.027793719009288748
decision_type=8 10 10 10 10 10 10 10 10 10 10 10 10 10 8 10 10 10 10 10 8 10 10 10 10 10 10 10 10 10
left_child=1 -1 3 4 5 -3 -7 8 -6 14 23 -4 -13 -14 15 -5 -2 21 20 -20 -19 -18 -23 24 -9 26 27 -25 -29 -30
right_child=16 2 11 9 7 6 -8 10 -10 -11 -12 12 13 -15 -16 -17 17 18 19 -21 -22 22 -24 25 -26 -27 -28 28 29 -31
leaf_value=-0.00079726538490847198 2.2267978880618604e-05 0.0005127600511194622 -0.00018337112077095619 0.0022799067215860955 0.0074771771295766903 0.0062929654678252223 -0.00082490886469179447 0.00013692610675072368 0.00077413380458735311 -0.0042164085325634071 -0.0035854056847471694 0.0021498672056240093 -0.0036510868043067956 3.2206797823678219e-05 0.0012019638416805882 -0.002839830904928464 -0.00064053516739223356 0.00023460808117781672 0.0074690959105889014 -0.0026619127237694868 -0.0063456811174681348 0.0007179204821330218 -0.0054695601833731752 9.1231473359087192e-05 -0.0046995944195591353 0.0023751640266424399 -0.0013638092670555685 -0.00062942136724181065 0.0015069871262548139 0.0052064674743568769
leaf_weight=4388 254947 296 1698 56 58 228 63 108 231 108 76 76 310 177 170 222 1307 111 99 53 54 84 142 2803 85 204 535 181 386 99
leaf_count=4388 254947 296 1698 56 58 228 63 108 231 108 76 76 310 177 170 222 1307 111 99 53 54 84 142 2803 85 204 535 181 386 99
internal_value=5.05944e-06 -0.00024228 5.57955e-05 0.000292767 0.000463995 0.00261432 0.00475198 0.000199153 0.00211938 -0.00135577 7.51979e-05 -0.000563516 -0.00171003 -0.00231239 -0.000666147 -0.00180852 1.71549e-05 -0.000687469 0.00088875 0.00393657 -0.00191894 -0.00101341 -0.00316979 0.000138412 -0.00199315 0.000236176 0.000127197 0.000357144 0.00147629 0.00226214
internal_weight=269355 12558 8170 5909 5353 587 291 4766 289 556 4477 2261 563 487 448 278 256797 1850 317 152 165 1533 226 4401 193 4208 4004 3469 666 485
internal_count=269355 12558 8170 5909 5353 587 291 4766 289 556 4477 2261 563 487 448 278 256797 1850 317 152 165 1533 226 4401 193 4208 4004 3469 666 485
is_linear=0
shrinkage=0.05


Tree=178
num_leaves=31
num_cat=0
split_feature=5 8 7 7 8 2 7 1 6 6 1 1 5 5 6 4 2 8 7 6 6 1 6 7 2 1 6 4 8 4
split_gain=0.290904 0.925744 0.577801 0.477963 1.09812 0.478521 0.42023 0.608663 0.903683 0.512442 0.376416 0.421854 0.71762 0.825174 0.379316 0.552498 0.486263 0.480254 0.406675 0.35354 0.38674 0.574091 0.341787 0.33399 0.343107 0.979277 1.34252 0.81645 0.698268 0.536567
threshold=18.76197877986878 0.020329404365286397 0.020551039971919455 0.011966459963838884 0.11468531458506546 -0.098484848484848439 0.035399379558920398 -0.15738888560099426 1.0974429876554652 0.47010975810972544 -0.19254923072727534 -0.15738888560099426 14.634146337756819 11.189191036564852 1.0023796188250913 -0.74118881183265917 -0.14583851833416292 0.16666666638175887 0.019467920060653073 0.56295236189311193 1.0270328941827052 -0.048073792691027122 1.3370387318917689 0.079061678468717936 0.65459219715740546 0.138593914159612 1.4446005762362875 0.49436743298584201 0.79298332245770065 0.41659463704380001
decision_type=8 8 10 8 10 10 10 10 10 10 10 10 10 10 8 10 10 10 8 10 10 10 10 10 10 10 10 10 8 10
left_child=1 2 -1 4 5 -3 7 8 -4 -8 22 12 13 -12 15 -13 18 -16 -17 -9 21 -21 -5 -2 27 28 -27 29 -26 -25
right_child=23 3 6 10 -6 -7 9 19 -10 -11 11 14 -14 -15 17 16 -18 -19 -20 20 -22 -23 -24 24 25 26 -28 -29 -30 -31
leaf_value=-0.00036881676572756469 2.1154580783712526e-05 -0.0020535579803642573 0.00876874550546442 -0.0039754379804500736 -0.0053016300812296704 0.0019796680136055533 0.0044823212029306185 -0.0011749183214124059 0.0017550412131032433 -0.00046932005226549706 -0.00012800991059824205 0.00039418509603015499 -0.0011756271858198138 0.0078113926024848809 -0.00066063724474709851 -0.0027671402285070444 0.00017432427646828962 -0.0027209785549896369 -0.00078351021490222954 0.0014353609113717768 0.00019112368024826521 0.0053506826400855738 -0.0003872138160802461 -0.00073015001818932032 0.0014494415917774527 0.0074825160291736893 -0.0021598786210357134 -0.004021340255282395 -0.0050560027078994695 0.0044031182941014196
leaf_weight=1293 254947 163 66 139 167 134 57 160 151 627 60 2356 117 72 2054 301 1263 328 1825 546 439 113 127 1289 82 93 59 191 83 53
leaf_count=1293 254947 163 66 139 167 134 57 160 151 627 60 2356 117 72 2054 301 1263 328 1825 546 439 113 127 1289 82 93 59 191 83 53
internal_value=4.80647e-06 -0.000230166 0.000467076 -0.000494484 -0.00205782 -0.000233853 0.000967683 0.00144271 0.00388824 -5.66833e-05 -0.000410547 -0.000351741 0.00167547 0.00420257 -0.000413852 -0.000193898 -0.000602728 -0.000944345 -0.00106435 0.00102087 0.00134084 0.00210673 -0.00226226 1.62972e-05 -0.000653096 0.000844313 0.00373974 -0.000962736 -0.00182299 -0.00052742
internal_weight=269355 12558 3452 9106 464 297 2159 1475 217 684 8642 8376 249 132 8127 5745 3389 2382 2126 1258 1098 659 266 256797 1850 317 152 1533 165 1342
internal_count=269355 12558 3452 9106 464 297 2159 1475 217 684 8642 8376 249 132 8127 5745 3389 2382 2126 1258 1098 659 266 256797 1850 317 152 1533 165 1342
is_linear=0
shrinkage=0.05


Tree=179
num_leaves=31
num_cat=0
split_feature=7 6 7 6 2 8 6 5 7 1 8 5 5 9 8 2 2 8 8 2 2 8 8 6 6 8 2 5 1 5
split_gain=0.267419 0.400072 0.368195 0.852581 0.731147 1.77351 1.42405 0.889783 0.669927 1.17201 0.547012 0.468891 0.58315 0.395317 0.388558 0.382679 0.738025 0.990958 0.460521 1.1914 0.6602 0.560682 0.336772 0.331836 0.486117 0.682124 0.425803 0.31628 0.540759 0.310935
threshold=0.054473624498138536 0.31108502795383225 0.052306130992699713 2.6997656663647489 0.097204641482651968 0.82545314673190862 0.39910471140893738 40.155440404798334 0.052946406917865098 0.098675070426067282 0.19598326047377998 65.589279665839854 61.481718059717075 1.0000000180025095e-35 0.23129939643694131 -0.18590175023651842 -0.085033167916594807 0.32584610537525943 0.49791393420316898 -0.025826837682047295 -0.018590271721468762 0.67084183288796218 0.42127626048784911 0.36474926626790494 0.39910471140893738 0.87986479227732606 -0.069751165146041558 24.436513577071974 -0.062659248265008002 11.189191036564852
decision_type=10 10 10 10 10 10 10 10 10 10 10 10 10 2 10 10 10 10 10 10 10 10 8 10 10 8 10 10 10 8
left_child=2 -2 29 4 6 -6 10 14 9 -7 -4 12 15 -10 27 -9 17 -17 20 -20 -18 -21 -22 26 25 -25 -3 -8 -29 -1
right_child=1 23 3 -5 5 8 7 11 13 -11 -12 -13 -14 -15 -16 16 18 -19 19 21 22 -23 -24 24 -26 -27 -28 28 -30 -31
leaf_value=-0.00051570219925052899 0.0019018353588922253 0.0010302723749660916 0.0035415734826386271 -0.0030059414463175929 -0.0011072929170492676 0.010505588131311994 -0.001792080645779303 -0.0020990460319444538 0.0024996122551025719 0.0010817302328381521 0.010864730320763022 0.0064089893829077484 -0.002866208518574399 -0.0019611056876688532 -0.0019539290128030248 0.0091527852612281486 0.0038450327066432998 0.0009656554842932207 -0.0029917786941708376 0.0070270612795710011 -0.0029061212477635994 0.0015117231900351018 0.00093493934395222898 0.00035351457653857608 -0.00020903769817666947 0.0060291696591554464 -0.0029971197179639755 0.0045938335079204369 -0.00042583635426126417 1.7121950348933721e-05
leaf_weight=2769 228 93 51 160 1079 65 90 50 192 67 51 58 63 67 248 84 96 66 60 128 121 72 108 186 17566 74 223 94 125 245021
leaf_count=2769 228 93 51 160 1079 65 90 50 192 67 51 58 63 67 248 84 96 66 60 128 121 72 108 186 17566 74 223 94 125 245021
internal_value=4.56615e-06 -0.000179585 1.80444e-05 0.000551369 0.000738904 -6.18357e-05 0.00149104 0.00109279 0.0028232 0.00572227 0.00720315 0.00205963 0.00176215 0.00134568 -0.00047984 0.00213359 0.00242153 0.00555045 0.00161924 0.0031877 0.00036448 0.00504154 -0.00109462 -0.000205743 -0.000177272 0.00196889 -0.00181184 0.000703248 0.00172873 1.11678e-05
internal_weight=269355 18370 250985 3195 3035 1470 1565 1463 391 132 102 906 848 259 557 785 735 150 585 260 325 200 229 18142 17826 260 316 309 219 247790
internal_count=269355 18370 250985 3195 3035 1470 1565 1463 391 132 102 906 848 259 557 785 735 150 585 260 325 200 229 18142 17826 260 316 309 219 247790
is_linear=0
shrinkage=0.05


Tree=180
num_leaves=31
num_cat=0
split_feature=6 8 4 7 7 5 7 6 4 7 6 2 4 2 5 8 2 5 7 7 5 4 6 5 7 7 2 6 6 5
split_gain=0.332758 0.481331 0.820149 0.845875 0.630714 0.614302 0.590345 0.585871 0.429033 0.506759 0.429253 0.713889 0.394752 0.875624 0.741296 0.732505 1.49011 0.705523 1.30412 1.13814 0.688953 0.63902 0.917949 0.912655 1.59354 0.687121 0.944087 0.591943 0.734381 0.699048
threshold=0.35031719307178938 0.25106509864781418 -0.59635219167300624 0.04728594744409189 0.049245603936570334 55.586624745675188 0.03686004482621686 0.27650921227003539 -0.27959274318879307 0.066940537286215143 0.33369681696033587 0.090595559390975869 -0.31637287065858793 -0.2204671338228493 39.172821064648438 0.18723766890753532 -0.32084279149985417 33.266059503258496 0.043054602623442122 0.04516356898295245 44.284125602012338 -0.96511640687138911 0.80928581942541722 40.937392309191949 0.02518101193495003 0.035759957434919797 -0.13360337118167867 0.45188364337852277 0.43899117070756927 29.332769766351905
decision_type=8 10 10 10 10 10 10 10 10 10 10 10 8 8 8 10 10 10 10 10 10 10 10 10 10 10 10 8 10 10
left_child=1 8 4 -4 6 -5 7 -3 9 -1 11 -10 15 -14 27 17 -17 -2 -19 -20 21 22 23 25 -25 26 -18 28 29 -15
right_child=12 2 3 5 -6 -7 -8 -9 10 -11 -12 -13 13 14 -16 16 20 18 19 -21 -22 -23 -24 24 -26 -27 -28 -29 -30 -31
leaf_value=0.00010878594324329971 0.00015656481956204886 0.0077752631601716695 0.0010396919735501582 -0.0035680836482218678 0.0082415095511823907 0.0023144508872566553 -0.0014325731012268946 0.002211684164972041 -0.0021916220230119351 0.0046644286097337808 -0.0048249967827847821 0.0039502166958141419 -0.0013380035476112128 0.0061914183981869311 3.1681526506945061e-05 -0.0061942656026249534 0.0043412619984121107 -0.0002913295550756198 0.0030499833072217685 0.00038343013889179431 0.00018287069273514333 -0.00041877068893306452 -0.00037231397592445934 0.00017541200686537197 0.011959309019193126 -0.0018889904318160863 0.00067452739124228094 0.00040797464876113338 0.0064838703714832219 0.00033120511737989617
leaf_weight=1966 40397 59 1144 189 50 58 84 239 190 63 82 63 1131 61 148172 105 210 23979 491 2163 8059 27851 2312 64 52 198 1070 8392 84 307
leaf_count=1966 40397 59 1144 189 50 58 84 239 190 63 82 63 1131 61 148172 105 210 23979 491 2163 8059 27851 2312 64 52 198 1070 8392 84 307
internal_value=5.04814e-06 0.00044731 0.00105779 0.000466771 0.00296082 -0.00218676 0.00226963 0.0033132 -2.34611e-05 0.000250238 -0.00168118 -0.000662231 -1.93702e-06 4.82384e-05 5.82236e-05 -7.61307e-05 -0.000245688 2.48524e-05 -0.000174929 0.000876753 -0.000230001 -0.000334776 0.000264135 0.00118726 0.00545785 0.00085209 0.0012761 0.000502909 0.00226549 0.0013026
internal_weight=269285 4187 1823 1391 432 247 382 298 2364 2029 335 253 265098 158147 157016 106951 39921 67030 26633 2654 39816 31757 3906 1594 116 1478 1280 8844 452 368
internal_count=269285 4187 1823 1391 432 247 382 298 2364 2029 335 253 265098 158147 157016 106951 39921 67030 26633 2654 39816 31757 3906 1594 116 1478 1280 8844 452 368
is_linear=0
shrinkage=0.05


Tree=181
num_leaves=31
num_cat=0
split_feature=6 4 2 8 7 8 4 7 5 4 7 7 8 7 2 7 4 2 5 8 2 5 7 7 6 7 4 5 6 6
split_gain=0.300314 0.444887 0.822793 2.53755 0.522954 0.500364 0.630818 0.763402 0.554407 0.4793 0.986795 0.525094 0.396809 0.393938 0.487954 0.363415 0.356264 0.797202 0.665279 0.661086 1.34483 0.636735 1.17697 1.03906 0.624546 1.02711 0.779543 0.778421 0.569373 0.673906
threshold=0.35031719307178938 -0.8339590118453607 -0.14373222694830176 0.022222221893004001 0.031666770218745262 0.25106509864781418 -0.59635219167300624 0.04728594744409189 55.586624745675188 -0.6857890029117677 0.035934833858425629 0.03686004482621686 0.10704082939066545 0.066940537286215143 -0.050309115457984992 0.043054602623442122 -0.31637287065858793 -0.20524185014866811 39.172821064648438 0.18723766890753532 -0.32084279149985417 33.266059503258496 0.043054602623442122 0.048732584943597293 0.92114602670131396 0.065185274809158783 -0.96511640687138911 39.172821064648438 0.45188364337852277 0.43899117070756927
decision_type=8 10 8 10 8 10 10 10 10 10 10 10 10 10 10 10 8 8 8 10 10 10 10 10 8 10 10 10 8 10
left_child=1 2 3 -1 12 13 9 15 -9 11 -11 -7 -4 -3 -15 -8 19 -18 28 21 -21 -2 -23 -24 26 -26 -22 -28 29 -19
right_child=16 5 4 -5 -6 6 7 8 -10 10 -12 -13 -14 14 -16 -17 17 18 -20 20 24 22 23 -25 25 -27 27 -29 -30 -31
leaf_value=-0.001781994086276326 0.00014873657908084676 -0.00039483881303157805 -0.00056990843702806168 0.0136930490226055 -0.0021747286225221509 0.0030751133779116542 0.00074334593894395532 -0.0033896794598009873 0.0021987283409669483 0.0021456854434627865 0.010584570359616706 -0.0028759147122240907 0.0047948718965657201 0.006312662060605362 -0.00067270997934974731 0.0042377144298006899 -0.0011277233667249045 0.0012923811591343886 3.1543114719771381e-05 -0.0058845522664930858 0.00081192092892624348 -0.00027676307930263907 0.0020291253453835387 1.4694804861572239e-05 -0.00059398683649389793 0.0028101000121219777 -0.00039727521038667086 0.00015812004199531216 0.00038668867332167407 0.0062825283506907611
leaf_weight=54 40397 2024 60 52 103 106 1064 189 58 108 51 57 81 50 50 80 1434 366 147983 105 2201 23979 1078 1576 11361 226 15285 10743 8281 83
leaf_count=54 40397 2024 60 52 103 106 1064 189 58 108 51 57 81 50 50 80 1434 366 147983 105 2201 23979 1078 1576 11361 226 15285 10743 8281 83
internal_value=4.79574e-06 0.000424945 0.00213144 0.00580954 0.000533578 0.000269283 0.000905077 0.000443432 -0.00207742 0.00289932 0.0048525 0.000994079 0.00251199 -0.000243482 0.00281998 0.000987707 -1.84017e-06 4.58265e-05 5.6565e-05 -7.23242e-05 -0.000233404 2.36098e-05 -0.000166183 0.000832915 -0.000218501 -0.000527591 -9.16302e-05 -0.000168037 0.000480714 0.00221484
internal_weight=269285 4187 350 106 244 3837 1713 1391 247 322 159 163 141 2124 100 1144 265098 158147 156713 106951 39921 67030 26633 2654 39816 11587 28229 26028 8730 449
internal_count=269285 4187 350 106 244 3837 1713 1391 247 322 159 163 141 2124 100 1144 265098 158147 156713 106951 39921 67030 26633 2654 39816 11587 28229 26028 8730 449
is_linear=0
shrinkage=0.05


Tree=182
num_leaves=31
num_cat=0
split_feature=6 0 1 8 4 4 4 1 8 1 1 4 5 0 4 5 1 5 4 1 5 8 5 8 0 8 0 5 0 0
split_gain=0.271033 0.433655 0.793409 0.544273 0.490483 0.450584 0.595362 0.427977 0.384565 0.329015 0.39739 0.502225 0.500039 0.462144 0.450665 0.765592 0.409358 0.399336 0.321528 0.683759 0.68047 0.626649 0.602031 0.595585 0.660219 0.752919 0.721843 0.61232 0.658101 0.627151
threshold=0.35031719307178938 -0.017025909498571964 -0.019109357445163008 0.24786432093169333 -0.42105923336609474 0.5027545543433326 0.16578027505997298 -0.12716893308091839 0.099464225958486488 -0.11100923626367236 -0.083475550740549784 -0.31637287065858793 35.054214223154069 -0.010182232955034285 -0.44766326763838243 38.967239739451657 -0.0041653021817790728 43.901458937252528 -0.31637287065858793 0.077482595617676245 26.099290774959027 0.18723766890753532 58.658407418078561 0.18723766890753532 -0.01419307015493154 0.40927627140838274 -0.014747320465676948 33.266059503258496 0.0069995132596002438 0.045613811873003514
decision_type=8 10 10 10 10 10 10 10 8 10 10 10 10 10 10 10 10 10 8 10 10 8 10 10 10 10 10 10 10 10
left_child=1 2 8 7 -4 6 -5 -3 -1 -9 -11 12 -12 -14 15 -15 -13 -16 19 22 -21 -22 23 27 25 26 -25 29 -29 -2
right_child=18 3 4 5 -6 -7 -8 9 -10 10 11 16 13 14 17 -17 -18 -19 -20 20 21 -23 -24 24 -26 -27 -28 28 -30 -31
leaf_value=0.006468361066395624 0.00011173978248474949 -0.0042937534809232491 0.0025596292358106721 0.0011453015431667633 -0.0034376099693349026 0.0052259949886978704 -0.0016392870030023108 0.0038035229103406893 0.0022103786262031556 -0.0029526162612786393 -0.0003081842725047413 -3.317844485464089e-05 -0.0022409107904726019 0.0044761793669008025 0.0076510706532096108 -0.0011533642016480397 -0.0035059852987306857 0.0019013409085314851 4.3535153902885535e-05 -0.0022630272180349359 0.0059121916751979694 0.00097331968522701732 0.0049313692685488304 -0.00037751698586010465 -0.00039596568253465561 0.00039463765798954933 0.0024869681238629485 -0.00030390041274341319 0.00030279838758601272 0.0017692706525947036
leaf_weight=63 39692 66 52 1307 99 58 225 50 335 132 1027 163 63 103 63 146 177 58 158147 67 126 131 60 8192 24099 7246 226 20843 5690 579
leaf_count=63 39692 66 52 1307 99 58 225 50 335 132 1027 163 63 103 63 146 177 58 158147 67 126 131 60 8192 24099 7246 226 20843 5690 579
internal_value=4.55595e-06 0.000403698 0.00171359 0.000206025 -0.00137234 0.000900111 0.000736338 -0.00033284 0.00288438 -0.000200943 -0.000304578 -0.000110389 0.000292649 0.00171772 0.00239176 0.00117532 -0.00184108 0.004895 -1.74816e-06 -6.8708e-05 0.00222475 0.00339471 -7.56769e-05 -7.8496e-05 -0.000231708 2.10023e-05 -0.000300613 1.26985e-05 -0.000173794 0.000135571
internal_weight=269285 4187 549 3638 151 1590 1532 2048 398 1982 1932 1800 1460 433 370 249 340 121 265098 106951 324 257 106627 106567 39763 15664 8418 66804 26533 40271
internal_count=269285 4187 549 3638 151 1590 1532 2048 398 1982 1932 1800 1460 433 370 249 340 121 265098 106951 324 257 106627 106567 39763 15664 8418 66804 26533 40271
is_linear=0
shrinkage=0.05


Tree=183
num_leaves=31
num_cat=0
split_feature=7 7 5 2 1 5 5 1 5 5 6 1 2 5 4 5 0 0 5 2 6 4 2 2 2 6 5 5 6 2
split_gain=0.251687 0.595306 0.578305 1.70445 0.65359 0.614058 0.548025 0.539549 0.838707 1.5353 0.61543 0.501486 0.496427 0.594989 0.754952 0.819834 0.491149 0.608925 0.481194 0.479855 0.471974 0.867405 1.20083 0.753559 0.859871 1.03257 0.745183 0.720453 0.587059 1.00657
threshold=0.045550372314020794 0.04275317982542725 28.780845954188944 -0.16492180462303777 -0.056118963753157385 20.320806189805015 31.617647055772178 0.138593914159612 67.910447716849561 65.327271836664991 2.8721210558773405 -0.13278317838299639 -0.23318461280970601 40.155440404798334 -0.64645325257424591 33.723339476152603 0.020530856433820691 0.071774098249793319 18.76197877986878 -0.18948242230727122 2.8721210558773405 0.63964464037047242 0.078063456576037429 1.0000000180025095e-35 0.026812013978577246 1.253007325915507 70.261214397015564 61.931818167449542 2.4440655663061612 0.20525490716530362
decision_type=10 10 10 10 10 10 10 10 10 10 10 10 10 10 10 10 10 10 10 10 10 10 10 10 10 10 10 10 10 10
left_child=1 -1 5 12 6 18 -5 10 9 16 -6 -7 -4 14 -14 -16 -9 -18 -3 -15 21 -2 23 26 -25 -26 -23 -22 -24 -30
right_child=20 2 3 4 7 11 -8 8 -10 -11 -12 -13 13 19 15 -17 17 -19 -20 -21 27 22 28 24 25 -27 -28 -29 29 -31
leaf_value=7.8545065282079795e-06 -0.00021374731880513797 -3.6280772858661229e-05 0.0008728572042292856 -0.0055693448353041387 0.00073835917668528951 0.0015172781633177343 -0.00042814259440016403 -0.0022395282662674072 -0.0020959228773975796 0.0088616075045005842 0.0061073170237553624 -0.0025725879123543994 0.0024361422051603363 -0.0014377222775193064 0.0031648119726076216 0.010684306631508739 0.0041767415489771011 -0.0023713942292878138 0.0051573892005574735 0.0041017053371841276 0.00099486824417560757 0.0017517615025736341 7.4680157554239657e-05 0.0072847460647133865 0.005421282296945145 -3.4206791250392481e-05 -0.0050261653018034329 -0.0019933891797380529 -0.0019281212674776235 0.0039463753204174402
leaf_weight=226144 27298 193 173 54 4612 91 1292 151 432 55 54 425 116 71 59 94 97 56 58 87 277 147 5634 115 152 202 56 742 104 244
leaf_count=226144 27298 193 173 54 4612 91 1292 151 432 55 54 425 116 71 59 94 97 56 58 87 277 147 5634 115 152 202 56 742 104 244
internal_value=4.32815e-06 2.30027e-05 0.0004423 0.000577704 0.000352393 -0.000864604 -0.000634402 0.000595792 -0.000611723 0.00117428 0.000800495 -0.00185131 0.00313236 0.0040478 0.00547822 0.00778463 -0.000216523 0.00178004 0.00116385 0.00161247 -0.000120795 -8.89733e-05 0.000422912 0.00242696 0.00352851 0.00230826 -0.000118011 -0.00118108 0.000197783 0.00219078
internal_weight=269285 234314 8170 7403 6803 767 1346 5457 791 359 4666 516 600 427 269 153 304 153 251 158 34971 33952 6654 672 469 354 203 1019 5982 348
internal_count=269285 234314 8170 7403 6803 767 1346 5457 791 359 4666 516 600 427 269 153 304 153 251 158 34971 33952 6654 672 469 354 203 1019 5982 348
is_linear=0
shrinkage=0.05


Tree=184
num_leaves=31
num_cat=0
split_feature=6 4 1 0 0 8 4 7 5 4 7 7 7 0 7 1 8 5 0 4 4 8 1 7 7 5 5 8 8 7
split_gain=0.245598 0.401321 0.856294 0.743523 0.543763 0.465293 0.538428 0.731493 0.452613 0.430401 0.857215 0.544392 0.320285 0.489383 0.357884 0.349275 0.34406 0.380663 0.349756 0.319901 0.337243 0.464897 0.356142 0.622012 0.594242 0.314407 0.503745 0.598974 0.299785 0.286365
threshold=0.35031719307178938 -0.81681277957259724 -0.070068077206283316 -0.01391395982061888 -0.034701010940929415 0.25106509864781418 -0.59635219167300624 0.04728594744409189 55.586624745675188 -0.6857890029117677 0.035934833858425629 0.03686004482621686 0.026744002490023656 0.0097301672739283935 0.021000936247644649 -0.033252788361823209 0.4935107756377779 52.655202969134379 -0.0063821001223254284 -0.77783010811878517 -0.33103940139176152 0.11468531458506546 -0.085278129224466856 0.04516356898295245 0.052306130992699713 33.723339476152603 40.365204174447776 0.080042828453397399 0.13054194761524893 0.025292673691645704
decision_type=8 10 10 10 10 10 10 10 10 10 10 10 10 10 10 10 10 10 10 10 10 10 10 10 10 10 10 10 8 10
left_child=1 2 3 -1 -3 19 9 12 -9 11 -11 -7 14 15 -8 16 18 -18 -14 -6 22 -22 23 -21 25 -24 29 -28 -26 -27
right_child=-2 4 -4 -5 5 6 7 8 -10 10 -12 -13 13 -15 -16 -17 17 -19 -20 20 21 -23 24 -25 28 26 27 -29 -30 -31
leaf_value=0.0039372238289867812 -1.8892624422266025e-06 0.005353399296291173 0.004860634967922395 -0.0018704814396986011 -0.0034106484106060393 0.0029622848833848066 0.0015045831441238989 -0.0033451184775834478 0.00178541250393859 0.001976968383759312 0.0098955348231829707 -0.0033898462402598504 0.003279648716794327 0.0048507527552267664 -0.0015944648852635535 0.00014739580603083326 0.006496450773670108 0.0011329574402068453 -0.0026343695961404592 0.0009864464742975088 -9.6397466564723602e-05 -0.0034155649492736864 -0.00051539874911910196 -0.0060997748452549178 0.00080996923241764308 0.0054044425242156854 -0.0030691668998068119 0.0022186951820120804 0.0059100475293234929 0.0015599008625989932
leaf_weight=83 265098 51 151 164 82 96 160 185 56 108 50 52 50 94 223 429 77 58 50 64 259 178 854 60 50 72 114 101 68 148
leaf_count=83 265098 51 151 164 82 96 160 185 56 108 50 52 50 94 223 429 77 58 50 64 259 178 854 60 50 72 114 101 68 148
internal_value=4.11175e-06 0.000384063 0.00189444 8.10956e-05 0.000225412 0.000155447 0.000770205 0.000350007 -0.00215296 0.00266796 0.00448284 0.000730455 0.00087868 0.00147415 -0.000299823 0.000996137 0.00254554 0.00419214 0.00032264 -0.000350754 -0.000223258 -0.00144837 0.000126431 -0.00244237 0.000352821 4.19223e-05 0.00113607 -0.000585101 0.003749 0.00281811
internal_weight=269285 4187 398 247 3789 3738 1688 1382 241 306 158 148 1141 758 383 664 235 135 100 2050 1968 437 1531 124 1407 1289 435 215 118 220
internal_count=269285 4187 398 247 3789 3738 1688 1382 241 306 158 148 1141 758 383 664 235 135 100 2050 1968 437 1531 124 1407 1289 435 215 118 220
is_linear=0
shrinkage=0.05


Tree=185
num_leaves=31
num_cat=0
split_feature=6 0 0 5 9 0 2 6 0 2 4 5 7 6 0 6 5 4 0 4 5 2 4 7 5 4 6 5 7 2
split_gain=0.228283 0.435357 0.326231 0.481997 0.450845 0.272288 0.25714 0.55285 0.498201 0.704895 0.442461 0.745203 0.681698 0.396621 0.505279 0.679864 0.831933 0.487264 0.608949 0.443517 0.769814 0.433365 0.905378 0.611871 0.754794 0.612367 0.460535 1.06063 0.534188 0.425037
threshold=4.1205965995928295 0.048838080306593652 -0.062339272320136634 67.609507282816807 1.0000000180025095e-35 0.012437810945273743 0.14689145610645607 0.27650921227003539 -0.0058823529411763933 0.15080085516008138 0.12927267209324225 62.393883041702011 0.03686004482621686 1.2787812200896804 0.068097587217287772 1.1681325104058418 72.193383674602458 1.0889217266561968 0.081793937462988034 1.4264144945704402 84.36679887914751 0.32268664290448762 0.74308898190729644 0.055933224678610928 77.611940197148598 1.0620545557555838 2.1343770088931624 86.352263577446465 0.041827604897578967 0.65459219715740546
decision_type=10 10 10 10 2 10 10 10 10 10 10 8 10 10 10 10 10 10 10 10 10 10 10 10 10 10 10 10 10 10
left_child=6 2 -2 5 -5 -4 -1 -8 9 10 -9 -12 -13 14 -10 16 -16 18 -18 21 -21 23 -23 24 -15 -25 29 -28 -29 -24
right_child=1 -3 3 4 -6 -7 7 8 13 -11 11 12 -14 19 15 -17 17 -19 -20 20 -22 22 26 25 -26 -27 27 28 -30 -31
leaf_value=-4.0714226031511694e-05 -0.0016409843710048504 -0.0015356465708043553 0.0068726854700156869 -0.0031971103152079483 0.0024465333928625722 0.0016802010512910782 0.0047144711676698472 0.0053098806997440989 -0.00013717108369501016 0.00028837879249258631 -0.0019968945949621424 0.0010551967733209171 0.0072269287389437002 0.0006232061465208849 -0.0019526922519364572 -0.0038728438381104148 0.00062519710798583487 -0.0012786607023551537 0.0075059473301764953 -0.00020416507316606318 -0.0042923940850682013 0.0038990825049693106 -0.00032276362946210288 -0.00046230666207737247 -0.00075565015720241045 -0.004865418115691484 0.00036384712730958739 0.0021733191954563299 0.0083998657012431845 0.002459939620743137
leaf_weight=234841 108 657 51 67 75 50 65 100 12397 11337 102 124 70 3877 371 211 68 71 61 751 136 237 1002 252 1334 115 327 63 76 159
leaf_count=234841 108 657 51 67 75 50 65 100 12397 11337 102 124 70 3877 371 211 68 71 61 751 136 237 1002 252 1334 115 327 63 76 159
internal_value=-2.50983e-05 -0.000776136 0.000645511 0.00166173 -0.000216313 0.00430215 -2.2275e-05 0.00010774 9.87321e-05 0.00036081 0.00243443 0.00146299 0.00328211 -4.42362e-05 -0.000214928 -0.00144761 -0.000551414 0.00204796 0.00387889 0.00022585 -0.000830996 0.000351814 0.00101185 0.000131249 0.000270223 -0.00184203 0.000591277 0.00191907 0.00557776 5.83301e-05
internal_weight=269155 1008 351 243 142 101 268147 33306 33241 11733 396 296 194 21508 13179 782 571 200 129 8329 887 7442 1864 5578 5211 367 1627 466 139 1161
internal_count=269155 1008 351 243 142 101 268147 33306 33241 11733 396 296 194 21508 13179 782 571 200 129 8329 887 7442 1864 5578 5211 367 1627 466 139 1161
is_linear=0
shrinkage=0.05


Tree=186
num_leaves=31
num_cat=0
split_feature=1 0 8 6 1 2 8 7 1 7 0 8 7 8 2 8 8 0 5 5 0 7 5 8 2 2 8 0 2 7
split_gain=0.275243 0.59021 0.667326 0.946409 0.765329 0.62347 1.11668 1.10423 0.656915 0.635691 0.810409 0.63429 0.679035 0.697267 0.676076 1.7553 1.17255 0.637114 0.584399 1.02296 0.561886 0.53489 1.00478 0.641887 0.751494 0.525378 0.58875 0.644269 0.654633 0.522273
threshold=0.0053775246358926951 0.027027027027027088 0.24786432093169333 0.90492405696211875 -0.070068077206283316 0.1619513799135415 0.43822413041685687 0.029958485683824681 -0.020799118343189978 0.04516356898295245 -0.01644265621884133 0.80382359519951585 0.052946406917865098 0.76130113397639287 0.3897788632604014 0.83677729463455208 0.86699122854662136 -0.042307153507199317 49.112425994818118 35.482077584025596 -0.032696969171048855 0.030454395172624913 61.245538605282285 0.8609775726248089 0.21138725944221473 -0.21500824586268383 0.29241979326276563 0.03272600367994339 -0.07729918596037065 0.066940537286215143
decision_type=8 10 8 10 10 8 8 10 10 10 10 10 8 8 10 10 10 10 8 10 10 10 10 10 10 8 10 10 10 8
left_child=1 5 -3 4 -4 9 7 -7 20 -1 -11 12 13 17 -13 -16 -17 -8 19 -14 -9 22 -6 24 25 -23 27 -27 -29 -20
right_child=-2 2 3 -5 21 6 11 8 -10 10 -12 14 18 -15 15 16 -18 -19 29 -21 -22 23 -24 -25 -26 26 -28 28 -30 -31
leaf_value=-8.5063381911511138e-07 -8.3117698368009713e-05 0.00087570296673832872 -0.00074048160399527391 -0.00050403311517399141 0.0015101466622915788 0.0083975688230616286 -0.0020912502699502512 -0.00070716518194725115 -0.0014600348458143658 1.5580546126702563e-05 -0.00078303338976831369 0.00080559567143126127 1.3476444566682335e-06 -0.0016922817514151073 0.00975539942701289 -0.0054512420096076456 0.0046220163528162706 0.00031196396248141429 0.0011398560416882168 0.002730344817820609 0.0043376998013079293 -0.0031383310578751698 0.0070237797816404173 0.0052391799088505192 -0.002190734956911159 -0.00037167270901800997 0.00045691703232030652 0.00097433039543871913 0.006497116595024376 -0.00017448682977522093
leaf_weight=121995 113362 4122 740 3496 741 73 320 75 116 6540 6177 875 699 853 80 52 65 1996 1003 675 209 79 93 71 242 104 1008 87 140 3067
leaf_count=121995 113362 4122 740 3496 741 73 320 75 116 6540 6177 875 699 853 80 52 65 1996 1003 675 209 79 93 71 242 104 1008 87 140 3067
internal_value=-2.38433e-05 1.92873e-05 0.000373707 6.94532e-05 0.000676082 -7.43539e-06 0.0003703 0.0027425 0.00171044 -3.59187e-05 -0.000372328 0.000254446 0.000111693 -0.000470191 0.00140139 0.00404771 0.000145013 -2.00864e-05 0.000450413 0.00134201 0.00300543 0.00108476 0.00212498 0.00058358 0.000384455 0.000823945 0.00105772 0.00288734 0.00438045 0.000149416
internal_weight=269155 155793 10923 6801 3305 144870 10158 473 400 134712 12717 9685 8613 3169 1072 197 117 2316 5444 1374 284 2565 834 1731 1660 1418 1339 331 227 4070
internal_count=269155 155793 10923 6801 3305 144870 10158 473 400 134712 12717 9685 8613 3169 1072 197 117 2316 5444 1374 284 2565 834 1731 1660 1418 1339 331 227 4070
is_linear=0
shrinkage=0.05


Tree=187
num_leaves=31
num_cat=0
split_feature=1 4 2 4 5 5 2 2 2 0 0 4 8 2 0 4 0 8 5 0 4 2 4 8 8 4 1 0 1 5
split_gain=0.248406 0.555184 0.627381 1.54722 1.21603 0.746324 0.742208 0.674959 0.754058 0.720673 0.602178 0.566647 0.51221 0.51027 0.634344 0.639407 0.483299 0.485592 0.524642 0.638372 0.492182 0.483821 0.477775 0.450745 0.436169 0.747104 0.732107 0.499797 0.436872 0.43135
threshold=0.0053775246358926951 -0.41411456341770297 -0.085033167916594807 -0.071356982140794847 51.282051236028927 49.509235899387157 -0.1355837112571068 -0.21500824586268383 -0.18590175023651842 0.03527687718704265 0.027027027027027088 -0.39363239389633869 0.19598326047377998 -0.25731976722325567 0.037228874289992782 -0.65329538262841991 -0.01419307015493154 0.16369984880702096 47.341772144907331 0.0064715937992604342 -0.65962784368940908 -0.24067840387544062 -0.6995337613488386 0.2645894821151285 0.097048649989857641 -0.41411456341770297 0.027432957758231517 0.019211573615185776 0.071906364990049113 50.505246866188351
decision_type=8 8 10 10 10 10 8 8 8 10 10 10 8 10 10 10 10 10 10 10 10 10 10 8 8 10 10 10 10 10
left_child=1 10 3 7 5 -5 -6 -3 9 11 16 -9 13 14 -12 -16 -1 18 -18 -20 21 -19 23 -14 25 26 27 -2 -27 -22
right_child=24 2 -4 4 6 -7 -8 8 -10 -11 12 -13 22 -15 15 -17 17 20 19 -21 29 -23 -24 -25 -26 28 -28 -29 -30 -31
leaf_value=3.7358534720679624e-05 -0.00061203508667585912 -0.00098206169507453352 6.2217000074915095e-05 0.0040039245226433052 -0.0019023970691633861 0.010538491093358325 0.0025246051076054199 -0.0027156964654568585 0.00034985968592060276 0.0079661141492356115 -0.00044595305116244539 0.002591404338470972 -0.0055894378235184852 0.0007497471579739392 0.0021708873647378023 0.008268408341360842 -2.9704469401233437e-05 -0.0040178066019456241 -0.0019181822499318775 0.0014249197296991819 -0.0002202709449119344 -0.00063453137361141885 0.00023966645727036933 -0.00088738826952848441 -6.1886770429031698e-05 -0.0011839003566456192 0.0026800851056156343 0.0029314674339054256 -0.0057487805354564138 0.0016031012038140381
leaf_weight=39235 1143 901 56170 148 127 62 372 60 8204 53 85 311 67 2103 99 76 26826 107 722 178 9358 8499 1481 213 110027 1783 246 109 54 336
leaf_count=39235 1143 901 56170 148 127 62 372 60 8204 53 85 311 67 2103 99 76 26826 107 722 178 9358 8499 1481 213 110027 1783 246 109 54 336
internal_value=-2.26512e-05 1.8323e-05 0.000127829 0.000487802 0.00274121 0.00593318 0.00139789 0.000320139 0.000456124 0.00251224 -6.30335e-05 0.00173311 0.000527054 0.0010081 0.00309773 0.00481895 -9.15755e-05 -0.000201486 -6.95428e-05 -0.00125699 -0.00040139 -0.000676596 -0.000118433 -0.00201252 -7.89618e-05 -0.000642295 0.000186432 -0.000303535 -0.00131809 -0.000157072
internal_weight=269155 155793 66408 10238 709 210 499 9529 8628 424 89385 371 4124 2363 260 175 85261 46026 27726 900 18300 8606 1761 280 113362 3335 1498 1252 1837 9694
internal_count=269155 155793 66408 10238 709 210 499 9529 8628 424 89385 371 4124 2363 260 175 85261 46026 27726 900 18300 8606 1761 280 113362 3335 1498 1252 1837 9694
is_linear=0
shrinkage=0.05


Tree=188
num_leaves=31
num_cat=0
split_feature=1 4 2 2 7 5 0 2 6 7 0 1 0 7 2 4 2 6 0 5 0 2 5 4 1 4 2 0 1 1
split_gain=0.228382 0.590971 0.923855 1.21893 0.973187 0.918933 0.751405 0.591122 0.550224 1.02978 0.633393 0.566932 0.595288 0.593322 0.529203 0.907746 0.488475 0.446792 0.722459 0.773858 0.56806 0.582488 0.88266 0.770748 0.685736 0.608716 1.28938 0.594647 0.80646 0.677733
threshold=1.0000000180025095e-35 -0.030882502787409859 -0.086319873398335842 -0.15264933228715913 0.050417968496791338 50.109613126950592 0.027027027027027088 0.25839402339364265 0.7015131783344527 0.032526501253455693 -0.0017453653629572739 -1.0000000180025095e-35 -0.014747320465676948 0.026974021476458439 0.36249146008198335 -0.14743296964141775 0.65459219715740546 1.253007325915507 -0.07805826330971298 38.782973245065286 -0.070991281012234661 -0.078576079247292138 23.699636682426711 -0.19951669932723329 0.26006599770700684 -0.4276029090711676 -0.041226858582622088 1.0000000180025095e-35 0.037486143618059915 0.070181745785140151
decision_type=8 8 8 10 10 10 10 10 8 8 10 10 10 10 10 10 10 10 8 10 8 10 10 10 10 10 10 10 10 10
left_child=1 6 3 -3 5 -5 7 8 9 -1 -11 12 -10 -13 15 -9 -4 18 -2 20 -20 23 25 24 -22 -23 -27 28 -25 -29
right_child=17 2 16 4 -6 -7 -8 14 11 10 -12 13 -14 -15 -16 -17 -18 -19 19 -21 21 22 -24 27 -26 26 -28 29 -30 -31
leaf_value=0.00023546850741283602 -0.0022145701097612733 -0.0028776915715202508 0.00019179067937115336 0.0087484560629281279 0.010321696478800447 0.0013413830507725349 0.00048999995723506061 0.0079828954884607044 -2.9103570928811358e-05 -3.6048778021486352e-05 -0.00070712216165105043 0.0009489170790600058 -0.0003414072582378674 0.0070775743989346957 -0.0011869783826233423 -0.00029957096236918508 -0.0024346538851746577 6.9740416382839916e-05 0.004980025812792669 -0.00020542064113741296 -0.00017082886649385473 0.0012710689482910019 0.00043341491129014862 0.0081606935508037656 0.0034394291663696445 0.011463253172686358 0.001084562055840497 -0.0005802357105230111 0.0015610337637048007 0.0035691187005128262
leaf_weight=29579 416 81 32477 52 51 215 6461 77 32230 10229 5358 175 28977 51 61 58 178 38356 61 65895 11889 155 5140 71 133 57 63 337 133 139
leaf_count=29579 416 81 32477 52 51 215 6461 77 32230 10229 5358 175 28977 51 61 58 178 38356 61 65895 11889 155 5140 71 133 57 63 337 133 139
internal_value=-2.15186e-05 2.06842e-05 0.000206694 0.00259807 0.00399284 0.00278396 -3.3603e-05 -6.52805e-05 -7.03246e-05 6.21578e-05 -0.000266729 -0.000167727 -0.000176956 0.00233193 0.00267807 0.0044245 0.000177474 -7.17828e-05 -0.000136031 -0.000125746 0.000163073 0.000146854 0.000581071 -3.82574e-05 -0.000130888 0.0033409 0.00601444 0.0015994 0.00385797 0.000631446
internal_weight=269155 146310 33054 399 318 267 113256 106795 106599 45166 15587 61433 61207 226 196 135 32655 122845 84489 84073 18178 18117 5415 12702 12022 275 120 680 204 476
internal_count=269155 146310 33054 399 318 267 113256 106795 106599 45166 15587 61433 61207 226 196 135 32655 122845 84489 84073 18178 18117 5415 12702 12022 275 120 680 204 476
is_linear=0
shrinkage=0.05


Tree=189
num_leaves=31
num_cat=0
split_feature=1 4 7 7 8 2 5 7 5 8 5 4 8 2 8 2 7 4 8 4 8 5 5 4 7 2 4 7 8 7
split_gain=0.224169 0.550708 0.430318 0.525964 0.507478 0.75511 0.673374 1.13007 0.672646 0.476351 0.702699 0.46154 0.442756 0.339215 0.337459 0.326286 0.459896 0.793837 0.316744 0.870207 0.691212 0.500099 0.311477 0.326202 0.309223 0.306624 0.679563 0.707162 0.948517 0.497045
threshold=-0.13975089850557351 -1.1482418154195815 0.039236893248547962 0.042130702872240168 0.012871287119155065 -0.24067840387544062 22.478065484455573 0.036494476576477579 11.189191036564852 0.20528607269751348 34.635167702579885 -0.92919963281544626 0.0076205593874229217 -0.29919394975115426 0.15244112247509006 -0.21500824586268383 0.044028506789199028 -1.2599155670386655 0.45554474172630172 -0.40719827892798205 0.42526503026784274 57.423902378793336 46.00370341198559 -0.6995337613488386 0.048732584943597293 -0.24067840387544062 -1.0059685273863292 0.062182765303145433 0.27840908985451102 0.050417968496791338
decision_type=8 10 8 8 10 10 10 10 10 10 10 10 8 10 8 10 8 10 10 10 10 10 10 10 8 10 10 10 10 10
left_child=1 15 4 11 5 12 8 -8 -6 10 -9 -4 13 -3 -13 16 17 -1 20 22 25 -21 23 -20 -18 -5 29 -28 -29 -27
right_child=-2 2 3 18 6 -7 7 9 -10 -11 -12 14 -14 -15 -16 -17 24 -19 19 21 -22 -23 -24 -25 -26 26 27 28 -30 -31
leaf_value=0.0041185881680576132 -2.7516735254157873e-05 0.0065532446234372634 -0.0039454251882586394 -0.00033461627406224792 -0.00021856906003838019 -0.0030551944907695632 -0.0010152509362978891 0.0021133517985235553 0.00473881632629191 0.0005444554115308927 0.0094794396645023083 0.0023323199497503485 -0.00048180236570319286 0.00099639334223883334 -0.0021908241035167261 -0.0012163359596917048 -0.0041901402553227154 -0.0006170052055762534 -0.0039675258401945072 0.0023879812808155674 0.004858570841536152 -0.0014582061702660416 -0.0064446168421104988 0.00057248110650107273 -0.00026377399860211102 0.0012701853095098737 -0.00045949848435171311 0.00064149593361818055 0.0058913613708379371 0.006115692146790132
leaf_weight=168 262838 57 131 628 89 142 320 69 296 74 61 81 124 53 84 759 53 187 91 226 99 135 52 70 931 110 701 304 120 102
leaf_count=168 262838 57 131 628 89 142 320 69 296 74 61 81 124 53 84 759 53 187 91 226 99 135 52 70 931 110 701 304 120 102
internal_value=-2.04427e-05 0.000273895 0.000603105 0.000268924 0.00136613 -0.000178823 0.00200519 0.000838696 0.00359282 0.00374685 0.00556975 -0.0017296 0.00156667 0.00387585 2.96284e-05 -0.000388135 8.13232e-05 0.00162406 0.000493171 -0.000545758 0.000782098 0.000949656 -0.00308024 -0.00199361 -0.000475255 0.000576718 0.00100478 0.00051544 0.00212731 0.00360151
internal_weight=269155 6317 4219 2934 1285 376 909 524 385 204 130 296 234 110 165 2098 1339 355 2638 574 2064 361 213 161 984 1965 1337 1125 424 212
internal_count=269155 6317 4219 2934 1285 376 909 524 385 204 130 296 234 110 165 2098 1339 355 2638 574 2064 361 213 161 984 1965 1337 1125 424 212
is_linear=0
shrinkage=0.05


Tree=190
num_leaves=31
num_cat=0
split_feature=8 7 1 4 5 7 4 1 6 8 3 6 1 1 8 5 8 7 5 6 6 8 1 4 8 7 4 4 1 5
split_gain=0.216691 0.279174 0.352 0.300544 0.264974 0.255679 0.221601 0.585352 0.586926 0.639821 0.540902 0.66924 0.67562 0.474676 0.866584 0.855594 0.776294 0.749302 0.776221 0.676134 0.647329 0.630868 0.683968 1.01153 0.571126 0.517582 0.775856 0.507314 0.563974 0.462858
threshold=1.0000000180025095e-35 0.020317250938672465 -0.15738888560099426 -0.77783010811878517 22.478065484455573 0.017075607837422558 -0.40025479034279504 0.05944845259693899 0.99235458943258958 0.13320996694719225 1.0000000180025095e-35 0.81951636972007724 -0.017997004887968345 -0.0047473049618750309 0.15783037525820851 38.967239739451657 0.27146047174202975 0.020551039971919455 34.840396242969689 0.96482550934878264 1.1092931942997908 0.087315702480606286 0.027432957758231517 -0.13844878811496156 0.79849641347406208 0.037275660282738245 0.2646784276949064 0.60248127982763122 -0.017445923181983344 51.873198831565766
decision_type=8 10 10 10 10 10 8 10 10 8 2 8 10 8 8 10 8 10 10 8 10 10 10 10 10 10 10 10 10 10
left_child=1 4 -3 -4 -1 -6 7 10 9 -9 -2 12 -12 16 15 -15 17 -8 -19 24 -17 22 23 -22 -18 -20 -27 -26 -29 -13
right_child=6 2 3 -5 5 -7 13 8 -10 -11 11 29 -14 14 -16 20 19 18 25 -21 21 -23 -24 -25 27 26 -28 28 -30 -31
leaf_value=0.00057477817907439254 -7.0757254202302478e-05 0.0029173349230073985 -0.0011704920507677836 0.0026747357069204251 0.0017826669225223198 0.0058541660406262967 -0.00020203610111516041 0.0075353480465595833 -0.00072018457056076185 0.0017079321984662483 0.0017215412042456666 0.00040082333639735623 0.0077714345721509679 0.0001811422292096451 3.0728484928735786e-05 -0.0011837416423177097 -0.00014011264728021677 -0.00079486528722828029 0.0011323734732109915 0.0003633805014718082 0.0010576248476764204 -0.00043476883635410818 -0.0014233101081723969 0.0088374672471476148 0.00053228760130188404 0.00044069554979440072 -0.003969789318618409 0.0076659315957739536 0.0011608524349700103 -0.0038926341774206219
leaf_weight=171 94536 88 332 60 97 64 2648 70 123 144 485 995 51 3187 111951 4080 24573 739 6035 13075 111 1511 87 67 1717 1980 105 54 87 67
leaf_count=171 94536 88 332 60 97 64 2648 70 123 144 485 995 51 3187 111951 4080 24573 739 6035 13075 111 1511 87 67 1717 1980 105 54 87 67
internal_value=1.50778e-05 0.000830639 5.95964e-05 -0.000581937 0.0019454 0.00340115 1.26112e-05 -4.80452e-05 0.00203215 0.0036141 -5.53374e-05 0.000856886 0.00229718 4.66306e-05 -7.30233e-06 -0.000478118 0.00017455 0.000535954 0.000756543 6.92833e-05 -0.000836906 -4.01222e-05 0.00221011 0.00398599 -7.6202e-05 0.000897737 0.000218585 0.000769049 0.00365216 0.000129955
internal_weight=269290 812 480 392 332 161 268478 96471 337 214 96134 1598 536 172007 120994 9043 51013 11507 8859 39506 5856 1776 265 178 26431 8120 2085 1858 141 1062
internal_count=269290 812 480 392 332 161 268478 96471 337 214 96134 1598 536 172007 120994 9043 51013 11507 8859 39506 5856 1776 265 178 26431 8120 2085 1858 141 1062
is_linear=0
shrinkage=0.05


Tree=191
num_leaves=31
num_cat=0
split_feature=2 8 4 7 5 2 6 7 1 8 7 6 7 8 0 6 5 7 1 0 5 7 6 7 8 6 7 4 7 7
split_gain=0.331942 0.543715 0.632081 0.462773 0.55665 0.892565 0.983735 1.04033 0.773666 0.762528 0.651393 0.632407 0.476335 0.473161 0.937315 0.907278 1.27587 0.889898 0.732882 0.964436 0.472007 0.460343 0.549279 0.732874 1.36401 0.490737 0.667199 0.714028 0.489481 0.500669
threshold=0.14689145610645607 0.91946033832292196 0.82609845294226092 0.035759957434919797 89.350945490958722 0.30648267736161167 2.349245140747239 0.032677986316878328 0.048367155720096873 0.94246965447869058 0.033716780539192116 2.6997656663647489 0.02983530351560745 0.84906492955078761 0.045613811873003514 1.4446005762362875 67.910447716849561 0.02686157183790434 0.16800697416389279 0.025781599822981453 84.36679887914751 0.022913603576878383 2.0291419757811746 0.022044759013178344 0.59353702287685184 0.96482550934878264 0.018092859159766782 0.74308898190729644 0.024318907553594282 0.025502230703826016
decision_type=10 10 10 10 10 10 10 10 10 10 10 10 10 8 10 10 10 10 10 10 10 10 10 10 10 10 10 10 10 10
left_child=1 -1 -3 4 5 13 7 8 -7 -10 -9 12 -6 14 20 16 -16 -15 -19 -20 21 22 23 25 -25 -2 -27 -28 -23 -30
right_child=3 2 -4 -5 11 6 -8 10 9 -11 -12 -13 -14 17 15 -17 -18 18 19 -21 -22 28 -24 24 -26 26 27 -29 29 -31
leaf_value=9.0896862983545456e-07 0.0029247197147225963 -0.002008246527346992 -0.00022395433491592508 2.3980789056802032e-05 0.00070471517869963047 0.0027957339652964625 0.0070543227988690534 0.0066503786227919848 -0.0029299445437519739 0.0027913861982857011 0.0020551267217631748 -0.0064700135889209131 -0.0036063724078528427 -0.0010954655382655954 0.0013904550939168731 0.0014427009028044331 0.011085658431536733 0.00020586928602293189 0.0076899569814439673 0.0007782146855667755 -0.0021951313059338754 -0.0015306095924648478 -0.0023353391683130901 -0.00084844705245280957 0.0089842795262423652 -0.0031858544132823277 -0.00094597459719549372 0.0043376864607343416 0.0021836664783772249 0.00027659318074546119
leaf_weight=233074 250 711 1644 21887 206 153 86 110 239 77 258 55 93 1418 71 526 65 2348 78 143 170 342 82 58 90 111 141 117 374 4313
leaf_count=233074 250 711 1644 21887 206 153 86 110 239 77 258 55 93 1418 71 526 65 2348 78 143 170 342 82 58 90 111 141 117 374 4313
internal_value=1.43239e-05 -6.72894e-06 -0.000762651 0.0001607 0.000410607 0.00047011 0.00196193 0.0014387 -0.000122756 -0.00153582 0.00342871 -0.00154258 -0.000636192 0.000341387 0.00059772 0.00238391 0.00602419 -9.00145e-05 0.00046496 0.00321765 0.000402208 0.000477326 0.00155425 0.00197008 0.00513091 0.00121434 5.55476e-05 0.0014501 0.00029552 0.000428768
internal_weight=269290 235429 2355 33861 11974 11620 923 837 469 316 368 354 299 10697 6710 662 136 3987 2569 221 6048 5878 849 767 148 619 369 258 5029 4687
internal_count=269290 235429 2355 33861 11974 11620 923 837 469 316 368 354 299 10697 6710 662 136 3987 2569 221 6048 5878 849 767 148 619 369 258 5029 4687
is_linear=0
shrinkage=0.05


Tree=192
num_leaves=31
num_cat=0
split_feature=2 8 4 5 5 2 8 6 1 8 1 8 4 5 8 1 1 1 1 5 2 6 6 2 1 1 2 4 5 3
split_gain=0.299578 0.490703 0.570453 0.415364 0.346159 0.406866 0.625563 0.52431 0.44696 0.697006 0.511111 0.412772 0.554198 0.392904 0.339091 0.982766 0.559013 0.424069 0.529738 0.410158 0.374278 0.444667 0.442555 0.337907 0.321995 0.933289 0.66407 0.700055 0.319956 0.312435
threshold=0.14689145610645607 0.91946033832292196 0.82609845294226092 56.63246839491439 79.261974704181185 0.09277924207872125 0.43403797806748301 1.3170401682373623 0.055555555555555698 0.6804973471060507 0.075422496016705157 0.60225195820188426 0.62118419287325011 81.358519548871314 0.37642585511339244 0.075422496016705157 -0.056118963753157385 0.029766183980512676 0.0048080225517029848 64.304637370408599 0.189021640767469 0.67194574199141255 0.66886321027131757 0.12225736123491628 0.085967762479124979 0.12775959273898144 -0.07729918596037065 0.8658097108469397 82.721296622103907 1.0000000180025095e-35
decision_type=10 10 10 10 10 10 10 10 10 10 10 10 10 10 8 10 10 10 10 10 10 10 10 10 10 10 10 10 10 2
left_child=1 4 3 -3 -1 7 -7 11 -8 23 -11 24 -13 -9 15 16 -2 18 20 -19 21 -18 -22 -10 26 -26 -6 -28 -12 -14
right_child=14 2 -4 -5 5 6 8 13 9 10 28 12 29 -15 -16 -17 17 19 -20 -21 22 -23 -24 -25 25 -27 27 -29 -30 -31
leaf_value=-4.9897746352249115e-06 0.0053567215689413611 0.00077412797616489121 -0.00021275661573208558 -0.0024523950387745808 -0.0035015876954421405 -0.0033686844824114812 -0.00075158562440634101 0.0018580714074071872 0.0021164831585051974 0.0036827244063014869 0.00022501798748335506 -0.0030852371939168923 0.00040231338591246611 -0.0018514435961333221 0.00012451364857562794 -0.001508522242083238 0.0065401467049659616 0.0049305983579338158 -0.0019945353074458392 0.00060149520273705063 -0.0040500696254894136 0.001339937843664809 0.002478056328578128 0.0067785411833556023 0.0095408784919990275 0.00095041838513923362 0.0032500766898249617 -0.0029607731246334666 -0.0043278536165077524 0.0050979483306554021
leaf_weight=230943 105 120 1644 591 50 130 419 111 89 61 91 87 116 200 32822 277 62 135 142 92 50 122 54 69 57 71 411 51 67 51
leaf_count=230943 105 120 1644 591 50 130 419 111 89 61 91 87 116 200 32822 277 62 135 142 92 50 122 54 69 57 71 411 51 67 51
internal_value=1.36077e-05 -6.39249e-06 -0.000724519 -0.00190783 8.63519e-07 0.000635203 -0.000152916 0.00124084 0.000372272 0.00162133 -0.000204764 0.001856 0.000150583 -0.000527469 0.000152665 0.00104198 0.00196912 0.00142773 0.000504765 0.00317607 0.00173706 0.00309218 -0.000660466 0.00415245 0.00253283 0.00477586 0.00197208 0.00256446 -0.00170563 0.00183631
internal_weight=269290 235429 2355 711 233074 2131 926 1205 796 377 219 894 254 311 33861 1039 762 657 430 227 288 184 104 158 640 128 512 462 158 167
internal_count=269290 235429 2355 711 233074 2131 926 1205 796 377 219 894 254 311 33861 1039 762 657 430 227 288 184 104 158 640 128 512 462 158 167
is_linear=0
shrinkage=0.05


Tree=193
num_leaves=31
num_cat=0
split_feature=2 8 4 7 5 2 6 7 1 8 7 6 6 7 7 8 7 7 2 7 8 1 4 7 6 7 5 4 7 8
split_gain=0.270369 0.44286 0.514834 0.416299 0.500871 0.80786 0.887761 0.93894 0.698461 0.688207 0.587797 0.570627 0.45317 0.453433 0.430167 0.42926 0.428656 0.473426 0.675108 0.679157 1.10295 1.84331 3.505 0.551513 0.5367 0.877077 0.842988 0.595291 0.506407 0.671301
threshold=0.14689145610645607 0.91946033832292196 0.82609845294226092 0.035759957434919797 89.350945490958722 0.30648267736161167 2.349245140747239 0.032677986316878328 0.048367155720096873 0.94246965447869058 0.033716780539192116 2.6997656663647489 0.93440859701951429 0.034697562260999779 0.02983530351560745 0.94246965447869058 0.017234887523989998 0.022913603576878383 0.23999290991948866 0.022044759013178344 0.54917477760649025 0.05944845259693899 0.60248127982763122 0.02157882318536683 1.0524965452748547 0.030087733250814895 71.769045585759457 0.20231661901130507 0.03503896545610883 0.89904761733514771
decision_type=10 10 10 10 10 10 10 10 10 10 10 10 10 10 10 10 10 10 10 10 10 10 10 10 10 10 10 10 10 10
left_child=1 -1 -3 4 5 15 7 8 -7 -10 -9 14 -12 -14 -6 16 -2 18 19 23 -21 22 -22 -18 25 -19 28 -26 29 -27
right_child=3 2 -4 -5 11 6 -8 10 9 -11 12 -13 13 -15 -16 -17 17 24 -20 20 21 -23 -24 -25 27 26 -28 -29 -30 -31
leaf_value=8.2034306805000497e-07 -0.0017809780699415704 -0.0018124424982047247 -0.00020211877258157572 1.5359061771142746e-05 0.0006645608129086046 0.0026503166419703491 0.006695380963406764 0.0063116340785795318 -0.0027897727941201857 0.0026455912765874466 -0.00099138551306022322 -0.0061512541389939467 0.00082087210584653634 0.0059710886404346466 -0.0034322794324027437 -0.00063699732873107474 0.0016211722759534612 -0.00086063915084577452 -0.0028719866950482624 -0.0025016358535389837 0.0011132278686596289 -0.00062431536789517858 0.017858923801536402 -0.0019487347693257107 -0.0034652416557157751 0.0012076649635931877 -0.001308263587408284 0.00081089968990933226 -0.0010697545930804559 0.0056234321236210555
leaf_weight=233074 216 711 1644 21887 206 153 86 110 239 77 87 55 84 87 93 1064 699 1887 85 51 63 72 62 128 83 1335 444 4193 223 92
leaf_count=233074 216 711 1644 21887 206 153 86 110 239 77 87 55 84 87 93 1064 699 1887 85 51 63 72 62 128 83 1335 444 4193 223 92
internal_value=1.29273e-05 -6.07287e-06 -0.000688293 0.000145032 0.000382058 0.000438501 0.00185777 0.00136072 -0.000122701 -0.00146533 0.00325127 -0.00147068 0.00194646 0.00344116 -0.000609707 0.000316039 0.000421305 0.000471819 0.00141767 0.00175685 0.00405182 0.00574841 0.00941909 0.00106864 0.00033894 -7.884e-05 0.000625675 0.000727897 0.00114608 0.00149235
internal_weight=269290 235429 2355 33861 11974 11620 923 837 469 316 368 354 258 171 299 10697 9633 9417 1160 1075 248 197 125 827 8257 3981 2094 4276 1650 1427
internal_count=269290 235429 2355 33861 11974 11620 923 837 469 316 368 354 258 171 299 10697 9633 9417 1160 1075 248 197 125 827 8257 3981 2094 4276 1650 1427
is_linear=0
shrinkage=0.05


Tree=194
num_leaves=31
num_cat=0
split_feature=2 8 4 7 5 1 7 8 5 2 5 8 7 5 1 8 2 7 5 1 4 6 6 2 8 6 4 4 8 4
split_gain=0.244008 0.399681 0.464637 0.37571 0.452036 0.752165 1.19439 0.567736 0.801959 0.939291 0.876048 0.987971 0.767193 0.746086 0.643508 1.07602 0.808116 0.615456 1.00736 0.740524 0.702382 0.579282 0.894706 0.55198 0.522262 0.759115 0.515414 1.5956 0.848466 0.768009
threshold=0.14689145610645607 0.91946033832292196 0.82609845294226092 0.035759957434919797 89.350945490958722 0.15907000839106325 0.03503896545610883 0.77695416947184071 77.611940197148598 0.28079413032914996 76.247475864889722 0.63365300435556271 0.032390809754010451 68.881771044823552 0.12324540571616761 0.66623571998419873 0.21138725944221473 0.032975736110415835 69.557319285064295 -0.059815160984455377 0.81380051105069662 1.3938999483564487 1.4446005762362875 0.29362218294380887 0.80916595075554609 1.4726051119868486 0.5843916806097863 0.55687220843679142 0.35238095186156998 0.38914920008888487
decision_type=10 10 10 10 10 10 10 8 10 10 10 10 10 10 10 10 10 10 10 10 10 10 10 10 8 10 8 10 10 10
left_child=1 -1 -3 4 5 7 23 8 9 10 17 -12 -9 -11 16 -16 -10 21 19 -19 -21 26 -23 -7 -25 -26 27 28 -2 -30
right_child=3 2 -4 -5 -6 6 -8 12 14 13 11 -13 -14 -15 15 -17 -18 18 -20 20 -22 22 -24 24 25 -27 -28 -29 29 -31
leaf_value=7.7932468804982733e-07 0.0044028580238522994 -0.0017218203641279077 -0.00019201283685371865 1.4591110201601537e-05 -0.0013971479159979134 0.00048115625848952601 0.0077219332117330194 -0.00038117367636310669 -0.00012127160175136698 0.0080685277106603247 0.00073902394611343564 0.0087429441476059664 0.00089817058848186415 0.0020340830499110014 -0.0021995817576160853 0.0078394700275441886 -0.0041254355909484553 0.00500511152860828 -0.0034866003267880947 -0.00079685931967002322 0.0040303884478200269 0.0073308344614289173 0.0016023940265845087 0.0078349675376952251 0.0067038763323798781 -0.001228757150391558 -0.00041148533123820257 0.0072466879966668792 -0.00086012322009021164 0.001721896503186431
leaf_weight=233074 138 711 1644 21887 354 560 79 4236 327 77 83 72 1620 153 56 51 205 78 216 563 87 76 661 53 50 76 830 100 665 508
leaf_count=233074 138 711 1644 21887 354 560 79 4236 327 77 83 72 1620 153 56 51 205 78 216 563 87 76 661 53 50 76 830 100 665 508
internal_value=1.2281e-05 -5.76923e-06 -0.000653878 0.00013778 0.000362955 0.000416576 0.00187841 0.000305876 0.000700302 0.000945536 0.000770158 0.00445697 -2.72567e-05 0.00405431 -0.000952635 0.00258539 -0.00166423 0.000624453 -0.000488024 0.000401663 -0.000150751 0.000977098 0.00219312 0.00125373 0.00367073 0.00191911 0.000577185 0.00115876 0.000694383 0.000258092
internal_weight=269290 235429 2355 33861 11974 11620 818 10802 4946 4307 4077 155 5856 230 639 107 532 3922 944 728 650 2978 737 739 179 126 2241 1411 1311 1173
internal_count=269290 235429 2355 33861 11974 11620 818 10802 4946 4307 4077 155 5856 230 639 107 532 3922 944 728 650 2978 737 739 179 126 2241 1411 1311 1173
is_linear=0
shrinkage=0.05


Tree=195
num_leaves=31
num_cat=0
split_feature=6 6 8 4 5 7 6 5 3 7 0 8 4 9 7 8 8 7 7 5 3 4 4 4 5 8 7 9 7 6
split_gain=0.227903 0.668018 0.80055 0.579934 0.546426 1.37062 1.00274 0.85861 0.752103 1.82591 0.663992 0.650851 0.625985 0.539371 0.578348 0.659084 0.523684 1.16994 1.86164 1.2786 0.808254 0.770353 0.731008 0.615329 0.578675 0.559238 0.539257 0.537932 0.613843 0.675742
threshold=1.1156669296880801 1.1827272614234292 0.97168590762528517 1.0379820791358578 68.881771044823552 0.073071248271039071 0.66530768196051415 84.36679887914751 1.0000000180025095e-35 0.033123585838905116 0.068097587217287772 0.43403797806748301 0.43331768183003605 1.0000000180025095e-35 0.036494476576477579 0.91946033832292196 0.54066315440122692 0.038542825624953349 0.044401498149700465 71.003441841506728 1.0000000180025095e-35 0.66926294623214633 0.46919306990026333 0.46919306990026333 82.721296622103907 0.75598086029085587 0.036494476576477579 1.0000000180025095e-35 0.028749857779281091 0.92563592641101933
decision_type=10 10 10 10 10 8 8 10 2 10 10 10 8 2 10 10 8 10 10 10 2 10 10 10 10 10 10 2 10 10
left_child=3 2 -2 4 13 7 -7 16 9 -9 12 -11 -8 -1 -15 -16 17 -6 19 -19 25 23 -22 -21 27 -18 -26 -24 -29 -30
right_child=1 -3 -4 -5 5 6 10 8 -10 11 -12 -13 -14 14 15 -17 20 18 -20 21 22 -23 24 -25 26 -27 -28 28 29 -31
leaf_value=-2.8998197908705079e-05 0.00038567179276015784 -5.5085163033722162e-06 0.0052021690740667549 0.0011600541010897047 -0.0004709067977684509 0.0070333488580979252 -0.0033065544044160672 -0.00040003281529361282 -0.0003581839979210116 0.0032993065370395384 -0.0038494822525786607 0.0091989567085239352 0.0026195632533741482 -0.0042801031527977271 0.00419983403026608 -0.003080377754157604 -0.0012394525563552072 -0.0005470249016902277 -0.00082920238206058675 0.0065953444936453845 -0.001612336099809257 0.0029875239342800342 -0.00020342658514845482 0.013867967013776742 -0.00042878532440566991 -0.0033050973700361266 -0.0056646438737676212 -0.0024886734797081984 0.0072932931913140542 0.0010413301478633108
leaf_weight=178331 10299 65705 87 987 2745 86 51 233 470 94 58 93 353 154 58 67 2107 70 261 66 1136 64 4059 52 107 388 91 52 75 102
leaf_count=178331 10299 65705 87 987 2745 86 51 233 470 94 58 93 353 154 58 67 2107 70 261 66 1136 64 4059 52 107 388 91 52 75 102
internal_value=-1.98595e-05 5.33925e-05 0.000426018 -4.8828e-05 -5.50611e-05 -0.000370464 0.00207604 -0.000479774 0.00101582 0.00255341 0.00115325 0.00623336 0.00187146 -3.2435e-05 -0.00222914 0.000297641 -0.000596792 -6.13027e-05 0.00213044 0.00519578 -0.000811727 0.00740455 -0.000479346 0.00980023 -0.000192436 -0.00156068 -0.00283516 -7.04074e-05 0.00228734 0.00369047
internal_weight=268501 76091 10386 192410 191423 12813 548 12265 890 420 462 187 404 178610 279 125 11375 3258 513 252 8117 182 5622 118 4486 2495 198 4288 229 177
internal_count=268501 76091 10386 192410 191423 12813 548 12265 890 420 462 187 404 178610 279 125 11375 3258 513 252 8117 182 5622 118 4486 2495 198 4288 229 177
is_linear=0
shrinkage=0.05


Tree=196
num_leaves=31
num_cat=0
split_feature=1 4 7 2 1 5 7 8 2 4 4 2 2 5 2 0 5 7 0 8 8 8 7 1 7 8 7 0 5 8
split_gain=0.215076 0.660726 0.677062 0.573324 0.539012 0.501946 0.494057 0.62069 0.576521 0.492986 0.577645 0.63392 0.480175 0.473261 0.795552 0.75006 0.65608 1.12884 0.824672 0.817681 0.488369 0.65376 0.76979 0.790271 0.480735 0.460493 0.504986 0.473194 0.442101 0.591823
threshold=0.048367155720096873 0.75481095787642116 0.011187909012920107 0.063182897862232759 0.017187146653098066 84.36679887914751 0.031523882146400194 0.61989833219557444 0.15813196578469771 -0.41411456341770297 -0.52324214812199099 -0.17949952311596049 0.24887111530462872 68.54931819711274 -0.093104991819220148 0.0080525994727738155 67.008265075488623 0.073071248271039071 0.02903361850930786 0.88622776003250536 0.85517241207292927 0.80916595075554609 0.034697562260999779 -0.047324267690747095 0.035582665312475961 0.43403797806748301 0.025611504823731594 0.013428541016496711 24.071781699735393 0.12783364699157587
decision_type=10 10 8 10 10 10 10 8 10 8 10 10 10 10 10 10 10 10 10 8 8 10 10 10 10 10 8 10 10 10
left_child=1 5 3 -3 6 13 -4 -8 -9 10 -2 28 -10 16 15 -15 -1 18 20 -20 21 22 23 -18 -23 26 -6 -28 -12 -30
right_child=9 2 4 -5 25 -7 7 8 12 -11 11 -13 -14 14 -16 -17 17 -19 19 -21 -22 24 -24 -25 -26 -27 27 -29 29 -31
leaf_value=-2.3255163086196013e-05 -0.0012009186455193581 3.0946864069033858e-05 -0.0025892403426396285 0.0035931930834396802 0.00097679602060897009 0.0016221561388139374 -0.0044826121267196239 0.0045539588253336385 -0.0044437347380713059 5.7134897565736361e-05 0.00068707877550931544 0.00045288001600142925 0.0022578679683978079 0.00015505941138129498 -0.00043351784630609044 0.0062315335993028791 0.0066973200103394304 0.008214457930240315 0.0018314787427098442 0.0087626205002148214 -0.001365188444445297 0.0013732283430409086 -0.001200948557910621 0.00076841604594544879 0.0066986882464132374 -0.00080675327645051147 -0.0034258458776206808 2.2388879136859559e-05 0.01048258579018875 0.003684393346003581
leaf_weight=196959 130 349 631 167 892 461 58 83 52 51920 51 168 55 122 9661 87 59 50 188 55 356 103 547 1186 72 3438 145 317 50 89
leaf_count=196959 130 349 631 167 892 461 58 83 52 51920 51 168 55 122 9661 87 59 50 188 55 356 103 547 1186 72 3438 145 317 50 89
internal_value=-1.88666e-05 -4.09045e-05 -0.000550156 0.00118384 -0.000707932 -2.58943e-05 -0.00184609 4.47404e-05 0.00142677 7.20022e-05 0.00165378 0.00269041 -0.000998986 -2.95217e-05 -0.000367493 0.0026845 -1.28073e-05 0.000773811 0.000628826 0.00340026 0.000338918 0.000647337 0.00036248 0.00104938 0.00356427 -0.000499158 0.00028187 -0.00105985 0.00466885 0.00612979
internal_weight=268501 216093 6187 516 5671 209906 879 248 190 52408 488 358 107 209445 9870 209 199575 2616 2566 243 2323 1967 1792 1245 175 4792 1354 462 190 139
internal_count=268501 216093 6187 516 5671 209906 879 248 190 52408 488 358 107 209445 9870 209 199575 2616 2566 243 2323 1967 1792 1245 175 4792 1354 462 190 139
is_linear=0
shrinkage=0.05


Tree=197
num_leaves=31
num_cat=0
split_feature=6 6 8 4 6 4 8 0 0 0 8 8 7 6 1 4 4 6 8 4 4 0 0 1 0 8 8 7 1 0
split_gain=0.205539 0.604387 0.723549 0.520628 0.50297 0.48924 0.45375 0.572227 0.577674 0.436192 0.614046 0.433973 0.499237 0.429671 0.376237 0.585152 0.581275 0.375149 0.330471 0.636452 0.619194 0.693608 0.319147 0.312157 0.34496 0.311609 0.471543 0.743871 1.11866 0.809671
threshold=1.1156669296880801 1.1827272614234292 0.97168590762528517 1.0379820791358578 0.84412295810120741 -0.97799571533919716 0.01657189319799162 -0.032696969171048855 0.054494406694063253 0.016777753787406761 0.95132488019122674 0.038807900958983656 0.02946017239278113 0.80234656993996378 0.0048080225517029848 0.18431927773931786 0.68978436022049339 0.79213668923321945 0.81468972556365615 0.48583506881752903 0.2380914565502433 -0.042307153507199317 -0.0041666666666667065 -0.066742900730086083 -0.001980198019802037 0.01657189319799162 0.22447098423516193 0.028160040679056846 0.060833618136249663 -0.011216924464989729
decision_type=10 10 10 10 10 8 10 10 10 10 8 10 10 10 10 10 10 10 10 10 10 10 10 10 10 8 8 10 10 10
left_child=3 2 6 5 -5 13 -2 18 11 10 -6 12 -9 17 -10 -16 -17 22 19 20 -8 -22 -1 -24 -25 -3 27 28 29 -27
right_child=1 25 -4 4 9 -7 7 8 14 -11 -12 -13 -14 -15 15 16 -18 -19 -20 -21 21 -23 23 24 -26 26 -28 -29 -30 -31
leaf_value=0.00075298771832959686 -0.00069067421596971548 -0.0005631285209855818 0.0049467236221093563 -0.00096529718859753033 0.0021275964241998734 -6.933309535799908e-05 0.0010961154181717413 0.0011797412908995187 0.0048996478543930355 0.00073610912454519228 0.0079629745161880483 0.00015716091131742695 0.0066818204610608516 -3.0035809745074032e-05 -0.0030103917862288657 0.0059250686872893803 0.00012748986806662889 0.0030224896412088267 0.0050520239729953354 -0.0031489713426899948 0.0015987266352029659 0.0081878888324302228 -0.0012184659405374782 -0.0023746700930253918 0.0019406066943227264 -0.00046213703375322553 -6.1507283854996914e-05 0.00067828535495931394 -0.0026332531196152711 0.00049428220421813499
leaf_weight=3649 922 2404 87 227 250 182191 963 235 101 455 55 7493 50 4716 60 78 97 161 61 76 93 70 443 60 203 3845 47610 6239 394 5213
leaf_count=3649 922 2404 87 227 250 182191 963 235 101 455 55 7493 50 4716 60 78 97 161 61 76 93 70 443 60 203 3845 47610 6239 394 5213
internal_value=-1.79232e-05 5.16419e-05 0.000406076 -4.54337e-05 0.00109997 -5.13395e-05 0.000367719 0.000471787 0.000317685 0.00171683 0.00317988 0.00023 0.00214502 0.000303759 0.00234751 0.00125063 0.00271155 0.000652337 0.00146179 0.00127959 0.0015785 0.00442843 0.000564715 -0.000408382 0.000956133 -4.38362e-06 1.6836e-05 0.000254547 -2.51508e-05 8.8295e-05
internal_weight=268501 76091 10386 192410 987 191423 10299 9377 8114 760 305 7778 285 9232 336 235 175 4516 1263 1202 1126 163 4355 706 263 65705 63301 15691 9452 9058
internal_count=268501 76091 10386 192410 987 191423 10299 9377 8114 760 305 7778 285 9232 336 235 175 4516 1263 1202 1126 163 4355 706 263 65705 63301 15691 9452 9058
is_linear=0
shrinkage=0.05


Tree=198
num_leaves=31
num_cat=0
split_feature=1 1 6 5 2 7 5 6 0 1 2 1 0 2 6 0 0 1 6 0 0 0 6 6 5 0 1 2 2 1
split_gain=0.196192 0.391172 0.576487 0.700387 0.721179 0.798699 0.727428 0.776791 0.618104 0.981092 1.25903 1.71903 0.647041 0.545019 0.746417 0.539012 0.57715 0.668007 0.580132 0.515791 0.497427 0.494975 0.461946 0.461159 0.58418 0.454307 0.451846 0.422655 0.574729 0.781173
threshold=0.048367155720096873 -0.0081078119972283185 0.92996735694619359 42.904110266833079 -0.088991508567865737 0.015825986897744664 27.335105162222131 0.52990710852304213 0.028336955871043793 0.03563853062781553 -0.15967739204414053 0.0077176603067186109 -0.041268872720168208 0.28079413032914996 0.95566352544280153 0.068097587217287772 -0.015284348446939875 0.01137555679372382 1.0524965452748547 -0.066295578493882498 0.0080525994727738155 0.024591055851870384 0.68188029759923274 1.253007325915507 68.218354287684932 -0.045962451797564134 0.032113698821375387 0.034107964581856616 0.029733328756107128 0.039293704698151417
decision_type=10 8 8 10 10 8 10 10 10 10 8 10 10 10 10 10 10 10 10 8 10 10 10 10 10 10 10 10 8 10
left_child=1 -1 3 4 5 22 7 20 12 10 11 -10 25 19 -15 16 18 21 -16 -4 -6 -18 -3 24 -19 -7 -26 28 -5 -30
right_child=-2 2 13 27 6 8 -8 -9 9 -11 -12 -13 -14 14 15 -17 17 23 -20 -21 -22 -23 -24 -25 26 -27 -28 -29 29 -31
leaf_value=1.6600604958378246e-05 6.9760811634153261e-05 0.0035198592626900292 -0.001405797808161845 -0.00026892289411908275 0.00058949169622418262 0.00051664282139894126 0.00015848179534239798 0.0025297554916738421 0.01034435482385258 0.0077180200022498703 -0.0018153928191297587 -0.00082535842896169559 -0.00060920078816198593 0.0063746410222737526 0.0036604693565990714 -0.0026309021138906843 0.0025236941470731318 -0.0041026470433280339 -0.0018449106502309255 1.575059921587966e-05 -0.0041729173232592336 0.009232836402305919 7.9387693244460878e-05 0.0037591456266818572 -0.0014908023839516026 0.0066500063583839171 0.0042609787430448803 -0.00058847790516362939 0.00069461448357821477 0.0065880880646762398
leaf_weight=130131 52408 204 649 14524 253 74 8181 688 63 54 225 76 7240 66 63 98 56 64 199 38004 70 54 187 120 62 51 76 13975 523 63
leaf_count=130131 52408 204 649 14524 253 74 8181 688 63 54 225 76 7240 66 63 98 56 64 199 38004 70 54 187 120 62 51 76 13975 523 63
internal_value=-1.70271e-05 -3.80753e-05 -0.000120845 -0.000240264 1.09979e-05 -0.00033069 0.000314844 0.00158013 -0.000441469 0.00142889 0.000495889 0.00423717 -0.000547621 1.95496e-05 0.00126597 0.000840248 0.00133041 0.00245332 -0.000521098 -8.11779e-06 -0.000442609 0.00581727 0.00187442 0.00130414 -0.000154281 0.00301906 0.00167685 -0.000390286 -0.000206982 0.00132821
internal_weight=268501 216093 85962 46451 17366 8174 9192 1011 7783 418 364 139 7365 39511 858 792 694 432 262 38653 323 110 391 322 202 125 138 29085 15110 586
internal_count=268501 216093 85962 46451 17366 8174 9192 1011 7783 418 364 139 7365 39511 858 792 694 432 262 38653 323 110 391 322 202 125 138 29085 15110 586
is_linear=0
shrinkage=0.05


Tree=199
num_leaves=31
num_cat=0
split_feature=4 8 5 6 2 2 5 8 6 8 4 6 7 9 7 8 5 8 8 6 8 4 7 4 2 7 8 5 2 6
split_gain=0.190388 0.414302 1.21456 0.729266 0.443867 0.539172 0.551784 0.466022 0.459181 0.471657 0.467513 0.387074 0.378953 0.37464 0.364938 0.935589 1.03446 0.435535 0.336445 0.333145 0.271422 0.250334 0.439754 0.432534 0.571341 1.22655 0.874236 0.663608 0.650092 0.638485
threshold=1.3422113471485175 0.28191930370458645 65.327271836664991 1.8689944477999509 0.097204641482651968 0.04645050168100729 70.622972347479006 0.54474552975359469 2.1979525349369644 0.96074607427254322 1.4264144945704402 2.4440655663061612 0.052306130992699713 1.0000000180025095e-35 0.028280685945172881 0.56260117565321954 77.611940197148598 0.79298332245770065 0.96074607427254322 1.7462420465785153 0.95132488019122674 0.74308898190729644 0.010729015863647379 0.65998057755851236 0.088469689641684571 0.044401498149700465 0.78756700837013283 55.805379334986419 0.04010228923712756 1.085577884666143
decision_type=10 10 10 10 10 10 10 10 10 10 10 10 10 2 10 10 10 10 10 10 10 10 8 10 8 10 8 10 10 10
left_child=21 2 -2 -4 5 6 -3 -7 10 13 18 -5 20 -10 15 -15 17 -17 19 -6 -12 23 -23 -1 25 -25 -26 -28 -27 -29
right_child=1 4 3 11 8 7 -8 -9 9 -11 12 -13 -14 14 -16 16 -18 -19 -20 -21 -22 22 -24 24 26 28 27 29 -30 -31
leaf_value=-1.6505809702483124e-05 0.0091925681612052609 -0.00080757710659252178 -0.0041833027406467192 0.005759507492607968 -0.0023942668871593646 -0.0044274760083653471 0.0055724292777961605 -0.00083584698097018356 -0.0018017707722645035 -0.0007106442644726485 -0.0017252933186489286 0.00062997129736342338 0.00084204673890781129 -0.00097579022861152363 0.001098277917158977 0.0054937127322773451 0.0091753899412186351 -0.00030147994399016312 0.0032926505934800219 0.001552852119467306 -0.005363028552071842 0.001351585231142278 -0.00018572803506555692 -0.00034549391062529728 0.0015289606446413811 0.0010031213646543885 0.0036004775833670603 -0.00073570564191574616 0.0061643055434846749 0.00097416604673181909
leaf_weight=228748 51 91 58 55 104 132 54 286 85 334 127 111 80 98 854 56 86 77 89 110 86 473 28154 3457 1954 137 129 1433 110 882
leaf_count=228748 51 91 58 55 104 132 54 286 85 334 127 111 80 98 854 56 86 77 89 110 86 473 28154 3457 1954 137 129 1433 110 882
internal_value=-1.61757e-05 0.000378318 0.00222869 0.000643161 0.000193213 -0.00105872 0.00156843 -0.00197005 0.000515645 0.000959317 -0.000667975 0.00232952 -0.00209204 0.0014034 0.00163605 0.00308483 0.00490191 0.0021386 0.000709095 -0.000365374 -0.00319405 -2.06693e-05 -0.000160327 -3.7895e-06 0.000355237 -0.000102287 0.000740564 0.000110233 0.00330162 -8.42556e-05
internal_weight=268501 3024 275 224 2749 563 145 418 2186 1590 596 166 293 1256 1171 317 219 133 303 214 213 265477 28627 236850 8102 3704 4398 2444 247 2315
internal_count=268501 3024 275 224 2749 563 145 418 2186 1590 596 166 293 1256 1171 317 219 133 303 214 213 265477 28627 236850 8102 3704 4398 2444 247 2315
is_linear=0
shrinkage=0.05


end of trees

feature_importances:
volatility=1131
ret_20d=805
price_position=805
rsi=757
bb_position=645
ret_5d=626
vol_ratio=610
ret_1d=525
ma_bull=71
break_20d=25

parameters:
[boosting: gbdt]
[objective: regression]
[metric: rmse]
[tree_learner: serial]
[device_type: cpu]
[data_sample_strategy: bagging]
[data: ]
[valid: ]
[num_iterations: 200]
[learning_rate: 0.05]
[num_leaves: 31]
[num_threads: 0]
[seed: 42]
[deterministic: 0]
[force_col_wise: 0]
[force_row_wise: 0]
[histogram_pool_size: -1]
[max_depth: -1]
[min_data_in_leaf: 50]
[min_sum_hessian_in_leaf: 0.001]
[bagging_fraction: 0.8]
[pos_bagging_fraction: 1]
[neg_bagging_fraction: 1]
[bagging_freq: 5]
[bagging_seed: 400]
[bagging_by_query: 0]
[feature_fraction: 0.8]
[feature_fraction_bynode: 1]
[feature_fraction_seed: 30056]
[extra_trees: 0]
[extra_seed: 12879]
[early_stopping_round: 0]
[early_stopping_min_delta: 0]
[first_metric_only: 0]
[max_delta_step: 0]
[lambda_l1: 0]
[lambda_l2: 0]
[linear_lambda: 0]
[min_gain_to_split: 0]
[drop_rate: 0.1]
[max_drop: 50]
[skip_drop: 0.5]
[xgboost_dart_mode: 0]
[uniform_drop: 0]
[drop_seed: 17869]
[top_rate: 0.2]
[other_rate: 0.1]
[min_data_per_group: 100]
[max_cat_threshold: 32]
[cat_l2: 10]
[cat_smooth: 10]
[max_cat_to_onehot: 4]
[top_k: 20]
[monotone_constraints: ]
[monotone_constraints_method: basic]
[monotone_penalty: 0]
[feature_contri: ]
[forcedsplits_filename: ]
[refit_decay_rate: 0.9]
[cegb_tradeoff: 1]
[cegb_penalty_split: 0]
[cegb_penalty_feature_lazy: ]
[cegb_penalty_feature_coupled: ]
[path_smooth: 0]
[interaction_constraints: ]
[verbosity: -1]
[saved_feature_importance_type: 0]
[use_quantized_grad: 0]
[num_grad_quant_bins: 4]
[quant_train_renew_leaf: 0]
[stochastic_rounding: 1]
[linear_tree: 0]
[max_bin: 255]
[max_bin_by_feature: ]
[min_data_in_bin: 3]
[bin_construct_sample_cnt: 200000]
[data_random_seed: 175]
[is_enable_sparse: 1]
[enable_bundle: 1]
[use_missing: 1]
[zero_as_missing: 0]
[feature_pre_filter: 1]
[pre_partition: 0]
[two_round: 0]
[header: 0]
[label_column: ]
[weight_column: ]
[group_column: ]
[ignore_column: ]
[categorical_feature: ]
[forcedbins_filename: ]
[precise_float_parser: 0]
[parser_config_file: ]
[objective_seed: 16083]
[num_class: 1]
[is_unbalance: 0]
[scale_pos_weight: 1]
[sigmoid: 1]
[boost_from_average: 1]
[reg_sqrt: 0]
[alpha: 0.9]
[fair_c: 1]
[poisson_max_delta_step: 0.7]
[tweedie_variance_power: 1.5]
[lambdarank_truncation_level: 30]
[lambdarank_norm: 1]
[label_gain: ]
[lambdarank_position_bias_regularization: 0]
[eval_at: ]
[multi_error_top_k: 1]
[auc_mu_weights: ]
[num_machines: 1]
[local_listen_port: 12400]
[time_out: 120]
[machine_list_filename: ]
[machines: ]
[gpu_platform_id: -1]
[gpu_device_id: -1]
[gpu_use_dp: 0]
[num_gpu: 1]

end of parameters

pandas_categorical:null
